{"type":"FeatureCollection","features":[{"type":"Feature","geometry":{"type":"Point","coordinates":[2.179886,41.419154]},"properties":{"id":"1046599571","label":"Carrer de Teodor Llorente","links":3,"phases":3,"in_edges":["282883366#0"],"corridor":null}},{"type":"Feature","geometry":{"type":"Point","coordinates":[2.169323,41.385539]},"properties":{"id":"11240066167","label":"Carrer de Pelai","links":3,"phases":3,"in_edges":["1108368268"],"corridor":null}},{"type":"Feature","geometry":{"type":"Point","coordinates":[2.150563,41.376093]},"properties":{"id":"11367386983","label":"Gran Via de les Corts Catalanes / Gran Via de les Corts Catalanes (lateral mar)","links":5,"phases":1,"in_edges":["245416089#0","96828124#0"],"corridor":"gran_via"}},{"type":"Feature","geometry":{"type":"Point","coordinates":[2.130634,41.405074]},"properties":{"id":"1233754567","label":"Carrer d&apos;Horaci / Passeig de la Bonanova","links":9,"phases":4,"in_edges":["-1525698707","107323670#0","237506957#0"],"corridor":null}},{"type":"Feature","geometry":{"type":"Point","coordinates":[2.160477,41.395675]},"properties":{"id":"1311770051","label":"Carrer del Rossell\u00f3 / Passeig de Gr\u00e0cia","links":14,"phases":4,"in_edges":["-908375867#2","116343001#0","908375869"],"corridor":null}},{"type":"Feature","geometry":{"type":"Point","coordinates":[2.161661,41.394859]},"properties":{"id":"1311770053","label":"Carrer de Proven\u00e7a / Passeig de Gr\u00e0cia","links":14,"phases":4,"in_edges":["-294085186#4","294085168","908375867#0"],"corridor":null}},{"type":"Feature","geometry":{"type":"Point","coordinates":[2.140911,41.411711]},"properties":{"id":"1369500099","label":"Avinguda de la Rep\u00fablica Argentina / Carrer Mare de D\u00e9u del Carmel","links":12,"phases":4,"in_edges":["-74036716#2","554918717#0","569877333#0"],"corridor":null}},{"type":"Feature","geometry":{"type":"Point","coordinates":[2.137625,41.386313]},"properties":{"id":"1475044288","label":"Carrer de Nicaragua","links":5,"phases":3,"in_edges":["550732200#0"],"corridor":null}},{"type":"Feature","geometry":{"type":"Point","coordinates":[2.165072,41.411876]},"properties":{"id":"1479422496","label":"Ronda del Guinard\u00f3","links":4,"phases":3,"in_edges":["910432399#0"],"corridor":null}},{"type":"Feature","geometry":{"type":"Point","coordinates":[2.127987,41.394058]},"properties":{"id":"1551112035","label":"Carrer de Francesc Carbonell / Carrer de Maria Auxiliadora","links":11,"phases":4,"in_edges":["-198184096#2","-35682480#1","-55037930#1","32435076#0"],"corridor":null}},{"type":"Feature","geometry":{"type":"Point","coordinates":[2.130918,41.36525]},"properties":{"id":"1651488925","label":"Carrer de l&apos;Aprestadora","links":3,"phases":3,"in_edges":["-561804974","23804346"],"corridor":null}},{"type":"Feature","geometry":{"type":"Point","coordinates":[2.134956,41.37545]},"properties":{"id":"166211432","label":"Carrer de Joan G\u00fcell / Carrer de Sants","links":6,"phases":4,"in_edges":["-542503067#4","1408564502#10","294082522#13"],"corridor":null}},{"type":"Feature","geometry":{"type":"Point","coordinates":[2.131117,41.403343]},"properties":{"id":"2087205017","label":"Carrer de Ganduxer / Carrer de Ma\u00f3","links":6,"phases":4,"in_edges":["-198597865#22","198597865#19","308379373#2"],"corridor":null}},{"type":"Feature","geometry":{"type":"Point","coordinates":[2.116572,41.369185]},"properties":{"id":"2521962470","label":"Avinguda del Torrent Gornal","links":3,"phases":3,"in_edges":["1232057645","1370385364"],"corridor":null}},{"type":"Feature","geometry":{"type":"Point","coordinates":[2.181223,41.409402]},"properties":{"id":"2749938625","label":"Carrer de Proven\u00e7a / Carrer de la Independ\u00e8ncia","links":5,"phases":4,"in_edges":["237517572#0","489441159#0"],"corridor":null}},{"type":"Feature","geometry":{"type":"Point","coordinates":[2.14384,41.388203]},"properties":{"id":"30237627","label":"Carrer de Cal\u00e0bria / Carrer de Londres","links":2,"phases":4,"in_edges":["553586753#2","868722652#0"],"corridor":null}},{"type":"Feature","geometry":{"type":"Point","coordinates":[2.144865,41.389088]},"properties":{"id":"30237628","label":"Carrer de Londres / Carrer de Viladomat","links":7,"phases":4,"in_edges":["237795735#3","553586754#0"],"corridor":null}},{"type":"Feature","geometry":{"type":"Point","coordinates":[2.149487,41.392463]},"properties":{"id":"30237633","label":"Carrer de Casanova / Carrer de Londres","links":6,"phases":4,"in_edges":["237667614#0","4744966#0"],"corridor":null}},{"type":"Feature","geometry":{"type":"Point","coordinates":[2.154075,41.389085]},"properties":{"id":"30237873","label":"Carrer de Casanova / Carrer de Proven\u00e7a","links":6,"phases":4,"in_edges":["238324872#0","490175813#0"],"corridor":null}},{"type":"Feature","geometry":{"type":"Point","coordinates":[2.156235,41.387262]},"properties":{"id":"30238006","label":"Carrer de Casanova / Carrer de Val\u00e8ncia","links":11,"phases":4,"in_edges":["238324883#0","295124096#0"],"corridor":null}},{"type":"Feature","geometry":{"type":"Point","coordinates":[2.162159,41.382886]},"properties":{"id":"30238011","label":"Carrer de Casanova / Carrer de Sep\u00falveda","links":8,"phases":4,"in_edges":["12373020#0","403600283#0"],"corridor":null}},{"type":"Feature","geometry":{"type":"Point","coordinates":[2.157371,41.391652]},"properties":{"id":"30238025","label":"Carrer d&apos;Enric Granados / Carrer de Proven\u00e7a","links":5,"phases":4,"in_edges":["294085176#0","86301093#6"],"corridor":null}},{"type":"Feature","geometry":{"type":"Point","coordinates":[2.165098,41.409584]},"properties":{"id":"30242952","label":"Carrer de Sardenya / Carrer de l&apos;Encarnaci\u00f3","links":5,"phases":4,"in_edges":["1092587536#0","121931996#2"],"corridor":null}},{"type":"Feature","geometry":{"type":"Point","coordinates":[2.185819,41.394003]},"properties":{"id":"30242970","label":"Carrer de Sardenya / Carrer dels Almog\u00e0vers","links":7,"phases":4,"in_edges":["182069870#0","65184542#0"],"corridor":null}},{"type":"Feature","geometry":{"type":"Point","coordinates":[2.147111,41.380504]},"properties":{"id":"30243313","label":"Carrer de Val\u00e8ncia / Carrer de Vilamar\u00ed","links":6,"phases":4,"in_edges":["237805212","60344581#3"],"corridor":null}},{"type":"Feature","geometry":{"type":"Point","coordinates":[2.159598,41.38988]},"properties":{"id":"30243322","label":"Carrer d&apos;Enric Granados / Carrer de Val\u00e8ncia","links":8,"phases":4,"in_edges":["238324885#0","86301093#14"],"corridor":null}},{"type":"Feature","geometry":{"type":"Point","coordinates":[2.155293,41.377833]},"properties":{"id":"30243878","label":"Carrer de Rocafort / Carrer de Sep\u00falveda","links":7,"phases":4,"in_edges":["237529479#0","552124695#0"],"corridor":null}},{"type":"Feature","geometry":{"type":"Point","coordinates":[2.15648,41.378634]},"properties":{"id":"30243879","label":"Carrer de Cal\u00e0bria / Carrer de Sep\u00falveda","links":8,"phases":4,"in_edges":["237529475#0","243591204#11"],"corridor":null}},{"type":"Feature","geometry":{"type":"Point","coordinates":[2.15757,41.379546]},"properties":{"id":"30243880","label":"Carrer de Sep\u00falveda / Carrer de Viladomat","links":9,"phases":4,"in_edges":["243591204#8","449991637#0"],"corridor":null}},{"type":"Feature","geometry":{"type":"Point","coordinates":[2.160968,41.382084]},"properties":{"id":"30243883","label":"Carrer de Sep\u00falveda / Carrer de Villarroel","links":7,"phases":4,"in_edges":["12373020#3","237506930#0"],"corridor":null}},{"type":"Feature","geometry":{"type":"Point","coordinates":[2.162008,41.381186]},"properties":{"id":"30247097","label":"Carrer de Floridablanca / Carrer de Villarroel","links":10,"phases":4,"in_edges":["243591201#0","591631645#0"],"corridor":null}},{"type":"Feature","geometry":{"type":"Point","coordinates":[2.155103,41.393361]},"properties":{"id":"30247166","label":"Carrer d&apos;Enric Granados / Carrer de C\u00f2rsega","links":5,"phases":4,"in_edges":["4751998#6","86301093#0"],"corridor":null}},{"type":"Feature","geometry":{"type":"Point","coordinates":[2.156184,41.39247]},"properties":{"id":"30247167","label":"Carrer d&apos;Enric Granados / Carrer del Rossell\u00f3","links":5,"phases":4,"in_edges":["4746923#0","86301093#3"],"corridor":null}},{"type":"Feature","geometry":{"type":"Point","coordinates":[2.148289,41.386529]},"properties":{"id":"30248549","label":"Carrer de Viladomat / Carrer del Rossell\u00f3","links":8,"phases":4,"in_edges":["4746243#4","493086069#0"],"corridor":null}},{"type":"Feature","geometry":{"type":"Point","coordinates":[2.150684,41.405539]},"properties":{"id":"30295094","label":"Carrer Gran de Gr\u00e0cia / Carrer de Nil Fabra","links":4,"phases":4,"in_edges":["1264830092#0","296827111#8"],"corridor":null}},{"type":"Feature","geometry":{"type":"Point","coordinates":[2.139779,41.400532]},"properties":{"id":"30313171","label":"Carrer de Cop\u00e8rnic / Carrer de Santal\u00f3","links":5,"phases":4,"in_edges":["4776811#2","669686364#0"],"corridor":null}},{"type":"Feature","geometry":{"type":"Point","coordinates":[2.143133,41.39779]},"properties":{"id":"30313177","label":"Carrer de Santal\u00f3 / Carrer del Rector Ubach","links":6,"phases":4,"in_edges":["237506929#2","4776831#4"],"corridor":null}},{"type":"Feature","geometry":{"type":"Point","coordinates":[2.14445,41.396743]},"properties":{"id":"30313179","label":"Carrer de Santal\u00f3 / Carrer dels Madrazo","links":5,"phases":4,"in_edges":["1422093909#0","918459858#5"],"corridor":null}},{"type":"Feature","geometry":{"type":"Point","coordinates":[2.1456,41.395835]},"properties":{"id":"30313182","label":"Carrer de Mari\u00e0 Cub\u00ed / Carrer de Santal\u00f3","links":4,"phases":4,"in_edges":["4752018#8","918459858#0"],"corridor":null}},{"type":"Feature","geometry":{"type":"Point","coordinates":[2.138587,41.387309]},"properties":{"id":"30558512","label":"Carrer de l&apos;Equador / Carrer del Montnegre","links":8,"phases":4,"in_edges":["43872044#0","4776850#1"],"corridor":null}},{"type":"Feature","geometry":{"type":"Point","coordinates":[2.164279,41.414686]},"properties":{"id":"30688888","label":"Avinguda de la Mare de D\u00e9u de Montserrat / Carrer de Fran\u00e7a","links":8,"phases":4,"in_edges":["4788262#1","71402934#0"],"corridor":null}},{"type":"Feature","geometry":{"type":"Point","coordinates":[2.136039,41.396951]},"properties":{"id":"31285283","label":"Carrer de Ganduxer / Carrer de la Reina Vict\u00f2ria","links":6,"phases":4,"in_edges":["136417918#3","250677328#0"],"corridor":null}},{"type":"Feature","geometry":{"type":"Point","coordinates":[2.130674,41.403945]},"properties":{"id":"31285424","label":"Carrer de Dalmases / Carrer de Ganduxer","links":9,"phases":4,"in_edges":["198597865#21","198597878#0"],"corridor":null}},{"type":"Feature","geometry":{"type":"Point","coordinates":[2.131423,41.402819]},"properties":{"id":"31285427","label":"Carrer de Ganduxer / Carrer de l&apos;Emancipaci\u00f3","links":10,"phases":4,"in_edges":["-198597865#20","198597865#17","198597876#0"],"corridor":null}},{"type":"Feature","geometry":{"type":"Point","coordinates":[2.132929,41.400916]},"properties":{"id":"31285431","label":"Carrer de Carrenc\u00e0 / Carrer de Ganduxer","links":11,"phases":4,"in_edges":["-198597865#10","198597865#6","628669225#0","84036382#0"],"corridor":null}},{"type":"Feature","geometry":{"type":"Point","coordinates":[2.133323,41.400396]},"properties":{"id":"31285432","label":"Carrer de Ganduxer","links":8,"phases":3,"in_edges":["-198597865#8","198597865#2"],"corridor":null}},{"type":"Feature","geometry":{"type":"Point","coordinates":[2.136477,41.396288]},"properties":{"id":"31285435","label":"Carrer de Ganduxer / Carrer de L\u00e1zaro C\u00e1rdenas","links":7,"phases":4,"in_edges":["237515356#4","53357021#2"],"corridor":null}},{"type":"Feature","geometry":{"type":"Point","coordinates":[2.183551,41.392306]},"properties":{"id":"312891599","label":"Carrer de N\u00e0pols / Carrer dels Almog\u00e0vers","links":6,"phases":4,"in_edges":["237914537#4","450282686#0"],"corridor":null}},{"type":"Feature","geometry":{"type":"Point","coordinates":[2.130058,41.404643]},"properties":{"id":"324231840","label":"Carrer de Ganduxer / Passeig de la Bonanova","links":8,"phases":4,"in_edges":["-237506957#1","139259333#0","709075302#0"],"corridor":null}},{"type":"Feature","geometry":{"type":"Point","coordinates":[2.125703,41.402319]},"properties":{"id":"330416921","label":"Carrer de Pomaret / Carrer del Doctor Roux","links":8,"phases":6,"in_edges":["-309869834#1","301453291#0","301453292#1","872347729"],"corridor":null}},{"type":"Feature","geometry":{"type":"Point","coordinates":[2.124445,41.401654]},"properties":{"id":"330416987","label":"Carrer d&apos;Angl\u00ed / Passeig de la Bonanova","links":10,"phases":4,"in_edges":["-421673744#1","1525698709","33474057#4"],"corridor":null}},{"type":"Feature","geometry":{"type":"Point","coordinates":[2.114495,41.401309]},"properties":{"id":"358505175","label":"Carrer de Can Caralleu","links":3,"phases":3,"in_edges":["31989376#0"],"corridor":null}},{"type":"Feature","geometry":{"type":"Point","coordinates":[2.125638,41.395735]},"properties":{"id":"364719512","label":"Carrer de Benet Mateu / Carrer dels Verg\u00f3s","links":13,"phases":4,"in_edges":["-554896192#1","1527851318#2","35682480#2"],"corridor":null}},{"type":"Feature","geometry":{"type":"Point","coordinates":[2.176635,41.41952]},"properties":{"id":"387130524","label":"Ronda del Guinard\u00f3","links":6,"phases":3,"in_edges":["-1246090564#2","1246090563#0"],"corridor":null}},{"type":"Feature","geometry":{"type":"Point","coordinates":[2.165857,41.409083]},"properties":{"id":"412442324","label":"Carrer de Sardenya / Carrer de Taxdirt","links":5,"phases":4,"in_edges":["1092587536#3","363025532#0"],"corridor":null}},{"type":"Feature","geometry":{"type":"Point","coordinates":[2.131447,41.405448]},"properties":{"id":"432510028","label":"Carrer de Mandri / Passeig de la Bonanova","links":8,"phases":4,"in_edges":["-37137278#2","-680884120","1525698707"],"corridor":null}},{"type":"Feature","geometry":{"type":"Point","coordinates":[2.192763,41.402479]},"properties":{"id":"4411622709","label":"Carrer de T\u00e0nger / Carrer de la Ciutat de Granada","links":6,"phases":6,"in_edges":["440740426#0","440788956","446194012#0"],"corridor":null}},{"type":"Feature","geometry":{"type":"Point","coordinates":[2.129448,41.404339]},"properties":{"id":"535228364","label":"Carrer de Vilana / Passeig de la Bonanova","links":9,"phases":4,"in_edges":["-139259333#1","139261495","1525698708#0"],"corridor":null}},{"type":"Feature","geometry":{"type":"Point","coordinates":[2.127928,41.40356]},"properties":{"id":"535228377","label":"Carrer de les Escoles Pies / Passeig de la Bonanova","links":10,"phases":4,"in_edges":["-1525698708#1","26293945#5","421673618#0"],"corridor":null}},{"type":"Feature","geometry":{"type":"Point","coordinates":[2.126901,41.402923]},"properties":{"id":"535228382","label":"Carrer de Calatrava / Passeig de la Bonanova","links":10,"phases":4,"in_edges":["-421673618#1","309869834#0","44868697#6"],"corridor":null}},{"type":"Feature","geometry":{"type":"Point","coordinates":[2.140722,41.38541]},"properties":{"id":"557230386","label":"Carrer de l&apos;Equador / Carrer del Marqu\u00e8s de Sentmenat","links":5,"phases":4,"in_edges":["1007205015#0","43872044#9"],"corridor":null}},{"type":"Feature","geometry":{"type":"Point","coordinates":[2.126709,41.379921]},"properties":{"id":"60591980","label":"Carrer de Felipe de Paz / Carrer del Comandant Ben\u00edtez","links":5,"phases":4,"in_edges":["8087198#4","8087441#0"],"corridor":null}},{"type":"Feature","geometry":{"type":"Point","coordinates":[2.151979,41.403919]},"properties":{"id":"60969502","label":"Carrer Gran de Gr\u00e0cia / Carrer d&apos;\u00c0gata Badia i Puig-Rodon","links":6,"phases":4,"in_edges":["1264830090","296827111#2"],"corridor":null}},{"type":"Feature","geometry":{"type":"Point","coordinates":[2.151555,41.404458]},"properties":{"id":"60969514","label":"Carrer Gran de Gr\u00e0cia / Carrer de Betlem","links":4,"phases":4,"in_edges":["296827111#4","8590894#1"],"corridor":null}},{"type":"Feature","geometry":{"type":"Point","coordinates":[2.194099,41.39839]},"properties":{"id":"6225821935","label":"Carrer de Pallars / Carrer de Pere IV","links":7,"phases":7,"in_edges":["-1408662080","310929461#1","531164025#1"],"corridor":null}},{"type":"Feature","geometry":{"type":"Point","coordinates":[2.120185,41.36557]},"properties":{"id":"6322601839","label":"Carrer d&apos;Amadeu Torner","links":5,"phases":3,"in_edges":["-23792468#1","1462141165"],"corridor":null}},{"type":"Feature","geometry":{"type":"Point","coordinates":[2.138082,41.39422]},"properties":{"id":"667387213","label":"Carrer de Ganduxer / Pla\u00e7a de Sant Gregori Taumaturg","links":4,"phases":4,"in_edges":["24793591#0","709075301#2"],"corridor":null}},{"type":"Feature","geometry":{"type":"Point","coordinates":[2.137662,41.394441]},"properties":{"id":"667387223","label":"Carrer de Santa Fe de Nou M\u00e8xic / Pla\u00e7a de Sant Gregori Taumaturg","links":3,"phases":4,"in_edges":["24793409#2","709075301#0"],"corridor":null}},{"type":"Feature","geometry":{"type":"Point","coordinates":[2.126512,41.396655]},"properties":{"id":"692247917","label":"Carrer de Rafael Batlle / Carrer dels Verg\u00f3s","links":5,"phases":4,"in_edges":["-1527851318#1","444717169","55037926#1"],"corridor":null}},{"type":"Feature","geometry":{"type":"Point","coordinates":[2.128361,41.380996]},"properties":{"id":"700947151","label":"Carrer de Maria Barrientos / Gran Via de Carles III","links":4,"phases":4,"in_edges":["237960951#0","55800846#0"],"corridor":null}},{"type":"Feature","geometry":{"type":"Point","coordinates":[2.183474,41.388884]},"properties":{"id":"7650348439","label":"Passeig de Pujades","links":4,"phases":3,"in_edges":["1360091586#0"],"corridor":null}},{"type":"Feature","geometry":{"type":"Point","coordinates":[2.140482,41.397092]},"properties":{"id":"8175209748","label":"Carrer de la Reina Vict\u00f2ria","links":2,"phases":4,"in_edges":["136417917","136417918#0"],"corridor":null}},{"type":"Feature","geometry":{"type":"Point","coordinates":[2.147352,41.375139]},"properties":{"id":"8745736544","label":"Carrer de Mir Geribert / Carrer de la Creu Coberta","links":8,"phases":4,"in_edges":["-1223104002#1","-61936333","243598400#5"],"corridor":null}},{"type":"Feature","geometry":{"type":"Point","coordinates":[2.146178,41.378174]},"properties":{"id":"9056235029","label":"Carrer d&apos;Arag\u00f3","links":5,"phases":3,"in_edges":["889215507#0"],"corridor":null}},{"type":"Feature","geometry":{"type":"Point","coordinates":[2.131523,41.368206]},"properties":{"id":"966339770","label":"Carrer de Santa Eul\u00e0lia / Carrer de la Constituci\u00f3","links":11,"phases":6,"in_edges":["-539012766#1","1232189419#0","43125900#0","80394342#1"],"corridor":null}},{"type":"Feature","geometry":{"type":"Point","coordinates":[2.140062,41.404043]},"properties":{"id":"GS_1002675928","label":"Carrer d&apos;Atenes / Ronda del General Mitre","links":4,"phases":4,"in_edges":["777231951","86331339#0"],"corridor":null}},{"type":"Feature","geometry":{"type":"Point","coordinates":[2.157429,41.384685]},"properties":{"id":"GS_10177414030","label":"Carrer de Villarroel","links":6,"phases":4,"in_edges":["1112404102#0","1112404103"],"corridor":null}},{"type":"Feature","geometry":{"type":"Point","coordinates":[2.160954,41.380288]},"properties":{"id":"GS_1043786431","label":"Carrer de Floridablanca / Carrer del Comte d&apos;Urgell","links":9,"phases":4,"in_edges":["1408645395#0","591631503#3"],"corridor":null}},{"type":"Feature","geometry":{"type":"Point","coordinates":[2.178529,41.418855]},"properties":{"id":"GS_1046599625","label":"Carrer de Teodor Llorente / Passatge de Ll\u00edvia","links":3,"phases":4,"in_edges":["283135602#5","552864706#0"],"corridor":null}},{"type":"Feature","geometry":{"type":"Point","coordinates":[2.191694,41.406584]},"properties":{"id":"GS_10649558039","label":"Carrer de la Llacuna / Gran Via de les Corts Catalanes (lateral mar)","links":3,"phases":3,"in_edges":["1049886694#0","429103646#0"],"corridor":"gran_via"}},{"type":"Feature","geometry":{"type":"Point","coordinates":[2.190274,41.414605]},"properties":{"id":"GS_10926004932","label":"Carrer de Biscaia / Carrer de Mallorca","links":8,"phases":4,"in_edges":["1175869289#0","284579037#0"],"corridor":null}},{"type":"Feature","geometry":{"type":"Point","coordinates":[2.171958,41.394057]},"properties":{"id":"GS_11012409292","label":"Carrer de Girona / Carrer de la Diputaci\u00f3","links":3,"phases":4,"in_edges":["1185522070#0","478525262#4"],"corridor":null}},{"type":"Feature","geometry":{"type":"Point","coordinates":[2.123912,41.399478]},"properties":{"id":"GS_11117566675","label":"Carrer de l&apos;Hort de la Vila / Carrer del Cardenal Sentmenat","links":2,"phases":4,"in_edges":["1170999091","703257772#0"],"corridor":null}},{"type":"Feature","geometry":{"type":"Point","coordinates":[2.135414,41.39773]},"properties":{"id":"GS_1116623921","label":"Carrer de Ganduxer / Via Augusta","links":12,"phases":4,"in_edges":["-243525358#2","250677328#2","308378774#0"],"corridor":null}},{"type":"Feature","geometry":{"type":"Point","coordinates":[2.176713,41.385513]},"properties":{"id":"GS_11178765233","label":"Via Laietana","links":7,"phases":4,"in_edges":["-246642910#4","1206382243","20475892#8"],"corridor":null}},{"type":"Feature","geometry":{"type":"Point","coordinates":[2.144823,41.378857]},"properties":{"id":"GS_1121909724","label":"Carrer de Tarragona / Carrer de l&apos;Elisi","links":8,"phases":4,"in_edges":["1395752172#0","4813521#1"],"corridor":null}},{"type":"Feature","geometry":{"type":"Point","coordinates":[2.169365,41.386587]},"properties":{"id":"GS_1126640615","label":"Carrer de Bergara / Pla\u00e7a de Catalunya","links":5,"phases":4,"in_edges":["11680392#0","126304603#0"],"corridor":null}},{"type":"Feature","geometry":{"type":"Point","coordinates":[2.117969,41.37576]},"properties":{"id":"GS_11373542260","label":"Carrer del Llobregat / Carretera de Collblanc","links":7,"phases":6,"in_edges":["239293915#3","4744850#3","544658923#0"],"corridor":null}},{"type":"Feature","geometry":{"type":"Point","coordinates":[2.181049,41.413065]},"properties":{"id":"GS_11541136046","label":"Carrer de Conca / Carrer de C\u00f2rsega","links":3,"phases":4,"in_edges":["1242061592","377053769#0"],"corridor":null}},{"type":"Feature","geometry":{"type":"Point","coordinates":[2.132361,41.407772]},"properties":{"id":"GS_1233754582","label":"Carrer del Llu\u00e7an\u00e8s","links":2,"phases":4,"in_edges":["43841886#1","44868700#0"],"corridor":null}},{"type":"Feature","geometry":{"type":"Point","coordinates":[2.124224,41.385951]},"properties":{"id":"GS_1258203865","label":"Carrer de Sabino Arana / Carrer del Doctor Salvador Cardenal","links":4,"phases":4,"in_edges":["4752116#0","49582362#0"],"corridor":null}},{"type":"Feature","geometry":{"type":"Point","coordinates":[2.168838,41.400226]},"properties":{"id":"GS_126797329","label":"Carrer de Proven\u00e7a / Passeig de Sant Joan","links":3,"phases":4,"in_edges":["294798016#14","68506263#0"],"corridor":null}},{"type":"Feature","geometry":{"type":"Point","coordinates":[2.163073,41.404598]},"properties":{"id":"GS_126797984","label":"Passeig de Sant Joan / Travessera de Gr\u00e0cia","links":7,"phases":4,"in_edges":["-237725966#2","-314825294#3","140001515#0"],"corridor":null}},{"type":"Feature","geometry":{"type":"Point","coordinates":[2.190144,41.417915]},"properties":{"id":"GS_1303430343","label":"Carrer de Felip II / Carrer de Pal\u00e8ncia","links":7,"phases":6,"in_edges":["-176821928#5","115319597#0","1409588481#0"],"corridor":null}},{"type":"Feature","geometry":{"type":"Point","coordinates":[2.18897,41.417124]},"properties":{"id":"GS_1303430364","label":"Carrer d&apos;Espronceda / Carrer de Pal\u00e8ncia","links":8,"phases":4,"in_edges":["-176821928#8","176821928#0","310308292#4"],"corridor":null}},{"type":"Feature","geometry":{"type":"Point","coordinates":[2.186382,41.40183]},"properties":{"id":"GS_13179936502","label":"Carrer dels Encants Vells / Pla\u00e7a de les Gl\u00f2ries Catalanes","links":3,"phases":4,"in_edges":["-1207216243#7","984712369#0"],"corridor":null}},{"type":"Feature","geometry":{"type":"Point","coordinates":[2.159688,41.386397]},"properties":{"id":"GS_13228605046","label":"Carrer de Muntaner / Carrer del Consell de Cent","links":4,"phases":4,"in_edges":["1321514100#0","1441734225#1"],"corridor":null}},{"type":"Feature","geometry":{"type":"Point","coordinates":[2.133254,41.394602]},"properties":{"id":"GS_1377806858","label":"Carrer del Doctor Roux / Ronda del General Mitre","links":5,"phases":4,"in_edges":["123616984#3","55065740#4"],"corridor":null}},{"type":"Feature","geometry":{"type":"Point","coordinates":[2.179352,41.378027]},"properties":{"id":"GS_1400693886","label":"Passeig de Colom / Pla\u00e7a del Duc de Medinaceli","links":3,"phases":4,"in_edges":["126328435#0","246640824#8"],"corridor":null}},{"type":"Feature","geometry":{"type":"Point","coordinates":[2.157805,41.397875]},"properties":{"id":"GS_1457931649","label":"Carrer de S\u00e8neca / Passeig de Gr\u00e0cia","links":3,"phases":4,"in_edges":["237652080#0","401951398#3"],"corridor":null}},{"type":"Feature","geometry":{"type":"Point","coordinates":[2.141569,41.386495]},"properties":{"id":"GS_1475044289","label":"Carrer d&apos;Enten\u00e7a / Carrer de Breda","links":4,"phases":1,"in_edges":["1112040480#0","134123335#0"],"corridor":null}},{"type":"Feature","geometry":{"type":"Point","coordinates":[2.136278,41.382017]},"properties":{"id":"GS_1477718847","label":"Avinguda de Madrid / Carrer dels Comtes de Bell-lloc","links":9,"phases":4,"in_edges":["129216266#3","86056631#0"],"corridor":null}},{"type":"Feature","geometry":{"type":"Point","coordinates":[2.183839,41.389253]},"properties":{"id":"GS_1479161820","label":"Passeig de Llu\u00eds Companys / Passeig de Pujades","links":6,"phases":4,"in_edges":["404402527#0","548522728#0"],"corridor":null}},{"type":"Feature","geometry":{"type":"Point","coordinates":[2.175462,41.410272]},"properties":{"id":"GS_1482414572","label":"Carrer de Cartagena / Carrer de la Ind\u00fastria","links":7,"phases":4,"in_edges":["1206073030#0","518534108#7"],"corridor":null}},{"type":"Feature","geometry":{"type":"Point","coordinates":[2.130648,41.369399]},"properties":{"id":"GS_1482469049","label":"Carrer de Santiago Ram\u00f3n y Cajal / Carrer de la Riera Blanca","links":4,"phases":4,"in_edges":["-1232189418#2","23804350#0","812545703#0"],"corridor":null}},{"type":"Feature","geometry":{"type":"Point","coordinates":[2.148265,41.379722]},"properties":{"id":"GS_1532752077","label":"Carrer d&apos;Arag\u00f3 / Carrer de Vilamar\u00ed","links":7,"phases":4,"in_edges":["1112886312#0","284834967#0"],"corridor":null}},{"type":"Feature","geometry":{"type":"Point","coordinates":[2.149472,41.380514]},"properties":{"id":"GS_1532752078","label":"Carrer d&apos;Arag\u00f3 / Carrer d&apos;Enten\u00e7a","links":9,"phases":4,"in_edges":["1162460369#0","1409614859#0"],"corridor":null}},{"type":"Feature","geometry":{"type":"Point","coordinates":[2.151761,41.382228]},"properties":{"id":"GS_1532752080","label":"Carrer d&apos;Arag\u00f3 / Carrer de Cal\u00e0bria","links":8,"phases":4,"in_edges":["1408548655#0","295124091#4"],"corridor":null}},{"type":"Feature","geometry":{"type":"Point","coordinates":[2.152824,41.383138]},"properties":{"id":"GS_1532752081","label":"Carrer d&apos;Arag\u00f3 / Carrer de Viladomat","links":9,"phases":4,"in_edges":["1112404129#0","295124091#0"],"corridor":null}},{"type":"Feature","geometry":{"type":"Point","coordinates":[2.155153,41.384778]},"properties":{"id":"GS_1532752084","label":"Carrer d&apos;Arag\u00f3 / Carrer del Comte d&apos;Urgell","links":10,"phases":4,"in_edges":["1112404111","1112886298#1"],"corridor":null}},{"type":"Feature","geometry":{"type":"Point","coordinates":[2.152895,41.386488]},"properties":{"id":"GS_1589583429","label":"Carrer de Mallorca / Carrer del Comte d&apos;Urgell","links":10,"phases":4,"in_edges":["1225776662#0","450145197#0"],"corridor":null}},{"type":"Feature","geometry":{"type":"Point","coordinates":[2.197178,41.39564]},"properties":{"id":"GS_1621899798","label":"Carrer d&apos;\u00c0vila / Carrer de Ramon Turr\u00f3","links":6,"phases":4,"in_edges":["310929463#0","920232442#14"],"corridor":null}},{"type":"Feature","geometry":{"type":"Point","coordinates":[2.200598,41.398185]},"properties":{"id":"GS_1621899818","label":"Carrer de Ramon Turr\u00f3 / Carrer de Roc Boronat","links":5,"phases":4,"in_edges":["253456735#6","920232442#2"],"corridor":null}},{"type":"Feature","geometry":{"type":"Point","coordinates":[2.195012,41.394009]},"properties":{"id":"GS_1621899821","label":"Carrer de Pamplona / Carrer de Ramon Turr\u00f3","links":5,"phases":4,"in_edges":["149178302#0","237927199#5"],"corridor":null}},{"type":"Feature","geometry":{"type":"Point","coordinates":[2.1926,41.392223]},"properties":{"id":"GS_1621899823","label":"Carrer de Joan d&apos;\u00c0ustria / Carrer de Ramon Turr\u00f3","links":6,"phases":4,"in_edges":["149178302#9","301443374#0"],"corridor":null}},{"type":"Feature","geometry":{"type":"Point","coordinates":[2.196192,41.394809]},"properties":{"id":"GS_1621899825","label":"Carrer d&apos;\u00c0laba / Carrer de Ramon Turr\u00f3","links":5,"phases":4,"in_edges":["274322569#5","920232443#0"],"corridor":null}},{"type":"Feature","geometry":{"type":"Point","coordinates":[2.190369,41.39055]},"properties":{"id":"GS_1621899827","label":"Carrer de Ramon Turr\u00f3 / Carrer de Sardenya","links":3,"phases":4,"in_edges":["450617297#0","546148429#0"],"corridor":null}},{"type":"Feature","geometry":{"type":"Point","coordinates":[2.198383,41.396432]},"properties":{"id":"GS_1621899831","label":"Carrer de Badajoz / Carrer de Ramon Turr\u00f3","links":6,"phases":4,"in_edges":["237715971#1","920232442#10"],"corridor":null}},{"type":"Feature","geometry":{"type":"Point","coordinates":[2.193798,41.393019]},"properties":{"id":"GS_1621899834","label":"Carrer de Ramon Turr\u00f3 / Carrer de Rosa Sensat","links":5,"phases":4,"in_edges":["149178302#5","749505064#1"],"corridor":null}},{"type":"Feature","geometry":{"type":"Point","coordinates":[2.199456,41.397328]},"properties":{"id":"GS_1621899836","label":"Carrer de Ramon Turr\u00f3 / Carrer de la Ciutat de Granada","links":4,"phases":4,"in_edges":["237521096#5","920232442#7"],"corridor":null}},{"type":"Feature","geometry":{"type":"Point","coordinates":[2.187887,41.412869]},"properties":{"id":"GS_1623558813","label":"Carrer de Mallorca / Carrer de Trinxant","links":4,"phases":4,"in_edges":["149365153#1","4745532#2"],"corridor":null}},{"type":"Feature","geometry":{"type":"Point","coordinates":[2.149486,41.370798]},"properties":{"id":"GS_168330642","label":"Avinguda de Francesc Ferrer i Gu\u00e0rdia / Carrer dels Morabos","links":6,"phases":4,"in_edges":["-76168866#3","76168864#0","908679098#0"],"corridor":null}},{"type":"Feature","geometry":{"type":"Point","coordinates":[2.159088,41.367399]},"properties":{"id":"GS_168491368","label":"Avinguda de l&apos;Estadi / Carrer de Vivers","links":9,"phases":4,"in_edges":["-16365469#2","-50315516","246548947#0","54743438#1"],"corridor":null}},{"type":"Feature","geometry":{"type":"Point","coordinates":[2.141046,41.363559]},"properties":{"id":"GS_168529451","label":"Carrer del Guadalquivir / Carrer del Segura","links":4,"phases":4,"in_edges":["-309195778#9","309195778#3","86250198#0"],"corridor":null}},{"type":"Feature","geometry":{"type":"Point","coordinates":[2.208327,41.399354]},"properties":{"id":"GS_1710709043","label":"Carrer de la Jonquera / Passeig de Calvell","links":11,"phases":4,"in_edges":["-547440865#2","1503616281#0","547440862"],"corridor":null}},{"type":"Feature","geometry":{"type":"Point","coordinates":[2.142865,41.380284]},"properties":{"id":"GS_178542532","label":"Avinguda de Roma / Carrer de Tarragona","links":14,"phases":6,"in_edges":["1446037562","23348945#0","237659847"],"corridor":null}},{"type":"Feature","geometry":{"type":"Point","coordinates":[2.209633,41.406629]},"properties":{"id":"GS_1812187366","label":"Carrer de Llull / Carrer de Proven\u00e7als","links":7,"phases":4,"in_edges":["237927197#4","294393942#0"],"corridor":null}},{"type":"Feature","geometry":{"type":"Point","coordinates":[2.131974,41.392248]},"properties":{"id":"GS_1840720998","label":"Avinguda de Sarri\u00e0 / Carrer de la Caravel\u00b7la La Ni\u00f1a","links":8,"phases":4,"in_edges":["-173223707#2","1408647864"],"corridor":null}},{"type":"Feature","geometry":{"type":"Point","coordinates":[2.172447,41.412587]},"properties":{"id":"GS_1860569743","label":"Carrer de Cartagena / Carrer de Santa Carolina","links":3,"phases":1,"in_edges":["309904227#1","4776838#4"],"corridor":null}},{"type":"Feature","geometry":{"type":"Point","coordinates":[2.184,41.407293]},"properties":{"id":"GS_1860575762","label":"Carrer de la Independ\u00e8ncia / Carrer dels Enamorats","links":5,"phases":4,"in_edges":["651533778#0","74398637#0"],"corridor":null}},{"type":"Feature","geometry":{"type":"Point","coordinates":[2.179716,41.410547]},"properties":{"id":"GS_1860575765","label":"Carrer de la Independ\u00e8ncia / Carrer del Freser","links":5,"phases":4,"in_edges":["1156921761#1","1526860059#0"],"corridor":null}},{"type":"Feature","geometry":{"type":"Point","coordinates":[2.141033,41.398033]},"properties":{"id":"GS_1889932481","label":"Via Augusta","links":6,"phases":3,"in_edges":["-308378779#4","237506963#0"],"corridor":null}},{"type":"Feature","geometry":{"type":"Point","coordinates":[2.135456,41.38181]},"properties":{"id":"GS_1904455769","label":"Avinguda de Madrid / Carrer del Vallespir","links":11,"phases":4,"in_edges":["-86056631#4","1162491019#2","42819748#5"],"corridor":null}},{"type":"Feature","geometry":{"type":"Point","coordinates":[2.184842,41.384467]},"properties":{"id":"GS_190971708","label":"Avinguda del Marqu\u00e8s de l&apos;Argentera / Carrer del Comer\u00e7","links":12,"phases":4,"in_edges":["-1531019691#1","1531019694#0","238251901#0"],"corridor":null}},{"type":"Feature","geometry":{"type":"Point","coordinates":[2.177972,41.376206]},"properties":{"id":"GS_190981834","label":"Passeig de Colom / Pla\u00e7a del Portal de la Pau","links":6,"phases":4,"in_edges":["245672928","553238924"],"corridor":null}},{"type":"Feature","geometry":{"type":"Point","coordinates":[2.186387,41.381975]},"properties":{"id":"GS_190985739","label":"Passeig de Joan de Borb\u00f3 / Pla\u00e7a de Pau Vila","links":7,"phases":4,"in_edges":["287856806#0","518529171#0"],"corridor":null}},{"type":"Feature","geometry":{"type":"Point","coordinates":[2.185903,41.382214]},"properties":{"id":"GS_190987745","label":"Carrer del Doctor Aiguader / Pla\u00e7a de Pau Vila","links":7,"phases":4,"in_edges":["237566151#0","293858826#0"],"corridor":null}},{"type":"Feature","geometry":{"type":"Point","coordinates":[2.167069,41.375761]},"properties":{"id":"GS_192039415","label":"Carrer de les Flors / Ronda de Sant Pau","links":6,"phases":4,"in_edges":["18616637#0","881656434"],"corridor":null}},{"type":"Feature","geometry":{"type":"Point","coordinates":[2.175656,41.374303]},"properties":{"id":"GS_192284952","label":"Avinguda del Paral\u00b7lel / Pla\u00e7a de les Drassanes","links":7,"phases":4,"in_edges":["245672929#0","880513895#4"],"corridor":null}},{"type":"Feature","geometry":{"type":"Point","coordinates":[2.132962,41.365563]},"properties":{"id":"GS_2013654029","label":"Avinguda del Carrilet / Carrer de Juan Gris","links":16,"phases":8,"in_edges":["-84506063#2","539012768#3","79766964#0","81794401#0","917472853#0"],"corridor":null}},{"type":"Feature","geometry":{"type":"Point","coordinates":[2.129317,41.370586]},"properties":{"id":"GS_2013654034","label":"Carrer de la Riera Blanca / Ronda de la Torrassa","links":7,"phases":4,"in_edges":["-569040499#4","23804347#11","4744817#5"],"corridor":null}},{"type":"Feature","geometry":{"type":"Point","coordinates":[2.128556,41.371079]},"properties":{"id":"GS_2013654035","label":"Carrer de Pavia / Carrer de la Riera Blanca","links":7,"phases":4,"in_edges":["-23804347#13","23804347#8","27645117#3"],"corridor":null}},{"type":"Feature","geometry":{"type":"Point","coordinates":[2.19713,41.400701]},"properties":{"id":"GS_2075448033","label":"Carrer de Pallars / Carrer de Roc Boronat","links":6,"phases":4,"in_edges":["255327542","273302701#0"],"corridor":null}},{"type":"Feature","geometry":{"type":"Point","coordinates":[2.183169,41.382679]},"properties":{"id":"GS_21638891","label":"Avinguda del Marqu\u00e8s de l&apos;Argentera / Pla de Palau","links":7,"phases":4,"in_edges":["1435790923","237715966"],"corridor":null}},{"type":"Feature","geometry":{"type":"Point","coordinates":[2.182299,41.405177]},"properties":{"id":"GS_2292981087","label":"Carrer d&apos;Arag\u00f3 / Carrer de Cartagena","links":13,"phases":4,"in_edges":["1408524829#0","651533775#0"],"corridor":null}},{"type":"Feature","geometry":{"type":"Point","coordinates":[2.18677,41.417032]},"properties":{"id":"GS_2293731643","label":"Avinguda Meridiana / Carrer de Biscaia","links":4,"phases":4,"in_edges":["1261909542","251749483#3"],"corridor":"meridiana"}},{"type":"Feature","geometry":{"type":"Point","coordinates":[2.159897,41.381189]},"properties":{"id":"GS_2326000392","label":"Carrer de Sep\u00falveda / Carrer del Comte d&apos;Urgell","links":9,"phases":4,"in_edges":["237655878#0","243591204#0"],"corridor":null}},{"type":"Feature","geometry":{"type":"Point","coordinates":[2.162128,41.37947]},"properties":{"id":"GS_2327729219","label":"Carrer de Tamarit / Carrer del Comte d&apos;Urgell","links":7,"phases":4,"in_edges":["-591249160","121830607#0","223928337#0"],"corridor":null}},{"type":"Feature","geometry":{"type":"Point","coordinates":[2.176625,41.418526]},"properties":{"id":"GS_2331122650","label":"Carrer de Teodor Llorente / Carrer de l&apos;Oblit","links":7,"phases":4,"in_edges":["224295082#1","224295083#2"],"corridor":null}},{"type":"Feature","geometry":{"type":"Point","coordinates":[2.193914,41.396507]},"properties":{"id":"GS_243338863","label":"Carrer d&apos;\u00c0laba / Carrer de Pujades","links":5,"phases":4,"in_edges":["274322569#12","466765995#5"],"corridor":null}},{"type":"Feature","geometry":{"type":"Point","coordinates":[2.196104,41.398156]},"properties":{"id":"GS_243338866","label":"Carrer de Badajoz / Carrer de Pujades","links":7,"phases":4,"in_edges":["237657747#0","237715974#0"],"corridor":null}},{"type":"Feature","geometry":{"type":"Point","coordinates":[2.208532,41.407561]},"properties":{"id":"GS_243338875","label":"Carrer de Proven\u00e7als / Carrer de Pujades","links":6,"phases":4,"in_edges":["22689184#0","294393942#4"],"corridor":null}},{"type":"Feature","geometry":{"type":"Point","coordinates":[2.207354,41.40675]},"properties":{"id":"GS_243338876","label":"Carrer de Fluvi\u00e0 / Carrer de Pujades","links":5,"phases":4,"in_edges":["22689184#3","46711360#0"],"corridor":null}},{"type":"Feature","geometry":{"type":"Point","coordinates":[2.206267,41.40587]},"properties":{"id":"GS_243338877","label":"Carrer de Bac de Roda / Carrer de Pujades","links":9,"phases":4,"in_edges":["1409584590#0","22689184#7"],"corridor":null}},{"type":"Feature","geometry":{"type":"Point","coordinates":[2.202866,41.403368]},"properties":{"id":"GS_243338878","label":"Carrer de Bilbao / Carrer de Pujades","links":6,"phases":4,"in_edges":["237927200#5","555462044#0"],"corridor":null}},{"type":"Feature","geometry":{"type":"Point","coordinates":[2.197202,41.399062]},"properties":{"id":"GS_243338881","label":"Carrer de Pujades / Carrer de la Ciutat de Granada","links":5,"phases":4,"in_edges":["237715978#0","253456734#2"],"corridor":null}},{"type":"Feature","geometry":{"type":"Point","coordinates":[2.190298,41.394012]},"properties":{"id":"GS_243338885","label":"Carrer de Joan d&apos;\u00c0ustria / Carrer de Pujades","links":7,"phases":4,"in_edges":["237927201#4","301443370#0"],"corridor":null}},{"type":"Feature","geometry":{"type":"Point","coordinates":[2.184722,41.401568]},"properties":{"id":"GS_243339207","label":"Carrer de los Castillejos / Gran Via de les Corts Catalanes","links":4,"phases":4,"in_edges":["1000550226#0","826518550#0"],"corridor":"gran_via"}},{"type":"Feature","geometry":{"type":"Point","coordinates":[2.186708,41.400175]},"properties":{"id":"GS_243339565","label":"Avinguda Meridiana / Carrer de los Castillejos","links":9,"phases":4,"in_edges":["-1547629036","1117842676#0"],"corridor":"meridiana"}},{"type":"Feature","geometry":{"type":"Point","coordinates":[2.183093,41.387482]},"properties":{"id":"GS_243347133","label":"Carrer de la Princesa / Passeig de Picasso","links":5,"phases":4,"in_edges":["1089649276","18968925#0"],"corridor":null}},{"type":"Feature","geometry":{"type":"Point","coordinates":[2.210701,41.407526]},"properties":{"id":"GS_247637113","label":"Carrer de Llull / Carrer de la Selva de Mar","links":6,"phases":4,"in_edges":["237715977#0","237927197#9"],"corridor":null}},{"type":"Feature","geometry":{"type":"Point","coordinates":[2.143078,41.370284]},"properties":{"id":"GS_2511679138","label":"Carrer d&apos;Ind\u00edbil / Gran Via de les Corts Catalanes (lateral mar)","links":4,"phases":4,"in_edges":["1220534965","285184653#2"],"corridor":"gran_via"}},{"type":"Feature","geometry":{"type":"Point","coordinates":[2.157403,41.386475]},"properties":{"id":"GS_252826185","label":"Carrer d&apos;Arag\u00f3 / Carrer de Casanova","links":13,"phases":4,"in_edges":["295124097#0","450137745#0"],"corridor":null}},{"type":"Feature","geometry":{"type":"Point","coordinates":[2.157271,41.418719]},"properties":{"id":"GS_253790707","label":"Carrer de la Gran Vista / Carrer del Santuari","links":9,"phases":4,"in_edges":["-139894187#1","-33800678#1","309904230#3"],"corridor":null}},{"type":"Feature","geometry":{"type":"Point","coordinates":[2.133719,41.384471]},"properties":{"id":"GS_2560087403","label":"Carrer del Marqu\u00e8s de Sentmenat / Carrer del Vallespir","links":4,"phases":4,"in_edges":["542500770#0","906505545#1"],"corridor":null}},{"type":"Feature","geometry":{"type":"Point","coordinates":[2.171068,41.417204]},"properties":{"id":"GS_256484464","label":"Avinguda de la Mare de D\u00e9u de Montserrat / Carrer de G\u00e8nova","links":7,"phases":4,"in_edges":["-541763073#2","450062319#0","71211628#2"],"corridor":null}},{"type":"Feature","geometry":{"type":"Point","coordinates":[2.167284,41.415436]},"properties":{"id":"GS_256484485","label":"Avinguda de la Mare de D\u00e9u de Montserrat / Carrer de Francesc Alegre","links":10,"phases":6,"in_edges":["296815424#0","4746950#2","541763075","542845441"],"corridor":null}},{"type":"Feature","geometry":{"type":"Point","coordinates":[2.132051,41.366739]},"properties":{"id":"GS_257940879","label":"Carrer de l&apos;Aprestadora / Carrer de la Riera Blanca","links":5,"phases":4,"in_edges":["-1223813143","1223813146#0","187009601#0"],"corridor":null}},{"type":"Feature","geometry":{"type":"Point","coordinates":[2.199482,41.400729]},"properties":{"id":"GS_2593809553","label":"Carrer de Pujades / Carrer de la Llacuna","links":6,"phases":4,"in_edges":["253456733#0","253456739#2"],"corridor":null}},{"type":"Feature","geometry":{"type":"Point","coordinates":[2.198303,41.399934]},"properties":{"id":"GS_2593809554","label":"Carrer de Pujades / Carrer de Roc Boronat","links":7,"phases":4,"in_edges":["253456736#0","555462042"],"corridor":null}},{"type":"Feature","geometry":{"type":"Point","coordinates":[2.170108,41.385711]},"properties":{"id":"GS_26057116","label":"Carrer de Pelai / La Rambla","links":11,"phases":4,"in_edges":["251733667#0","920602948"],"corridor":null}},{"type":"Feature","geometry":{"type":"Point","coordinates":[2.168654,41.387421]},"properties":{"id":"GS_26057125","label":"Pla\u00e7a de Catalunya / Rambla de Catalunya","links":10,"phases":6,"in_edges":["8380812#0","893745919#0","905380775"],"corridor":null}},{"type":"Feature","geometry":{"type":"Point","coordinates":[2.172371,41.38886]},"properties":{"id":"GS_26057131","label":"Carrer de Pau Claris / Pla\u00e7a d&apos;Urquinaona","links":13,"phases":8,"in_edges":["-20042722#3","1104543532","579981379#0","68506233#0"],"corridor":null}},{"type":"Feature","geometry":{"type":"Point","coordinates":[2.166323,41.386601]},"properties":{"id":"GS_26057304","label":"Carrer de Balmes / Ronda de la Universitat","links":11,"phases":4,"in_edges":["237522641#0","542956873"],"corridor":null}},{"type":"Feature","geometry":{"type":"Point","coordinates":[2.175343,41.389974]},"properties":{"id":"GS_26057342","label":"Carrer del Bruc / Ronda de Sant Pere","links":7,"phases":4,"in_edges":["1017861008#0","601810762#0"],"corridor":null}},{"type":"Feature","geometry":{"type":"Point","coordinates":[2.163544,41.404935]},"properties":{"id":"GS_260723600","label":"Carrer de l&apos;Escorial / Travessera de Gr\u00e0cia","links":4,"phases":4,"in_edges":["-4852774","1226968043#0","237725966#0"],"corridor":null}},{"type":"Feature","geometry":{"type":"Point","coordinates":[2.158107,41.410594]},"properties":{"id":"GS_260723606","label":"Carrer de l&apos;Escorial / Carrer del Cardener","links":7,"phases":6,"in_edges":["-237655876#4","1264832660#0","296827101#0"],"corridor":null}},{"type":"Feature","geometry":{"type":"Point","coordinates":[2.163106,41.405325]},"properties":{"id":"GS_260723993","label":"Carrer de Ram\u00f3n y Cajal / Carrer de l&apos;Escorial","links":7,"phases":4,"in_edges":["-238466750#2","1236963722#0","831182071#0"],"corridor":null}},{"type":"Feature","geometry":{"type":"Point","coordinates":[2.127332,41.371573]},"properties":{"id":"GS_262988804","label":"Carrer de la Riera Blanca / Passatge del Xiprer","links":7,"phases":4,"in_edges":["-23804347#7","23804347#2","56688074#0"],"corridor":null}},{"type":"Feature","geometry":{"type":"Point","coordinates":[2.188098,41.395686]},"properties":{"id":"GS_2677447194","label":"Carrer de Joan d&apos;\u00c0ustria / Carrer dels Almog\u00e0vers","links":7,"phases":6,"in_edges":["-301443373#1","31242171#0","883963972#0"],"corridor":null}},{"type":"Feature","geometry":{"type":"Point","coordinates":[2.172645,41.410773]},"properties":{"id":"GS_2690159866","label":"Carrer de los Castillejos / Travessera de Gr\u00e0cia","links":6,"phases":4,"in_edges":["1409296656#12","237519396#0"],"corridor":null}},{"type":"Feature","geometry":{"type":"Point","coordinates":[2.135561,41.375435]},"properties":{"id":"GS_2692588225","label":"Carrer de Sants / Passeig de Sant Antoni","links":9,"phases":4,"in_edges":["-652024040#3","1514455518#0","542503067#0"],"corridor":null}},{"type":"Feature","geometry":{"type":"Point","coordinates":[2.136495,41.391543]},"properties":{"id":"GS_269376402","label":"Avinguda de Sarri\u00e0 / Carrer del Doctor Fleming","links":11,"phases":6,"in_edges":["-238862113#2","237521074#0","449751444#0"],"corridor":null}},{"type":"Feature","geometry":{"type":"Point","coordinates":[2.134405,41.391943]},"properties":{"id":"GS_269377740","label":"Avinguda de Sarri\u00e0 / Carrer de Bori i Fontest\u00e0","links":11,"phases":5,"in_edges":["-238862113#5","355488624#2","909658963#0"],"corridor":null}},{"type":"Feature","geometry":{"type":"Point","coordinates":[2.141401,41.390883]},"properties":{"id":"GS_269379907","label":"Avinguda de Sarri\u00e0 / Carrer de Fra Luis de Granada","links":11,"phases":4,"in_edges":["123655282#0","450145193#0"],"corridor":null}},{"type":"Feature","geometry":{"type":"Point","coordinates":[2.166602,41.414919]},"properties":{"id":"GS_273102083","label":"Carrer de Thous / Pla\u00e7a de la Font Castellana","links":2,"phases":4,"in_edges":["296815417#0","71214513#1"],"corridor":null}},{"type":"Feature","geometry":{"type":"Point","coordinates":[2.163473,41.413406]},"properties":{"id":"GS_273102085","label":"Carrer de Praga / Carrer de les Cam\u00e8lies","links":5,"phases":4,"in_edges":["237655877#0","237923121#0"],"corridor":null}},{"type":"Feature","geometry":{"type":"Point","coordinates":[2.171408,41.391758]},"properties":{"id":"GS_2781080542","label":"Gran Via de les Corts Catalanes","links":5,"phases":1,"in_edges":["273229615#0","545084605#0"],"corridor":"gran_via"}},{"type":"Feature","geometry":{"type":"Point","coordinates":[2.169681,41.39574]},"properties":{"id":"GS_2819073400","label":"Carrer d&apos;Arag\u00f3","links":8,"phases":4,"in_edges":["1185524856#0","1408524843#0"],"corridor":null}},{"type":"Feature","geometry":{"type":"Point","coordinates":[2.136969,41.401977]},"properties":{"id":"GS_288024058","label":"Carrer de la Ciutat de Balaguer / Ronda del General Mitre","links":4,"phases":4,"in_edges":["777231958","86330626#2"],"corridor":null}},{"type":"Feature","geometry":{"type":"Point","coordinates":[2.128669,41.402881]},"properties":{"id":"GS_288026013","label":"Carrer de Dalmases / Carrer de les Escoles Pies","links":5,"phases":4,"in_edges":["198597878#4","294056753#0"],"corridor":null}},{"type":"Feature","geometry":{"type":"Point","coordinates":[2.142379,41.37016]},"properties":{"id":"GS_2888571939","label":"Carrer del Moian\u00e8s / Gran Via de les Corts Catalanes (lateral muntanya)","links":5,"phases":4,"in_edges":["285184654#1","309246583#1"],"corridor":"gran_via"}},{"type":"Feature","geometry":{"type":"Point","coordinates":[2.14377,41.371201]},"properties":{"id":"GS_2888571940","label":"Carrer de Sant Pere d&apos;Abanto / Gran Via de les Corts Catalanes (lateral muntanya)","links":5,"phases":4,"in_edges":["1219022361#1","4787835#0"],"corridor":"gran_via"}},{"type":"Feature","geometry":{"type":"Point","coordinates":[2.141091,41.368773]},"properties":{"id":"GS_2888610566","label":"Carrer de Traj\u00e0 / Gran Via de les Corts Catalanes (lateral mar)","links":2,"phases":4,"in_edges":["179615776#0","4747856#0"],"corridor":"gran_via"}},{"type":"Feature","geometry":{"type":"Point","coordinates":[2.163111,41.380377]},"properties":{"id":"GS_30227228","label":"Carrer de Tamarit / Carrer de Villarroel","links":3,"phases":4,"in_edges":["-1433159890","237655875#0"],"corridor":null}},{"type":"Feature","geometry":{"type":"Point","coordinates":[2.120987,41.370823]},"properties":{"id":"GS_30236844","label":"Carrer del Llobregat / Carrer del Montseny","links":4,"phases":4,"in_edges":["519749106#1","519749107#2"],"corridor":null}},{"type":"Feature","geometry":{"type":"Point","coordinates":[2.116815,41.372495]},"properties":{"id":"GS_30237070","label":"Carrer de Llan\u00e7\u00e0 / Carrer de Puj\u00f3s","links":4,"phases":4,"in_edges":["4744853#0","82810491#0"],"corridor":null}},{"type":"Feature","geometry":{"type":"Point","coordinates":[2.123901,41.374207]},"properties":{"id":"GS_30237104","label":"Carrer de Bassegoda / Carrer de la Riera Blanca","links":7,"phases":6,"in_edges":["-560543749#2","372554364#2","56688079#2"],"corridor":null}},{"type":"Feature","geometry":{"type":"Point","coordinates":[2.138083,41.384019]},"properties":{"id":"GS_30237483","label":"Carrer de Caballero / Carrer de Num\u00e0ncia","links":10,"phases":4,"in_edges":["4744915#3","544164280#0"],"corridor":null}},{"type":"Feature","geometry":{"type":"Point","coordinates":[2.144907,41.38568]},"properties":{"id":"GS_30237586","label":"Carrer de C\u00f2rsega / Carrer de Rocafort","links":6,"phases":4,"in_edges":["4744939#3","4745980#0"],"corridor":null}},{"type":"Feature","geometry":{"type":"Point","coordinates":[2.146074,41.386508]},"properties":{"id":"GS_30237587","label":"Carrer de Cal\u00e0bria / Carrer de C\u00f2rsega","links":6,"phases":4,"in_edges":["449991621#8","4744939#0"],"corridor":null}},{"type":"Feature","geometry":{"type":"Point","coordinates":[2.143678,41.386477]},"properties":{"id":"GS_30237607","label":"Carrer de Par\u00eds / Carrer de Rocafort","links":8,"phases":4,"in_edges":["868722651#0","918435239#0"],"corridor":null}},{"type":"Feature","geometry":{"type":"Point","coordinates":[2.147101,41.38903]},"properties":{"id":"GS_30237610","label":"Carrer de Par\u00eds / Carrer del Comte Borrell","links":5,"phases":4,"in_edges":["116315114#0","4744944#0"],"corridor":null}},{"type":"Feature","geometry":{"type":"Point","coordinates":[2.14936,41.390747]},"properties":{"id":"GS_30237612","label":"Carrer de Par\u00eds / Carrer de Villarroel","links":9,"phases":4,"in_edges":["243716770#4","538724747#0"],"corridor":null}},{"type":"Feature","geometry":{"type":"Point","coordinates":[2.150567,41.391558]},"properties":{"id":"GS_30237613","label":"Carrer de Casanova / Carrer de Par\u00eds","links":8,"phases":4,"in_edges":["237960947#0","542781427#0"],"corridor":null}},{"type":"Feature","geometry":{"type":"Point","coordinates":[2.151649,41.392457]},"properties":{"id":"GS_30237614","label":"Carrer de Muntaner / Carrer de Par\u00eds","links":10,"phases":4,"in_edges":["542781428#0","98002400#0"],"corridor":null}},{"type":"Feature","geometry":{"type":"Point","coordinates":[2.152853,41.393241]},"properties":{"id":"GS_30237615","label":"Carrer d&apos;Aribau / Carrer de Par\u00eds","links":9,"phases":4,"in_edges":["237914526#0","238866887#0"],"corridor":null}},{"type":"Feature","geometry":{"type":"Point","coordinates":[2.148258,41.391667]},"properties":{"id":"GS_30237632","label":"Carrer de Londres / Carrer de Villarroel","links":5,"phases":4,"in_edges":["237667614#3","243716770#0"],"corridor":null}},{"type":"Feature","geometry":{"type":"Point","coordinates":[2.150535,41.39339]},"properties":{"id":"GS_30237634","label":"Carrer de Londres / Carrer de Muntaner","links":8,"phases":4,"in_edges":["1409652518#1","1409652519#0"],"corridor":null}},{"type":"Feature","geometry":{"type":"Point","coordinates":[2.154023,41.392479]},"properties":{"id":"GS_30237638","label":"Carrer d&apos;Aribau / Carrer de C\u00f2rsega","links":9,"phases":4,"in_edges":["31029328#0","4751998#9"],"corridor":null}},{"type":"Feature","geometry":{"type":"Point","coordinates":[2.155081,41.391584]},"properties":{"id":"GS_30237639","label":"Carrer d&apos;Aribau / Carrer del Rossell\u00f3","links":9,"phases":4,"in_edges":["1409649739#0","1409649740#4"],"corridor":null}},{"type":"Feature","geometry":{"type":"Point","coordinates":[2.156294,41.390751]},"properties":{"id":"GS_30237640","label":"Carrer d&apos;Aribau / Carrer de Proven\u00e7a","links":11,"phases":4,"in_edges":["294085176#3","526213093#0"],"corridor":null}},{"type":"Feature","geometry":{"type":"Point","coordinates":[2.157403,41.389901]},"properties":{"id":"GS_30237641","label":"Carrer d&apos;Aribau / Carrer de Mallorca","links":10,"phases":4,"in_edges":["1409641103#0","295124095#0"],"corridor":null}},{"type":"Feature","geometry":{"type":"Point","coordinates":[2.15847,41.388983]},"properties":{"id":"GS_30237642","label":"Carrer d&apos;Aribau / Carrer de Val\u00e8ncia","links":11,"phases":4,"in_edges":["1409649736#0","1409649738#0"],"corridor":null}},{"type":"Feature","geometry":{"type":"Point","coordinates":[2.159679,41.388186]},"properties":{"id":"GS_30237643","label":"Carrer d&apos;Arag\u00f3 / Carrer d&apos;Aribau","links":13,"phases":4,"in_edges":["1408526881#0","295124094#1"],"corridor":null}},{"type":"Feature","geometry":{"type":"Point","coordinates":[2.1619,41.386484]},"properties":{"id":"GS_30237645","label":"Carrer d&apos;Aribau / Carrer de la Diputaci\u00f3","links":7,"phases":4,"in_edges":["1353407054","1360091609#0"],"corridor":null}},{"type":"Feature","geometry":{"type":"Point","coordinates":[2.135429,41.40501]},"properties":{"id":"GS_30237678","label":"Carrer de Bisbe Sivilla / Carrer de Muntaner","links":6,"phases":4,"in_edges":["1525578852#0","4744959#4"],"corridor":null}},{"type":"Feature","geometry":{"type":"Point","coordinates":[2.136592,41.403991]},"properties":{"id":"GS_30237679","label":"Carrer d&apos;Arimon / Carrer de Muntaner","links":9,"phases":4,"in_edges":["-4782204#4","4744959#9","4782204#2"],"corridor":null}},{"type":"Feature","geometry":{"type":"Point","coordinates":[2.13715,41.403445]},"properties":{"id":"GS_30237680","label":"Carrer de Muntaner / Carrer de Sant M\u00e0rius","links":6,"phases":4,"in_edges":["4744959#13","4782201#2"],"corridor":null}},{"type":"Feature","geometry":{"type":"Point","coordinates":[2.138828,41.402093]},"properties":{"id":"GS_30237682","label":"Carrer d&apos;Hercegovina / Carrer de Muntaner","links":6,"phases":4,"in_edges":["308379493#0","35066571#0"],"corridor":null}},{"type":"Feature","geometry":{"type":"Point","coordinates":[2.141506,41.400109]},"properties":{"id":"GS_30237685","label":"Carrer de Muntaner / Carrer de Plat\u00f3","links":6,"phases":4,"in_edges":["37067695#0","669686363#0"],"corridor":null}},{"type":"Feature","geometry":{"type":"Point","coordinates":[2.142077,41.399678]},"properties":{"id":"GS_30237686","label":"Carrer de Descartes / Carrer de Muntaner","links":6,"phases":4,"in_edges":["35067067#1","37067695#3"],"corridor":null}},{"type":"Feature","geometry":{"type":"Point","coordinates":[2.144613,41.397803]},"properties":{"id":"GS_30237689","label":"Carrer de Calaf / Carrer de Muntaner","links":6,"phases":4,"in_edges":["4776833#3","541430463#5"],"corridor":null}},{"type":"Feature","geometry":{"type":"Point","coordinates":[2.145227,41.397418]},"properties":{"id":"GS_30237690","label":"Carrer de Muntaner / Carrer dels Madrazo","links":7,"phases":4,"in_edges":["35465964#9","541430463#7"],"corridor":null}},{"type":"Feature","geometry":{"type":"Point","coordinates":[2.145888,41.396835]},"properties":{"id":"GS_30237691","label":"Carrer de Laforja / Carrer de Muntaner","links":6,"phases":4,"in_edges":["1422093912#0","4752025#1"],"corridor":null}},{"type":"Feature","geometry":{"type":"Point","coordinates":[2.146498,41.396423]},"properties":{"id":"GS_30237692","label":"Carrer de Mari\u00e0 Cub\u00ed / Carrer de Muntaner","links":7,"phases":4,"in_edges":["1421422881#0","4752018#5"],"corridor":null}},{"type":"Feature","geometry":{"type":"Point","coordinates":[2.146995,41.395977]},"properties":{"id":"GS_30237693","label":"Carrer de Muntaner / Carrer de l&apos;Avenir","links":6,"phases":4,"in_edges":["1516917378#0","4752000#3"],"corridor":null}},{"type":"Feature","geometry":{"type":"Point","coordinates":[2.148038,41.395206]},"properties":{"id":"GS_30237694","label":"Carrer de Muntaner / Travessera de Gr\u00e0cia","links":12,"phases":4,"in_edges":["-1422093910#1","1421422880#0","542842571#2"],"corridor":null}},{"type":"Feature","geometry":{"type":"Point","coordinates":[2.15284,41.391682]},"properties":{"id":"GS_30237696","label":"Carrer de C\u00f2rsega / Carrer de Muntaner","links":11,"phases":4,"in_edges":["238866891#0","243716769#0"],"corridor":null}},{"type":"Feature","geometry":{"type":"Point","coordinates":[2.153869,41.390768]},"properties":{"id":"GS_30237697","label":"Carrer de Muntaner / Carrer del Rossell\u00f3","links":11,"phases":4,"in_edges":["1409649740#0","891567020#0"],"corridor":null}},{"type":"Feature","geometry":{"type":"Point","coordinates":[2.155109,41.389967]},"properties":{"id":"GS_30237698","label":"Carrer de Muntaner / Carrer de Proven\u00e7a","links":12,"phases":4,"in_edges":["1409652521#0","490175814#0"],"corridor":null}},{"type":"Feature","geometry":{"type":"Point","coordinates":[2.156232,41.389116]},"properties":{"id":"GS_30237699","label":"Carrer de Mallorca / Carrer de Muntaner","links":12,"phases":4,"in_edges":["1409652523#0","526213091#0"],"corridor":null}},{"type":"Feature","geometry":{"type":"Point","coordinates":[2.157319,41.388152]},"properties":{"id":"GS_30237700","label":"Carrer de Muntaner / Carrer de Val\u00e8ncia","links":14,"phases":4,"in_edges":["1382321715#0","449991627#0"],"corridor":null}},{"type":"Feature","geometry":{"type":"Point","coordinates":[2.158476,41.387409]},"properties":{"id":"GS_30237701","label":"Carrer d&apos;Arag\u00f3 / Carrer de Muntaner","links":11,"phases":4,"in_edges":["1382321714#0","294085157#0"],"corridor":null}},{"type":"Feature","geometry":{"type":"Point","coordinates":[2.160719,41.385692]},"properties":{"id":"GS_30237703","label":"Carrer de Muntaner / Carrer de la Diputaci\u00f3","links":8,"phases":4,"in_edges":["1112801408#1","1360091610"],"corridor":null}},{"type":"Feature","geometry":{"type":"Point","coordinates":[2.163201,41.383787]},"properties":{"id":"GS_30237705","label":"Carrer de Muntaner / Carrer de Sep\u00falveda","links":7,"phases":4,"in_edges":["553772888#0","918410082#0"],"corridor":null}},{"type":"Feature","geometry":{"type":"Point","coordinates":[2.163669,41.383386]},"properties":{"id":"GS_30237706","label":"Carrer de Muntaner / Ronda de Sant Antoni","links":4,"phases":4,"in_edges":["525588035#0","553772888#4"],"corridor":null}},{"type":"Feature","geometry":{"type":"Point","coordinates":[2.151793,41.390826]},"properties":{"id":"GS_30237772","label":"Carrer de Casanova / Carrer de C\u00f2rsega","links":11,"phases":4,"in_edges":["237914522#0","4744972#4"],"corridor":null}},{"type":"Feature","geometry":{"type":"Point","coordinates":[2.15512,41.388164]},"properties":{"id":"GS_30238005","label":"Carrer de Casanova / Carrer de Mallorca","links":9,"phases":4,"in_edges":["1409641104#0","526213090#0"],"corridor":null}},{"type":"Feature","geometry":{"type":"Point","coordinates":[2.159643,41.384799]},"properties":{"id":"GS_30238009","label":"Carrer de Casanova / Carrer de la Diputaci\u00f3","links":9,"phases":4,"in_edges":["237506925#0","237519392#0"],"corridor":null}},{"type":"Feature","geometry":{"type":"Point","coordinates":[2.14384,41.381398]},"properties":{"id":"GS_30238015","label":"Carrer de Nicaragua / Carrer de Proven\u00e7a","links":7,"phases":4,"in_edges":["1182313761#0","831157595"],"corridor":null}},{"type":"Feature","geometry":{"type":"Point","coordinates":[2.146079,41.383085]},"properties":{"id":"GS_30238017","label":"Carrer d&apos;Enten\u00e7a / Carrer de Proven\u00e7a","links":6,"phases":4,"in_edges":["1097003670","730337227#12"],"corridor":null}},{"type":"Feature","geometry":{"type":"Point","coordinates":[2.147155,41.383991]},"properties":{"id":"GS_30238018","label":"Carrer de Proven\u00e7a / Carrer de Rocafort","links":5,"phases":4,"in_edges":["237795736#4","730337227#7"],"corridor":null}},{"type":"Feature","geometry":{"type":"Point","coordinates":[2.149397,41.385702]},"properties":{"id":"GS_30238020","label":"Carrer de Proven\u00e7a / Carrer de Viladomat","links":7,"phases":4,"in_edges":["493086069#3","730337227#0"],"corridor":null}},{"type":"Feature","geometry":{"type":"Point","coordinates":[2.152826,41.388248]},"properties":{"id":"GS_30238023","label":"Carrer de Proven\u00e7a / Carrer de Villarroel","links":6,"phases":4,"in_edges":["237960949#4","552422735#0"],"corridor":null}},{"type":"Feature","geometry":{"type":"Point","coordinates":[2.158476,41.3925]},"properties":{"id":"GS_30238026","label":"Carrer de Balmes / Carrer de Proven\u00e7a","links":9,"phases":4,"in_edges":["295281241#8","903019487#0"],"corridor":null}},{"type":"Feature","geometry":{"type":"Point","coordinates":[2.16297,41.395915]},"properties":{"id":"GS_30238030","label":"Carrer de Pau Claris / Carrer de Proven\u00e7a","links":9,"phases":4,"in_edges":["307933383#0","4744990#0"],"corridor":null}},{"type":"Feature","geometry":{"type":"Point","coordinates":[2.164172,41.396754]},"properties":{"id":"GS_30238031","label":"Carrer de Proven\u00e7a / Carrer de Roger de Ll\u00faria","links":6,"phases":4,"in_edges":["1199518017#0","237645189#0"],"corridor":null}},{"type":"Feature","geometry":{"type":"Point","coordinates":[2.159879,41.376095]},"properties":{"id":"GS_30238197","label":"Carrer de Cal\u00e0bria / Carrer de Manso","links":6,"phases":4,"in_edges":["238326399#0","34609520#0"],"corridor":null}},{"type":"Feature","geometry":{"type":"Point","coordinates":[2.160943,41.376997]},"properties":{"id":"GS_30238198","label":"Carrer de Manso / Carrer de Viladomat","links":8,"phases":4,"in_edges":["237529472#0","591637631#0"],"corridor":null}},{"type":"Feature","geometry":{"type":"Point","coordinates":[2.162115,41.377823]},"properties":{"id":"GS_30238199","label":"Carrer de Manso / Carrer del Comte Borrell","links":8,"phases":4,"in_edges":["-729397993","1427248747","556491373#0"],"corridor":null}},{"type":"Feature","geometry":{"type":"Point","coordinates":[2.17453,41.39057]},"properties":{"id":"GS_30242758","label":"Carrer d&apos;Ausi\u00e0s Marc / Carrer del Bruc","links":9,"phases":4,"in_edges":["675305862#0","903025861#0"],"corridor":null}},{"type":"Feature","geometry":{"type":"Point","coordinates":[2.175766,41.391376]},"properties":{"id":"GS_30242759","label":"Carrer d&apos;Ausi\u00e0s Marc / Carrer de Girona","links":8,"phases":4,"in_edges":["330913952#4","894715951#0"],"corridor":null}},{"type":"Feature","geometry":{"type":"Point","coordinates":[2.176815,41.39227]},"properties":{"id":"GS_30242760","label":"Carrer d&apos;Ausi\u00e0s Marc / Carrer de Bail\u00e8n","links":6,"phases":4,"in_edges":["1479227021#4","330913952#0"],"corridor":null}},{"type":"Feature","geometry":{"type":"Point","coordinates":[2.179113,41.39394]},"properties":{"id":"GS_30242762","label":"Carrer d&apos;Ausi\u00e0s Marc / Carrer de Roger de Flor","links":5,"phases":4,"in_edges":["182069869#4","579970670#0"],"corridor":null}},{"type":"Feature","geometry":{"type":"Point","coordinates":[2.180192,41.394805]},"properties":{"id":"GS_30242763","label":"Carrer d&apos;Ausi\u00e0s Marc / Carrer de N\u00e0pols","links":5,"phases":4,"in_edges":["182069869#0","449991628#0"],"corridor":null}},{"type":"Feature","geometry":{"type":"Point","coordinates":[2.181267,41.397349]},"properties":{"id":"GS_30242809","label":"Carrer de Casp / Carrer de Sardenya","links":6,"phases":4,"in_edges":["308355153#0","549749257#4"],"corridor":null}},{"type":"Feature","geometry":{"type":"Point","coordinates":[2.180217,41.39645]},"properties":{"id":"GS_30242810","label":"Carrer de Casp / Carrer de Sic\u00edlia","links":6,"phases":4,"in_edges":["1047438434#0","549749257#0"],"corridor":null}},{"type":"Feature","geometry":{"type":"Point","coordinates":[2.179001,41.395622]},"properties":{"id":"GS_30242811","label":"Carrer de Casp / Carrer de N\u00e0pols","links":6,"phases":4,"in_edges":["1327959236#0","549749259#0"],"corridor":null}},{"type":"Feature","geometry":{"type":"Point","coordinates":[2.177936,41.394745]},"properties":{"id":"GS_30242812","label":"Carrer de Casp / Carrer de Roger de Flor","links":6,"phases":4,"in_edges":["1327959235#0","549749258#0"],"corridor":null}},{"type":"Feature","geometry":{"type":"Point","coordinates":[2.175636,41.393087]},"properties":{"id":"GS_30242814","label":"Carrer de Bail\u00e8n / Carrer de Casp","links":6,"phases":4,"in_edges":["1479227021#0","32065149#3"],"corridor":null}},{"type":"Feature","geometry":{"type":"Point","coordinates":[2.174572,41.392194]},"properties":{"id":"GS_30242815","label":"Carrer de Casp / Carrer de Girona","links":6,"phases":4,"in_edges":["32065149#0","903025862#0"],"corridor":null}},{"type":"Feature","geometry":{"type":"Point","coordinates":[2.173369,41.391403]},"properties":{"id":"GS_30242816","label":"Carrer de Casp / Carrer del Bruc","links":6,"phases":4,"in_edges":["1232210089#0","675305861#0"],"corridor":null}},{"type":"Feature","geometry":{"type":"Point","coordinates":[2.172333,41.3905]},"properties":{"id":"GS_30242817","label":"Carrer de Casp / Carrer de Roger de Ll\u00faria","links":8,"phases":4,"in_edges":["511211618#0","579981378#0"],"corridor":null}},{"type":"Feature","geometry":{"type":"Point","coordinates":[2.174286,41.397508]},"properties":{"id":"GS_30242871","label":"Carrer de Roger de Flor / Carrer del Consell de Cent","links":6,"phases":4,"in_edges":["1501435531#0","237521092#2"],"corridor":null}},{"type":"Feature","geometry":{"type":"Point","coordinates":[2.175351,41.398387]},"properties":{"id":"GS_30242872","label":"Carrer de N\u00e0pols / Carrer del Consell de Cent","links":6,"phases":4,"in_edges":["450613277#0","908405488#0"],"corridor":null}},{"type":"Feature","geometry":{"type":"Point","coordinates":[2.177649,41.400111]},"properties":{"id":"GS_30242874","label":"Carrer de Sardenya / Carrer del Consell de Cent","links":6,"phases":4,"in_edges":["1511153990#0","313379192#0"],"corridor":null}},{"type":"Feature","geometry":{"type":"Point","coordinates":[2.164239,41.410265]},"properties":{"id":"GS_30242951","label":"Carrer de Pi i Margall / Carrer de Sardenya","links":8,"phases":4,"in_edges":["-831182084#4","1530846836#0","237725948#0"],"corridor":null}},{"type":"Feature","geometry":{"type":"Point","coordinates":[2.16774,41.40759]},"properties":{"id":"GS_30242956","label":"Carrer de Sardenya / Travessera de Gr\u00e0cia","links":6,"phases":4,"in_edges":["208568872#18","237923123#3"],"corridor":null}},{"type":"Feature","geometry":{"type":"Point","coordinates":[2.168679,41.406976]},"properties":{"id":"GS_30242957","label":"Carrer de Sant Antoni Maria Claret / Carrer de Sardenya","links":7,"phases":4,"in_edges":["237923123#7","251684607#0"],"corridor":null}},{"type":"Feature","geometry":{"type":"Point","coordinates":[2.169758,41.406067]},"properties":{"id":"GS_30242958","label":"Carrer de Sardenya / Carrer de la Ind\u00fastria","links":6,"phases":4,"in_edges":["1409302773#0","1409302775#0"],"corridor":null}},{"type":"Feature","geometry":{"type":"Point","coordinates":[2.171991,41.404376]},"properties":{"id":"GS_30242960","label":"Carrer de Sardenya / Carrer del Rossell\u00f3","links":8,"phases":4,"in_edges":["1370026143#0","226319976#4"],"corridor":null}},{"type":"Feature","geometry":{"type":"Point","coordinates":[2.174301,41.4027]},"properties":{"id":"GS_30242962","label":"Carrer de Mallorca / Carrer de Sardenya","links":8,"phases":4,"in_edges":["1108374859","1409641090#0"],"corridor":null}},{"type":"Feature","geometry":{"type":"Point","coordinates":[2.175389,41.401813]},"properties":{"id":"GS_30242963","label":"Carrer de Sardenya / Carrer de Val\u00e8ncia","links":8,"phases":4,"in_edges":["1108372166#0","313395786#8"],"corridor":null}},{"type":"Feature","geometry":{"type":"Point","coordinates":[2.178873,41.399271]},"properties":{"id":"GS_30242965","label":"Carrer de Sardenya / Carrer de la Diputaci\u00f3","links":6,"phases":4,"in_edges":["313379192#4","708242303#0"],"corridor":null}},{"type":"Feature","geometry":{"type":"Point","coordinates":[2.183571,41.395649]},"properties":{"id":"GS_30242968","label":"Carrer d&apos;Al\u00ed Bei / Carrer de Sardenya","links":6,"phases":6,"in_edges":["-134198193#1","182069871#0","329378776#0"],"corridor":null}},{"type":"Feature","geometry":{"type":"Point","coordinates":[2.187948,41.392293]},"properties":{"id":"GS_30242972","label":"Carrer de Pujades / Carrer de Sardenya","links":6,"phases":4,"in_edges":["546148430#0","547289588#0"],"corridor":null}},{"type":"Feature","geometry":{"type":"Point","coordinates":[2.194838,41.387195]},"properties":{"id":"GS_30242977","label":"Carrer de Ramon Trias Fargas / Carrer de Salvador Espriu","links":6,"phases":4,"in_edges":["47123761","593140354"],"corridor":null}},{"type":"Feature","geometry":{"type":"Point","coordinates":[2.151717,41.378817]},"properties":{"id":"GS_30243042","label":"Carrer d&apos;Enten\u00e7a / Carrer de la Diputaci\u00f3","links":5,"phases":4,"in_edges":["1112886322#0","907252500#0"],"corridor":null}},{"type":"Feature","geometry":{"type":"Point","coordinates":[2.157392,41.3831]},"properties":{"id":"GS_30243047","label":"Carrer de la Diputaci\u00f3 / Carrer del Comte d&apos;Urgell","links":11,"phases":4,"in_edges":["489412372#0","532504847#0"],"corridor":null}},{"type":"Feature","geometry":{"type":"Point","coordinates":[2.158475,41.383981]},"properties":{"id":"GS_30243048","label":"Carrer de Villarroel / Carrer de la Diputaci\u00f3","links":9,"phases":4,"in_edges":["237519392#1","449991639#0"],"corridor":null}},{"type":"Feature","geometry":{"type":"Point","coordinates":[2.168613,41.391623]},"properties":{"id":"GS_30243054","label":"Carrer de Pau Claris / Carrer de la Diputaci\u00f3","links":8,"phases":4,"in_edges":["449991630#0","478725551#0"],"corridor":null}},{"type":"Feature","geometry":{"type":"Point","coordinates":[2.170888,41.393334]},"properties":{"id":"GS_30243056","label":"Carrer de la Diputaci\u00f3 / Carrer del Bruc","links":6,"phases":4,"in_edges":["478705995#1","483469230#6"],"corridor":null}},{"type":"Feature","geometry":{"type":"Point","coordinates":[2.173178,41.395055]},"properties":{"id":"GS_30243058","label":"Carrer de Bail\u00e8n / Carrer de la Diputaci\u00f3","links":6,"phases":4,"in_edges":["449991616#6","478525271#0"],"corridor":null}},{"type":"Feature","geometry":{"type":"Point","coordinates":[2.176582,41.397562]},"properties":{"id":"GS_30243061","label":"Carrer de N\u00e0pols / Carrer de la Diputaci\u00f3","links":6,"phases":4,"in_edges":["309055985#0","450613275#3"],"corridor":null}},{"type":"Feature","geometry":{"type":"Point","coordinates":[2.177793,41.398383]},"properties":{"id":"GS_30243062","label":"Carrer de Sic\u00edlia / Carrer de la Diputaci\u00f3","links":6,"phases":4,"in_edges":["450613275#0","570478919#2"],"corridor":null}},{"type":"Feature","geometry":{"type":"Point","coordinates":[2.166406,41.403482]},"properties":{"id":"GS_30243114","label":"Carrer de Roger de Flor / Carrer de la Ind\u00fastria","links":6,"phases":4,"in_edges":["1264832649#0","1370823684#4"],"corridor":null}},{"type":"Feature","geometry":{"type":"Point","coordinates":[2.167603,41.402673]},"properties":{"id":"GS_30243115","label":"Carrer de C\u00f2rsega / Carrer de Roger de Flor","links":6,"phases":4,"in_edges":["1370823684#0","546578350#14"],"corridor":null}},{"type":"Feature","geometry":{"type":"Point","coordinates":[2.168668,41.401786]},"properties":{"id":"GS_30243116","label":"Carrer de Roger de Flor / Carrer del Rossell\u00f3","links":7,"phases":4,"in_edges":["1370823685#0","450369486#4"],"corridor":null}},{"type":"Feature","geometry":{"type":"Point","coordinates":[2.169839,41.400978]},"properties":{"id":"GS_30243117","label":"Carrer de Proven\u00e7a / Carrer de Roger de Flor","links":5,"phases":4,"in_edges":["294798016#10","450369486#0"],"corridor":null}},{"type":"Feature","geometry":{"type":"Point","coordinates":[2.17098,41.400117]},"properties":{"id":"GS_30243118","label":"Carrer de Mallorca / Carrer de Roger de Flor","links":8,"phases":4,"in_edges":["1083461288#0","1222795859"],"corridor":null}},{"type":"Feature","geometry":{"type":"Point","coordinates":[2.180254,41.393074]},"properties":{"id":"GS_30243124","label":"Carrer d&apos;Al\u00ed Bei / Carrer de Roger de Flor","links":6,"phases":4,"in_edges":["226319538#2","237914518#0"],"corridor":null}},{"type":"Feature","geometry":{"type":"Point","coordinates":[2.181365,41.392193]},"properties":{"id":"GS_30243125","label":"Avinguda de Vilanova / Carrer de Roger de Flor","links":8,"phases":4,"in_edges":["-226319540#4","1227181462","226319539#0"],"corridor":null}},{"type":"Feature","geometry":{"type":"Point","coordinates":[2.182449,41.391405]},"properties":{"id":"GS_30243126","label":"Carrer de Roger de Flor / Carrer dels Almog\u00e0vers","links":6,"phases":4,"in_edges":["450282637#0","450435860#0"],"corridor":null}},{"type":"Feature","geometry":{"type":"Point","coordinates":[2.175502,41.396673]},"properties":{"id":"GS_30243129","label":"Carrer de Roger de Flor / Carrer de la Diputaci\u00f3","links":6,"phases":4,"in_edges":["1084045295#2","571448020#0"],"corridor":null}},{"type":"Feature","geometry":{"type":"Point","coordinates":[2.166387,41.405254]},"properties":{"id":"GS_30243156","label":"Carrer de N\u00e0pols / Carrer de Sant Antoni Maria Claret","links":7,"phases":4,"in_edges":["1409296665#0","226319972#0"],"corridor":null}},{"type":"Feature","geometry":{"type":"Point","coordinates":[2.167448,41.404359]},"properties":{"id":"GS_30243157","label":"Carrer de N\u00e0pols / Carrer de la Ind\u00fastria","links":6,"phases":4,"in_edges":["1264832651#0","1409302772"],"corridor":null}},{"type":"Feature","geometry":{"type":"Point","coordinates":[2.168642,41.40354]},"properties":{"id":"GS_30243158","label":"Carrer de C\u00f2rsega / Carrer de N\u00e0pols","links":6,"phases":4,"in_edges":["4745497#0","546578350#7"],"corridor":null}},{"type":"Feature","geometry":{"type":"Point","coordinates":[2.169701,41.402652]},"properties":{"id":"GS_30243159","label":"Carrer de N\u00e0pols / Carrer del Rossell\u00f3","links":7,"phases":4,"in_edges":["226319974#2","4745497#6"],"corridor":null}},{"type":"Feature","geometry":{"type":"Point","coordinates":[2.170904,41.401847]},"properties":{"id":"GS_30243160","label":"Carrer de N\u00e0pols / Carrer de Proven\u00e7a","links":4,"phases":4,"in_edges":["294798016#4","309055988#0"],"corridor":null}},{"type":"Feature","geometry":{"type":"Point","coordinates":[2.172035,41.401001]},"properties":{"id":"GS_30243161","label":"Carrer de Mallorca / Carrer de N\u00e0pols","links":7,"phases":4,"in_edges":["1092589334#0","882902027#0"],"corridor":null}},{"type":"Feature","geometry":{"type":"Point","coordinates":[2.174276,41.399303]},"properties":{"id":"GS_30243163","label":"Carrer d&apos;Arag\u00f3 / Carrer de N\u00e0pols","links":11,"phases":4,"in_edges":["1219876565","450137744#0"],"corridor":null}},{"type":"Feature","geometry":{"type":"Point","coordinates":[2.181299,41.393963]},"properties":{"id":"GS_30243166","label":"Carrer d&apos;Al\u00ed Bei / Carrer de N\u00e0pols","links":6,"phases":4,"in_edges":["134198192#0","449991628#4"],"corridor":null}},{"type":"Feature","geometry":{"type":"Point","coordinates":[2.163006,41.402739]},"properties":{"id":"GS_30243203","label":"Carrer de Bail\u00e8n / Carrer de Sant Antoni Maria Claret","links":6,"phases":4,"in_edges":["140001505#0","836361915#0"],"corridor":null}},{"type":"Feature","geometry":{"type":"Point","coordinates":[2.166317,41.400127]},"properties":{"id":"GS_30243205","label":"Carrer de Bail\u00e8n / Carrer del Rossell\u00f3","links":9,"phases":4,"in_edges":["237910181#5","309896346#0"],"corridor":null}},{"type":"Feature","geometry":{"type":"Point","coordinates":[2.167507,41.39932]},"properties":{"id":"GS_30243206","label":"Carrer de Bail\u00e8n / Carrer de Proven\u00e7a","links":7,"phases":4,"in_edges":["1408925538#0","1510989512#0"],"corridor":null}},{"type":"Feature","geometry":{"type":"Point","coordinates":[2.169741,41.397558]},"properties":{"id":"GS_30243209","label":"Carrer de Bail\u00e8n / Carrer de Val\u00e8ncia","links":8,"phases":4,"in_edges":["237790228#0","908570511#0"],"corridor":null}},{"type":"Feature","geometry":{"type":"Point","coordinates":[2.170922,41.396767]},"properties":{"id":"GS_30243210","label":"Carrer d&apos;Arag\u00f3 / Carrer de Bail\u00e8n","links":10,"phases":4,"in_edges":["1408524839#0","1408524840#0"],"corridor":null}},{"type":"Feature","geometry":{"type":"Point","coordinates":[2.177932,41.391432]},"properties":{"id":"GS_30243212","label":"Carrer d&apos;Al\u00ed Bei / Carrer de Bail\u00e8n","links":6,"phases":4,"in_edges":["1479227021#8","330913954#0"],"corridor":null}},{"type":"Feature","geometry":{"type":"Point","coordinates":[2.178333,41.391097]},"properties":{"id":"GS_30243213","label":"Carrer de Bail\u00e8n / Ronda de Sant Pere","links":5,"phases":4,"in_edges":["1479227021#12","8380852#0"],"corridor":null}},{"type":"Feature","geometry":{"type":"Point","coordinates":[2.164153,41.400117]},"properties":{"id":"GS_30243244","label":"Carrer de C\u00f2rsega / Carrer de Girona","links":7,"phases":4,"in_edges":["307933391#4","544614092#0"],"corridor":null}},{"type":"Feature","geometry":{"type":"Point","coordinates":[2.165255,41.399224]},"properties":{"id":"GS_30243245","label":"Carrer de Girona / Carrer del Rossell\u00f3","links":9,"phases":4,"in_edges":["237910181#0","307933391#0"],"corridor":null}},{"type":"Feature","geometry":{"type":"Point","coordinates":[2.164041,41.398415]},"properties":{"id":"GS_30243260","label":"Carrer del Bruc / Carrer del Rossell\u00f3","links":8,"phases":4,"in_edges":["31029327#0","4746924#0"],"corridor":null}},{"type":"Feature","geometry":{"type":"Point","coordinates":[2.166392,41.396769]},"properties":{"id":"GS_30243261","label":"Carrer de Mallorca / Carrer del Bruc","links":9,"phases":4,"in_edges":["1409641097#0","307933387#0"],"corridor":null}},{"type":"Feature","geometry":{"type":"Point","coordinates":[2.167488,41.39584]},"properties":{"id":"GS_30243262","label":"Carrer de Val\u00e8ncia / Carrer del Bruc","links":8,"phases":4,"in_edges":["237790229#0","525638416#0"],"corridor":null}},{"type":"Feature","geometry":{"type":"Point","coordinates":[2.168635,41.395057]},"properties":{"id":"GS_30243263","label":"Carrer d&apos;Arag\u00f3 / Carrer del Bruc","links":10,"phases":4,"in_edges":["1408524843#2","1408524845#0"],"corridor":null}},{"type":"Feature","geometry":{"type":"Point","coordinates":[2.146013,41.379637]},"properties":{"id":"GS_30243312","label":"Carrer de Llan\u00e7a / Carrer de Val\u00e8ncia","links":5,"phases":4,"in_edges":["129169442#0","60344581#0"],"corridor":null}},{"type":"Feature","geometry":{"type":"Point","coordinates":[2.155002,41.38647]},"properties":{"id":"GS_30243321","label":"Carrer de Val\u00e8ncia / Carrer de Villarroel","links":12,"phases":4,"in_edges":["262048904#0","552422733#0"],"corridor":null}},{"type":"Feature","geometry":{"type":"Point","coordinates":[2.160686,41.390729]},"properties":{"id":"GS_30243323","label":"Carrer de Balmes / Carrer de Val\u00e8ncia","links":11,"phases":4,"in_edges":["238324885#4","295281481#0"],"corridor":null}},{"type":"Feature","geometry":{"type":"Point","coordinates":[2.174306,41.400914]},"properties":{"id":"GS_30243330","label":"Carrer de Sic\u00edlia / Carrer de Val\u00e8ncia","links":7,"phases":4,"in_edges":["1227317193#0","313395786#0"],"corridor":null}},{"type":"Feature","geometry":{"type":"Point","coordinates":[2.176711,41.402702]},"properties":{"id":"GS_30243331","label":"Carrer de Val\u00e8ncia / Carrer de la Marina","links":5,"phases":4,"in_edges":["490731922#2","732998300#3"],"corridor":null}},{"type":"Feature","geometry":{"type":"Point","coordinates":[2.177746,41.4036]},"properties":{"id":"GS_30243332","label":"Carrer de Lepant / Carrer de Val\u00e8ncia","links":9,"phases":4,"in_edges":["526132001#0","531724278#0"],"corridor":null}},{"type":"Feature","geometry":{"type":"Point","coordinates":[2.178866,41.404343]},"properties":{"id":"GS_30243333","label":"Carrer de Padilla / Carrer de Val\u00e8ncia","links":7,"phases":4,"in_edges":["526132002#0","902150219#0"],"corridor":null}},{"type":"Feature","geometry":{"type":"Point","coordinates":[2.179925,41.405222]},"properties":{"id":"GS_30243334","label":"Carrer de Val\u00e8ncia / Carrer de los Castillejos","links":9,"phases":4,"in_edges":["237566142#0","651543579#0"],"corridor":null}},{"type":"Feature","geometry":{"type":"Point","coordinates":[2.181111,41.405996]},"properties":{"id":"GS_30243335","label":"Carrer de Cartagena / Carrer de Val\u00e8ncia","links":7,"phases":4,"in_edges":["237566142#6","601634006#0"],"corridor":null}},{"type":"Feature","geometry":{"type":"Point","coordinates":[2.182182,41.406884]},"properties":{"id":"GS_30243336","label":"Carrer de Val\u00e8ncia / Carrer del Dos de Maig","links":8,"phases":4,"in_edges":["1409643077#0","237912794#0"],"corridor":null}},{"type":"Feature","geometry":{"type":"Point","coordinates":[2.183422,41.407713]},"properties":{"id":"GS_30243337","label":"Carrer de Val\u00e8ncia / Carrer de la Independ\u00e8ncia","links":7,"phases":4,"in_edges":["601634007#0","651533778#4"],"corridor":null}},{"type":"Feature","geometry":{"type":"Point","coordinates":[2.184151,41.408358]},"properties":{"id":"GS_30243338","label":"Carrer de Val\u00e8ncia / Carrer de Xifr\u00e9","links":5,"phases":4,"in_edges":["237517570#0","4746925#17"],"corridor":null}},{"type":"Feature","geometry":{"type":"Point","coordinates":[2.188433,41.411571]},"properties":{"id":"GS_30243344","label":"Carrer de Gabriel y Gal\u00e1n / Carrer de Val\u00e8ncia","links":7,"phases":4,"in_edges":["450423876#4","4776419#0"],"corridor":null}},{"type":"Feature","geometry":{"type":"Point","coordinates":[2.192345,41.414553]},"properties":{"id":"GS_30243348","label":"Carrer d&apos;Espronceda / Carrer de Val\u00e8ncia","links":6,"phases":4,"in_edges":["284579034#1","299044398#0"],"corridor":null}},{"type":"Feature","geometry":{"type":"Point","coordinates":[2.193538,41.415347]},"properties":{"id":"GS_30243349","label":"Carrer de Bac de Roda / Carrer de Huelva","links":9,"phases":4,"in_edges":["251050609#0","48527548#0"],"corridor":null}},{"type":"Feature","geometry":{"type":"Point","coordinates":[2.194666,41.416268]},"properties":{"id":"GS_30243350","label":"Carrer de Fluvi\u00e0 / Carrer de Huelva","links":4,"phases":4,"in_edges":["46800633#0","48527546#0"],"corridor":null}},{"type":"Feature","geometry":{"type":"Point","coordinates":[2.195842,41.417074]},"properties":{"id":"GS_30243352","label":"Carrer de Huelva / Carrer dels Proven\u00e7als","links":4,"phases":4,"in_edges":["431242474#0","48527546#8"],"corridor":null}},{"type":"Feature","geometry":{"type":"Point","coordinates":[2.198127,41.418774]},"properties":{"id":"GS_30243355","label":"Carrer de Huelva / Carrer del Treball","links":4,"phases":4,"in_edges":["46738592#0","48527546#16"],"corridor":null}},{"type":"Feature","geometry":{"type":"Point","coordinates":[2.199212,41.419653]},"properties":{"id":"GS_30243356","label":"Carrer de Huelva / Carrer de l&apos;Agricultura","links":4,"phases":4,"in_edges":["46738585#0","48527546#18"],"corridor":null}},{"type":"Feature","geometry":{"type":"Point","coordinates":[2.200411,41.420463]},"properties":{"id":"GS_30243357","label":"Carrer de Cant\u00e0bria / Carrer de Huelva","links":3,"phases":1,"in_edges":["48527546#21","490482502"],"corridor":null}},{"type":"Feature","geometry":{"type":"Point","coordinates":[2.149465,41.383942]},"properties":{"id":"GS_30243361","label":"Carrer de Cal\u00e0bria / Carrer de Mallorca","links":8,"phases":4,"in_edges":["1409641110#2","1409641111"],"corridor":null}},{"type":"Feature","geometry":{"type":"Point","coordinates":[2.150529,41.38484]},"properties":{"id":"GS_30243362","label":"Carrer de Mallorca / Carrer de Viladomat","links":11,"phases":4,"in_edges":["237645175#0","493086069#7"],"corridor":null}},{"type":"Feature","geometry":{"type":"Point","coordinates":[2.151746,41.385641]},"properties":{"id":"GS_30243363","label":"Carrer de Mallorca / Carrer del Comte Borrell","links":7,"phases":4,"in_edges":["1409641107#0","1409641108"],"corridor":null}},{"type":"Feature","geometry":{"type":"Point","coordinates":[2.153935,41.387398]},"properties":{"id":"GS_30243365","label":"Carrer de Mallorca / Carrer de Villarroel","links":9,"phases":4,"in_edges":["552422732#0","552422734#0"],"corridor":null}},{"type":"Feature","geometry":{"type":"Point","coordinates":[2.158472,41.390808]},"properties":{"id":"GS_30243366","label":"Carrer d&apos;Enric Granados / Carrer de Mallorca","links":7,"phases":4,"in_edges":["1083818630#0","86301093#9"],"corridor":null}},{"type":"Feature","geometry":{"type":"Point","coordinates":[2.159591,41.391659]},"properties":{"id":"GS_30243367","label":"Carrer de Balmes / Carrer de Mallorca","links":10,"phases":4,"in_edges":["293858815","908375872#4"],"corridor":null}},{"type":"Feature","geometry":{"type":"Point","coordinates":[2.164113,41.395062]},"properties":{"id":"GS_30243373","label":"Carrer de Mallorca / Carrer de Pau Claris","links":9,"phases":4,"in_edges":["237645179#0","803424574#0"],"corridor":null}},{"type":"Feature","geometry":{"type":"Point","coordinates":[2.165342,41.395882]},"properties":{"id":"GS_30243375","label":"Carrer de Mallorca / Carrer de Roger de Ll\u00faria","links":8,"phases":4,"in_edges":["237790226#0","525638414#0"],"corridor":null}},{"type":"Feature","geometry":{"type":"Point","coordinates":[2.173247,41.40181]},"properties":{"id":"GS_30243389","label":"Carrer de Mallorca / Carrer de Sic\u00edlia","links":9,"phases":4,"in_edges":["1227317193#7","68506258#2"],"corridor":null}},{"type":"Feature","geometry":{"type":"Point","coordinates":[2.176683,41.404489]},"properties":{"id":"GS_30243391","label":"Carrer de Lepant / Carrer de Mallorca","links":8,"phases":4,"in_edges":["550092215#2","68506255#0"],"corridor":null}},{"type":"Feature","geometry":{"type":"Point","coordinates":[2.177839,41.405242]},"properties":{"id":"GS_30243392","label":"Carrer de Mallorca / Carrer de Padilla","links":8,"phases":4,"in_edges":["550092214#0","651543581#0"],"corridor":null}},{"type":"Feature","geometry":{"type":"Point","coordinates":[2.179455,41.4065]},"properties":{"id":"GS_30243394","label":"Carrer de Mallorca / Passatge de Vilaret","links":8,"phases":4,"in_edges":["1409641087#0","313395781#0","4776370#0"],"corridor":null}},{"type":"Feature","geometry":{"type":"Point","coordinates":[2.180042,41.406887]},"properties":{"id":"GS_30243395","label":"Carrer de Cartagena / Carrer de Mallorca","links":8,"phases":4,"in_edges":["1409641084#0","1409641086#0"],"corridor":null}},{"type":"Feature","geometry":{"type":"Point","coordinates":[2.181103,41.407784]},"properties":{"id":"GS_30243396","label":"Carrer de Mallorca / Carrer del Dos de Maig","links":8,"phases":4,"in_edges":["237912795#14","611629259#0"],"corridor":null}},{"type":"Feature","geometry":{"type":"Point","coordinates":[2.182347,41.408619]},"properties":{"id":"GS_30243397","label":"Carrer de Mallorca / Carrer de la Independ\u00e8ncia","links":8,"phases":4,"in_edges":["1409641081#0","1409641082#3"],"corridor":null}},{"type":"Feature","geometry":{"type":"Point","coordinates":[2.183081,41.409264]},"properties":{"id":"GS_30243398","label":"Carrer de Mallorca / Carrer de Xifr\u00e9","links":7,"phases":4,"in_edges":["175291981#0","4746925#10"],"corridor":null}},{"type":"Feature","geometry":{"type":"Point","coordinates":[2.189008,41.413735]},"properties":{"id":"GS_30243447","label":"Carrer de Mallorca / Carrer de las Navas de Tolosa","links":9,"phases":4,"in_edges":["31240974#0","555464840#0"],"corridor":null}},{"type":"Feature","geometry":{"type":"Point","coordinates":[2.154234,41.376941]},"properties":{"id":"GS_30243877","label":"Carrer d&apos;Enten\u00e7a / Carrer de Sep\u00falveda","links":8,"phases":4,"in_edges":["1409614854#2","237529479#5"],"corridor":null}},{"type":"Feature","geometry":{"type":"Point","coordinates":[2.15757,41.377719]},"properties":{"id":"GS_30243889","label":"Carrer de Cal\u00e0bria / Carrer de Floridablanca","links":9,"phases":4,"in_edges":["237529476#3","237795732#0"],"corridor":null}},{"type":"Feature","geometry":{"type":"Point","coordinates":[2.158639,41.378648]},"properties":{"id":"GS_30243890","label":"Carrer de Floridablanca / Carrer de Viladomat","links":10,"phases":4,"in_edges":["403600282#0","449991637#3"],"corridor":null}},{"type":"Feature","geometry":{"type":"Point","coordinates":[2.162035,41.376122]},"properties":{"id":"GS_30246669","label":"Carrer de Viladomat / Carrer del Parlament","links":7,"phases":6,"in_edges":["-729397994","34609521#0","591631504#0"],"corridor":null}},{"type":"Feature","geometry":{"type":"Point","coordinates":[2.166593,41.376026]},"properties":{"id":"GS_30246702","label":"Carrer d&apos;Aldana / Ronda de Sant Pau","links":6,"phases":4,"in_edges":["237649291#2","331574668#0"],"corridor":null}},{"type":"Feature","geometry":{"type":"Point","coordinates":[2.145941,41.388173]},"properties":{"id":"GS_30246768","label":"Carrer de Par\u00eds / Carrer de Viladomat","links":9,"phases":4,"in_edges":["1408598861#2","4745969#0"],"corridor":null}},{"type":"Feature","geometry":{"type":"Point","coordinates":[2.155071,41.381431]},"properties":{"id":"GS_30246771","label":"Carrer de Viladomat / Carrer de la Diputaci\u00f3","links":8,"phases":4,"in_edges":["422439069#0","449991638#0"],"corridor":null}},{"type":"Feature","geometry":{"type":"Point","coordinates":[2.144897,41.387305]},"properties":{"id":"GS_30246777","label":"Carrer de Cal\u00e0bria / Carrer de Par\u00eds","links":7,"phases":4,"in_edges":["449991621#12","868722651#4"],"corridor":null}},{"type":"Feature","geometry":{"type":"Point","coordinates":[2.147192,41.38562]},"properties":{"id":"GS_30246778","label":"Carrer de Cal\u00e0bria / Carrer del Rossell\u00f3","links":6,"phases":6,"in_edges":["1352761260#4","449991621#4","4746243#8"],"corridor":null}},{"type":"Feature","geometry":{"type":"Point","coordinates":[2.153979,41.380534]},"properties":{"id":"GS_30246781","label":"Carrer de Cal\u00e0bria / Carrer de la Diputaci\u00f3","links":6,"phases":4,"in_edges":["422439069#3","918438451#0"],"corridor":null}},{"type":"Feature","geometry":{"type":"Point","coordinates":[2.145993,41.384786]},"properties":{"id":"GS_30246820","label":"Carrer de Rocafort / Carrer del Rossell\u00f3","links":6,"phases":4,"in_edges":["1352761260#0","237795736#0"],"corridor":null}},{"type":"Feature","geometry":{"type":"Point","coordinates":[2.157557,41.376099]},"properties":{"id":"GS_30246824","label":"Carrer de Rocafort / Carrer de Tamarit","links":6,"phases":4,"in_edges":["237529477#3","237529480#0"],"corridor":null}},{"type":"Feature","geometry":{"type":"Point","coordinates":[2.14386,41.384771]},"properties":{"id":"GS_30246859","label":"Carrer d&apos;Enten\u00e7a / Carrer de C\u00f2rsega","links":7,"phases":4,"in_edges":["1409614869#0","237795734#0"],"corridor":null}},{"type":"Feature","geometry":{"type":"Point","coordinates":[2.144917,41.38389]},"properties":{"id":"GS_30246860","label":"Carrer d&apos;Enten\u00e7a / Carrer del Rossell\u00f3","links":8,"phases":4,"in_edges":["1097003669#0","918458614#0"],"corridor":null}},{"type":"Feature","geometry":{"type":"Point","coordinates":[2.14828,41.381329]},"properties":{"id":"GS_30246862","label":"Carrer d&apos;Enten\u00e7a / Carrer de Val\u00e8ncia","links":8,"phases":4,"in_edges":["1112886305#0","1409614860#0"],"corridor":null}},{"type":"Feature","geometry":{"type":"Point","coordinates":[2.147082,41.392466]},"properties":{"id":"GS_30247088","label":"Carrer de Buenos Aires / Carrer de Villarroel","links":8,"phases":4,"in_edges":["237960944#0","4746042#0"],"corridor":null}},{"type":"Feature","geometry":{"type":"Point","coordinates":[2.150539,41.389964]},"properties":{"id":"GS_30247089","label":"Carrer de C\u00f2rsega / Carrer de Villarroel","links":8,"phases":4,"in_edges":["237960945#0","237960949#0"],"corridor":null}},{"type":"Feature","geometry":{"type":"Point","coordinates":[2.14445,41.402873]},"properties":{"id":"GS_30247395","label":"Carrer de Balmes / Carrer de Sant Hermenegild","links":8,"phases":4,"in_edges":["-1094454893#1","1408679483#0","34873318#4"],"corridor":null}},{"type":"Feature","geometry":{"type":"Point","coordinates":[2.148122,41.400779]},"properties":{"id":"GS_30247409","label":"Carrer de Balmes / Carrer de Sant Eusebi","links":6,"phases":4,"in_edges":["35465939#3","542149422#0"],"corridor":null}},{"type":"Feature","geometry":{"type":"Point","coordinates":[2.148987,41.400267]},"properties":{"id":"GS_30247411","label":"Carrer de Balmes / Carrer dels Madrazo","links":7,"phases":4,"in_edges":["1408687428#3","918474433#3"],"corridor":null}},{"type":"Feature","geometry":{"type":"Point","coordinates":[2.150099,41.399455]},"properties":{"id":"GS_30247413","label":"Carrer de Balmes / Carrer de Laforja","links":6,"phases":4,"in_edges":["165842956#0","4752025#13"],"corridor":null}},{"type":"Feature","geometry":{"type":"Point","coordinates":[2.150792,41.398964]},"properties":{"id":"GS_30247416","label":"Carrer de Balmes / Carrer de Mari\u00e0 Cub\u00ed","links":7,"phases":4,"in_edges":["1384274567#2","165842956#3"],"corridor":null}},{"type":"Feature","geometry":{"type":"Point","coordinates":[2.152696,41.396946]},"properties":{"id":"GS_30247426","label":"Carrer de Balmes / Carrer de la Granada del Pened\u00e8s","links":7,"phases":4,"in_edges":["1408687434#0","98746955#3"],"corridor":null}},{"type":"Feature","geometry":{"type":"Point","coordinates":[2.156222,41.394228]},"properties":{"id":"GS_30247432","label":"Carrer de Balmes / Carrer de C\u00f2rsega","links":9,"phases":4,"in_edges":["238866888#0","4751998#2"],"corridor":null}},{"type":"Feature","geometry":{"type":"Point","coordinates":[2.157288,41.393316]},"properties":{"id":"GS_30247433","label":"Carrer de Balmes / Carrer del Rossell\u00f3","links":11,"phases":4,"in_edges":["238866888#3","4746923#3"],"corridor":null}},{"type":"Feature","geometry":{"type":"Point","coordinates":[2.161881,41.389983]},"properties":{"id":"GS_30247434","label":"Carrer d&apos;Arag\u00f3 / Carrer de Balmes","links":11,"phases":4,"in_edges":["1408525897#0","1408687438#0"],"corridor":null}},{"type":"Feature","geometry":{"type":"Point","coordinates":[2.149359,41.395902]},"properties":{"id":"GS_30248586","label":"Carrer d&apos;Aribau / Travessera de Gr\u00e0cia","links":12,"phases":4,"in_edges":["-879179147#3","1243743574#1","665909461"],"corridor":null}},{"type":"Feature","geometry":{"type":"Point","coordinates":[2.151835,41.397603]},"properties":{"id":"GS_30248590","label":"Carrer de Balmes / Travessera de Gr\u00e0cia","links":7,"phases":4,"in_edges":["1094455300","1094456431#0"],"corridor":null}},{"type":"Feature","geometry":{"type":"Point","coordinates":[2.153223,41.398446]},"properties":{"id":"GS_30248592","label":"Travessera de Gr\u00e0cia / Via Augusta","links":10,"phases":4,"in_edges":["-570560366#2","1264827311#0","1522869951#3"],"corridor":null}},{"type":"Feature","geometry":{"type":"Point","coordinates":[2.123673,41.376287]},"properties":{"id":"GS_30251173","label":"Avinguda de Madrid / Carrer del Comte G\u00fcell","links":9,"phases":4,"in_edges":["395103328#0","403019705#1"],"corridor":null}},{"type":"Feature","geometry":{"type":"Point","coordinates":[2.124713,41.376831]},"properties":{"id":"GS_30251175","label":"Avinguda de Madrid / Carrer d&apos;Arizala","links":10,"phases":6,"in_edges":["-544124178#2","1280717100#0","7983788#2"],"corridor":null}},{"type":"Feature","geometry":{"type":"Point","coordinates":[2.1252,41.377227]},"properties":{"id":"GS_30251176","label":"Avinguda de Madrid / Passatge de Jaume Roig","links":11,"phases":4,"in_edges":["-239195662#3","45185736#0","45185741#0"],"corridor":null}},{"type":"Feature","geometry":{"type":"Point","coordinates":[2.1257,41.377518]},"properties":{"id":"GS_30251177","label":"Avinguda de Madrid / Carrer de Benavent","links":8,"phases":4,"in_edges":["-239195662#7","239195662#0","913677489#0"],"corridor":null}},{"type":"Feature","geometry":{"type":"Point","coordinates":[2.12622,41.377719]},"properties":{"id":"GS_30251178","label":"Avinguda de Madrid / Carrer de Portbou","links":8,"phases":4,"in_edges":["-1408563668#2","239195662#4","4747953#2"],"corridor":null}},{"type":"Feature","geometry":{"type":"Point","coordinates":[2.12692,41.378185]},"properties":{"id":"GS_30251179","label":"Avinguda de Madrid","links":7,"phases":3,"in_edges":["-1408563667#2","1408563668#0"],"corridor":null}},{"type":"Feature","geometry":{"type":"Point","coordinates":[2.128029,41.378809]},"properties":{"id":"GS_30251181","label":"Avinguda de Madrid","links":7,"phases":3,"in_edges":["-251749486#2","1408563669#0"],"corridor":null}},{"type":"Feature","geometry":{"type":"Point","coordinates":[2.132346,41.380887]},"properties":{"id":"GS_30251189","label":"Avinguda de Madrid / Carrer de Joan G\u00fcell","links":13,"phases":4,"in_edges":["-1408568199#5","239293914#7","34054325#5"],"corridor":null}},{"type":"Feature","geometry":{"type":"Point","coordinates":[2.133544,41.381126]},"properties":{"id":"GS_30251190","label":"Avinguda de Madrid / Carrer de Galileu","links":10,"phases":6,"in_edges":["-1162491019#1","1408568199#0","243598396#11"],"corridor":null}},{"type":"Feature","geometry":{"type":"Point","coordinates":[2.138943,41.383215]},"properties":{"id":"GS_30251200","label":"Carrer de Berl\u00edn / Carrer de Num\u00e0ncia","links":9,"phases":4,"in_edges":["1395746244#0","43037119#4"],"corridor":null}},{"type":"Feature","geometry":{"type":"Point","coordinates":[2.18816,41.400734]},"properties":{"id":"GS_30253202","label":"Carrer d&apos;\u00c0laba / Carrer de Bol\u00edvia","links":7,"phases":4,"in_edges":["1225799469","645599653#0","651554138#0"],"corridor":null}},{"type":"Feature","geometry":{"type":"Point","coordinates":[2.189349,41.399937]},"properties":{"id":"GS_30253203","label":"Carrer d&apos;\u00c0laba / Carrer de T\u00e0nger","links":9,"phases":4,"in_edges":["-1433910765","466762668#0","952700588#0"],"corridor":null}},{"type":"Feature","geometry":{"type":"Point","coordinates":[2.191635,41.398222]},"properties":{"id":"GS_30253205","label":"Carrer d&apos;\u00c0laba / Carrer dels Almog\u00e0vers","links":8,"phases":4,"in_edges":["274322569#21","467614291#0"],"corridor":null}},{"type":"Feature","geometry":{"type":"Point","coordinates":[2.194963,41.395646]},"properties":{"id":"GS_30253208","label":"Carrer d&apos;\u00c0laba / Carrer de Llull","links":6,"phases":4,"in_edges":["158967343#11","274322569#9"],"corridor":null}},{"type":"Feature","geometry":{"type":"Point","coordinates":[2.200087,41.390129]},"properties":{"id":"GS_30253278","label":"Avinguda del Litoral / Carrer de l&apos;Arquitecte Sert","links":7,"phases":4,"in_edges":["217581781#0","47123759#0"],"corridor":null}},{"type":"Feature","geometry":{"type":"Point","coordinates":[2.203795,41.392157]},"properties":{"id":"GS_30253296","label":"Avinguda del Litoral / Carrer de Jaume Vicens i Vives","links":7,"phases":4,"in_edges":["31242173","557137209"],"corridor":null}},{"type":"Feature","geometry":{"type":"Point","coordinates":[2.209287,41.398597]},"properties":{"id":"GS_30253333","label":"Avinguda del Litoral / Carrer de la Jonquera","links":5,"phases":4,"in_edges":["158959867#0","362011903#0"],"corridor":null}},{"type":"Feature","geometry":{"type":"Point","coordinates":[2.184534,41.391447]},"properties":{"id":"GS_30253375","label":"Carrer de Buenaventura Mu\u00f1oz / Carrer de N\u00e0pols","links":5,"phases":4,"in_edges":["237914525#0","4746907#0"],"corridor":null}},{"type":"Feature","geometry":{"type":"Point","coordinates":[2.185724,41.39225]},"properties":{"id":"GS_30253376","label":"Carrer de Buenaventura Mu\u00f1oz / Carrer de Wellington","links":5,"phases":4,"in_edges":["42858989#0","4746907#3"],"corridor":null}},{"type":"Feature","geometry":{"type":"Point","coordinates":[2.191494,41.396552]},"properties":{"id":"GS_30253380","label":"Carrer de Pallars / Carrer de Pamplona","links":8,"phases":4,"in_edges":["1408660174#0","41381595#0"],"corridor":null}},{"type":"Feature","geometry":{"type":"Point","coordinates":[2.201721,41.404153]},"properties":{"id":"GS_30253388","label":"Carrer de Bilbao / Carrer de Pallars","links":6,"phases":4,"in_edges":["237787025#0","239562115#0"],"corridor":null}},{"type":"Feature","geometry":{"type":"Point","coordinates":[2.202844,41.404943]},"properties":{"id":"GS_30253389","label":"Carrer de Lope de Vega / Carrer de Pallars","links":6,"phases":4,"in_edges":["1408663899#0","4751952#21"],"corridor":null}},{"type":"Feature","geometry":{"type":"Point","coordinates":[2.203872,41.405825]},"properties":{"id":"GS_30253390","label":"Carrer d&apos;Espronceda / Carrer de Pallars","links":6,"phases":4,"in_edges":["1408663900#0","1408663901#0"],"corridor":null}},{"type":"Feature","geometry":{"type":"Point","coordinates":[2.20512,41.406647]},"properties":{"id":"GS_30253391","label":"Carrer de Bac de Roda / Carrer de Pallars","links":7,"phases":4,"in_edges":["1409584591#0","466768185#0"],"corridor":null}},{"type":"Feature","geometry":{"type":"Point","coordinates":[2.206207,41.407536]},"properties":{"id":"GS_30253392","label":"Carrer de Fluvi\u00e0 / Carrer de Pallars","links":5,"phases":4,"in_edges":["1408667094#0","1408667095#0"],"corridor":null}},{"type":"Feature","geometry":{"type":"Point","coordinates":[2.209607,41.411805]},"properties":{"id":"GS_30253397","label":"Carrer de Vene\u00e7uela / Carrer de l&apos;Agricultura","links":5,"phases":4,"in_edges":["483426613#8","612584645#0"],"corridor":null}},{"type":"Feature","geometry":{"type":"Point","coordinates":[2.208528,41.410909]},"properties":{"id":"GS_30253401","label":"Carrer de Vene\u00e7uela / Carrer del Treball","links":5,"phases":4,"in_edges":["4746909#2","483426613#4"],"corridor":null}},{"type":"Feature","geometry":{"type":"Point","coordinates":[2.170892,41.403473]},"properties":{"id":"GS_30253568","label":"Carrer de Sic\u00edlia / Carrer del Rossell\u00f3","links":7,"phases":4,"in_edges":["1370026144#4","309055989#0"],"corridor":null}},{"type":"Feature","geometry":{"type":"Point","coordinates":[2.173331,41.405299]},"properties":{"id":"GS_30253569","label":"Carrer de la Marina / Carrer del Rossell\u00f3","links":7,"phases":4,"in_edges":["226319963#0","293858823#4"],"corridor":null}},{"type":"Feature","geometry":{"type":"Point","coordinates":[2.175494,41.406934]},"properties":{"id":"GS_30253571","label":"Carrer de Padilla / Carrer del Rossell\u00f3","links":9,"phases":4,"in_edges":["237566140#6","550090166#0"],"corridor":null}},{"type":"Feature","geometry":{"type":"Point","coordinates":[2.176557,41.407799]},"properties":{"id":"GS_30253572","label":"Carrer de los Castillejos / Carrer del Rossell\u00f3","links":8,"phases":4,"in_edges":["263405142#10","68506248#0"],"corridor":null}},{"type":"Feature","geometry":{"type":"Point","coordinates":[2.177713,41.408556]},"properties":{"id":"GS_30253573","label":"Carrer de Cartagena / Carrer del Rossell\u00f3","links":7,"phases":4,"in_edges":["454019112#7","68506248#4"],"corridor":null}},{"type":"Feature","geometry":{"type":"Point","coordinates":[2.182009,41.410006]},"properties":{"id":"GS_30253589","label":"Carrer de Proven\u00e7a / Carrer de Xifr\u00e9","links":4,"phases":4,"in_edges":["146984771#0","4746925#8"],"corridor":null}},{"type":"Feature","geometry":{"type":"Point","coordinates":[2.176683,41.412916]},"properties":{"id":"GS_30253725","label":"Carrer de Sant Antoni Maria Claret / Carrer de la Independ\u00e8ncia","links":5,"phases":4,"in_edges":["237912797#2","651543584#0"],"corridor":null}},{"type":"Feature","geometry":{"type":"Point","coordinates":[2.177727,41.412031]},"properties":{"id":"GS_30253727","label":"Carrer de la Independ\u00e8ncia / Carrer de la Ind\u00fastria","links":8,"phases":4,"in_edges":["237912798#0","552862143#0"],"corridor":null}},{"type":"Feature","geometry":{"type":"Point","coordinates":[2.178939,41.411223]},"properties":{"id":"GS_30253728","label":"Carrer de C\u00f2rsega / Carrer de la Independ\u00e8ncia","links":6,"phases":4,"in_edges":["4753802#8","586949975#0"],"corridor":null}},{"type":"Feature","geometry":{"type":"Point","coordinates":[2.180115,41.410266]},"properties":{"id":"GS_30253730","label":"Carrer de la Independ\u00e8ncia / Carrer del Rossell\u00f3","links":6,"phases":6,"in_edges":["-511559053#1","237517572#4","450396237#2"],"corridor":null}},{"type":"Feature","geometry":{"type":"Point","coordinates":[2.184611,41.406908]},"properties":{"id":"GS_30253733","label":"Carrer d&apos;Arag\u00f3 / Carrer de la Independ\u00e8ncia","links":8,"phases":4,"in_edges":["1408524828#0","4746930#0"],"corridor":null}},{"type":"Feature","geometry":{"type":"Point","coordinates":[2.185675,41.406007]},"properties":{"id":"GS_30253734","label":"Carrer de la Independ\u00e8ncia / Carrer del Consell de Cent","links":7,"phases":4,"in_edges":["669719139#0","956893080#0"],"corridor":null}},{"type":"Feature","geometry":{"type":"Point","coordinates":[2.181171,41.402627]},"properties":{"id":"GS_30253862","label":"Carrer de Padilla / Carrer del Consell de Cent","links":7,"phases":4,"in_edges":["313379199#0","526206808#0"],"corridor":null}},{"type":"Feature","geometry":{"type":"Point","coordinates":[2.182204,41.403488]},"properties":{"id":"GS_30253863","label":"Carrer de los Castillejos / Carrer del Consell de Cent","links":6,"phases":4,"in_edges":["1408555555#2","263405146#4"],"corridor":null}},{"type":"Feature","geometry":{"type":"Point","coordinates":[2.184461,41.405179]},"properties":{"id":"GS_30253865","label":"Carrer del Consell de Cent / Carrer del Dos de Maig","links":4,"phases":4,"in_edges":["263405131#0","489437008#0"],"corridor":null}},{"type":"Feature","geometry":{"type":"Point","coordinates":[2.176538,41.411176]},"properties":{"id":"GS_30253978","label":"Carrer de la Ind\u00fastria / Carrer del Dos de Maig","links":8,"phases":4,"in_edges":["237566143#0","4746940#2"],"corridor":null}},{"type":"Feature","geometry":{"type":"Point","coordinates":[2.170892,41.413742]},"properties":{"id":"GS_30253983","label":"Carrer de Cartagena / Ronda del Guinard\u00f3","links":8,"phases":6,"in_edges":["145985024#0","295288866#0","555296658#0"],"corridor":null}},{"type":"Feature","geometry":{"type":"Point","coordinates":[2.176622,41.40947]},"properties":{"id":"GS_30253991","label":"Carrer de Cartagena / Carrer de C\u00f2rsega","links":6,"phases":4,"in_edges":["4753802#17","518534108#0"],"corridor":null}},{"type":"Feature","geometry":{"type":"Point","coordinates":[2.178888,41.407755]},"properties":{"id":"GS_30253992","label":"Carrer de Cartagena / Carrer de Proven\u00e7a","links":5,"phases":4,"in_edges":["454019112#2","643343575#0"],"corridor":null}},{"type":"Feature","geometry":{"type":"Point","coordinates":[2.170129,41.412716]},"properties":{"id":"GS_30254014","label":"Carrer de los Castillejos / Carrer del Mas Casanovas","links":6,"phases":6,"in_edges":["-1531048387#1","1531048388#0","555296657#0"],"corridor":null}},{"type":"Feature","geometry":{"type":"Point","coordinates":[2.171297,41.411807]},"properties":{"id":"GS_30254022","label":"Carrer de Santa Carolina / Carrer de los Castillejos","links":5,"phases":4,"in_edges":["1409296656#4","4776838#0"],"corridor":null}},{"type":"Feature","geometry":{"type":"Point","coordinates":[2.17192,41.411399]},"properties":{"id":"GS_30254023","label":"Carrer de Rosal\u00eda de Castro / Carrer de los Castillejos","links":5,"phases":4,"in_edges":["1409296656#8","175473474#0"],"corridor":null}},{"type":"Feature","geometry":{"type":"Point","coordinates":[2.174307,41.409517]},"properties":{"id":"GS_30254026","label":"Carrer de la Ind\u00fastria / Carrer de los Castillejos","links":7,"phases":4,"in_edges":["263405142#0","544301150#0"],"corridor":null}},{"type":"Feature","geometry":{"type":"Point","coordinates":[2.178868,41.406116]},"properties":{"id":"GS_30254029","label":"Carrer de Mallorca / Carrer de los Castillejos","links":9,"phases":4,"in_edges":["237912796#0","263405142#17"],"corridor":null}},{"type":"Feature","geometry":{"type":"Point","coordinates":[2.16906,41.411859]},"properties":{"id":"GS_30254048","label":"Carrer de Padilla / Carrer del Mas Casanovas","links":7,"phases":4,"in_edges":["1408937703#1","237519390#4"],"corridor":null}},{"type":"Feature","geometry":{"type":"Point","coordinates":[2.169703,41.411438]},"properties":{"id":"GS_30254049","label":"Carrer de Llorens i Barba / Carrer de Padilla","links":6,"phases":4,"in_edges":["175473476#3","237519390#0"],"corridor":null}},{"type":"Feature","geometry":{"type":"Point","coordinates":[2.170237,41.41094]},"properties":{"id":"GS_30254050","label":"Carrer de Padilla / Carrer de Santa Carolina","links":7,"phases":4,"in_edges":["1408937698#4","1408937699#0"],"corridor":null}},{"type":"Feature","geometry":{"type":"Point","coordinates":[2.170883,41.410517]},"properties":{"id":"GS_30254051","label":"Carrer de Padilla / Carrer de Rosal\u00eda de Castro","links":6,"phases":4,"in_edges":["1408937698#0","175473474#3"],"corridor":null}},{"type":"Feature","geometry":{"type":"Point","coordinates":[2.171545,41.409926]},"properties":{"id":"GS_30254052","label":"Carrer de Padilla / Travessera de Gr\u00e0cia","links":8,"phases":4,"in_edges":["1408937701#0","237519397#2"],"corridor":null}},{"type":"Feature","geometry":{"type":"Point","coordinates":[2.172196,41.409522]},"properties":{"id":"GS_30254053","label":"Carrer de Padilla / Carrer de Sant Antoni Maria Claret","links":9,"phases":4,"in_edges":["237566139#0","309904224#0"],"corridor":null}},{"type":"Feature","geometry":{"type":"Point","coordinates":[2.173269,41.408618]},"properties":{"id":"GS_30254054","label":"Carrer de Padilla / Carrer de la Ind\u00fastria","links":8,"phases":4,"in_edges":["251684608#0","546578351#1"],"corridor":null}},{"type":"Feature","geometry":{"type":"Point","coordinates":[2.176702,41.406106]},"properties":{"id":"GS_30254056","label":"Carrer de Padilla / Carrer de Proven\u00e7a","links":5,"phases":4,"in_edges":["237566140#0","269871711#6"],"corridor":null}},{"type":"Feature","geometry":{"type":"Point","coordinates":[2.180072,41.403515]},"properties":{"id":"GS_30254057","label":"Carrer d&apos;Arag\u00f3 / Carrer de Padilla","links":14,"phases":4,"in_edges":["1408524830#0","238179170#2"],"corridor":null}},{"type":"Feature","geometry":{"type":"Point","coordinates":[2.168529,41.410695]},"properties":{"id":"GS_30254080","label":"Carrer de Lepant / Carrer de Llorens i Barba","links":7,"phases":4,"in_edges":["1408936321","175473476#7"],"corridor":null}},{"type":"Feature","geometry":{"type":"Point","coordinates":[2.170326,41.409217]},"properties":{"id":"GS_30254082","label":"Carrer de Lepant / Travessera de Gr\u00e0cia","links":7,"phases":4,"in_edges":["237519395#0","4746984#2"],"corridor":null}},{"type":"Feature","geometry":{"type":"Point","coordinates":[2.171024,41.408765]},"properties":{"id":"GS_30254083","label":"Carrer de Lepant / Carrer de Sant Antoni Maria Claret","links":8,"phases":4,"in_edges":["446416743#0","4746984#5"],"corridor":null}},{"type":"Feature","geometry":{"type":"Point","coordinates":[2.172107,41.407831]},"properties":{"id":"GS_30254084","label":"Carrer de Lepant / Carrer de la Ind\u00fastria","links":7,"phases":4,"in_edges":["140001510#5","237566137#0"],"corridor":null}},{"type":"Feature","geometry":{"type":"Point","coordinates":[2.173265,41.407076]},"properties":{"id":"GS_30254085","label":"Carrer de C\u00f2rsega / Carrer de Lepant","links":8,"phases":4,"in_edges":["1408936324#0","546578349#1"],"corridor":null}},{"type":"Feature","geometry":{"type":"Point","coordinates":[2.178952,41.402783]},"properties":{"id":"GS_30254087","label":"Carrer d&apos;Arag\u00f3 / Carrer de Lepant","links":11,"phases":4,"in_edges":["237566136#2","902150220#0"],"corridor":null}},{"type":"Feature","geometry":{"type":"Point","coordinates":[2.181213,41.40104]},"properties":{"id":"GS_30254089","label":"Carrer de Lepant / Carrer de la Diputaci\u00f3","links":8,"phases":4,"in_edges":["1408936332#0","65143745#0"],"corridor":null}},{"type":"Feature","geometry":{"type":"Point","coordinates":[2.168635,41.405166]},"properties":{"id":"GS_30254192","label":"Carrer de Sic\u00edlia / Carrer de la Ind\u00fastria","links":5,"phases":4,"in_edges":["272639450#4","544248638#3"],"corridor":null}},{"type":"Feature","geometry":{"type":"Point","coordinates":[2.169847,41.404356]},"properties":{"id":"GS_30254193","label":"Carrer de C\u00f2rsega / Carrer de Sic\u00edlia","links":6,"phases":4,"in_edges":["272639450#2","546578350#4"],"corridor":null}},{"type":"Feature","geometry":{"type":"Point","coordinates":[2.172094,41.402652]},"properties":{"id":"GS_30254194","label":"Carrer de Proven\u00e7a / Carrer de Sic\u00edlia","links":5,"phases":4,"in_edges":["1370026144#0","294798016#0"],"corridor":null}},{"type":"Feature","geometry":{"type":"Point","coordinates":[2.176571,41.399216]},"properties":{"id":"GS_30254198","label":"Carrer de Sic\u00edlia / Carrer del Consell de Cent","links":6,"phases":4,"in_edges":["450613277#5","570478919#5"],"corridor":null}},{"type":"Feature","geometry":{"type":"Point","coordinates":[2.160793,41.397681]},"properties":{"id":"GS_30254220","label":"Carrer de C\u00f2rsega / Carrer de Santa Tecla","links":8,"phases":4,"in_edges":["237725945#0","35467468#0"],"corridor":null}},{"type":"Feature","geometry":{"type":"Point","coordinates":[2.166356,41.393347]},"properties":{"id":"GS_30254224","label":"Carrer d&apos;Arag\u00f3 / Carrer de Pau Claris","links":10,"phases":4,"in_edges":["1408604731#0","308355199#0"],"corridor":null}},{"type":"Feature","geometry":{"type":"Point","coordinates":[2.165204,41.394131]},"properties":{"id":"GS_30254227","label":"Carrer de Pau Claris / Carrer de Val\u00e8ncia","links":10,"phases":4,"in_edges":["237645185#0","908375876#2"],"corridor":null}},{"type":"Feature","geometry":{"type":"Point","coordinates":[2.172748,41.388462]},"properties":{"id":"GS_30254228","label":"Carrer de Fontanella / Pla\u00e7a d&apos;Urquinaona","links":7,"phases":6,"in_edges":["-20475892#7","20042722#0","545937948#0"],"corridor":null}},{"type":"Feature","geometry":{"type":"Point","coordinates":[2.180894,41.382282]},"properties":{"id":"GS_30254230","label":"Carrer d&apos;\u00c0ngel J. Baixeras / Via Laietana","links":10,"phases":4,"in_edges":["-1542845049#1","423232178#0","882072067#0"],"corridor":null}},{"type":"Feature","geometry":{"type":"Point","coordinates":[2.17999,41.383043]},"properties":{"id":"GS_30254231","label":"Carrer de Manresa / Via Laietana","links":5,"phases":4,"in_edges":["-423232178#3","1360091556","1542845322#0"],"corridor":null}},{"type":"Feature","geometry":{"type":"Point","coordinates":[2.139019,41.375307]},"properties":{"id":"GS_30264417","label":"Carrer de Sants / Carrer del Guadiana","links":9,"phases":4,"in_edges":["-294021547#10","187557314#2","294021547#5"],"corridor":null}},{"type":"Feature","geometry":{"type":"Point","coordinates":[2.123781,41.372287]},"properties":{"id":"GS_30264645","label":"Carrer del Doctor Mart\u00ed i Juli\u00e0 / Carrer del Montseny","links":4,"phases":4,"in_edges":["1007488791#6","83524160#3"],"corridor":null}},{"type":"Feature","geometry":{"type":"Point","coordinates":[2.137544,41.382551]},"properties":{"id":"GS_30294184","label":"Carrer Guitard / Carrer de Berl\u00edn","links":8,"phases":4,"in_edges":["43037119#0","43037120#1","4750164#3"],"corridor":null}},{"type":"Feature","geometry":{"type":"Point","coordinates":[2.13701,41.375405]},"properties":{"id":"GS_30294326","label":"Carrer d&apos;Alcolea / Carrer de Sants","links":6,"phases":4,"in_edges":["-294021547#2","243703483#0","886734509"],"corridor":null}},{"type":"Feature","geometry":{"type":"Point","coordinates":[2.133615,41.375411]},"properties":{"id":"GS_30294443","label":"Carrer de Sant Jordi / Carrer de Sants","links":6,"phases":4,"in_edges":["-294082522#17","294082522#10","661419257#1"],"corridor":null}},{"type":"Feature","geometry":{"type":"Point","coordinates":[2.127027,41.381656]},"properties":{"id":"GS_30294473","label":"Carrer de Mej\u00eda Lequerica / Travessera de les Corts","links":9,"phases":4,"in_edges":["-544124176","238052318#0","544641225#0"],"corridor":null}},{"type":"Feature","geometry":{"type":"Point","coordinates":[2.130602,41.387285]},"properties":{"id":"GS_30294483","label":"Carrer d&apos;Europa / Carrer de Galileu","links":9,"phases":4,"in_edges":["109411472#2","23425566#3","243693222#1","4750220#1"],"corridor":null}},{"type":"Feature","geometry":{"type":"Point","coordinates":[2.131811,41.384751]},"properties":{"id":"GS_30294487","label":"Carrer de Galileu / Travessera de les Corts","links":11,"phases":4,"in_edges":["-542503069#4","542500768#0","544641227#0"],"corridor":null}},{"type":"Feature","geometry":{"type":"Point","coordinates":[2.132226,41.383986]},"properties":{"id":"GS_30294489","label":"Carrer de Can Bruixa / Carrer de Galileu","links":4,"phases":4,"in_edges":["1231466837#2","542500769#0"],"corridor":null}},{"type":"Feature","geometry":{"type":"Point","coordinates":[2.136152,41.375355]},"properties":{"id":"GS_30294498","label":"Carrer d&apos;Olzinelles / Carrer de Sants","links":10,"phases":4,"in_edges":["-243703483#4","1058643784","831157575"],"corridor":null}},{"type":"Feature","geometry":{"type":"Point","coordinates":[2.129735,41.383512]},"properties":{"id":"GS_30294509","label":"Carrer de les Corts / Travessera de les Corts","links":6,"phases":4,"in_edges":["-544124173#2","544641226#0","790614817"],"corridor":null}},{"type":"Feature","geometry":{"type":"Point","coordinates":[2.12147,41.399934]},"properties":{"id":"GS_30294569","label":"Carrer Major de Sarri\u00e0 / Passeig de la Reina Elisenda de Montcada","links":9,"phases":4,"in_edges":["-955133750#2","145033028#1","32435346#2"],"corridor":null}},{"type":"Feature","geometry":{"type":"Point","coordinates":[2.139317,41.411955]},"properties":{"id":"GS_30294707","label":"Carrer d&apos;Hurtado / Carrer de Craywinckel","links":3,"phases":4,"in_edges":["4750249#0","74036715#0"],"corridor":null}},{"type":"Feature","geometry":{"type":"Point","coordinates":[2.139928,41.412441]},"properties":{"id":"GS_30294708","label":"Avinguda de la Rep\u00fablica Argentina","links":5,"phases":4,"in_edges":["-554918717#2","37039685#0"],"corridor":null}},{"type":"Feature","geometry":{"type":"Point","coordinates":[2.139351,41.403852]},"properties":{"id":"GS_30294780","label":"Carrer del Berlin\u00e8s / Ronda del General Mitre","links":4,"phases":4,"in_edges":["4750263#2","86331333#4"],"corridor":null}},{"type":"Feature","geometry":{"type":"Point","coordinates":[2.134221,41.402918]},"properties":{"id":"GS_30294784","label":"Carrer d&apos;Artesa de Segre / Carrer de Mandri","links":7,"phases":4,"in_edges":["-308379368#4","308379369#0","4750264#0"],"corridor":null}},{"type":"Feature","geometry":{"type":"Point","coordinates":[2.138374,41.407278]},"properties":{"id":"GS_30294856","label":"Carrer de Balmes / Carrer de Castanyer","links":8,"phases":6,"in_edges":["-262514248","263950699#0","44868702#0","4750265#0"],"corridor":null}},{"type":"Feature","geometry":{"type":"Point","coordinates":[2.152396,41.406446]},"properties":{"id":"GS_30295097","label":"Carrer de Sant Salvador / Carrer del Torrent de l&apos;Olla","links":4,"phases":4,"in_edges":["1264825128#0","907252508#0"],"corridor":null}},{"type":"Feature","geometry":{"type":"Point","coordinates":[2.159199,41.411158]},"properties":{"id":"GS_30295132","label":"Carrer de Ca l&apos;Alegre de Dalt / Carrer de les Cam\u00e8lies","links":5,"phases":4,"in_edges":["542845445#0","54873842#0"],"corridor":null}},{"type":"Feature","geometry":{"type":"Point","coordinates":[2.174625,41.416045]},"properties":{"id":"GS_30295271","label":"Carrer de Sant Quint\u00ed / Carrer del Mas Casanovas","links":2,"phases":4,"in_edges":["35163810#0","555296656#0"],"corridor":null}},{"type":"Feature","geometry":{"type":"Point","coordinates":[2.180388,41.417149]},"properties":{"id":"GS_30295304","label":"Passeig de Maragall","links":6,"phases":3,"in_edges":["-307718503#5","1408922771#0"],"corridor":null}},{"type":"Feature","geometry":{"type":"Point","coordinates":[2.180379,41.416356]},"properties":{"id":"GS_30295310","label":"Carrer de Villar / Passeig de Maragall","links":6,"phases":4,"in_edges":["-867199223","307718503#0","4750320#1"],"corridor":null}},{"type":"Feature","geometry":{"type":"Point","coordinates":[2.172931,41.419801]},"properties":{"id":"GS_30295384","label":"Avinguda de la Mare de D\u00e9u de Montserrat / Carrer de Sales i Ferr\u00e9","links":8,"phases":4,"in_edges":["-237725941#7","237725941#0","71213505#2"],"corridor":null}},{"type":"Feature","geometry":{"type":"Point","coordinates":[2.202686,41.418822]},"properties":{"id":"GS_30297363","label":"Carrer de Cant\u00e0bria / Carrer del Concili de Trento","links":9,"phases":4,"in_edges":["-237787027#4","4750540#3","490482505#0"],"corridor":null}},{"type":"Feature","geometry":{"type":"Point","coordinates":[2.200348,41.417104]},"properties":{"id":"GS_30297366","label":"Carrer del Concili de Trento / Carrer del Treball","links":3,"phases":6,"in_edges":["115799304","220939138#3","46738589#0"],"corridor":null}},{"type":"Feature","geometry":{"type":"Point","coordinates":[2.205525,41.408118]},"properties":{"id":"GS_30297377","label":"Avinguda Diagonal / Carrer de Fluvi\u00e0","links":4,"phases":4,"in_edges":["237715965#5","659902762#0"],"corridor":"diagonal"}},{"type":"Feature","geometry":{"type":"Point","coordinates":[2.20735,41.403296]},"properties":{"id":"GS_30297382","label":"Carrer d&apos;Espronceda / Carrer de Ramon Turr\u00f3","links":5,"phases":4,"in_edges":["237927193#5","4750543#10"],"corridor":null}},{"type":"Feature","geometry":{"type":"Point","coordinates":[2.206317,41.40243]},"properties":{"id":"GS_30297383","label":"Carrer de Lope de Vega / Carrer de Ramon Turr\u00f3","links":6,"phases":4,"in_edges":["4750543#18","4751952#6"],"corridor":null}},{"type":"Feature","geometry":{"type":"Point","coordinates":[2.129044,41.367339]},"properties":{"id":"GS_30298965","label":"Carrer de Santa Eul\u00e0lia","links":4,"phases":4,"in_edges":["-1007128427#1","48043596#20"],"corridor":null}},{"type":"Feature","geometry":{"type":"Point","coordinates":[2.123431,41.365296]},"properties":{"id":"GS_30299089","label":"Avinguda del Carrilet / Carrer de Castelao","links":7,"phases":4,"in_edges":["-82003432#8","4750752#0","82003432#4"],"corridor":null}},{"type":"Feature","geometry":{"type":"Point","coordinates":[2.142465,41.37273]},"properties":{"id":"GS_30307936","label":"Carrer del Moian\u00e8s / Carretera de la Bordeta","links":5,"phases":6,"in_edges":["309246582#0","4751581#4","499564892#1"],"corridor":null}},{"type":"Feature","geometry":{"type":"Point","coordinates":[2.139592,41.367628]},"properties":{"id":"GS_30307945","label":"Gran Via de les Corts Catalanes (lateral mar) / Pla\u00e7a de Sarah Bernhardt","links":6,"phases":4,"in_edges":["-35163079#3","300828578#0"],"corridor":"gran_via"}},{"type":"Feature","geometry":{"type":"Point","coordinates":[2.124343,41.366702]},"properties":{"id":"GS_30308132","label":"Carrer de Santa Eul\u00e0lia / Carrer del General Prim","links":7,"phases":4,"in_edges":["-48043596#9","48043596#4","8050497#5"],"corridor":null}},{"type":"Feature","geometry":{"type":"Point","coordinates":[2.125361,41.364847]},"properties":{"id":"GS_30308135","label":"Avinguda del Carrilet / Carrer del General Prim","links":7,"phases":4,"in_edges":["-82003432#15","8050497#0","82003432#9"],"corridor":null}},{"type":"Feature","geometry":{"type":"Point","coordinates":[2.19487,41.392118]},"properties":{"id":"GS_30312482","label":"Carrer de Rosa Sensat / Carrer del Doctor Trueta","links":6,"phases":4,"in_edges":["316536504#2","451739342#0"],"corridor":null}},{"type":"Feature","geometry":{"type":"Point","coordinates":[2.196097,41.393125]},"properties":{"id":"GS_30312484","label":"Carrer de Pamplona / Carrer del Doctor Trueta","links":6,"phases":4,"in_edges":["237927199#9","316536504#5"],"corridor":null}},{"type":"Feature","geometry":{"type":"Point","coordinates":[2.199438,41.395545]},"properties":{"id":"GS_30312486","label":"Carrer de Badajoz / Carrer del Doctor Trueta","links":8,"phases":4,"in_edges":["32513006#0","42858991#4"],"corridor":null}},{"type":"Feature","geometry":{"type":"Point","coordinates":[2.200525,41.39643]},"properties":{"id":"GS_30312487","label":"Carrer de la Ciutat de Granada / Carrer del Doctor Trueta","links":5,"phases":4,"in_edges":["1524034345#0","237715980#0"],"corridor":null}},{"type":"Feature","geometry":{"type":"Point","coordinates":[2.202884,41.398099]},"properties":{"id":"GS_30312489","label":"Carrer de la Llacuna / Carrer del Doctor Trueta","links":6,"phases":6,"in_edges":["-255327561#2","255327558#1","303238118#0"],"corridor":null}},{"type":"Feature","geometry":{"type":"Point","coordinates":[2.191345,41.39311]},"properties":{"id":"GS_30312830","label":"Carrer de Joan d&apos;\u00c0ustria / Carrer de Llull","links":6,"phases":4,"in_edges":["301443371#0","451710463#0"],"corridor":null}},{"type":"Feature","geometry":{"type":"Point","coordinates":[2.193774,41.394851]},"properties":{"id":"GS_30312831","label":"Carrer de Llull / Carrer de Pamplona","links":6,"phases":4,"in_edges":["158967343#5","237927199#0"],"corridor":null}},{"type":"Feature","geometry":{"type":"Point","coordinates":[2.19601,41.39644]},"properties":{"id":"GS_30312832","label":"Carrer d&apos;\u00c0vila / Carrer de Llull","links":6,"phases":4,"in_edges":["237927198#0","310929460#4"],"corridor":null}},{"type":"Feature","geometry":{"type":"Point","coordinates":[2.198285,41.398145]},"properties":{"id":"GS_30312835","label":"Carrer de Llull / Carrer de la Ciutat de Granada","links":7,"phases":4,"in_edges":["237521096#0","237657751#0"],"corridor":null}},{"type":"Feature","geometry":{"type":"Point","coordinates":[2.199433,41.398992]},"properties":{"id":"GS_30312836","label":"Carrer de Llull / Carrer de Roc Boronat","links":6,"phases":4,"in_edges":["237657751#7","253456735#3"],"corridor":null}},{"type":"Feature","geometry":{"type":"Point","coordinates":[2.200616,41.399791]},"properties":{"id":"GS_30312837","label":"Carrer de Llull / Carrer de la Llacuna","links":6,"phases":4,"in_edges":["253456738#0","253456741#0"],"corridor":null}},{"type":"Feature","geometry":{"type":"Point","coordinates":[2.204,41.402459]},"properties":{"id":"GS_30312838","label":"Carrer de Bilbao / Carrer de Llull","links":6,"phases":4,"in_edges":["239562113#2","423899017#4"],"corridor":null}},{"type":"Feature","geometry":{"type":"Point","coordinates":[2.205136,41.40323]},"properties":{"id":"GS_30312839","label":"Carrer de Llull / Carrer de Lope de Vega","links":6,"phases":4,"in_edges":["4751952#9","584990350#0"],"corridor":null}},{"type":"Feature","geometry":{"type":"Point","coordinates":[2.206173,41.404111]},"properties":{"id":"GS_30312840","label":"Carrer d&apos;Espronceda / Carrer de Llull","links":8,"phases":4,"in_edges":["237927193#2","584990350#6"],"corridor":null}},{"type":"Feature","geometry":{"type":"Point","coordinates":[2.207384,41.404934]},"properties":{"id":"GS_30312841","label":"Carrer de Bac de Roda / Carrer de Llull","links":10,"phases":4,"in_edges":["1409584587#0","908446335#0"],"corridor":null}},{"type":"Feature","geometry":{"type":"Point","coordinates":[2.20847,41.405819]},"properties":{"id":"GS_30312843","label":"Carrer de Fluvi\u00e0 / Carrer de Llull","links":7,"phases":4,"in_edges":["237927197#0","46711360#4"],"corridor":null}},{"type":"Feature","geometry":{"type":"Point","coordinates":[2.205046,41.405045]},"properties":{"id":"GS_30312952","label":"Carrer d&apos;Espronceda / Carrer de Pujades","links":6,"phases":4,"in_edges":["1409584589#3","237799276#2"],"corridor":null}},{"type":"Feature","geometry":{"type":"Point","coordinates":[2.203996,41.404148]},"properties":{"id":"GS_30312962","label":"Carrer de Lope de Vega / Carrer de Pujades","links":6,"phases":4,"in_edges":["237927200#2","4751952#15"],"corridor":null}},{"type":"Feature","geometry":{"type":"Point","coordinates":[2.190442,41.400788]},"properties":{"id":"GS_30312976","label":"Carrer d&apos;\u00c0vila / Carrer de T\u00e0nger","links":6,"phases":4,"in_edges":["1104900026","1186709317#0"],"corridor":null}},{"type":"Feature","geometry":{"type":"Point","coordinates":[2.192667,41.399082]},"properties":{"id":"GS_30312978","label":"Carrer d&apos;\u00c0vila / Carrer dels Almog\u00e0vers","links":7,"phases":4,"in_edges":["440740419#0","466762669#3"],"corridor":null}},{"type":"Feature","geometry":{"type":"Point","coordinates":[2.194909,41.397359]},"properties":{"id":"GS_30313010","label":"Carrer d&apos;\u00c0vila / Carrer de Pujades","links":6,"phases":4,"in_edges":["310929460#0","466765995#2"],"corridor":null}},{"type":"Feature","geometry":{"type":"Point","coordinates":[2.201649,41.392306]},"properties":{"id":"GS_30313064","label":"Carrer de Joan Oliver / Carrer de Salvador Espriu","links":5,"phases":4,"in_edges":["557137212#0","90069029#0"],"corridor":null}},{"type":"Feature","geometry":{"type":"Point","coordinates":[2.148446,41.396726]},"properties":{"id":"GS_30313129","label":"Carrer d&apos;Aribau / Carrer de l&apos;Avenir","links":8,"phases":4,"in_edges":["1384525338#1","879179148#0"],"corridor":null}},{"type":"Feature","geometry":{"type":"Point","coordinates":[2.141333,41.396581]},"properties":{"id":"GS_30313140","label":"Carrer de Calvet / Carrer del Rector Ubach","links":3,"phases":4,"in_edges":["4776831#9","918486004#0"],"corridor":null}},{"type":"Feature","geometry":{"type":"Point","coordinates":[2.142548,41.39544]},"properties":{"id":"GS_30313142","label":"Carrer de Calvet / Carrer del Tenor Vi\u00f1as","links":4,"phases":6,"in_edges":["1422093908#0","26434305#1","918486004#7"],"corridor":null}},{"type":"Feature","geometry":{"type":"Point","coordinates":[2.143564,41.394704]},"properties":{"id":"GS_30313144","label":"Carrer de Calvet / Carrer de Mari\u00e0 Cub\u00ed","links":7,"phases":4,"in_edges":["1042655980#0","4752018#14"],"corridor":null}},{"type":"Feature","geometry":{"type":"Point","coordinates":[2.148033,41.397247]},"properties":{"id":"GS_30313244","label":"Carrer d&apos;Aribau / Carrer de Mari\u00e0 Cub\u00ed","links":8,"phases":4,"in_edges":["1384274568#1","879179148#5"],"corridor":null}},{"type":"Feature","geometry":{"type":"Point","coordinates":[2.147461,41.397674]},"properties":{"id":"GS_30313357","label":"Carrer d&apos;Aribau / Carrer de Laforja","links":8,"phases":4,"in_edges":["4752025#6","879179148#8"],"corridor":null}},{"type":"Feature","geometry":{"type":"Point","coordinates":[2.120365,41.396892]},"properties":{"id":"GS_30313434","label":"Avinguda de Josep Vicen\u00e7 Foix / Carrer del Pedr\u00f3 de la Creu","links":5,"phases":4,"in_edges":["-237695634#3","237695641#0","32674101#0"],"corridor":null}},{"type":"Feature","geometry":{"type":"Point","coordinates":[2.123963,41.379604]},"properties":{"id":"GS_30314630","label":"Travessera de les Corts","links":6,"phases":3,"in_edges":["-544641224#2","7997310#0"],"corridor":null}},{"type":"Feature","geometry":{"type":"Point","coordinates":[2.126576,41.364579]},"properties":{"id":"GS_30315188","label":"Avinguda del Carrilet / Carrer del Comer\u00e7","links":7,"phases":4,"in_edges":["-82003432#19","8050466#1","82003432#13"],"corridor":null}},{"type":"Feature","geometry":{"type":"Point","coordinates":[2.188508,41.417468]},"properties":{"id":"GS_30332639","label":"Carrer d&apos;Espronceda / Carrer dels Bofarull","links":4,"phases":6,"in_edges":["310308291#1","310308292#0","4753771#0"],"corridor":null}},{"type":"Feature","geometry":{"type":"Point","coordinates":[2.177702,41.41036]},"properties":{"id":"GS_30333309","label":"Carrer de C\u00f2rsega / Carrer del Dos de Maig","links":6,"phases":4,"in_edges":["237912795#0","4753802#14"],"corridor":null}},{"type":"Feature","geometry":{"type":"Point","coordinates":[2.175465,41.408698]},"properties":{"id":"GS_30333310","label":"Carrer de C\u00f2rsega / Carrer de los Castillejos","links":6,"phases":4,"in_edges":["263405142#4","4753802#21"],"corridor":null}},{"type":"Feature","geometry":{"type":"Point","coordinates":[2.162954,41.399279]},"properties":{"id":"GS_30333328","label":"Carrer de C\u00f2rsega / Carrer de Venus","links":6,"phases":4,"in_edges":["1264825150#0","1409297988#0"],"corridor":null}},{"type":"Feature","geometry":{"type":"Point","coordinates":[2.165239,41.401027]},"properties":{"id":"GS_30333329","label":"Carrer de Bail\u00e8n / Carrer de C\u00f2rsega","links":7,"phases":4,"in_edges":["1264830119#0","284450145#0"],"corridor":null}},{"type":"Feature","geometry":{"type":"Point","coordinates":[2.160748,41.398973]},"properties":{"id":"GS_30333341","label":"Carrer de Bonavista / Carrer del Perill","links":5,"phases":6,"in_edges":["1264825149#0","35467510#5","4753804#0"],"corridor":null}},{"type":"Feature","geometry":{"type":"Point","coordinates":[2.187183,41.382465]},"properties":{"id":"GS_30343411","label":"Carrer de Carbonell / Carrer del Doctor Aiguader","links":6,"phases":6,"in_edges":["237566147#0","303325045#0","970754150"],"corridor":null}},{"type":"Feature","geometry":{"type":"Point","coordinates":[2.147436,41.373504]},"properties":{"id":"GS_3049188208","label":"Carrer de M\u00e8xic / Gran Via de les Corts Catalanes (lateral mar)","links":7,"phases":4,"in_edges":["-300828573#2","300828581#0"],"corridor":"gran_via"}},{"type":"Feature","geometry":{"type":"Point","coordinates":[2.162279,41.404155]},"properties":{"id":"GS_30553758","label":"Carrer del Torrent de les Flors / Travessera de Gr\u00e0cia","links":3,"phases":4,"in_edges":["238466730#0","831182069#0"],"corridor":null}},{"type":"Feature","geometry":{"type":"Point","coordinates":[2.16534,41.404357]},"properties":{"id":"GS_30555002","label":"Carrer de Roger de Flor / Carrer de Sant Antoni Maria Claret","links":8,"phases":4,"in_edges":["1264832648#0","544614093#0"],"corridor":null}},{"type":"Feature","geometry":{"type":"Point","coordinates":[2.167589,41.406075]},"properties":{"id":"GS_30555005","label":"Carrer de Sant Antoni Maria Claret / Carrer de Sic\u00edlia","links":7,"phases":4,"in_edges":["1227021741#0","544614094#0"],"corridor":null}},{"type":"Feature","geometry":{"type":"Point","coordinates":[2.170016,41.407893]},"properties":{"id":"GS_30555006","label":"Carrer de Sant Antoni Maria Claret / Carrer de la Marina","links":8,"phases":4,"in_edges":["237566141#0","294798017#4"],"corridor":null}},{"type":"Feature","geometry":{"type":"Point","coordinates":[2.173244,41.41041]},"properties":{"id":"GS_30555007","label":"Carrer de Sant Antoni Maria Claret / Carrer de los Castillejos","links":7,"phases":4,"in_edges":["1409296656#17","1409296657#0"],"corridor":null}},{"type":"Feature","geometry":{"type":"Point","coordinates":[2.17773,41.413776]},"properties":{"id":"GS_30555009","label":"Carrer de Sant Antoni Maria Claret / Carrer de Sant Quint\u00ed","links":6,"phases":4,"in_edges":["224295081#5","237549917#2"],"corridor":null}},{"type":"Feature","geometry":{"type":"Point","coordinates":[2.182267,41.417112]},"properties":{"id":"GS_30555016","label":"Carrer de Sant Antoni Maria Claret / Carrer de Trinxant","links":7,"phases":4,"in_edges":["1092586014#0","269871716#2"],"corridor":null}},{"type":"Feature","geometry":{"type":"Point","coordinates":[2.184564,41.418787]},"properties":{"id":"GS_30555019","label":"Carrer de Biscaia / Carrer de Sant Antoni Maria Claret","links":7,"phases":4,"in_edges":["220245634#0","38132665#0"],"corridor":null}},{"type":"Feature","geometry":{"type":"Point","coordinates":[2.183265,41.416263]},"properties":{"id":"GS_30555407","label":"Carrer de Trinxant / Carrer de la Ind\u00fastria","links":5,"phases":4,"in_edges":["140001509#5","552864711#4"],"corridor":null}},{"type":"Feature","geometry":{"type":"Point","coordinates":[2.175562,41.40533]},"properties":{"id":"GS_30555974","label":"Carrer de Lepant / Carrer de Proven\u00e7a","links":7,"phases":4,"in_edges":["1408936327#0","269871711#10"],"corridor":null}},{"type":"Feature","geometry":{"type":"Point","coordinates":[2.169246,41.408461]},"properties":{"id":"GS_30556413","label":"Carrer de la Marina / Travessera de Gr\u00e0cia","links":5,"phases":4,"in_edges":["208568872#21","251684603#0"],"corridor":null}},{"type":"Feature","geometry":{"type":"Point","coordinates":[2.171089,41.406985]},"properties":{"id":"GS_30556414","label":"Carrer de la Ind\u00fastria / Carrer de la Marina","links":6,"phases":4,"in_edges":["140001510#0","294798017#0"],"corridor":null}},{"type":"Feature","geometry":{"type":"Point","coordinates":[2.177928,41.401902]},"properties":{"id":"GS_30556416","label":"Carrer d&apos;Arag\u00f3 / Carrer de la Marina","links":11,"phases":4,"in_edges":["1408524831#0","313379198#0"],"corridor":null}},{"type":"Feature","geometry":{"type":"Point","coordinates":[2.163917,41.401946]},"properties":{"id":"GS_30556542","label":"Carrer de Bail\u00e8n / Carrer de Monistrol","links":3,"phases":4,"in_edges":["1264830122#0","4776473#0"],"corridor":null}},{"type":"Feature","geometry":{"type":"Point","coordinates":[2.154208,41.404873]},"properties":{"id":"GS_30556739","label":"Carrer de Biada / Carrer del Torrent de l&apos;Olla","links":2,"phases":4,"in_edges":["237652081#1","251458387#0"],"corridor":null}},{"type":"Feature","geometry":{"type":"Point","coordinates":[2.140529,41.400912]},"properties":{"id":"GS_30558244","label":"Carrer de Cop\u00e8rnic / Carrer de Muntaner","links":7,"phases":4,"in_edges":["308379493#6","4776811#0"],"corridor":null}},{"type":"Feature","geometry":{"type":"Point","coordinates":[2.143896,41.398403]},"properties":{"id":"GS_30558393","label":"Carrer de Muntaner / Carrer del Rector Ubach","links":7,"phases":4,"in_edges":["4776831#1","541430463#0"],"corridor":null}},{"type":"Feature","geometry":{"type":"Point","coordinates":[2.142354,41.390653]},"properties":{"id":"GS_30558433","label":"Avinguda de Sarri\u00e0 / Carrer de Loreto","links":10,"phases":4,"in_edges":["237549913#0","4776834#2"],"corridor":null}},{"type":"Feature","geometry":{"type":"Point","coordinates":[2.178711,41.412918]},"properties":{"id":"GS_30558456","label":"Carrer de Sant Quint\u00ed / Carrer de la Ind\u00fastria","links":7,"phases":4,"in_edges":["544301149#0","651543108#0"],"corridor":null}},{"type":"Feature","geometry":{"type":"Point","coordinates":[2.180805,41.41451]},"properties":{"id":"GS_30558459","label":"Carrer de la Ind\u00fastria / Passeig de Maragall","links":10,"phases":4,"in_edges":["-140001511#3","140001512#3","237549918#0"],"corridor":null}},{"type":"Feature","geometry":{"type":"Point","coordinates":[2.184367,41.417151]},"properties":{"id":"GS_30558464","label":"Carrer de la Ind\u00fastria / Carrer de las Navas de Tolosa","links":6,"phases":4,"in_edges":["284579039#3","552864712#0"],"corridor":null}},{"type":"Feature","geometry":{"type":"Point","coordinates":[2.13988,41.389579]},"properties":{"id":"GS_30558475","label":"Carrer de Bordeus / Travessera de les Corts","links":5,"phases":4,"in_edges":["4776847#2","544641229#2"],"corridor":null}},{"type":"Feature","geometry":{"type":"Point","coordinates":[2.13971,41.388168]},"properties":{"id":"GS_30558511","label":"Carrer d&apos;Enten\u00e7a / Carrer del Montnegre","links":8,"phases":6,"in_edges":["-550732199#1","550732198#0","918416838#0"],"corridor":null}},{"type":"Feature","geometry":{"type":"Point","coordinates":[2.129176,41.375537]},"properties":{"id":"GS_30558573","label":"Carrer de Sants","links":8,"phases":3,"in_edges":["-1536121325#3","45185735#7"],"corridor":null}},{"type":"Feature","geometry":{"type":"Point","coordinates":[2.157049,41.410968]},"properties":{"id":"GS_30617355","label":"Carrer de Sors / Travessera de Dalt","links":4,"phases":4,"in_edges":["296813929#0","54882020#0"],"corridor":null}},{"type":"Feature","geometry":{"type":"Point","coordinates":[2.141513,41.375254]},"properties":{"id":"GS_30625895","label":"Carrer de la Creu Coberta / Carrer del Vint-i-Sis de Gener de 1641","links":6,"phases":4,"in_edges":["-309246588#3","34674328#0","912976051#0"],"corridor":null}},{"type":"Feature","geometry":{"type":"Point","coordinates":[2.153952,41.385585]},"properties":{"id":"GS_30685340","label":"Carrer de Val\u00e8ncia / Carrer del Comte d&apos;Urgell","links":12,"phases":4,"in_edges":["1354683580#0","1354683581#0"],"corridor":null}},{"type":"Feature","geometry":{"type":"Point","coordinates":[2.147149,41.390805]},"properties":{"id":"GS_30685341","label":"Carrer de Londres / Carrer del Comte d&apos;Urgell","links":9,"phases":4,"in_edges":["1409636114#0","237667614#7"],"corridor":null}},{"type":"Feature","geometry":{"type":"Point","coordinates":[2.121263,41.366029]},"properties":{"id":"GS_30686307","label":"Carrer de Corominas / Carrer de Santa Eul\u00e0lia","links":10,"phases":4,"in_edges":["-48043190#2","-847294254#2","558576412#3"],"corridor":null}},{"type":"Feature","geometry":{"type":"Point","coordinates":[2.127706,41.367105]},"properties":{"id":"GS_30686312","label":"Carrer de Jacint Verdaguer / Carrer de Santa Eul\u00e0lia","links":4,"phases":4,"in_edges":["-48043596#24","48043596#11","83304235#5"],"corridor":null}},{"type":"Feature","geometry":{"type":"Point","coordinates":[2.145164,41.375185]},"properties":{"id":"GS_30686353","label":"Carrer de Sant Roc / Carrer de la Creu Coberta","links":8,"phases":4,"in_edges":["-243598400#4","-4787846#2","1536095744#0"],"corridor":null}},{"type":"Feature","geometry":{"type":"Point","coordinates":[2.145851,41.373636]},"properties":{"id":"GS_30686356","label":"Carrer de Sant Roc / Carretera de la Bordeta","links":5,"phases":4,"in_edges":["1221642529#0","192248805","4787846#5"],"corridor":null}},{"type":"Feature","geometry":{"type":"Point","coordinates":[2.146215,41.372632]},"properties":{"id":"GS_30686357","label":"Carrer de Sant Germ\u00e0 / Gran Via de les Corts Catalanes (lateral mar)","links":4,"phases":4,"in_edges":["251733670#0","841740061#0"],"corridor":"gran_via"}},{"type":"Feature","geometry":{"type":"Point","coordinates":[2.16298,41.414289]},"properties":{"id":"GS_30688883","label":"Avinguda de la Mare de D\u00e9u de Montserrat / Carrer de Praga","links":8,"phases":4,"in_edges":["296815432#0","650591290"],"corridor":null}},{"type":"Feature","geometry":{"type":"Point","coordinates":[2.164746,41.414115]},"properties":{"id":"GS_30688906","label":"Carrer de Fran\u00e7a / Carrer de les Cam\u00e8lies","links":3,"phases":4,"in_edges":["237923129","296815423#0"],"corridor":null}},{"type":"Feature","geometry":{"type":"Point","coordinates":[2.188175,41.399108]},"properties":{"id":"GS_30689520","label":"Carrer de Pamplona / Carrer de T\u00e0nger","links":9,"phases":4,"in_edges":["120007718#2","645599654#0"],"corridor":null}},{"type":"Feature","geometry":{"type":"Point","coordinates":[2.192746,41.395718]},"properties":{"id":"GS_30689525","label":"Carrer de Pamplona / Carrer de Pujades","links":6,"phases":4,"in_edges":["120007719#1","295215800#3"],"corridor":null}},{"type":"Feature","geometry":{"type":"Point","coordinates":[2.199531,41.390684]},"properties":{"id":"GS_30689531","label":"Carrer de Salvador Espriu / Carrer de l&apos;Arquitecte Sert","links":9,"phases":6,"in_edges":["-1394474274#1","1394474257#0","451739344#0"],"corridor":null}},{"type":"Feature","geometry":{"type":"Point","coordinates":[2.190435,41.402376]},"properties":{"id":"GS_30689533","label":"Carrer de Badajoz / Carrer de Bol\u00edvia","links":9,"phases":4,"in_edges":["1186709318#0","1213959260#1"],"corridor":null}},{"type":"Feature","geometry":{"type":"Point","coordinates":[2.202759,41.393105]},"properties":{"id":"GS_30689552","label":"Carrer de Jaume Vicens i Vives / Carrer de Salvador Espriu","links":11,"phases":4,"in_edges":["-217581799#1","158966240#0","566541729#0"],"corridor":null}},{"type":"Feature","geometry":{"type":"Point","coordinates":[2.147456,41.408294]},"properties":{"id":"GS_30960821","label":"Avinguda de la Rep\u00fablica Argentina / Carrer de Ballester","links":5,"phases":6,"in_edges":["554919511#0","662915145#0","74621162#4"],"corridor":null}},{"type":"Feature","geometry":{"type":"Point","coordinates":[2.190582,41.404029]},"properties":{"id":"GS_312680292","label":"Avinguda Diagonal / Carrer de la Ciutat de Granada","links":3,"phases":1,"in_edges":["1112817880#0","1425004885"],"corridor":"diagonal"}},{"type":"Feature","geometry":{"type":"Point","coordinates":[2.134365,41.408202]},"properties":{"id":"GS_31285555","label":"Passeig de Sant Gervasi","links":6,"phases":3,"in_edges":["-1239757830#2","32429563#0"],"corridor":null}},{"type":"Feature","geometry":{"type":"Point","coordinates":[2.160197,41.4085]},"properties":{"id":"GS_31285672","label":"Carrer de l&apos;Escorial / Carrer de la Provid\u00e8ncia","links":5,"phases":4,"in_edges":["1264832653#0","807044473#1"],"corridor":null}},{"type":"Feature","geometry":{"type":"Point","coordinates":[2.161422,41.407214]},"properties":{"id":"GS_31285675","label":"Carrer de l&apos;Encarnaci\u00f3 / Carrer de l&apos;Escorial","links":5,"phases":4,"in_edges":["831182072#0","831182077#0"],"corridor":null}},{"type":"Feature","geometry":{"type":"Point","coordinates":[2.202819,41.413554]},"properties":{"id":"GS_312894013","label":"Carrer de la Selva de Mar / Carrer del Per\u00fa","links":9,"phases":4,"in_edges":["-43210767#6","43994629#2","753766006#0"],"corridor":null}},{"type":"Feature","geometry":{"type":"Point","coordinates":[2.198287,41.410095]},"properties":{"id":"GS_312894014","label":"Carrer d&apos;Espronceda / Carrer del Per\u00fa","links":10,"phases":4,"in_edges":["-1167593709#5","274541099#0","41388485#5"],"corridor":null}},{"type":"Feature","geometry":{"type":"Point","coordinates":[2.199496,41.41094]},"properties":{"id":"GS_315486997","label":"Carrer de Bac de Roda / Carrer del Per\u00fa","links":14,"phases":6,"in_edges":["-1012169432#2","1167593709#0","1409584595#0"],"corridor":null}},{"type":"Feature","geometry":{"type":"Point","coordinates":[2.201778,41.409241]},"properties":{"id":"GS_315486999","label":"Carrer de Bac de Roda / Carrer del Marroc","links":10,"phases":4,"in_edges":["43309277#0","537990761#0"],"corridor":null}},{"type":"Feature","geometry":{"type":"Point","coordinates":[2.200608,41.410036]},"properties":{"id":"GS_315487000","label":"Carrer de Bac de Roda / Carrer de Bol\u00edvia","links":11,"phases":4,"in_edges":["1409584594#0","384757685#0"],"corridor":null}},{"type":"Feature","geometry":{"type":"Point","coordinates":[2.178855,41.400919]},"properties":{"id":"GS_3193317991","label":"Carrer de la Marina / Carrer del Consell de Cent","links":12,"phases":4,"in_edges":["165522954#0","902032667"],"corridor":null}},{"type":"Feature","geometry":{"type":"Point","coordinates":[2.164596,41.390107]},"properties":{"id":"GS_3207831035","label":"Rambla de Catalunya","links":2,"phases":4,"in_edges":["1112801397#0","1387061745#0"],"corridor":null}},{"type":"Feature","geometry":{"type":"Point","coordinates":[2.134773,41.413294]},"properties":{"id":"GS_3208632836","label":"Avinguda del Tibidabo / Carrer de Quatre Camins","links":11,"phases":4,"in_edges":["-1408677629","-32430712#2","32429576#2","52513560#4"],"corridor":null}},{"type":"Feature","geometry":{"type":"Point","coordinates":[2.138773,41.370426]},"properties":{"id":"GS_3230125668","label":"Carrer de Gav\u00e0 / Carrer de Rossend Ar\u00fas","links":3,"phases":4,"in_edges":["309246604#1","661154522#0"],"corridor":null}},{"type":"Feature","geometry":{"type":"Point","coordinates":[2.181697,41.390869]},"properties":{"id":"GS_330028856","label":"Carrer dels Almog\u00e0vers / Passeig de Llu\u00eds Companys","links":5,"phases":4,"in_edges":["226319536#0","404402526#4"],"corridor":null}},{"type":"Feature","geometry":{"type":"Point","coordinates":[2.120988,41.402059]},"properties":{"id":"GS_330417407","label":"Carrer de Margenat / Via Augusta","links":4,"phases":4,"in_edges":["1218584991","1525698710#4"],"corridor":null}},{"type":"Feature","geometry":{"type":"Point","coordinates":[2.167603,41.394181]},"properties":{"id":"GS_33098963","label":"Carrer d&apos;Arag\u00f3 / Carrer de Roger de Ll\u00faria","links":10,"phases":4,"in_edges":["1408524846#0","803424597#0"],"corridor":null}},{"type":"Feature","geometry":{"type":"Point","coordinates":[2.173233,41.39839]},"properties":{"id":"GS_33098964","label":"Carrer d&apos;Arag\u00f3 / Carrer de Roger de Flor","links":11,"phases":4,"in_edges":["1408524835#0","1501435532#0"],"corridor":null}},{"type":"Feature","geometry":{"type":"Point","coordinates":[2.185767,41.407847]},"properties":{"id":"GS_33098965","label":"Carrer d&apos;Arag\u00f3 / Carrer de la Corunya","links":4,"phases":4,"in_edges":["737114854#0","803623992#0"],"corridor":null}},{"type":"Feature","geometry":{"type":"Point","coordinates":[2.149348,41.408067]},"properties":{"id":"GS_331355856","label":"Avinguda de Vallcarca / Carrer de Vel\u00e1zquez","links":7,"phases":4,"in_edges":["121189298#0","36726124#0"],"corridor":null}},{"type":"Feature","geometry":{"type":"Point","coordinates":[2.169503,41.38845]},"properties":{"id":"GS_344992884","label":"Passeig de Gr\u00e0cia","links":6,"phases":3,"in_edges":["-295263587","612296800"],"corridor":null}},{"type":"Feature","geometry":{"type":"Point","coordinates":[2.197032,41.388859]},"properties":{"id":"GS_347353578","label":"Carrer de Joan Mir\u00f3 / Carrer de Salvador Espriu","links":5,"phases":4,"in_edges":["31242172#0","888301274#0"],"corridor":null}},{"type":"Feature","geometry":{"type":"Point","coordinates":[2.196226,41.388122]},"properties":{"id":"GS_347353580","label":"Carrer de Salvador Espriu / Pla\u00e7a dels Voluntaris","links":7,"phases":4,"in_edges":["31242172#3","426809895#0"],"corridor":null}},{"type":"Feature","geometry":{"type":"Point","coordinates":[2.150083,41.408459]},"properties":{"id":"GS_359099425","label":"Carrer de Maignon / Carrer de la Mare de D\u00e9u del Coll","links":4,"phases":4,"in_edges":["121189295#0","309875197#2"],"corridor":null}},{"type":"Feature","geometry":{"type":"Point","coordinates":[2.154533,41.410162]},"properties":{"id":"GS_359100661","label":"Avinguda del Santuari de Sant Josep de la Muntanya / Carrer de la Mare de D\u00e9u de la Salut","links":4,"phases":4,"in_edges":["238466720#1","36918922#1"],"corridor":null}},{"type":"Feature","geometry":{"type":"Point","coordinates":[2.155893,41.410856]},"properties":{"id":"GS_359100760","label":"Carrer de Larrard / Carrer de la Mare de D\u00e9u de la Salut","links":4,"phases":4,"in_edges":["32015948#1","388841726#2"],"corridor":null}},{"type":"Feature","geometry":{"type":"Point","coordinates":[2.123419,41.390904]},"properties":{"id":"GS_359234311","label":"Carrer d&apos;Eduardo Conde / Carrer del Doctor Ferran","links":10,"phases":4,"in_edges":["237515357#0","237521079#0","907015227#0"],"corridor":null}},{"type":"Feature","geometry":{"type":"Point","coordinates":[2.121393,41.392763]},"properties":{"id":"GS_359234340","label":"Carrer d&apos;Eduardo Conde / Carrer de Santa Am\u00e8lia","links":6,"phases":6,"in_edges":["-262748689#2","198184601#2","269149015#0"],"corridor":null}},{"type":"Feature","geometry":{"type":"Point","coordinates":[2.120424,41.394964]},"properties":{"id":"GS_359234349","label":"Avinguda de Josep Vicen\u00e7 Foix / Carrer dels Caponata","links":5,"phases":4,"in_edges":["-32674101#4","1033980831#0","32435377#2"],"corridor":null}},{"type":"Feature","geometry":{"type":"Point","coordinates":[2.11703,41.399337]},"properties":{"id":"GS_359234364","label":"Avinguda de Josep Vicen\u00e7 Foix / Carrer de Ramon Miquel i Planas","links":11,"phases":4,"in_edges":["-70542382#2","32356396#1","554896190#0"],"corridor":null}},{"type":"Feature","geometry":{"type":"Point","coordinates":[2.12094,41.390143]},"properties":{"id":"GS_359236960","label":"Carrer del Marqu\u00e8s de Mulhac\u00e9n / Passeig de Manuel Girona","links":4,"phases":4,"in_edges":["237521116#0","663685437#2"],"corridor":null}},{"type":"Feature","geometry":{"type":"Point","coordinates":[2.125615,41.391488]},"properties":{"id":"GS_359238034","label":"Carrer del Capit\u00e0 Arenas / Passeig de Manuel Girona","links":8,"phases":4,"in_edges":["237695643#0","554907245"],"corridor":null}},{"type":"Feature","geometry":{"type":"Point","coordinates":[2.190109,41.416243]},"properties":{"id":"GS_363888326","label":"Carrer d&apos;Espronceda / Carrer de M\u00farcia","links":5,"phases":4,"in_edges":["310308292#8","32321733#4"],"corridor":null}},{"type":"Feature","geometry":{"type":"Point","coordinates":[2.187838,41.414545]},"properties":{"id":"GS_363888331","label":"Carrer de M\u00farcia / Carrer de las Navas de Tolosa","links":6,"phases":4,"in_edges":["1409609346#0","551918655"],"corridor":null}},{"type":"Feature","geometry":{"type":"Point","coordinates":[2.188816,41.376375]},"properties":{"id":"GS_3643971036","label":"Carrer del Judici / Passeig de Joan de Borb\u00f3","links":7,"phases":4,"in_edges":["-1433586943","1433586951#0","4079505#8"],"corridor":null}},{"type":"Feature","geometry":{"type":"Point","coordinates":[2.188148,41.37804]},"properties":{"id":"GS_3643971040","label":"Carrer de Pepe Rubianes / Passeig de Joan de Borb\u00f3","links":9,"phases":4,"in_edges":["-359739476#2","-4079509#2","1433744251"],"corridor":null}},{"type":"Feature","geometry":{"type":"Point","coordinates":[2.134927,41.415426]},"properties":{"id":"GS_364669783","label":"Carrer de Josep Gar\u00ed / Carrer del Comte de Sert","links":3,"phases":4,"in_edges":["650593112#0","84277821#0"],"corridor":null}},{"type":"Feature","geometry":{"type":"Point","coordinates":[2.133686,41.414872]},"properties":{"id":"GS_364669785","label":"Avinguda del Tibidabo / Carrer de Josep Gar\u00ed","links":5,"phases":4,"in_edges":["-1220133061","-32429599#3","36931867#2"],"corridor":null}},{"type":"Feature","geometry":{"type":"Point","coordinates":[2.133871,41.414458]},"properties":{"id":"GS_364669872","label":"Avinguda del Tibidabo / Carrer d&apos;Isaac Newton","links":10,"phases":4,"in_edges":["246717739#0","32429490","653091399#0"],"corridor":null}},{"type":"Feature","geometry":{"type":"Point","coordinates":[2.137833,41.408384]},"properties":{"id":"GS_364670492","label":"Carrer de Balmes / Carrer de Moragas","links":11,"phases":6,"in_edges":["-1408679284#1","-83675761#2","1408679282#0","301800684#0"],"corridor":null}},{"type":"Feature","geometry":{"type":"Point","coordinates":[2.127139,41.391812]},"properties":{"id":"GS_364719897","label":"Carrer de Benet Mateu / Passeig de Manuel Girona","links":5,"phases":4,"in_edges":["123723091#0","165526062"],"corridor":null}},{"type":"Feature","geometry":{"type":"Point","coordinates":[2.150762,41.39682]},"properties":{"id":"GS_364722133","label":"Carrer de Tuset / Travessera de Gr\u00e0cia","links":9,"phases":4,"in_edges":["-1094456431#3","422533866#3","879179147#0"],"corridor":null}},{"type":"Feature","geometry":{"type":"Point","coordinates":[2.138145,41.377942]},"properties":{"id":"GS_364992741","label":"Carrer del Vallespir / Pla\u00e7a de Joan Peir\u00f3","links":3,"phases":4,"in_edges":["129216269#0","237914532#7"],"corridor":null}},{"type":"Feature","geometry":{"type":"Point","coordinates":[2.19309,41.397059]},"properties":{"id":"GS_365565046","label":"Carrer d&apos;\u00c0laba / Carrer de Pere IV","links":5,"phases":4,"in_edges":["274322569#17","322220668#2"],"corridor":null}},{"type":"Feature","geometry":{"type":"Point","coordinates":[2.193881,41.403305]},"properties":{"id":"GS_365565831","label":"Carrer de Roc Boronat / Carrer de T\u00e0nger","links":6,"phases":6,"in_edges":["-440740427","1186706639#0","450369489#3"],"corridor":null}},{"type":"Feature","geometry":{"type":"Point","coordinates":[2.169362,41.415608]},"properties":{"id":"GS_3748616600","label":"Avinguda de la Mare de D\u00e9u de Montserrat / Carrer de Cartagena","links":6,"phases":4,"in_edges":["-251746322#2","-35163846#2","450062319#8"],"corridor":null}},{"type":"Feature","geometry":{"type":"Point","coordinates":[2.184737,41.393097]},"properties":{"id":"GS_3752208202","label":"Carrer de Wellington / Carrer dels Almog\u00e0vers","links":5,"phases":4,"in_edges":["237914537#0","42858989#4"],"corridor":null}},{"type":"Feature","geometry":{"type":"Point","coordinates":[2.122367,41.382928]},"properties":{"id":"GS_378208896","label":"Avinguda de Joan XXIII","links":3,"phases":3,"in_edges":["-1522870054#1","908675806#0"],"corridor":null}},{"type":"Feature","geometry":{"type":"Point","coordinates":[2.192513,41.39389]},"properties":{"id":"GS_381897080","label":"Carrer de Llull / Carrer de Zamora","links":6,"phases":4,"in_edges":["158967343#0","910018159#0"],"corridor":null}},{"type":"Feature","geometry":{"type":"Point","coordinates":[2.137574,41.364526]},"properties":{"id":"GS_3857584858","label":"Carrer de la Mineria","links":1,"phases":3,"in_edges":["1549640219#0"],"corridor":null}},{"type":"Feature","geometry":{"type":"Point","coordinates":[2.171894,41.418322]},"properties":{"id":"GS_387127696","label":"Avinguda de la Mare de D\u00e9u de Montserrat / Carrer de la Bisbal","links":8,"phases":4,"in_edges":["-450062319#7","542968992#0","71123246#1"],"corridor":null}},{"type":"Feature","geometry":{"type":"Point","coordinates":[2.169417,41.414902]},"properties":{"id":"GS_387130502","label":"Carrer de Cartagena / Carrer de Josep Ciurana","links":5,"phases":4,"in_edges":["-35163846#5","450062323","71214957#1"],"corridor":null}},{"type":"Feature","geometry":{"type":"Point","coordinates":[2.115397,41.388067]},"properties":{"id":"GS_390057402","label":"Carrer de Bet Figueras / Carrer de John Maynard Keynes","links":6,"phases":4,"in_edges":["-123281152#3","-23492283#2","-34054350#3"],"corridor":null}},{"type":"Feature","geometry":{"type":"Point","coordinates":[2.120125,41.386555]},"properties":{"id":"GS_390227134","label":"Avinguda Diagonal / Carrer de Pere Duran Farell","links":16,"phases":4,"in_edges":["-543400543#1","396947540#0","449751442#0"],"corridor":"diagonal"}},{"type":"Feature","geometry":{"type":"Point","coordinates":[2.203954,41.412642]},"properties":{"id":"GS_390879715","label":"Carrer de Bol\u00edvia / Carrer de la Selva de Mar","links":4,"phases":4,"in_edges":["542287695#0","556969376#0"],"corridor":null}},{"type":"Feature","geometry":{"type":"Point","coordinates":[2.160496,41.411766]},"properties":{"id":"GS_393144498","label":"Carrer de Pau Alsina / Carrer de les Cam\u00e8lies","links":6,"phases":4,"in_edges":["13718672#6","542845445#4"],"corridor":null}},{"type":"Feature","geometry":{"type":"Point","coordinates":[2.117309,41.375823]},"properties":{"id":"GS_401870564","label":"Avinguda de Sant Ramon Nonat / Carretera de Collblanc","links":9,"phases":4,"in_edges":["-1230856538#1","-249808253#4","-544658923#2"],"corridor":null}},{"type":"Feature","geometry":{"type":"Point","coordinates":[2.138736,41.397829]},"properties":{"id":"GS_412362689","label":"Carrer de Vallmajor / Via Augusta","links":9,"phases":4,"in_edges":["-1395142055#3","1123909910#1","295263593#0"],"corridor":null}},{"type":"Feature","geometry":{"type":"Point","coordinates":[2.146087,41.400695]},"properties":{"id":"GS_412398657","label":"Via Augusta","links":6,"phases":4,"in_edges":["-1395142051#1","54514989#0"],"corridor":null}},{"type":"Feature","geometry":{"type":"Point","coordinates":[2.143903,41.399341]},"properties":{"id":"GS_412398660","label":"Carrer de Tavern / Via Augusta","links":9,"phases":4,"in_edges":["-262723581#3","237957220#0","34908764#0"],"corridor":null}},{"type":"Feature","geometry":{"type":"Point","coordinates":[2.143163,41.398916]},"properties":{"id":"GS_412398661","label":"Carrer de Muntaner / Via Augusta","links":10,"phases":4,"in_edges":["-541430462#3","262723581#0","37067695#5"],"corridor":null}},{"type":"Feature","geometry":{"type":"Point","coordinates":[2.14233,41.398408]},"properties":{"id":"GS_412398663","label":"Carrer de Santal\u00f3 / Via Augusta","links":11,"phases":4,"in_edges":["-237506963#3","1395142053#0","1541219132#0"],"corridor":null}},{"type":"Feature","geometry":{"type":"Point","coordinates":[2.139969,41.397852]},"properties":{"id":"GS_412398667","label":"Via Augusta","links":6,"phases":3,"in_edges":["-1395142054#2","308378779#0"],"corridor":null}},{"type":"Feature","geometry":{"type":"Point","coordinates":[2.170744,41.412293]},"properties":{"id":"GS_412442591","label":"Carrer de Llorens i Barba / Carrer de los Castillejos","links":5,"phases":4,"in_edges":["1409296656#0","175473476#0"],"corridor":null}},{"type":"Feature","geometry":{"type":"Point","coordinates":[2.13834,41.414743]},"properties":{"id":"GS_412453115","label":"Carrer de Gomis / Pla\u00e7a d&apos;Alfonso Com\u00edn","links":4,"phases":4,"in_edges":["123189756#0","4750277#1"],"corridor":null}},{"type":"Feature","geometry":{"type":"Point","coordinates":[2.142132,41.415809]},"properties":{"id":"GS_412453201","label":"Avinguda de Vallcarca","links":4,"phases":3,"in_edges":["-1408951010#2","138470927#0"],"corridor":null}},{"type":"Feature","geometry":{"type":"Point","coordinates":[2.141122,41.417314]},"properties":{"id":"GS_412453202","label":"Avinguda de Vallcarca / Carrer d&apos;Anna Piferrer","links":4,"phases":4,"in_edges":["-138470926#4","139987146#0","895622768"],"corridor":null}},{"type":"Feature","geometry":{"type":"Point","coordinates":[2.142779,41.414806]},"properties":{"id":"GS_412453967","label":"Avinguda de Vallcarca","links":4,"phases":3,"in_edges":["-138470927#4","118930681"],"corridor":null}},{"type":"Feature","geometry":{"type":"Point","coordinates":[2.137802,41.414298]},"properties":{"id":"GS_412453971","label":"Passeig de Sant Gervasi / Pla\u00e7a d&apos;Alfonso Com\u00edn","links":4,"phases":4,"in_edges":["138470940#0","237655882#0"],"corridor":null}},{"type":"Feature","geometry":{"type":"Point","coordinates":[2.136201,41.415104]},"properties":{"id":"GS_412453978","label":"Carrer d&apos;Isaac Newton / Pla\u00e7a d&apos;Alfonso Com\u00edn","links":6,"phases":4,"in_edges":["138470941#2","902739254#0"],"corridor":null}},{"type":"Feature","geometry":{"type":"Point","coordinates":[2.146249,41.409702]},"properties":{"id":"GS_412461955","label":"Avinguda de la Rep\u00fablica Argentina / Carrer d&apos;Agramunt","links":5,"phases":4,"in_edges":["35172599#1","74621162#0"],"corridor":null}},{"type":"Feature","geometry":{"type":"Point","coordinates":[2.148005,41.407666]},"properties":{"id":"GS_412549130","label":"Avinguda de la Rep\u00fablica Argentina / Carrer de P\u00e0dua","links":7,"phases":4,"in_edges":["284386838#0","35172819#3"],"corridor":null}},{"type":"Feature","geometry":{"type":"Point","coordinates":[2.146698,41.398422]},"properties":{"id":"GS_415933918","label":"Carrer d&apos;Aribau / Carrer dels Madrazo","links":8,"phases":4,"in_edges":["35465964#3","879179148#12"],"corridor":null}},{"type":"Feature","geometry":{"type":"Point","coordinates":[2.15706,41.41079]},"properties":{"id":"GS_415956314","label":"Carrer de Sors / Travessera de Dalt","links":4,"phases":4,"in_edges":["1264832659#0","1360091624"],"corridor":null}},{"type":"Feature","geometry":{"type":"Point","coordinates":[2.155711,41.40988]},"properties":{"id":"GS_415956317","label":"Carrer de Rabassa / Travessera de Dalt","links":5,"phases":4,"in_edges":["1264832628#0","238466731#0"],"corridor":null}},{"type":"Feature","geometry":{"type":"Point","coordinates":[2.125587,41.380672]},"properties":{"id":"GS_416523700","label":"Carrer del Comandant Ben\u00edtez / Travessera de les Corts","links":11,"phases":4,"in_edges":["-1395771681#1","237805214#0","906505543#0"],"corridor":null}},{"type":"Feature","geometry":{"type":"Point","coordinates":[2.19272,41.405856]},"properties":{"id":"GS_416885091","label":"Carrer de la Llacuna / Carrer del Per\u00fa","links":4,"phases":4,"in_edges":["-1144054930#2","1117335468#0","253100436#0"],"corridor":null}},{"type":"Feature","geometry":{"type":"Point","coordinates":[2.196045,41.408421]},"properties":{"id":"GS_416885092","label":"Carrer de Bilbao / Carrer del Per\u00fa","links":10,"phases":4,"in_edges":["-274541099#3","1167592720#2","255327613#4"],"corridor":null}},{"type":"Feature","geometry":{"type":"Point","coordinates":[2.194498,41.407216]},"properties":{"id":"GS_416885095","label":"Carrer de Sant Joan de Malta / Carrer del Per\u00fa","links":13,"phases":6,"in_edges":["-1167592720#1","-274541098#0","-34992638","-427600521#4"],"corridor":null}},{"type":"Feature","geometry":{"type":"Point","coordinates":[2.197166,41.407531]},"properties":{"id":"GS_416886810","label":"Carrer de Bilbao / Carrer de Bol\u00edvia","links":4,"phases":4,"in_edges":["255327615#0","45951438#3"],"corridor":null}},{"type":"Feature","geometry":{"type":"Point","coordinates":[2.123491,41.39987]},"properties":{"id":"GS_418137494","label":"Carrer de Salvador Mund\u00ed / Via Augusta","links":3,"phases":4,"in_edges":["-1548212379#1","238862123#0"],"corridor":null}},{"type":"Feature","geometry":{"type":"Point","coordinates":[2.11972,41.376902]},"properties":{"id":"GS_425612244","label":"Carrer Pintor Tapir\u00f3 / Carrer de Francesc Layret","links":7,"phases":6,"in_edges":["-239293915#7","1258709160","178129415#0","36543004#1"],"corridor":null}},{"type":"Feature","geometry":{"type":"Point","coordinates":[2.199866,41.405512]},"properties":{"id":"GS_4263046378","label":"Carrer de Bilbao / Carrer de Pere IV","links":5,"phases":4,"in_edges":["1409609353#0","328020292#7"],"corridor":null}},{"type":"Feature","geometry":{"type":"Point","coordinates":[2.172413,41.399592]},"properties":{"id":"GS_430535703","label":"Avinguda Diagonal (lateral mar) / Carrer de Val\u00e8ncia","links":8,"phases":4,"in_edges":["1218238869#0","1409643074#0"],"corridor":"diagonal"}},{"type":"Feature","geometry":{"type":"Point","coordinates":[2.173223,41.400094]},"properties":{"id":"GS_430535725","label":"Avinguda Diagonal / Carrer de N\u00e0pols","links":11,"phases":6,"in_edges":["1370023304#0","237691685#1","620654338#0"],"corridor":"diagonal"}},{"type":"Feature","geometry":{"type":"Point","coordinates":[2.133776,41.406784]},"properties":{"id":"GS_432467115","label":"Carrer de Sant Gervasi de Cassoles / Passeig de Sant Gervasi","links":12,"phases":8,"in_edges":["-1110490161#3","44868708#0","904784702#1","969582715#0"],"corridor":null}},{"type":"Feature","geometry":{"type":"Point","coordinates":[2.132916,41.404117]},"properties":{"id":"GS_432509964","label":"Carrer de Mandri / Carrer de Ma\u00f3","links":7,"phases":4,"in_edges":["-891586759#1","107323668#0","882153783"],"corridor":null}},{"type":"Feature","geometry":{"type":"Point","coordinates":[2.207739,41.399717]},"properties":{"id":"GS_4373522803","label":"Carrer de la Jonquera / Carrer del Perell\u00f3","links":5,"phases":4,"in_edges":["-1503616281#3","158959866#0","439666936#2"],"corridor":null}},{"type":"Feature","geometry":{"type":"Point","coordinates":[2.191636,41.401585]},"properties":{"id":"GS_4385157796","label":"Carrer de Badajoz / Carrer de T\u00e0nger","links":7,"phases":4,"in_edges":["251551138#0","440740415#0"],"corridor":null}},{"type":"Feature","geometry":{"type":"Point","coordinates":[2.195026,41.404126]},"properties":{"id":"GS_4385157797","label":"Carrer de T\u00e0nger / Carrer de la Llacuna","links":6,"phases":4,"in_edges":["440773128#0","450369489#0"],"corridor":null}},{"type":"Feature","geometry":{"type":"Point","coordinates":[2.198333,41.401519]},"properties":{"id":"GS_4385157798","label":"Carrer de Pallars / Carrer de la Llacuna","links":6,"phases":4,"in_edges":["264731314#0","466765993#0"],"corridor":null}},{"type":"Feature","geometry":{"type":"Point","coordinates":[2.194936,41.398959]},"properties":{"id":"GS_4385157799","label":"Carrer de Badajoz / Carrer de Pallars","links":8,"phases":4,"in_edges":["466765994#0","542287063#0"],"corridor":null}},{"type":"Feature","geometry":{"type":"Point","coordinates":[2.165072,41.392275]},"properties":{"id":"GS_442540237","label":"Carrer d&apos;Arag\u00f3 / Passeig de Gr\u00e0cia (lateral Bes\u00f2s)","links":10,"phases":4,"in_edges":["579981381#0","908375884#0"],"corridor":null}},{"type":"Feature","geometry":{"type":"Point","coordinates":[2.16291,41.394057]},"properties":{"id":"GS_442540239","label":"Carrer de Mallorca / Passeig de Gr\u00e0cia (lateral Bes\u00f2s)","links":7,"phases":4,"in_edges":["1248750829","524963567#2"],"corridor":null}},{"type":"Feature","geometry":{"type":"Point","coordinates":[2.182195,41.418825]},"properties":{"id":"GS_448786033","label":"Carrer de Juan de Garay / Carrer de las Navas de Tolosa","links":5,"phases":4,"in_edges":["237645202#0","38132670#2"],"corridor":null}},{"type":"Feature","geometry":{"type":"Point","coordinates":[2.182227,41.420462]},"properties":{"id":"GS_448786036","label":"Carrer d&apos;Olesa / Carrer de Biscaia","links":3,"phases":4,"in_edges":["271072546#1","36054671#3"],"corridor":null}},{"type":"Feature","geometry":{"type":"Point","coordinates":[2.114252,41.371665]},"properties":{"id":"GS_451753935","label":"Avinguda del Torrent Gornal","links":4,"phases":3,"in_edges":["-80789111#8","80789111#5"],"corridor":null}},{"type":"Feature","geometry":{"type":"Point","coordinates":[2.116034,41.374885]},"properties":{"id":"GS_451753957","label":"Carrer de la Creu Roja","links":6,"phases":3,"in_edges":["-863912660#4","38287038#1"],"corridor":null}},{"type":"Feature","geometry":{"type":"Point","coordinates":[2.116814,41.375145]},"properties":{"id":"GS_451753959","label":"Carrer de Farn\u00e9s / Travessera de Collblanc","links":4,"phases":4,"in_edges":["1218909353","38287046#0"],"corridor":null}},{"type":"Feature","geometry":{"type":"Point","coordinates":[2.134122,41.369448]},"properties":{"id":"GS_4541533775","label":"Carrer de Parcerisa / Carrer de Sagunt","links":6,"phases":6,"in_edges":["-831157552#7","1226435913","4783599#2","831157552#0"],"corridor":null}},{"type":"Feature","geometry":{"type":"Point","coordinates":[2.175741,41.373327]},"properties":{"id":"GS_4549272595","label":"Passeig de Josep Carner / Pla\u00e7a de les Drassanes","links":6,"phases":4,"in_edges":["18507616#0","294871190#0"],"corridor":null}},{"type":"Feature","geometry":{"type":"Point","coordinates":[2.206309,41.412648]},"properties":{"id":"GS_4552362841","label":"Carrer del Marroc / Carrer del Treball","links":6,"phases":4,"in_edges":["1014095869","43309275"],"corridor":null}},{"type":"Feature","geometry":{"type":"Point","coordinates":[2.164124,41.388238]},"properties":{"id":"GS_4719409243","label":"Carrer de Balmes / Carrer de la Diputaci\u00f3","links":9,"phases":4,"in_edges":["449991617#0","478725549#0"],"corridor":null}},{"type":"Feature","geometry":{"type":"Point","coordinates":[2.158389,41.370128]},"properties":{"id":"GS_4834501691","label":"Passeig de Santa Madrona / Passeig de l&apos;Exposici\u00f3","links":6,"phases":6,"in_edges":["-1545997754","1550484407#0","237923131#1"],"corridor":null}},{"type":"Feature","geometry":{"type":"Point","coordinates":[2.17497,41.374577]},"properties":{"id":"GS_4834502023","label":"Avinguda del Paral\u00b7lel / Carrer de Carrera","links":4,"phases":4,"in_edges":["4746864#2","880513895#0"],"corridor":null}},{"type":"Feature","geometry":{"type":"Point","coordinates":[2.14832,41.384801]},"properties":{"id":"GS_4840145821","label":"Carrer de Cal\u00e0bria / Carrer de Proven\u00e7a","links":5,"phases":4,"in_edges":["449991621#0","730337227#4"],"corridor":null}},{"type":"Feature","geometry":{"type":"Point","coordinates":[2.184394,41.400231]},"properties":{"id":"GS_506131402","label":"Carrer de Padilla / Carrer de Ribes","links":7,"phases":4,"in_edges":["451710464#0","521045101#0"],"corridor":null}},{"type":"Feature","geometry":{"type":"Point","coordinates":[2.197177,41.397257]},"properties":{"id":"GS_506151644","label":"Carrer de Badajoz / Carrer de Llull","links":9,"phases":4,"in_edges":["310929462#0","566541728#0"],"corridor":null}},{"type":"Feature","geometry":{"type":"Point","coordinates":[2.189247,41.398203]},"properties":{"id":"GS_506223330","label":"Carrer de Pamplona / Carrer de Sancho de \u00c1vila","links":7,"phases":4,"in_edges":["115801086#0","930193073#0"],"corridor":null}},{"type":"Feature","geometry":{"type":"Point","coordinates":[2.191494,41.399874]},"properties":{"id":"GS_506223339","label":"Carrer d&apos;\u00c0vila / Carrer de Sancho de \u00c1vila","links":6,"phases":4,"in_edges":["466762669#0","952700589#0"],"corridor":null}},{"type":"Feature","geometry":{"type":"Point","coordinates":[2.192732,41.400694]},"properties":{"id":"GS_506223345","label":"Carrer de Badajoz / Carrer de Sancho de \u00c1vila","links":7,"phases":6,"in_edges":["-440788954","440740418#0","952700589#4"],"corridor":null}},{"type":"Feature","geometry":{"type":"Point","coordinates":[2.192356,41.41114]},"properties":{"id":"GS_506223416","label":"Carrer de Bilbao / Carrer del Concili de Trento","links":5,"phases":4,"in_edges":["237691680#3","237691688#0"],"corridor":null}},{"type":"Feature","geometry":{"type":"Point","coordinates":[2.183604,41.39905]},"properties":{"id":"GS_506236275","label":"Carrer de Casp / Carrer de Lepant","links":7,"phases":6,"in_edges":["238179159#0","238179174#0","579981377#0"],"corridor":null}},{"type":"Feature","geometry":{"type":"Point","coordinates":[2.19356,41.411939]},"properties":{"id":"GS_506242739","label":"Carrer de Lope de Vega / Carrer del Concili de Trento","links":6,"phases":4,"in_edges":["276963066#0","41390764#3"],"corridor":null}},{"type":"Feature","geometry":{"type":"Point","coordinates":[2.194694,41.411071]},"properties":{"id":"GS_506242742","label":"Carrer d&apos;Andrade / Carrer de Lope de Vega","links":2,"phases":4,"in_edges":["41390764#0","46714526#0"],"corridor":null}},{"type":"Feature","geometry":{"type":"Point","coordinates":[2.137156,41.385061]},"properties":{"id":"GS_511123411","label":"Carrer de Num\u00e0ncia / Carrer del Marqu\u00e8s de Sentmenat","links":10,"phases":4,"in_edges":["490631541#0","544164281#0"],"corridor":null}},{"type":"Feature","geometry":{"type":"Point","coordinates":[2.134598,41.384651]},"properties":{"id":"GS_511123419","label":"Carrer del Marqu\u00e8s de Sentmenat / Carrer dels Comtes de Bell-lloc","links":2,"phases":4,"in_edges":["247548702#3","41643021#3"],"corridor":null}},{"type":"Feature","geometry":{"type":"Point","coordinates":[2.116477,41.375766]},"properties":{"id":"GS_5264791964","label":"Carrer de Farn\u00e9s / Carretera de Collblanc","links":6,"phases":4,"in_edges":["-1395771685#1","1215141859","249808253#0"],"corridor":null}},{"type":"Feature","geometry":{"type":"Point","coordinates":[2.114995,41.375736]},"properties":{"id":"GS_5264792102","label":"Carrer de Rosich","links":2,"phases":3,"in_edges":["5111087#0"],"corridor":null}},{"type":"Feature","geometry":{"type":"Point","coordinates":[2.177389,41.390055]},"properties":{"id":"GS_533662625","label":"Carrer de M\u00e9ndez N\u00fa\u00f1ez / Carrer de Trafalgar","links":6,"phases":4,"in_edges":["237566135#0","4745503"],"corridor":null}},{"type":"Feature","geometry":{"type":"Point","coordinates":[2.180067,41.400101]},"properties":{"id":"GS_536418253","label":"Carrer de la Diputaci\u00f3 / Carrer de la Marina","links":11,"phases":4,"in_edges":["237519391#0","490667333#0"],"corridor":null}},{"type":"Feature","geometry":{"type":"Point","coordinates":[2.203763,41.417935]},"properties":{"id":"GS_541643994","label":"Carrer d&apos;Andrade / Carrer de Cant\u00e0bria","links":9,"phases":4,"in_edges":["-490482503#2","451710461#3","490482506#0"],"corridor":null}},{"type":"Feature","geometry":{"type":"Point","coordinates":[2.20631,41.416045]},"properties":{"id":"GS_541644006","label":"Carrer de Josep Pla / Carrer del Paraguai","links":9,"phases":4,"in_edges":["-323846616#2","310970694#0","43210767#0"],"corridor":null}},{"type":"Feature","geometry":{"type":"Point","coordinates":[2.207317,41.415243]},"properties":{"id":"GS_541644026","label":"Carrer de Josep Pla / Carrer de Pere IV","links":8,"phases":4,"in_edges":["542287694#2","648433600#0"],"corridor":null}},{"type":"Feature","geometry":{"type":"Point","coordinates":[2.209004,41.417363]},"properties":{"id":"GS_541644027","label":"Carrer de Pere IV / Carrer del Maresme","links":5,"phases":6,"in_edges":["26749567#1","310970695#0","477188218#0"],"corridor":null}},{"type":"Feature","geometry":{"type":"Point","coordinates":[2.209681,41.413501]},"properties":{"id":"GS_541644040","label":"Carrer de Crist\u00f3bal de Moura / Carrer de Josep Pla","links":11,"phases":6,"in_edges":["43275645#7","542290107#0","542290108#0"],"corridor":null}},{"type":"Feature","geometry":{"type":"Point","coordinates":[2.206245,41.410983]},"properties":{"id":"GS_543552897","label":"Carrer de Crist\u00f3bal de Moura / Carrer de la Selva de Mar","links":6,"phases":4,"in_edges":["-43275645#3","542287693#0"],"corridor":null}},{"type":"Feature","geometry":{"type":"Point","coordinates":[2.207336,41.410101]},"properties":{"id":"GS_543552907","label":"Carrer de Vene\u00e7uela / Carrer de la Selva de Mar","links":6,"phases":4,"in_edges":["43275636#2","483426613#0"],"corridor":null}},{"type":"Feature","geometry":{"type":"Point","coordinates":[2.20849,41.412663]},"properties":{"id":"GS_543552977","label":"Carrer de Crist\u00f3bal de Moura / Carrer de l&apos;Agricultura","links":8,"phases":4,"in_edges":["-43275645#12","43275645#4","623788466#1"],"corridor":null}},{"type":"Feature","geometry":{"type":"Point","coordinates":[2.206248,41.409231]},"properties":{"id":"GS_543553128","label":"Carrer de Proven\u00e7als / Carrer de Vene\u00e7uela","links":5,"phases":6,"in_edges":["300339187#0","300339192#0","43275666#0"],"corridor":null}},{"type":"Feature","geometry":{"type":"Point","coordinates":[2.197842,41.406221]},"properties":{"id":"GS_544222994","label":"Avinguda Diagonal / Carrer del Marroc","links":7,"phases":4,"in_edges":["237787035#0","45941453#0"],"corridor":"diagonal"}},{"type":"Feature","geometry":{"type":"Point","coordinates":[2.200599,41.408417]},"properties":{"id":"GS_544223002","label":"Carrer d&apos;Espronceda / Carrer del Marroc","links":6,"phases":4,"in_edges":["41388485#12","43309277#4"],"corridor":null}},{"type":"Feature","geometry":{"type":"Point","coordinates":[2.208597,41.414356]},"properties":{"id":"GS_544223032","label":"Carrer de Josep Pla / Carrer del Marroc","links":9,"phases":4,"in_edges":["310929479#2","43309274#0"],"corridor":null}},{"type":"Feature","geometry":{"type":"Point","coordinates":[2.139605,41.386394]},"properties":{"id":"GS_557230343","label":"Carrer de l&apos;Equador / Carrer del Taqu\u00edgraf Serra","links":5,"phases":4,"in_edges":["134123334#0","43872044#3"],"corridor":null}},{"type":"Feature","geometry":{"type":"Point","coordinates":[2.141474,41.384761]},"properties":{"id":"GS_557230376","label":"Carrer de Berl\u00edn / Carrer de l&apos;Equador","links":10,"phases":4,"in_edges":["1408570134","43872044#11"],"corridor":null}},{"type":"Feature","geometry":{"type":"Point","coordinates":[2.140349,41.383894]},"properties":{"id":"GS_557230545","label":"Carrer de Berl\u00edn / Carrer de Nicaragua","links":9,"phases":4,"in_edges":["1408570132#0","1408570133#0"],"corridor":null}},{"type":"Feature","geometry":{"type":"Point","coordinates":[2.203857,41.421247]},"properties":{"id":"GS_559410531","label":"Carrer del Maresme / Rambla de Guip\u00fascoa","links":3,"phases":4,"in_edges":["294393944#4","53051510#4"],"corridor":null}},{"type":"Feature","geometry":{"type":"Point","coordinates":[2.199627,41.412738]},"properties":{"id":"GS_559415597","label":"Carrer de Fluvi\u00e0 / Gran Via de les Corts Catalanes (lateral mar)","links":2,"phases":4,"in_edges":["237787042#0","48718734#3"],"corridor":"gran_via"}},{"type":"Feature","geometry":{"type":"Point","coordinates":[2.19912,41.41278]},"properties":{"id":"GS_559418998","label":"Carrer de Fluvi\u00e0 / Gran Via de les Corts Catalanes (lateral muntanya)","links":3,"phases":4,"in_edges":["1427103789#0","237657757#0"],"corridor":"gran_via"}},{"type":"Feature","geometry":{"type":"Point","coordinates":[2.205935,41.417873]},"properties":{"id":"GS_559420263","label":"Carrer de Puigcerd\u00e0 / Gran Via de les Corts Catalanes (lateral muntanya)","links":3,"phases":4,"in_edges":["1355205581#0","545747655#2"],"corridor":"gran_via"}},{"type":"Feature","geometry":{"type":"Point","coordinates":[2.183568,41.402461]},"properties":{"id":"GS_559803319","label":"Avinguda Diagonal / Carrer de los Castillejos","links":5,"phases":4,"in_edges":["1408555556#0","908550631#0"],"corridor":"diagonal"}},{"type":"Feature","geometry":{"type":"Point","coordinates":[2.150112,41.40105]},"properties":{"id":"GS_568847350","label":"Carrer dels Madrazo / Via Augusta","links":6,"phases":4,"in_edges":["287670536#0","450373533#2"],"corridor":null}},{"type":"Feature","geometry":{"type":"Point","coordinates":[2.193369,41.408465]},"properties":{"id":"GS_5906608846","label":"Gran Via de les Corts Catalanes / Gran Via de les Corts Catalanes (lateral muntanya)","links":2,"phases":4,"in_edges":["1049887842","1219655112"],"corridor":"gran_via"}},{"type":"Feature","geometry":{"type":"Point","coordinates":[2.200932,41.404804]},"properties":{"id":"GS_597222090","label":"Cam\u00ed Antic de Val\u00e8ncia / Carrer de Bilbao","links":3,"phases":4,"in_edges":["1409609351#0","237799273#0"],"corridor":null}},{"type":"Feature","geometry":{"type":"Point","coordinates":[2.196119,41.406659]},"properties":{"id":"GS_597263757","label":"Carrer de Bol\u00edvia / Carrer de Castella","links":4,"phases":4,"in_edges":["243804000#0","45951438#0"],"corridor":null}},{"type":"Feature","geometry":{"type":"Point","coordinates":[2.123251,41.379098]},"properties":{"id":"GS_59749808","label":"Carrer d&apos;Arizala / Travessera de les Corts","links":7,"phases":4,"in_edges":["-1395771682","1280717099#1","1395771680#0"],"corridor":null}},{"type":"Feature","geometry":{"type":"Point","coordinates":[2.125197,41.375619]},"properties":{"id":"GS_59749810","label":"Carrer de Sants","links":4,"phases":4,"in_edges":["-45185735#3","27645416#5"],"corridor":null}},{"type":"Feature","geometry":{"type":"Point","coordinates":[2.197909,41.415583]},"properties":{"id":"GS_597933738","label":"Carrer de Julian Besteiro / Carrer del Concili de Trento","links":4,"phases":4,"in_edges":["115799305#0","46800631#0"],"corridor":null}},{"type":"Feature","geometry":{"type":"Point","coordinates":[2.200373,41.415401]},"properties":{"id":"GS_597933744","label":"Carrer de la Selva de Mar","links":5,"phases":3,"in_edges":["-46800615#4","115799302#10"],"corridor":null}},{"type":"Feature","geometry":{"type":"Point","coordinates":[2.196659,41.414703]},"properties":{"id":"GS_597933813","label":"Carrer de Fluvi\u00e0 / Carrer del Concili de Trento","links":4,"phases":4,"in_edges":["115799305#3","46800632#0"],"corridor":null}},{"type":"Feature","geometry":{"type":"Point","coordinates":[2.130837,41.384223]},"properties":{"id":"GS_59850112","label":"Carrer de Joan G\u00fcell / Travessera de les Corts","links":11,"phases":4,"in_edges":["-1395771679","542503068#9","542503069#0"],"corridor":null}},{"type":"Feature","geometry":{"type":"Point","coordinates":[2.137701,41.388337]},"properties":{"id":"GS_59850118","label":"Carrer del Prat d&apos;en Rull / Travessera de les Corts","links":7,"phases":4,"in_edges":["208606448#0","894049236#0"],"corridor":null}},{"type":"Feature","geometry":{"type":"Point","coordinates":[2.128759,41.364621]},"properties":{"id":"GS_60200014","label":"Avinguda del Carrilet / Carrer de Jacint Verdaguer","links":7,"phases":4,"in_edges":["-82003432#26","82003432#20","83304235#0"],"corridor":null}},{"type":"Feature","geometry":{"type":"Point","coordinates":[2.127225,41.375548]},"properties":{"id":"GS_60591112","label":"Carrer de Sants / Carrer de Sugranyes","links":9,"phases":4,"in_edges":["-45185735#12","356740816#1","45185735#5"],"corridor":null}},{"type":"Feature","geometry":{"type":"Point","coordinates":[2.186831,41.413942]},"properties":{"id":"GS_6091986825","label":"Avinguda Meridiana","links":7,"phases":4,"in_edges":["1393749278#0","649035674#0"],"corridor":"meridiana"}},{"type":"Feature","geometry":{"type":"Point","coordinates":[2.152957,41.402032]},"properties":{"id":"GS_60969474","label":"Carrer Gran de Gr\u00e0cia / Rambla de Prat","links":3,"phases":4,"in_edges":["831255361#0","8590854#3"],"corridor":null}},{"type":"Feature","geometry":{"type":"Point","coordinates":[2.130028,41.385666]},"properties":{"id":"GS_6125086059","label":"Carrer de Joan G\u00fcell / Carrer del Remei","links":3,"phases":4,"in_edges":["49581937#0","542503068#2"],"corridor":null}},{"type":"Feature","geometry":{"type":"Point","coordinates":[2.174453,41.411094]},"properties":{"id":"GS_616490919","label":"Avinguda de Gaud\u00ed / Carrer de Cartagena","links":3,"phases":4,"in_edges":["48525740","915744534#0"],"corridor":null}},{"type":"Feature","geometry":{"type":"Point","coordinates":[2.190053,41.412733]},"properties":{"id":"GS_616512950","label":"Carrer de Val\u00e8ncia / Carrer de las Navas de Tolosa","links":13,"phases":7,"in_edges":["284579036#0","32321640#2","450423876#7"],"corridor":null}},{"type":"Feature","geometry":{"type":"Point","coordinates":[2.202634,41.417047]},"properties":{"id":"GS_618356556","label":"Carrer d&apos;Andrade / Carrer de l&apos;Agricultura","links":4,"phases":4,"in_edges":["451710461#1","96647278#3"],"corridor":null}},{"type":"Feature","geometry":{"type":"Point","coordinates":[2.183933,41.419264]},"properties":{"id":"GS_618404475","label":"Carrer de Biscaia / Carrer de Concepci\u00f3n Arenal","links":5,"phases":4,"in_edges":["669436758#0","822288506#0"],"corridor":null}},{"type":"Feature","geometry":{"type":"Point","coordinates":[2.189031,41.415356]},"properties":{"id":"GS_618404480","label":"Carrer de Biscaia / Carrer de M\u00farcia","links":4,"phases":4,"in_edges":["301322216#0","32321733#0"],"corridor":null}},{"type":"Feature","geometry":{"type":"Point","coordinates":[2.197052,41.412835]},"properties":{"id":"GS_619422387","label":"Carrer d&apos;Andrade / Carrer de Bac de Roda","links":10,"phases":4,"in_edges":["1199492274#0","1409584598#0"],"corridor":null}},{"type":"Feature","geometry":{"type":"Point","coordinates":[2.194617,41.412836]},"properties":{"id":"GS_619423078","label":"Carrer d&apos;Espronceda / Carrer del Concili de Trento","links":6,"phases":4,"in_edges":["360374687#0","86255368#0"],"corridor":null}},{"type":"Feature","geometry":{"type":"Point","coordinates":[2.174341,41.406172]},"properties":{"id":"GS_667410900","label":"Carrer de Lepant / Carrer del Rossell\u00f3","links":9,"phases":4,"in_edges":["251684604#0","518532065#0"],"corridor":null}},{"type":"Feature","geometry":{"type":"Point","coordinates":[2.152108,41.399682]},"properties":{"id":"GS_678297060","label":"Pla\u00e7a de Gal\u00b7la Plac\u00eddia / Via Augusta","links":11,"phases":4,"in_edges":["-540281990#1","35466786#0","540501373#0"],"corridor":null}},{"type":"Feature","geometry":{"type":"Point","coordinates":[2.164356,41.376091]},"properties":{"id":"GS_6833338776","label":"Carrer del Comte Borrell / Carrer del Marqu\u00e8s de Campo Sagrado","links":10,"phases":4,"in_edges":["-1216280204","1216280203","4745952#0"],"corridor":null}},{"type":"Feature","geometry":{"type":"Point","coordinates":[2.151737,41.387366]},"properties":{"id":"GS_6842012554","label":"Carrer de Proven\u00e7a / Carrer del Comte d&apos;Urgell","links":8,"phases":4,"in_edges":["145565048#0","490175812#2"],"corridor":null}},{"type":"Feature","geometry":{"type":"Point","coordinates":[2.114778,41.381469]},"properties":{"id":"GS_687897107","label":"Avinguda del Doctor Mara\u00f1\u00f3n / Carrer de Baldiri Reixac","links":4,"phases":4,"in_edges":["54648006#0","68506239#0"],"corridor":null}},{"type":"Feature","geometry":{"type":"Point","coordinates":[2.137417,41.397767]},"properties":{"id":"GS_688393877","label":"Carrer del Modolell / Via Augusta","links":9,"phases":4,"in_edges":["-1395142056#2","178640956#0","308378776#0"],"corridor":null}},{"type":"Feature","geometry":{"type":"Point","coordinates":[2.124024,41.375614]},"properties":{"id":"GS_700938022","label":"Carrer de Sants / Carrer de Torns","links":4,"phases":4,"in_edges":["27645416#0","886659997"],"corridor":null}},{"type":"Feature","geometry":{"type":"Point","coordinates":[2.135205,41.386887]},"properties":{"id":"GS_7223680627","label":"Carrer de Num\u00e0ncia / Travessera de les Corts","links":16,"phases":6,"in_edges":["1395756837#0","238768628#0","906505544#0"],"corridor":null}},{"type":"Feature","geometry":{"type":"Point","coordinates":[2.144394,41.40554]},"properties":{"id":"GS_7252331255","label":"Carrer de Ballester / Ronda del General Mitre","links":4,"phases":4,"in_edges":["237659852#1","287522296#0"],"corridor":null}},{"type":"Feature","geometry":{"type":"Point","coordinates":[2.166421,41.394968]},"properties":{"id":"GS_7515360148","label":"Carrer de Roger de Ll\u00faria / Carrer de Val\u00e8ncia","links":9,"phases":4,"in_edges":["237645196#0","803424598#0"],"corridor":null}},{"type":"Feature","geometry":{"type":"Point","coordinates":[2.169842,41.392468]},"properties":{"id":"GS_7515360155","label":"Carrer de Roger de Ll\u00faria / Carrer de la Diputaci\u00f3","links":7,"phases":4,"in_edges":["478705995#4","803424596#0"],"corridor":null}},{"type":"Feature","geometry":{"type":"Point","coordinates":[2.185701,41.419683]},"properties":{"id":"GS_769906808","label":"Carrer d&apos;Espronceda / Carrer de Sant Antoni Maria Claret","links":6,"phases":4,"in_edges":["546677358#0","546677359#0"],"corridor":null}},{"type":"Feature","geometry":{"type":"Point","coordinates":[2.180152,41.41144]},"properties":{"id":"GS_769906814","label":"Carrer de Xifr\u00e9 / Carrer del Freser","links":4,"phases":4,"in_edges":["4746925#0","62071238#0"],"corridor":null}},{"type":"Feature","geometry":{"type":"Point","coordinates":[2.187012,41.391491]},"properties":{"id":"GS_797498302","label":"Carrer de Wellington / Passeig de Pujades","links":8,"phases":4,"in_edges":["1168886235","1219057554#0"],"corridor":null}},{"type":"Feature","geometry":{"type":"Point","coordinates":[2.192037,41.384215]},"properties":{"id":"GS_876277542","label":"Carrer del Doctor Aiguader / Carrer del Gas","links":4,"phases":4,"in_edges":["-441388664","906391080#1"],"corridor":null}},{"type":"Feature","geometry":{"type":"Point","coordinates":[2.194285,41.38581]},"properties":{"id":"GS_876375351","label":"Carrer de Trelawny / Carrer del Doctor Aiguader","links":6,"phases":4,"in_edges":["182069873#0","74070542"],"corridor":null}},{"type":"Feature","geometry":{"type":"Point","coordinates":[2.137908,41.41285]},"properties":{"id":"GS_877366733","label":"Carrer de Garc\u00eda-Mari\u00f1o / Passeig de Sant Gervasi","links":5,"phases":4,"in_edges":["74174823#1","918474435#1"],"corridor":null}},{"type":"Feature","geometry":{"type":"Point","coordinates":[2.144884,41.399882]},"properties":{"id":"GS_91783971","label":"Carrer d&apos;Aribau / Via Augusta","links":6,"phases":4,"in_edges":["-1395142052#2","1158996220#0","879179148#19"],"corridor":null}},{"type":"Feature","geometry":{"type":"Point","coordinates":[2.150622,41.388235]},"properties":{"id":"GS_951467903","label":"Carrer del Comte d&apos;Urgell / Carrer del Rossell\u00f3","links":4,"phases":4,"in_edges":["-612051632#3","145565048#4"],"corridor":null}},{"type":"Feature","geometry":{"type":"Point","coordinates":[2.131797,41.382235]},"properties":{"id":"GS_998567794","label":"Carrer d&apos;Evarist Arn\u00fas / Carrer de Joan G\u00fcell","links":6,"phases":4,"in_edges":["1227463168#0","34054325#3"],"corridor":null}},{"type":"Feature","geometry":{"type":"Point","coordinates":[2.137311,41.402088]},"properties":{"id":"GS_cluster_1002675916_1002710245","label":"Carrer del Modolell / Ronda del General Mitre","links":6,"phases":5,"in_edges":["308379361#0","777231957"],"corridor":null}},{"type":"Feature","geometry":{"type":"Point","coordinates":[2.137868,41.402849]},"properties":{"id":"GS_cluster_1002675919_126763506","label":"Carrer de Muntaner / Ronda del General Mitre","links":14,"phases":4,"in_edges":["308379361#5","4744959#16","86331333#7"],"corridor":null}},{"type":"Feature","geometry":{"type":"Point","coordinates":[2.141576,41.404787]},"properties":{"id":"GS_cluster_1002675944_1765565679","label":"Carrer de Bertran / Ronda del General Mitre","links":10,"phases":5,"in_edges":["237555363#0","35361627#1","554918725#0"],"corridor":null}},{"type":"Feature","geometry":{"type":"Point","coordinates":[2.169925,41.374938]},"properties":{"id":"GS_cluster_1009334217_30238385_4538123437","label":"Avinguda del Paral\u00b7lel / Carrer Nou de la Rambla","links":15,"phases":7,"in_edges":["-239838074","76168863#3","880513897#3","895189307"],"corridor":null}},{"type":"Feature","geometry":{"type":"Point","coordinates":[2.191066,41.415569]},"properties":{"id":"GS_cluster_10207081166_30243449","label":"Carrer d&apos;Espronceda / Carrer del Clot","links":9,"phases":4,"in_edges":["284579035#0","310308292#13","555464842#0"],"corridor":null}},{"type":"Feature","geometry":{"type":"Point","coordinates":[2.15064,41.386593]},"properties":{"id":"GS_cluster_10896052336_30238021","label":"Carrer de Proven\u00e7a / Carrer del Comte Borrell","links":3,"phases":4,"in_edges":["4745963#0","925546470#0"],"corridor":null}},{"type":"Feature","geometry":{"type":"Point","coordinates":[2.132864,41.397769]},"properties":{"id":"GS_cluster_1116623801_1116623856","label":"Ronda del General Mitre / Via Augusta","links":15,"phases":4,"in_edges":["-902154887#1","237555367#0","308378773","313235646#0"],"corridor":null}},{"type":"Feature","geometry":{"type":"Point","coordinates":[2.121426,41.377943]},"properties":{"id":"GS_cluster_11218778225_11218778227_251543450_687897181","label":"Carrer d&apos;Ar\u00edstides Maillol / Carrer de la Riera Blanca","links":19,"phases":5,"in_edges":["-1395821307","165526880#0","251749488#3","906508061#0"],"corridor":null}},{"type":"Feature","geometry":{"type":"Point","coordinates":[2.144873,41.413418]},"properties":{"id":"GS_cluster_11239790234_11242746353","label":"Carrer de Sant Eudald / Carrer de la Mare de D\u00e9u dels Reis","links":13,"phases":6,"in_edges":["-1213495885","-1548791923","1213143162","1213143164#0"],"corridor":null}},{"type":"Feature","geometry":{"type":"Point","coordinates":[2.183669,41.397335]},"properties":{"id":"GS_cluster_11559713266_536418296","label":"Carrer d&apos;Ausi\u00e0s Marc / Carrer de la Marina","links":14,"phases":4,"in_edges":["-182069872#1","329378775#0","4745453#0"],"corridor":null}},{"type":"Feature","geometry":{"type":"Point","coordinates":[2.204735,41.412122]},"properties":{"id":"GS_cluster_11887554791_2782360895_543552887","label":"Carrer de la Selva de Mar","links":7,"phases":4,"in_edges":["1280697746#0","542287695#5"],"corridor":null}},{"type":"Feature","geometry":{"type":"Point","coordinates":[2.205149,41.411867]},"properties":{"id":"GS_cluster_11887554793_2782360894_544223024","label":"Carrer de la Selva de Mar / Carrer del Marroc","links":6,"phases":4,"in_edges":["459375043#0","648433594#0"],"corridor":null}},{"type":"Feature","geometry":{"type":"Point","coordinates":[2.165103,41.405944]},"properties":{"id":"GS_cluster_126547387_126656742","label":"Carrer d&apos;Hip\u00f2lit L\u00e1zaro / Travessera de Gr\u00e0cia","links":6,"phases":4,"in_edges":["1236967237#0","208568872#3"],"corridor":null}},{"type":"Feature","geometry":{"type":"Point","coordinates":[2.173117,41.396655]},"properties":{"id":"GS_cluster_126803361_250793737","label":"Carrer del Consell de Cent / Passeig de Sant Joan","links":13,"phases":4,"in_edges":["570553571#1","906140207","932391853#0"],"corridor":null}},{"type":"Feature","geometry":{"type":"Point","coordinates":[2.126171,41.39818]},"properties":{"id":"GS_cluster_12914037675_12914037676_14073221915","label":"Carrer de Demestre / Via Augusta","links":9,"phases":4,"in_edges":["-450200075#1","144967400#0","26293973#0"],"corridor":null}},{"type":"Feature","geometry":{"type":"Point","coordinates":[2.183403,41.419654]},"properties":{"id":"GS_cluster_1303430273_448786035","label":"Carrer de Biscaia / Carrer de Juan de Garay","links":6,"phases":4,"in_edges":["1285127536#0","747446548#0"],"corridor":null}},{"type":"Feature","geometry":{"type":"Point","coordinates":[2.135509,41.409756]},"properties":{"id":"GS_cluster_1303465774_364680272","label":"Passeig de Sant Gervasi","links":8,"phases":3,"in_edges":["-139261502#2","139261501#4"],"corridor":null}},{"type":"Feature","geometry":{"type":"Point","coordinates":[2.184776,41.396498]},"properties":{"id":"GS_cluster_1311935438_3134509198","label":"Carrer d&apos;Al\u00ed Bei / Carrer de la Marina","links":16,"phases":4,"in_edges":["20475089#0","308159956#0","490602015#0"],"corridor":null}},{"type":"Feature","geometry":{"type":"Point","coordinates":[2.130079,41.370061]},"properties":{"id":"GS_cluster_13266185092_667898752","label":"Carrer d&apos;Antoni de Capmany / Carrer de la Riera Blanca","links":7,"phases":4,"in_edges":["-812545714#1","569040499#0","82632833#0"],"corridor":null}},{"type":"Feature","geometry":{"type":"Point","coordinates":[2.146026,41.402011]},"properties":{"id":"GS_cluster_13307330505_30247401","label":"Carrer de Balmes / Carrer de Sant Elies","links":8,"phases":5,"in_edges":["-1539858058#2","287683998#0","35066991#1"],"corridor":null}},{"type":"Feature","geometry":{"type":"Point","coordinates":[2.138401,41.411312]},"properties":{"id":"GS_cluster_13453304519_429459477_8253104586_8253104587","label":"Carrer de Craywinckel / Passeig de Sant Gervasi","links":8,"phases":4,"in_edges":["554918722#0","887676141#0"],"corridor":null}},{"type":"Feature","geometry":{"type":"Point","coordinates":[2.136424,41.38755]},"properties":{"id":"GS_cluster_1378087192_557230563","label":"Carrer de Constan\u00e7a / Carrer de Nicaragua","links":8,"phases":4,"in_edges":["1108379528#0","175002303#5","237805225#0"],"corridor":null}},{"type":"Feature","geometry":{"type":"Point","coordinates":[2.182478,41.388178]},"properties":{"id":"GS_cluster_13953923366_243336646_243336865_3184350832","label":"Passeig de Picasso / Passeig de Pujades","links":11,"phases":6,"in_edges":["-1531019700#4","22658522#1","312564225#0"],"corridor":null}},{"type":"Feature","geometry":{"type":"Point","coordinates":[2.117975,41.385675]},"properties":{"id":"GS_cluster_14018375386_418737420","label":"Avinguda Diagonal (lateral mar) / Carrer de Mart\u00ed i Franqu\u00e8s","links":5,"phases":4,"in_edges":["1539547775#0","68506246#0"],"corridor":"diagonal"}},{"type":"Feature","geometry":{"type":"Point","coordinates":[2.158,41.401473]},"properties":{"id":"GS_cluster_14080377727_30556749","label":"Carrer del Torrent de l&apos;Olla / Travessera de Gr\u00e0cia","links":3,"phases":6,"in_edges":["1264825145#0","831182050#0","831182052#0"],"corridor":null}},{"type":"Feature","geometry":{"type":"Point","coordinates":[2.183017,41.388636]},"properties":{"id":"GS_cluster_1479161502_1479161523","label":"Passeig de Llu\u00eds Companys / Passeig de Pujades","links":8,"phases":4,"in_edges":["134547872","237725958#0","307054786#0"],"corridor":null}},{"type":"Feature","geometry":{"type":"Point","coordinates":[2.175257,41.417317]},"properties":{"id":"GS_cluster_1592978370_2869959981","label":"Rambla de Volart / Ronda del Guinard\u00f3","links":9,"phases":4,"in_edges":["1395721718#0","145985019#0","266635491#1"],"corridor":null}},{"type":"Feature","geometry":{"type":"Point","coordinates":[2.121734,41.375676]},"properties":{"id":"GS_cluster_1595126752_687897174_9876300964","label":"Carrer de la Riera Blanca / Carretera de Collblanc","links":11,"phases":6,"in_edges":["-901541482#1","1225001918","902644120"],"corridor":null}},{"type":"Feature","geometry":{"type":"Point","coordinates":[2.174459,41.371874]},"properties":{"id":"GS_cluster_168537019_190949833","label":"Passeig de Josep Carner / Passeig de Montju\u00efc","links":11,"phases":4,"in_edges":["-1408621608#2","1408621607#0","18506598#3"],"corridor":null}},{"type":"Feature","geometry":{"type":"Point","coordinates":[2.206892,41.40042]},"properties":{"id":"GS_cluster_1710709046_2578612972","label":"Carrer de Bilbao / Carrer de la Jonquera","links":6,"phases":4,"in_edges":["-547440864#3","566541726#0","566541727#0"],"corridor":null}},{"type":"Feature","geometry":{"type":"Point","coordinates":[2.185455,41.416332]},"properties":{"id":"GS_cluster_1759662344_30332756","label":"Carrer de Besal\u00fa / Carrer de las Navas de Tolosa","links":6,"phases":4,"in_edges":["115319616#6","1409609338#1"],"corridor":null}},{"type":"Feature","geometry":{"type":"Point","coordinates":[2.133367,41.403602]},"properties":{"id":"GS_cluster_1794642773_432509965","label":"Carrer de Mandri / Carrer de l&apos;Emancipaci\u00f3","links":7,"phases":4,"in_edges":["-308379370#2","198597876#4","308379372#0"],"corridor":null}},{"type":"Feature","geometry":{"type":"Point","coordinates":[2.206435,41.395206]},"properties":{"id":"GS_cluster_1878671894_1878671895_1878671906_30253314_#3more","label":"Avinguda del Litoral / Carrer de la Llacuna","links":6,"phases":4,"in_edges":["1394482450#0","362011906"],"corridor":null}},{"type":"Feature","geometry":{"type":"Point","coordinates":[2.182217,41.381329]},"properties":{"id":"GS_cluster_190985498_190985499_533663031","label":"Passeig d&apos;Isabel II / Passeig de Colom","links":17,"phases":6,"in_edges":["-309051293#4","18512190#0","237725967#0","903747291"],"corridor":null}},{"type":"Feature","geometry":{"type":"Point","coordinates":[2.120453,41.378725]},"properties":{"id":"GS_cluster_2077949582_687897182","label":"Carrer d&apos;Ar\u00edstides Maillol / Carrer del G\u00e0llego","links":9,"phases":4,"in_edges":["132747589#0","251749488#0","68506249#0"],"corridor":null}},{"type":"Feature","geometry":{"type":"Point","coordinates":[2.119412,41.379294]},"properties":{"id":"GS_cluster_2077949595_251543446_4476005036_6314709584_#1more","label":"Carrer d&apos;Ar\u00edstides Maillol / Carrer del Cardenal Reig","links":13,"phases":4,"in_edges":["1108422290","1162510290#0","68506240#0"],"corridor":null}},{"type":"Feature","geometry":{"type":"Point","coordinates":[2.134205,41.399288]},"properties":{"id":"GS_cluster_2087205005_2087205007","label":"Carrer de Ganduxer / Ronda del General Mitre","links":15,"phases":4,"in_edges":["-198597865#1","237515358#4","294493312#5","821143059#0"],"corridor":null}},{"type":"Feature","geometry":{"type":"Point","coordinates":[2.155184,41.372955]},"properties":{"id":"GS_cluster_2264456446_30298886","label":"Avinguda de Rius i Taulet / Carrer de Lleida","links":11,"phases":6,"in_edges":["-16359518#3","-237923115#3","381910534#2","553305793#0"],"corridor":null}},{"type":"Feature","geometry":{"type":"Point","coordinates":[2.186827,41.415343]},"properties":{"id":"GS_cluster_2293731616_5313720234","label":"Avinguda Meridiana / Carrer de las Navas de Tolosa","links":12,"phases":5,"in_edges":["1393749279#0","1409609339#0","251749483#9"],"corridor":"meridiana"}},{"type":"Feature","geometry":{"type":"Point","coordinates":[2.178812,41.383931]},"properties":{"id":"GS_cluster_240936353_30227495","label":"Carrer de Jaume I / Carrer de l&apos;Argenteria","links":17,"phases":8,"in_edges":["-1117835661","-884705757#3","1383955958#0","1542846620","1542846833#0"],"corridor":null}},{"type":"Feature","geometry":{"type":"Point","coordinates":[2.195266,41.386691]},"properties":{"id":"GS_cluster_243341156_4171977898","label":"Avinguda del Litoral / Carrer de Ramon Trias Fargas","links":9,"phases":4,"in_edges":["1394474270#0","237715975#0"],"corridor":null}},{"type":"Feature","geometry":{"type":"Point","coordinates":[2.15508,41.409623]},"properties":{"id":"GS_cluster_2463014352_30960642_415956313","label":"Avinguda del Santuari de Sant Josep de la Muntanya / Travessera de Dalt","links":12,"phases":5,"in_edges":["235177047#0","541711517","542990503#2"],"corridor":null}},{"type":"Feature","geometry":{"type":"Point","coordinates":[2.17434,41.395877]},"properties":{"id":"GS_cluster_250793733_773324530","label":"Carrer de la Diputaci\u00f3 / Passeig de Sant Joan","links":12,"phases":4,"in_edges":["1084045293#0","1084045294#0","23191707#0"],"corridor":null}},{"type":"Feature","geometry":{"type":"Point","coordinates":[2.159719,41.377782]},"properties":{"id":"GS_cluster_252825034_30246773","label":"Avinguda de Mistral / Carrer de Tamarit","links":15,"phases":8,"in_edges":["-1213463276","-237655872#2","237529481#0","450610285#0"],"corridor":null}},{"type":"Feature","geometry":{"type":"Point","coordinates":[2.17454,41.416792]},"properties":{"id":"GS_cluster_2869959982_387127694","label":"Carrer del Tel\u00e8graf / Ronda del Guinard\u00f3","links":9,"phases":4,"in_edges":["295288874#0","543581667#0","71211627#1"],"corridor":null}},{"type":"Feature","geometry":{"type":"Point","coordinates":[2.133187,41.398329]},"properties":{"id":"GS_cluster_2914411511_330414541","label":"Carrer de les Escoles Pies / Ronda del General Mitre","links":13,"phases":4,"in_edges":["1236121804#3","228671312#0","294056755#0"],"corridor":null}},{"type":"Feature","geometry":{"type":"Point","coordinates":[2.136821,41.366702]},"properties":{"id":"GS_cluster_2915525921_3299255723_3299255725","label":"Avinguda del Carrilet / Carrer de Parcerisa","links":10,"phases":6,"in_edges":["323129116#0","382752011#0","539012770","81794398#0"],"corridor":null}},{"type":"Feature","geometry":{"type":"Point","coordinates":[2.193435,41.388199]},"properties":{"id":"GS_cluster_30242976_71709940","label":"Avinguda d&apos;Ic\u00e0ria / Carrer de Ramon Trias Fargas","links":8,"phases":6,"in_edges":["22689284#2","546607925#0","9412954#0"],"corridor":null}},{"type":"Feature","geometry":{"type":"Point","coordinates":[2.140754,41.404403]},"properties":{"id":"GS_cluster_30247382_432467107","label":"Carrer de Balmes / Ronda del General Mitre","links":16,"phases":8,"in_edges":["-37133254#2","1395714800#0","1408679285","287522315#0"],"corridor":null}},{"type":"Feature","geometry":{"type":"Point","coordinates":[2.169375,41.371729]},"properties":{"id":"GS_cluster_30248297_4834501706","label":"Cam\u00ed de la Font Trobada / Carrer de Cabanes","links":16,"phases":6,"in_edges":["-314839726#2","413441088#1","474464194#0","553309960#0"],"corridor":null}},{"type":"Feature","geometry":{"type":"Point","coordinates":[2.167697,41.411214]},"properties":{"id":"GS_cluster_30254079_30295259","label":"Carrer de Lepant / Carrer de l&apos;Encarnaci\u00f3","links":6,"phases":4,"in_edges":["121931996#8","1408936320#0"],"corridor":null}},{"type":"Feature","geometry":{"type":"Point","coordinates":[2.124967,41.373173]},"properties":{"id":"GS_cluster_30264647_7021902544","label":"Carrer de Puig i Valls / Carrer de la Riera Blanca","links":9,"phases":4,"in_edges":["-751081163","1280723716","4747959#1","55800844#1"],"corridor":null}},{"type":"Feature","geometry":{"type":"Point","coordinates":[2.136581,41.37644]},"properties":{"id":"GS_cluster_30294325_530924816","label":"Carrer d&apos;Alcolea / Passeig de Sant Antoni","links":9,"phases":4,"in_edges":["243598402#4","4750176#6","497952257"],"corridor":null}},{"type":"Feature","geometry":{"type":"Point","coordinates":[2.132974,41.385616]},"properties":{"id":"GS_cluster_30294478_5264614128_7223680633","label":"Carrer de Cabestany / Travessera de les Corts","links":9,"phases":6,"in_edges":["-544124172#1","664808384#0","906505550#1"],"corridor":null}},{"type":"Feature","geometry":{"type":"Point","coordinates":[2.120436,41.399641]},"properties":{"id":"GS_cluster_30294530_533615996","label":"Carrer de Pere Tarr\u00e9s / Passeig de la Reina Elisenda de Montcada","links":11,"phases":4,"in_edges":["-145033028#4","1530041777#0","35766195#0"],"corridor":null}},{"type":"Feature","geometry":{"type":"Point","coordinates":[2.116641,41.403608]},"properties":{"id":"GS_cluster_30294552_359547244","label":"Carrer Major de Sarri\u00e0 / Carrer del General Vives","links":11,"phases":4,"in_edges":["-208614081#2","195697441#3","288612542#0","32036931#0"],"corridor":null}},{"type":"Feature","geometry":{"type":"Point","coordinates":[2.12009,41.405955]},"properties":{"id":"GS_cluster_30294654_381009510","label":"Carrer d&apos;Angl\u00ed / Carrer de Terr\u00e9","links":10,"phases":5,"in_edges":["114716704#0","34211428#1","44868705#0"],"corridor":null}},{"type":"Feature","geometry":{"type":"Point","coordinates":[2.129985,41.41285]},"properties":{"id":"GS_cluster_30294696_3055187868","label":"Carrer d&apos;Isaac Newton / Carrer del Cister","links":6,"phases":4,"in_edges":["139261492#0","314818142#0","4750248#2"],"corridor":null}},{"type":"Feature","geometry":{"type":"Point","coordinates":[2.189039,41.418708]},"properties":{"id":"GS_cluster_30332606_8223182475","label":"Carrer de Felip II / Carrer de Josep Estivill","links":7,"phases":4,"in_edges":["1409588483#0","1409588484#0"],"corridor":null}},{"type":"Feature","geometry":{"type":"Point","coordinates":[2.152255,41.408558]},"properties":{"id":"GS_cluster_30554843_415955415","label":"Carrer de Verdi / Travessera de Dalt","links":12,"phases":5,"in_edges":["237655883#0","238466736#2","263332201#3"],"corridor":null}},{"type":"Feature","geometry":{"type":"Point","coordinates":[2.178988,41.414668]},"properties":{"id":"GS_cluster_30555012_308729529","label":"Carrer de Conca / Carrer de Sant Antoni Maria Claret","links":6,"phases":4,"in_edges":["237549916#0","552864708#3"],"corridor":null}},{"type":"Feature","geometry":{"type":"Point","coordinates":[2.145629,41.405599]},"properties":{"id":"GS_cluster_30558292_412549139","label":"Carrer de P\u00e0dua / Carrer de Vallirana","links":15,"phases":7,"in_edges":["-54514987","4776803#4","543574890#0","543586124"],"corridor":null}},{"type":"Feature","geometry":{"type":"Point","coordinates":[2.141352,41.37209]},"properties":{"id":"GS_cluster_30686214_7037105630","label":"Carrer de Cuy\u00e0s / Carrer de Gaiarre","links":5,"phases":4,"in_edges":["187557302#0","309246607#0","661154522#12"],"corridor":null}},{"type":"Feature","geometry":{"type":"Point","coordinates":[2.161387,41.413721]},"properties":{"id":"GS_cluster_30688879_30688880_4475342368","label":"Avinguda de la Mare de D\u00e9u de Montserrat / Pla\u00e7a de Sanllehy","links":13,"phases":9,"in_edges":["-23432548#2","-542149424#1","542990505#1"],"corridor":null}},{"type":"Feature","geometry":{"type":"Point","coordinates":[2.13486,41.399971]},"properties":{"id":"GS_cluster_3191418779_3191418780","label":"Carrer de Cop\u00e8rnic / Ronda del General Mitre","links":9,"phases":4,"in_edges":["237506959#0","237515358#1","4776811#8"],"corridor":null}},{"type":"Feature","geometry":{"type":"Point","coordinates":[2.11626,41.377999]},"properties":{"id":"GS_cluster_35120255_687897083","label":"Avinguda de Sant Ramon Nonat / Carrer del Cardenal Reig","links":9,"phases":4,"in_edges":["1108422286#0","1108422288#0","1230856537#0"],"corridor":null}},{"type":"Feature","geometry":{"type":"Point","coordinates":[2.117373,41.391242]},"properties":{"id":"GS_cluster_359237300_8529602573","label":"Avinguda de Pedralbes / Passeig dels Til\u00b7lers","links":8,"phases":4,"in_edges":["31823242#3","871723184#0","871723193#0"],"corridor":null}},{"type":"Feature","geometry":{"type":"Point","coordinates":[2.136091,41.375892]},"properties":{"id":"GS_cluster_364992715_565479524","label":"Carrer de Galileu / Passeig de Sant Antoni","links":6,"phases":4,"in_edges":["18431550","497952259#3"],"corridor":null}},{"type":"Feature","geometry":{"type":"Point","coordinates":[2.172214,41.418913]},"properties":{"id":"GS_cluster_3772706298_387127681","label":"Avinguda de la Mare de D\u00e9u de Montserrat / Carrer de Garriga i Roca","links":8,"phases":4,"in_edges":["-542968992#2","237725941#3","33800436#0"],"corridor":null}},{"type":"Feature","geometry":{"type":"Point","coordinates":[2.191496,41.394764]},"properties":{"id":"GS_cluster_381897075_382063644","label":"Carrer de Pujades / Carrer de Zamora","links":8,"phases":8,"in_edges":["-1164666379","237927201#0","910018160#0"],"corridor":null}},{"type":"Feature","geometry":{"type":"Point","coordinates":[2.116851,41.38572]},"properties":{"id":"GS_cluster_390057403_823781718","label":"Avinguda Diagonal","links":18,"phases":4,"in_edges":["-543400544#2","543748715","68506267#0"],"corridor":"diagonal"}},{"type":"Feature","geometry":{"type":"Point","coordinates":[2.146787,41.405774]},"properties":{"id":"GS_cluster_412370999_412371000","label":"Carrer de Berna / Ronda del General Mitre","links":11,"phases":5,"in_edges":["-35157139","23432710#0","287522297#0","35157140#1"],"corridor":null}},{"type":"Feature","geometry":{"type":"Point","coordinates":[2.153805,41.409019]},"properties":{"id":"GS_cluster_415955417_8530189630","label":"Carrer de la Granja / Travessera de Dalt","links":9,"phases":4,"in_edges":["263332201#0","309896344#0","554923041#0"],"corridor":null}},{"type":"Feature","geometry":{"type":"Point","coordinates":[2.174308,41.394128]},"properties":{"id":"GS_cluster_431484966_559787238","label":"Carrer de Bail\u00e8n / Gran Via de les Corts Catalanes","links":15,"phases":6,"in_edges":["1393168907","449991616#9","519375851#0"],"corridor":"gran_via"}},{"type":"Feature","geometry":{"type":"Point","coordinates":[2.134723,41.402422]},"properties":{"id":"GS_cluster_432509967_432510087","label":"Carrer d&apos;Arimon / Carrer de Cerignola","links":6,"phases":6,"in_edges":["-308379366#2","138213574#0","1525578853#0","308379368#0"],"corridor":null}},{"type":"Feature","geometry":{"type":"Point","coordinates":[2.137777,41.377281]},"properties":{"id":"GS_cluster_532408981_539147486","label":"Passeig de Sant Antoni","links":6,"phases":3,"in_edges":["243598402#0","831157582#0"],"corridor":null}},{"type":"Feature","geometry":{"type":"Point","coordinates":[2.20298,41.410002]},"properties":{"id":"GS_cluster_544223009_544223016","label":"Carrer de Fluvi\u00e0 / Carrer de Pere IV","links":6,"phases":5,"in_edges":["24220823#1","4750542#0","48719209#3"],"corridor":null}},{"type":"Feature","geometry":{"type":"Point","coordinates":[2.128381,41.411683]},"properties":{"id":"GS_cluster_556364033_998761492","label":"Carrer d&apos;Isaac Newton","links":6,"phases":3,"in_edges":["314818142#4","38382909#0"],"corridor":null}},{"type":"Feature","geometry":{"type":"Point","coordinates":[2.130247,41.367672]},"properties":{"id":"GS_cluster_6712164116_966339755","label":"Carrer de Mart\u00ed Codolar / Carrer de Santa Eul\u00e0lia","links":10,"phases":6,"in_edges":["-80394342#4","1108381232#0","80394343#0"],"corridor":null}},{"type":"Feature","geometry":{"type":"Point","coordinates":[2.165069,41.368905]},"properties":{"id":"GS_cluster_856946776_856946804","label":"Avinguda de Miramar / Pla\u00e7a de Dante","links":6,"phases":6,"in_edges":["-237529494#2","246548946#1","549767385#0"],"corridor":null}},{"type":"Feature","geometry":{"type":"Point","coordinates":[2.176604,41.395591]},"properties":{"id":"cluster_10036079926_1311833055_250794418_431481389_#2more","label":"Carrer de Roger de Flor / Gran Via de les Corts Catalanes","links":25,"phases":8,"in_edges":["217617443#0","23191709#0","545747645#0","549749264#0"],"corridor":"gran_via"}},{"type":"Feature","geometry":{"type":"Point","coordinates":[2.134415,41.38767]},"properties":{"id":"cluster_10042265495_269383243_6247804776_998592677","label":"Carrer de Deu i Mata / Carrer de Num\u00e0ncia","links":9,"phases":8,"in_edges":["1395746242#0","170237545#1","86057932#8"],"corridor":null}},{"type":"Feature","geometry":{"type":"Point","coordinates":[2.191466,41.416856]},"properties":{"id":"cluster_10042802545_10042802546_10042808607_10042808608_#4more","label":"Carrer Gran de la Sagrera / Carrer de M\u00farcia","links":12,"phases":8,"in_edges":["1096725484#0","1525320737#0","32321733#8","884229099","884229100"],"corridor":null}},{"type":"Feature","geometry":{"type":"Point","coordinates":[2.186942,41.412214]},"properties":{"id":"cluster_10062512783_2293731594_2293736615_30556161_#2more","label":"Avinguda Meridiana / Carrer de Mallorca","links":18,"phases":9,"in_edges":["450130969","4776440#7","723488716#0","867198805#0"],"corridor":"meridiana"}},{"type":"Feature","geometry":{"type":"Point","coordinates":[2.144389,41.380904]},"properties":{"id":"cluster_1012330342_340193179","label":"Avinguda de Roma / Carrer de Llan\u00e7a","links":12,"phases":7,"in_edges":["247548699#0","790657052#0","87031380#0"],"corridor":null}},{"type":"Feature","geometry":{"type":"Point","coordinates":[2.161483,41.374942]},"properties":{"id":"cluster_10140262448_10140262450_4834501645","label":"Avinguda del Paral\u00b7lel / Carrer de la Conc\u00f2rdia","links":9,"phases":4,"in_edges":["1213565167#0","457712202#0","601816556#0"],"corridor":null}},{"type":"Feature","geometry":{"type":"Point","coordinates":[2.150671,41.37958]},"properties":{"id":"cluster_10177321808_11363307237_30242853","label":"Carrer d&apos;Enten\u00e7a","links":6,"phases":6,"in_edges":["-1112399029","1112399032#0","1225338798#0"],"corridor":null}},{"type":"Feature","geometry":{"type":"Point","coordinates":[2.152916,41.381307]},"properties":{"id":"cluster_10177367824_10177367826_30242855","label":"Carrer de Cal\u00e0bria / Carrer del Consell de Cent","links":7,"phases":7,"in_edges":["-1112400996","1226147683","918438451#5"],"corridor":null}},{"type":"Feature","geometry":{"type":"Point","coordinates":[2.153828,41.382311]},"properties":{"id":"cluster_10177414047_10177414048_30242856","label":"Carrer de Viladomat","links":5,"phases":5,"in_edges":["1112404129#4","1112404131"],"corridor":null}},{"type":"Feature","geometry":{"type":"Point","coordinates":[2.162865,41.389125]},"properties":{"id":"cluster_10181609591_30242862_3314294600","label":"Carrer de Balmes","links":7,"phases":4,"in_edges":["1112801401#0","1112801405"],"corridor":null}},{"type":"Feature","geometry":{"type":"Point","coordinates":[2.158519,41.385574]},"properties":{"id":"cluster_10181609602_10181609603_2988040827","label":"Carrer de Casanova","links":6,"phases":4,"in_edges":["1112801421","237506925#3"],"corridor":null}},{"type":"Feature","geometry":{"type":"Point","coordinates":[2.168758,41.393227]},"properties":{"id":"cluster_10182235275_10182235276_7515360140","label":"Carrer de Roger de Ll\u00faria","links":6,"phases":4,"in_edges":["1112878644","449991634#0"],"corridor":null}},{"type":"Feature","geometry":{"type":"Point","coordinates":[2.167345,41.392537]},"properties":{"id":"cluster_10182235280_10182235282_30242865","label":"Carrer de Pau Claris","links":5,"phases":4,"in_edges":["1112878651#0","803424578#0"],"corridor":null}},{"type":"Feature","geometry":{"type":"Point","coordinates":[2.16759,41.3976]},"properties":{"id":"cluster_10182303351_10182303354_30243247","label":"Carrer de Mallorca","links":6,"phases":4,"in_edges":["1112883653","116315045#0"],"corridor":null}},{"type":"Feature","geometry":{"type":"Point","coordinates":[2.16854,41.396611]},"properties":{"id":"cluster_10182303357_10182303358_30243248","label":"Carrer de Val\u00e8ncia","links":5,"phases":4,"in_edges":["1112883658#0","1112883662"],"corridor":null}},{"type":"Feature","geometry":{"type":"Point","coordinates":[2.154081,41.384058]},"properties":{"id":"cluster_10182310913_10182310914_1532752082","label":"Carrer d&apos;Arag\u00f3 / Carrer del Comte Borrell","links":6,"phases":4,"in_edges":["1226855076","1369695508#0"],"corridor":null}},{"type":"Feature","geometry":{"type":"Point","coordinates":[2.149288,41.382142]},"properties":{"id":"cluster_10182331319_10182331320_30243315","label":"Carrer de Val\u00e8ncia","links":4,"phases":4,"in_edges":["1112886308#0","1409614862#0"],"corridor":null}},{"type":"Feature","geometry":{"type":"Point","coordinates":[2.150682,41.381484]},"properties":{"id":"cluster_10182331324_10182331327_30246822","label":"Carrer d&apos;Arag\u00f3","links":6,"phases":6,"in_edges":["-1226819173","1112886315","1408548654#0"],"corridor":null}},{"type":"Feature","geometry":{"type":"Point","coordinates":[2.152898,41.379763]},"properties":{"id":"cluster_10182331330_10182331332_11368342269_30243043","label":"Carrer de la Diputaci\u00f3","links":4,"phases":5,"in_edges":["1225338790","422439069#7"],"corridor":null}},{"type":"Feature","geometry":{"type":"Point","coordinates":[2.182108,41.386599]},"properties":{"id":"cluster_10197280642_13199461399_13199461400_13199678802_#4more","label":"Carrer del Comer\u00e7 / Carrer del Rec","links":10,"phases":9,"in_edges":["-236322684","22431624","312564229#0"],"corridor":null}},{"type":"Feature","geometry":{"type":"Point","coordinates":[2.156308,41.400389]},"properties":{"id":"cluster_1050231255_30333370_60969464_6835613382","label":"Carrer de Pere Seraf\u00ed / Carrer de Sant Joaquim","links":10,"phases":9,"in_edges":["-1264830085","-1264830096","122475982#1","1264827309#0"],"corridor":null}},{"type":"Feature","geometry":{"type":"Point","coordinates":[2.179935,41.412097]},"properties":{"id":"cluster_10693184067_30253579_30333308_6864603072","label":"Carrer de C\u00f2rsega / Carrer de Sant Quint\u00ed","links":5,"phases":5,"in_edges":["4753802#2","555296654#0"],"corridor":null}},{"type":"Feature","geometry":{"type":"Point","coordinates":[2.135848,41.392293]},"properties":{"id":"cluster_10793541409_269376044_6099715637_6099715644_#4more","label":"Carrer de Bori i Fontest\u00e0 / Carrer del Doctor Fleming","links":8,"phases":6,"in_edges":["24793121#6","32450852","650072280#0"],"corridor":null}},{"type":"Feature","geometry":{"type":"Point","coordinates":[2.12766,41.397675]},"properties":{"id":"cluster_10881879243_1595524645_364719688","label":"Carrer dels Verg\u00f3s / Via Augusta","links":16,"phases":6,"in_edges":["-208616309","-32435281#3","1355505720#0"],"corridor":null}},{"type":"Feature","geometry":{"type":"Point","coordinates":[2.130098,41.397826]},"properties":{"id":"cluster_10881879254_12913993812_13954767477_13954767478_#2more","label":"Carrer del Milanesat / Via Augusta","links":12,"phases":5,"in_edges":["-1531122898#1","1531122895","308378772#0"],"corridor":null}},{"type":"Feature","geometry":{"type":"Point","coordinates":[2.169633,41.394224]},"properties":{"id":"cluster_10893712430_10893712431_30242867","label":"Carrer del Bruc","links":5,"phases":5,"in_edges":["1172479595#0","483469230#0"],"corridor":null}},{"type":"Feature","geometry":{"type":"Point","coordinates":[2.171933,41.395931]},"properties":{"id":"cluster_10893766824_10893766826_30242869","label":"Carrer de Bail\u00e8n / Carrer del Consell de Cent","links":4,"phases":5,"in_edges":["1172488228#0","449991616#0"],"corridor":null}},{"type":"Feature","geometry":{"type":"Point","coordinates":[2.163277,41.375067]},"properties":{"id":"cluster_1092685773_10967880776_4538123375_4538123416_#3more","label":"Avinguda del Paral\u00b7lel / Carrer de Blasco de Garay","links":11,"phases":10,"in_edges":["120328525#0","524966409#0","881640722#0","895024282#0","959788822#3"],"corridor":null}},{"type":"Feature","geometry":{"type":"Point","coordinates":[2.154061,41.375127]},"properties":{"id":"cluster_10967895834_2264456452_4538123360_4538123361_#5more","label":"Avinguda del Paral\u00b7lel / Carrer de Vilamar\u00ed","links":14,"phases":5,"in_edges":["1389749366","514858415#1","532088856#0"],"corridor":null}},{"type":"Feature","geometry":{"type":"Point","coordinates":[2.155915,41.374844]},"properties":{"id":"cluster_10967895835_12945165121_12945165124_12945165125_#6more","label":"Avinguda del Paral\u00b7lel / Carrer de Tamarit","links":16,"phases":6,"in_edges":["1408626365","245676676#0","849730566#0"],"corridor":null}},{"type":"Feature","geometry":{"type":"Point","coordinates":[2.186819,41.406959]},"properties":{"id":"cluster_1100295130_1100295145_3200354840_3200354845_#1more","label":"Avinguda Meridiana / Carrer de Joan I","links":11,"phases":9,"in_edges":["-95427353","1238641633#0","1408555559#0","251551146#0"],"corridor":"meridiana"}},{"type":"Feature","geometry":{"type":"Point","coordinates":[2.183196,41.406189]},"properties":{"id":"cluster_11013911360_30253982_3193567439_3835613870_#1more","label":"Carrer d&apos;Arag\u00f3 / Carrer del Dos de Maig","links":13,"phases":5,"in_edges":["263405128#0","651533777#0"],"corridor":null}},{"type":"Feature","geometry":{"type":"Point","coordinates":[2.160797,41.387251]},"properties":{"id":"cluster_11053219722_11053219723_2988042338","label":"Carrer d&apos;Aribau / Carrer del Consell de Cent","links":6,"phases":4,"in_edges":["1190415833#0","491295302#0"],"corridor":null}},{"type":"Feature","geometry":{"type":"Point","coordinates":[2.181241,41.41345]},"properties":{"id":"cluster_11119020288_11158624378_12150393497_448703647_#1more","label":"Carrer del Freser / Passeig de Maragall","links":5,"phases":4,"in_edges":["1203894676","140001511#0","62071238#8"],"corridor":null}},{"type":"Feature","geometry":{"type":"Point","coordinates":[2.156246,41.410387]},"properties":{"id":"cluster_11140700271_30960627_415956315_6390750008_#1more","label":"Carrer de Larrard / Travessera de Dalt","links":10,"phases":4,"in_edges":["238466722#0","238466731#3","296813929#4"],"corridor":null}},{"type":"Feature","geometry":{"type":"Point","coordinates":[2.180676,41.419394]},"properties":{"id":"cluster_11155681261_125932463_3762047842_448700549_#9more","label":"Carrer de Teodor Llorente / Passeig de Maragall","links":13,"phases":7,"in_edges":["-555296659#3","1408922765","552864705#0"],"corridor":null}},{"type":"Feature","geometry":{"type":"Point","coordinates":[2.20069,41.401613]},"properties":{"id":"cluster_11209803266_2473393849_2473393853_2473393864_#10more","label":"Carrer de Pujades / Rambla del Poblenou","links":8,"phases":8,"in_edges":["-239562153#4","239562150#0","239562157#0","753142377#0"],"corridor":null}},{"type":"Feature","geometry":{"type":"Point","coordinates":[2.185499,41.402494]},"properties":{"id":"cluster_11215517493_11236573946_12326063559_12375979602","label":"Pla\u00e7a de les Gl\u00f2ries Catalanes","links":1,"phases":3,"in_edges":["1309442338#0"],"corridor":null}},{"type":"Feature","geometry":{"type":"Point","coordinates":[2.163995,41.384113]},"properties":{"id":"cluster_112399403_112409083_6778318265","label":"Carrer de Joaqu\u00edn Costa / Carrer de Torres i Amat","links":18,"phases":7,"in_edges":["-185957649#1","1028683570#1","1393577226","525588035#5"],"corridor":null}},{"type":"Feature","geometry":{"type":"Point","coordinates":[2.165319,41.37504]},"properties":{"id":"cluster_11240124255_13734642240_2264456451_3386536280_#7more","label":"Avinguda del Paral\u00b7lel / Carrer de Tapioles","links":13,"phases":5,"in_edges":["525586872#0","542284837#0","542284838","753508653#0"],"corridor":null}},{"type":"Feature","geometry":{"type":"Point","coordinates":[2.155287,41.376087]},"properties":{"id":"cluster_11242452578_11242452581_30243887_6778377388_#2more","label":"Avinguda de Mistral / Carrer d&apos;Enten\u00e7a","links":33,"phases":10,"in_edges":["-1213463273","-66707028#1","23348856#2","237529471#0","66707028#0","76620724"],"corridor":null}},{"type":"Feature","geometry":{"type":"Point","coordinates":[2.166617,41.398237]},"properties":{"id":"cluster_1124790711_1126848499_11559714024_1311619424_#5more","label":"Avinguda Diagonal / Avinguda Diagonal (lateral mar)","links":17,"phases":10,"in_edges":["1097230875#0","1264903890#0","293858820#0","307933389#0","449991624"],"corridor":"diagonal"}},{"type":"Feature","geometry":{"type":"Point","coordinates":[2.206257,41.397413]},"properties":{"id":"cluster_11258759941_11258759944_11258759969_12138690553_#2more","label":"Passeig de Calvell / Rambla del Poblenou","links":6,"phases":4,"in_edges":["1215183305","31266877#1"],"corridor":null}},{"type":"Feature","geometry":{"type":"Point","coordinates":[2.170863,41.398372]},"properties":{"id":"cluster_1126848477_126797989_30243329","label":"Carrer de Val\u00e8ncia / Passeig de Sant Joan","links":18,"phases":4,"in_edges":["1080039480#0","116315093#0","308355198#0"],"corridor":null}},{"type":"Feature","geometry":{"type":"Point","coordinates":[2.137541,41.366352]},"properties":{"id":"cluster_11306263436_11306263437_11308746199_3299255720_#4more","label":"Cam\u00ed de la Cadena / Carrer de la Qu\u00edmica","links":18,"phases":9,"in_edges":["300828593","323432435#0","460178008#0","539012771#0","545021322#1"],"corridor":"gran_via"}},{"type":"Feature","geometry":{"type":"Point","coordinates":[2.129149,41.379357]},"properties":{"id":"cluster_11306446500_12919114813_12944692034_12944692035_#3more","label":"Avinguda de Madrid / Gran Via de Carles III","links":16,"phases":8,"in_edges":["-239293914#2","237805215#0","42836929#8","840979187#0"],"corridor":null}},{"type":"Feature","geometry":{"type":"Point","coordinates":[2.127419,41.384721]},"properties":{"id":"cluster_11306467832_1855128396_2497218265_7252348295","label":"Gran Via de Carles III","links":5,"phases":3,"in_edges":["1395710336","367979559"],"corridor":null}},{"type":"Feature","geometry":{"type":"Point","coordinates":[2.116685,41.373222]},"properties":{"id":"cluster_11415053547_11779134939_30237069_30237193_#3more","label":"Carrer d&apos;Occident / Carrer de Llavin\u00e9s","links":14,"phases":9,"in_edges":["-1218906851#2","4744873","560543743#3","916796967#3"],"corridor":null}},{"type":"Feature","geometry":{"type":"Point","coordinates":[2.186783,41.410288]},"properties":{"id":"cluster_1147391517_30243342_30556269_4470527929_#1more","label":"Avinguda Meridiana / Carrer de Val\u00e8ncia","links":17,"phases":8,"in_edges":["237517570#8","450131953","493133630#0"],"corridor":"meridiana"}},{"type":"Feature","geometry":{"type":"Point","coordinates":[2.142587,41.384138]},"properties":{"id":"cluster_11585117644_1382873554_1382873591_1418737335_#3more","label":"Avinguda de Josep Tarradellas / Carrer de C\u00f2rsega","links":7,"phases":6,"in_edges":["1007205018#0","1409614871#0","450680039#0","542840063#0"],"corridor":null}},{"type":"Feature","geometry":{"type":"Point","coordinates":[2.186861,41.418719]},"properties":{"id":"cluster_11895269803_11895269811_2293731650_2293731652","label":"Avinguda Meridiana / Carrer d&apos;Espronceda","links":12,"phases":6,"in_edges":["1465599690#0","251749484#3","32321825#0"],"corridor":"meridiana"}},{"type":"Feature","geometry":{"type":"Point","coordinates":[2.178795,41.409449]},"properties":{"id":"cluster_12256308653_1307272004_30253574_3196848473","label":"Carrer del Dos de Maig / Carrer del Rossell\u00f3","links":8,"phases":6,"in_edges":["237912795#3","518534109#0"],"corridor":null}},{"type":"Feature","geometry":{"type":"Point","coordinates":[2.148499,41.408905]},"properties":{"id":"cluster_12643851450_1357271785_1369483928_429350330_#6more","label":"Avinguda de Vallcarca","links":6,"phases":5,"in_edges":["-1360091651","1408951002"],"corridor":null}},{"type":"Feature","geometry":{"type":"Point","coordinates":[2.166203,41.406597]},"properties":{"id":"cluster_126545684_126657992_3824437288_6835613360_#1more","label":"Carrer de Sic\u00edlia / Carrer del Torrent de Mariner","links":5,"phases":7,"in_edges":["1409296662#0","208568872#7","379080108#0"],"corridor":null}},{"type":"Feature","geometry":{"type":"Point","coordinates":[2.159213,41.412857]},"properties":{"id":"cluster_126683897_402883109_8365266598_9405905367","label":"Carrer de Pau Alsina / Carrer de la Mare de D\u00e9u de la Salut","links":6,"phases":8,"in_edges":["1421552379#1","450020887#0","552005871#0"],"corridor":null}},{"type":"Feature","geometry":{"type":"Point","coordinates":[2.160463,41.402966]},"properties":{"id":"cluster_126699971_30554977_30555746_7495235188","label":"Carrer de Ciudad Real / Carrer de Mil\u00e0 i Fontanals","links":6,"phases":6,"in_edges":["123533087","831182062#0","976887181#0"],"corridor":null}},{"type":"Feature","geometry":{"type":"Point","coordinates":[2.135046,41.400455]},"properties":{"id":"cluster_126763513_12919219020_2087205012","label":"Carrer de Sant Casimir / Carrer de Torras i Pujalt","links":6,"phases":7,"in_edges":["107323660#7","237515358#0","313235644"],"corridor":null}},{"type":"Feature","geometry":{"type":"Point","coordinates":[2.172085,41.397577]},"properties":{"id":"cluster_126797324_126803324_426889568","label":"Carrer d&apos;Arag\u00f3 / Passeig de Sant Joan","links":17,"phases":4,"in_edges":["450137746#0","571434739#0","571448021#0"],"corridor":null}},{"type":"Feature","geometry":{"type":"Point","coordinates":[2.177972,41.393127]},"properties":{"id":"cluster_126798002_126800097_426891064","label":"Carrer d&apos;Ausi\u00e0s Marc / Passeig de Sant Joan","links":11,"phases":4,"in_edges":["330913949#0","330913953#0","579970669#0"],"corridor":null}},{"type":"Feature","geometry":{"type":"Point","coordinates":[2.176761,41.39391]},"properties":{"id":"cluster_126800081_213942769_426891063","label":"Carrer de Casp / Passeig de Sant Joan","links":12,"phases":4,"in_edges":["1327959237#0","23191708#0","32065149#6"],"corridor":null}},{"type":"Feature","geometry":{"type":"Point","coordinates":[2.115678,41.392562]},"properties":{"id":"cluster_12696808754_13701003956_359238242_8119424289","label":"Avinguda de Pedralbes / Carrer de Sor Eul\u00e0lia d&apos;Anzizu","links":9,"phases":6,"in_edges":["311539591#0","32023965#0","871723189#0"],"corridor":null}},{"type":"Feature","geometry":{"type":"Point","coordinates":[2.140639,41.413667]},"properties":{"id":"cluster_12856608727_364669537_412453955_8185022624_#1more","label":"Carrer d&apos;Esteve Terradas / Carrer de Josep Jover","links":6,"phases":6,"in_edges":["35164641#0","36704159#0","36704265#3","76791976"],"corridor":null}},{"type":"Feature","geometry":{"type":"Point","coordinates":[2.16326,41.382067]},"properties":{"id":"cluster_12880645535_1374636407_1374636541_6778372057_#1more","label":"Carrer de Floridablanca / Carrer de Valldonzella","links":6,"phases":6,"in_edges":["591636792#0","886800835#0"],"corridor":null}},{"type":"Feature","geometry":{"type":"Point","coordinates":[2.202123,41.393968]},"properties":{"id":"cluster_12908872791_1373983168_243343112_243343113_#4more","label":"Carrer Carmen Amaya / Carrer de Jaume Vicens i Vives","links":8,"phases":7,"in_edges":["-158966240#2","1434708113#0","547440868#0"],"corridor":null}},{"type":"Feature","geometry":{"type":"Point","coordinates":[2.128195,41.382409]},"properties":{"id":"cluster_12919170694_12919170696_540312579_6206166971_#2more","label":"Gran Via de Carles III / Travessera de les Corts","links":18,"phases":8,"in_edges":["-237960954#1","367979558#0","450020890#0","542495687#1"],"corridor":null}},{"type":"Feature","geometry":{"type":"Point","coordinates":[2.172035,41.414648]},"properties":{"id":"cluster_12919280819_412444488_412444524","label":"Ronda del Guinard\u00f3","links":6,"phases":4,"in_edges":["35163820#0","543578062#0","900428160#0"],"corridor":null}},{"type":"Feature","geometry":{"type":"Point","coordinates":[2.173165,41.415482]},"properties":{"id":"cluster_12919280822_13686166735_1592978245_387130499_#1more","label":"Ronda del Guinard\u00f3","links":6,"phases":4,"in_edges":["1112873016#0","35163823","543578062#4"],"corridor":null}},{"type":"Feature","geometry":{"type":"Point","coordinates":[2.139062,41.389074]},"properties":{"id":"cluster_12919565844_59850119_724126687_8125229482","label":"Carrer d&apos;Enten\u00e7a / Travessera de les Corts","links":9,"phases":4,"in_edges":["1096995867#0","1395756834#0"],"corridor":null}},{"type":"Feature","geometry":{"type":"Point","coordinates":[2.132999,41.392238]},"properties":{"id":"cluster_12945292486_1377842738_269380178","label":"Avinguda de Sarri\u00e0 / Carrer de Ricardo Villa","links":13,"phases":9,"in_edges":["-1408647866#2","-24793610#3","123621916","1408647865#0"],"corridor":null}},{"type":"Feature","geometry":{"type":"Point","coordinates":[2.186793,41.393146]},"properties":{"id":"cluster_12945382588_12945382589_243339101_243339102_#5more","label":"Avinguda Meridiana / Carrer de Buenaventura Mu\u00f1oz","links":18,"phases":11,"in_edges":["450581320#0","4746907#8","65184547#0","65200813#0"],"corridor":"meridiana"}},{"type":"Feature","geometry":{"type":"Point","coordinates":[2.14629,41.410886]},"properties":{"id":"cluster_12947743984_12947743985_331355857_366996302","label":"Avinguda de Vallcarca / Carrer de les Medes","links":10,"phases":7,"in_edges":["-45822675#2","1159696355#0","157316736#0"],"corridor":null}},{"type":"Feature","geometry":{"type":"Point","coordinates":[2.143073,41.412555]},"properties":{"id":"cluster_12947743994_3091102867_412453127_412464271_#2more","label":"Avinguda de Vallcarca / Carrer d&apos;Esteve Terradas","links":6,"phases":6,"in_edges":["-662919197#7","1408951008","662916643#0"],"corridor":null}},{"type":"Feature","geometry":{"type":"Point","coordinates":[2.140941,41.418603]},"properties":{"id":"cluster_12947788306_1337087460_412453212_6939536653","label":"Avinguda de Vallcarca / Carrer de Capellades","links":10,"phases":8,"in_edges":["-554123631#3","138470926#0","34099193#0","37039575#0"],"corridor":null}},{"type":"Feature","geometry":{"type":"Point","coordinates":[2.141124,41.387129]},"properties":{"id":"cluster_12952870820_269382694_8125229513_8174151452","label":"Carrer d&apos;Enten\u00e7a / Carrer de Londres","links":7,"phases":5,"in_edges":["1409620049#0","43872041#0"],"corridor":null}},{"type":"Feature","geometry":{"type":"Point","coordinates":[2.143106,41.38777]},"properties":{"id":"cluster_12952999269_2917908492_3052730107_557187296_#1more","label":"Avinguda de Josep Tarradellas / Carrer de Londres","links":16,"phases":8,"in_edges":["1363542422#0","1409634764","288234925#0"],"corridor":null}},{"type":"Feature","geometry":{"type":"Point","coordinates":[2.143104,41.388737]},"properties":{"id":"cluster_12952999272_1382873523_1382873535_3052730105_#1more","label":"Avinguda de Josep Tarradellas / Carrer de Gelabert","links":9,"phases":4,"in_edges":["237914516#0","43872042#3","553593240#0"],"corridor":null}},{"type":"Feature","geometry":{"type":"Point","coordinates":[2.209777,41.418392]},"properties":{"id":"cluster_1297428807_1297428821_4431636962_4431636963_#6more","label":"Carrer de Pere IV / Rambla de Prim","links":6,"phases":5,"in_edges":["1409565525#0","310970695#3","525461175#0"],"corridor":null}},{"type":"Feature","geometry":{"type":"Point","coordinates":[2.193866,41.404943]},"properties":{"id":"cluster_1297445169_2810872725_365564404_415989799","label":"Avinguda Diagonal / Carrer de la Llacuna","links":14,"phases":5,"in_edges":["440773128#4","45944519#11","649074354#0"],"corridor":"diagonal"}},{"type":"Feature","geometry":{"type":"Point","coordinates":[2.193492,41.413732]},"properties":{"id":"cluster_1297490034_2786421915_2786421971_3649234390_#3more","label":"Carrer d&apos;Espronceda / Rambla de Guip\u00fascoa","links":10,"phases":4,"in_edges":["237691690#0","301797178#0","450581316#0"],"corridor":null}},{"type":"Feature","geometry":{"type":"Point","coordinates":[2.195761,41.415424]},"properties":{"id":"cluster_1297490037_2786421921_2786421966_4826156670_#2more","label":"Carrer de Fluvi\u00e0 / Rambla de Guip\u00fascoa","links":9,"phases":5,"in_edges":["43995490#9","440369837#0","46800633#3"],"corridor":null}},{"type":"Feature","geometry":{"type":"Point","coordinates":[2.191209,41.412027]},"properties":{"id":"cluster_1297490044_2786421911_506223397_559424460_#1more","label":"Carrer d&apos;Arag\u00f3 / Carrer de las Navas de Tolosa","links":10,"phases":4,"in_edges":["450339324#0","555464843#5","875425302"],"corridor":null}},{"type":"Feature","geometry":{"type":"Point","coordinates":[2.199245,41.417963]},"properties":{"id":"cluster_1297490055_2786421925_2786421962_559410525_#2more","label":"Rambla de Guip\u00fascoa","links":8,"phases":3,"in_edges":["294393943#5","490432365#0"],"corridor":null}},{"type":"Feature","geometry":{"type":"Point","coordinates":[2.194743,41.414483]},"properties":{"id":"cluster_1297490060_2786421919_315486993_4801904314_#1more","label":"Carrer de Bac de Roda / Rambla de Guip\u00fascoa","links":12,"phases":4,"in_edges":["237691678#0","360374686#0","43995490#12"],"corridor":null}},{"type":"Feature","geometry":{"type":"Point","coordinates":[2.197015,41.416219]},"properties":{"id":"cluster_1297490062_597933808_597933809_7206995893","label":"Carrer de Julian Besteiro / Rambla de Guip\u00fascoa","links":9,"phases":5,"in_edges":["43995490#3","440369837#4","46800631#3"],"corridor":null}},{"type":"Feature","geometry":{"type":"Point","coordinates":[2.201501,41.419658]},"properties":{"id":"cluster_1297490067_13607758977_2786421930_2786421958_#2more","label":"Carrer de Cant\u00e0bria / Rambla de Guip\u00fascoa","links":16,"phases":4,"in_edges":["-294393940#2","114573194#0","237787027#0","46738594#4"],"corridor":null}},{"type":"Feature","geometry":{"type":"Point","coordinates":[2.198107,41.417183]},"properties":{"id":"cluster_1297490068_2786421924_2786421963_30297370_#3more","label":"Carrer de la Selva de Mar / Rambla de Guip\u00fascoa","links":9,"phases":5,"in_edges":["1522882940#0","431242473#1","440369837#8"],"corridor":null}},{"type":"Feature","geometry":{"type":"Point","coordinates":[2.20036,41.418797]},"properties":{"id":"cluster_1297490071_2786421927_2786421961_559410528_#1more","label":"Carrer de l&apos;Agricultura / Rambla de Guip\u00fascoa","links":8,"phases":6,"in_edges":["294393943#0","46738585#3","46738594#0","96647278#7"],"corridor":null}},{"type":"Feature","geometry":{"type":"Point","coordinates":[2.188997,41.409582]},"properties":{"id":"cluster_1303457245_30332802","label":"Carrer de les Escoles / Carrer del Clot","links":2,"phases":4,"in_edges":["115321287#0","300845960#2"],"corridor":null}},{"type":"Feature","geometry":{"type":"Point","coordinates":[2.199104,41.416557]},"properties":{"id":"cluster_1307277321_30297372_7207080015","label":"Carrer de la Selva de Mar","links":3,"phases":3,"in_edges":["115799302#0"],"corridor":null}},{"type":"Feature","geometry":{"type":"Point","coordinates":[2.147866,41.405814]},"properties":{"id":"cluster_1357271811_30960813_417604839_417605950_#1more","label":"Carrer de Sant Mag\u00ed / Ronda del General Mitre","links":12,"phases":6,"in_edges":["1408951000","287522310","287522313#0","518535845#0"],"corridor":null}},{"type":"Feature","geometry":{"type":"Point","coordinates":[2.208042,41.419362]},"properties":{"id":"cluster_13695928168_13695928169_290060007_290060008_#1more","label":"Gran Via de les Corts Catalanes (lateral mar) / Gran Via de les Corts Catalanes (lateral muntanya)","links":11,"phases":4,"in_edges":["237787043#0","543586727#0","918307588#4"],"corridor":"gran_via"}},{"type":"Feature","geometry":{"type":"Point","coordinates":[2.20885,41.419719]},"properties":{"id":"cluster_13695928170_13695928171_290060062_290060063_#1more","label":"Gran Via de les Corts Catalanes (lateral mar) / Gran Via de les Corts Catalanes (lateral muntanya)","links":10,"phases":6,"in_edges":["1393171303#0","43210770#4","543635322#0"],"corridor":"gran_via"}},{"type":"Feature","geometry":{"type":"Point","coordinates":[2.121992,41.39192]},"properties":{"id":"cluster_1374328801_1374757788_359234339_8119748502","label":"Carrer d&apos;Eduardo Conde / Passeig de Claudi G\u00fcell","links":8,"phases":6,"in_edges":["-262748689#8","123212211","262748689#0"],"corridor":null}},{"type":"Feature","geometry":{"type":"Point","coordinates":[2.1348,41.394705]},"properties":{"id":"cluster_1375272349_1375272355_1469237431","label":"Carrer de Jacinto Benavente / Carrer del Doctor Fleming","links":6,"phases":4,"in_edges":["123269345#1","24793121#0","650072289#3"],"corridor":null}},{"type":"Feature","geometry":{"type":"Point","coordinates":[2.119775,41.38965]},"properties":{"id":"cluster_1377933376_1377933378_1377933417_1377933441_#6more","label":"Avinguda de Pedralbes / Passeig de Manuel Girona","links":13,"phases":8,"in_edges":["283778453#0","871723177#0","871723191#0"],"corridor":null}},{"type":"Feature","geometry":{"type":"Point","coordinates":[2.122288,41.387744]},"properties":{"id":"cluster_1377933400_250804296_356295242_356295277_#3more","label":"Avinguda de Pedralbes / Pla\u00e7a de Pius XII","links":8,"phases":4,"in_edges":["542503076#4","871723195"],"corridor":null}},{"type":"Feature","geometry":{"type":"Point","coordinates":[2.143757,41.390486]},"properties":{"id":"cluster_1382873567_3052730103_364991353_7455315408_#1more","label":"Avinguda de Josep Tarradellas / Avinguda de Sarri\u00e0","links":13,"phases":7,"in_edges":["124184228#0","1409634766#0","237795725#0"],"corridor":null}},{"type":"Feature","geometry":{"type":"Point","coordinates":[2.141807,41.392494]},"properties":{"id":"cluster_13846854052_1479390232_30313256","label":"Avinguda Diagonal (lateral muntanya) / Carrer de Beethoven","links":7,"phases":6,"in_edges":["-24793818","145565065#0","153268994#6"],"corridor":"diagonal"}},{"type":"Feature","geometry":{"type":"Point","coordinates":[2.132014,41.393553]},"properties":{"id":"cluster_13911729250_674790896","label":"Carrer de Ricardo Villa / Ronda del General Mitre","links":7,"phases":6,"in_edges":["24793610#2","543400539#1","543748719#0"],"corridor":null}},{"type":"Feature","geometry":{"type":"Point","coordinates":[2.183241,41.380822]},"properties":{"id":"cluster_13954678975_190986445_8416779662_8416779664","label":"Moll d&apos;Espanya / Pla\u00e7a de Pau Vila","links":7,"phases":7,"in_edges":["-1531115767","-237566145","18513172"],"corridor":null}},{"type":"Feature","geometry":{"type":"Point","coordinates":[2.120071,41.381275]},"properties":{"id":"cluster_14018375398_1930254000_5279415745_8119755196","label":"Avinguda de Joan XXIII / Carrer de Mart\u00ed i Franqu\u00e8s","links":5,"phases":4,"in_edges":["1007381332#0","1531569791#0","33283925#0"],"corridor":null}},{"type":"Feature","geometry":{"type":"Point","coordinates":[2.154939,41.396713]},"properties":{"id":"cluster_14080468423_412398689_412398695","label":"Carrer del Comte de Salvatierra / Pla\u00e7a de Narc\u00eds Oller","links":5,"phases":6,"in_edges":["264796459#0","288454797#0","35159839#2","450373529#0"],"corridor":null}},{"type":"Feature","geometry":{"type":"Point","coordinates":[2.140108,41.367274]},"properties":{"id":"cluster_14094622140_412438222_6360012276","label":"Carrer de la Mineria / Pla\u00e7a de Sarah Bernhardt","links":7,"phases":4,"in_edges":["1218571011","35163078#0"],"corridor":null}},{"type":"Feature","geometry":{"type":"Point","coordinates":[2.191521,41.391353]},"properties":{"id":"cluster_1621899817_1622002042_2767286511","label":"Carrer de Ramon Turr\u00f3 / Carrer de la Marina","links":10,"phases":4,"in_edges":["490554886#0","920232444#0","932639082#0"],"corridor":null}},{"type":"Feature","geometry":{"type":"Point","coordinates":[2.203461,41.397478]},"properties":{"id":"cluster_1621904464_3075809787_3956071721","label":"Passatge Rera el Cementiri Vell","links":3,"phases":3,"in_edges":["255327548#2"],"corridor":null}},{"type":"Feature","geometry":{"type":"Point","coordinates":[2.192563,41.390438]},"properties":{"id":"cluster_1622002024_2767286513_536428062","label":"Carrer de la Marina / Carrer del Doctor Trueta","links":14,"phases":4,"in_edges":["4751884#0","490554885#3","954821568#0"],"corridor":null}},{"type":"Feature","geometry":{"type":"Point","coordinates":[2.123337,41.374699]},"properties":{"id":"cluster_1624386754_251543584_8148294117","label":"Carrer de la Riera Blanca / Pla\u00e7a de Guernica","links":7,"phases":8,"in_edges":["-372554364#6","238281854","24287433#0"],"corridor":null}},{"type":"Feature","geometry":{"type":"Point","coordinates":[2.147694,41.37408]},"properties":{"id":"cluster_178518958_2691105735_7195505947","label":"Carrer de Mir Geribert / Gran Via de les Corts Catalanes","links":7,"phases":4,"in_edges":["-198597872","545747633#0"],"corridor":"gran_via"}},{"type":"Feature","geometry":{"type":"Point","coordinates":[2.139792,41.375348]},"properties":{"id":"cluster_178522246_30294314_6743038809","label":"Carrer de Sants / Carrer de Watt","links":9,"phases":4,"in_edges":["-294021547#13","294021547#9","886734505"],"corridor":null}},{"type":"Feature","geometry":{"type":"Point","coordinates":[2.120508,41.37582]},"properties":{"id":"cluster_1885044532_2053196988_30314675_9935665670","label":"Carrer de P\u00e9rez Gald\u00f3s / Carretera de Collblanc","links":5,"phases":4,"in_edges":["178129414","54060104#4"],"corridor":null}},{"type":"Feature","geometry":{"type":"Point","coordinates":[2.132093,41.402012]},"properties":{"id":"cluster_2087205014_31285428_330415541_6875270286_#1more","label":"Carrer de Bertrand i Serra / Carrer de Ganduxer","links":11,"phases":6,"in_edges":["-198597865#18","107323671#2","198597865#11","395946177#3"],"corridor":null}},{"type":"Feature","geometry":{"type":"Point","coordinates":[2.179096,41.392268]},"properties":{"id":"cluster_219018793_219018794_426891065","label":"Carrer d&apos;Al\u00ed Bei / Passeig de Sant Joan","links":9,"phases":4,"in_edges":["237914519#0","490751788#0","490751791#0"],"corridor":null}},{"type":"Feature","geometry":{"type":"Point","coordinates":[2.196441,41.401294]},"properties":{"id":"cluster_2238485654_8122048078","label":"Carrer de Pere IV / Carrer de Roc Boronat","links":5,"phases":4,"in_edges":["255327563#0","440740424#0"],"corridor":null}},{"type":"Feature","geometry":{"type":"Point","coordinates":[2.190446,41.399012]},"properties":{"id":"cluster_2292687886_30253204_5764490189","label":"Carrer d&apos;\u00c0laba / Carrer de Sancho de \u00c1vila","links":5,"phases":5,"in_edges":["115801086#3","274322569#24"],"corridor":null}},{"type":"Feature","geometry":{"type":"Point","coordinates":[2.145769,41.376755]},"properties":{"id":"cluster_2334441925_30914373_7223640840","label":"Carrer de B\u00e9jar / Carrer de Cai Celi","links":7,"phases":8,"in_edges":["224644646","243669511","4813518#2"],"corridor":null}},{"type":"Feature","geometry":{"type":"Point","coordinates":[2.184724,41.382609]},"properties":{"id":"cluster_242284800_243345266_243345435_7254139887_#1more","label":"Carrer de la Marquesa / Pla de Palau","links":10,"phases":9,"in_edges":["22588067#0","237566153#0","887682495"],"corridor":null}},{"type":"Feature","geometry":{"type":"Point","coordinates":[2.186798,41.396691]},"properties":{"id":"cluster_243339566_2677447196_2677447201","label":"Avinguda Meridiana / Carrer de Lepant","links":13,"phases":8,"in_edges":["1207893834#0","1304327309#0","542291174#0"],"corridor":"meridiana"}},{"type":"Feature","geometry":{"type":"Point","coordinates":[2.208978,41.402025]},"properties":{"id":"cluster_243342790_30312954_7037185613","label":"Carrer d&apos;Espronceda / Passeig del Taulat","links":9,"phases":6,"in_edges":["237927193#12","310929469#0","4751948#0"],"corridor":null}},{"type":"Feature","geometry":{"type":"Point","coordinates":[2.208047,41.401068]},"properties":{"id":"cluster_243342791_30312937_6225821914_7020215462","label":"Carrer Lope de Vega / Passeig del Taulat","links":10,"phases":6,"in_edges":["546687629#0","547074121#0","547074123#0"],"corridor":null}},{"type":"Feature","geometry":{"type":"Point","coordinates":[2.20462,41.398588]},"properties":{"id":"cluster_2473393628_2473393632_3127828871","label":"Carrer del Taulat / Rambla del Poblenou","links":7,"phases":4,"in_edges":["239562154#0","255327589#2","68763137#2"],"corridor":null}},{"type":"Feature","geometry":{"type":"Point","coordinates":[2.201701,41.40063]},"properties":{"id":"cluster_2473393788_2473393790_2473393793_2473393804_#6more","label":"Carrer de Llull / Rambla del Poblenou","links":12,"phases":4,"in_edges":["239562153#0","239562158#0","253456740#0"],"corridor":null}},{"type":"Feature","geometry":{"type":"Point","coordinates":[2.199402,41.402371]},"properties":{"id":"cluster_2473393905_2473393908_2473393922_2473393932_#4more","label":"Carrer de Pallars / Rambla del Poblenou","links":4,"phases":6,"in_edges":["239562159#3","478295751#0","531033553#0"],"corridor":null}},{"type":"Feature","geometry":{"type":"Point","coordinates":[2.198158,41.403343]},"properties":{"id":"cluster_2473393967_2473405274_4309985784","label":"Carrer de Pere IV / Rambla del Poblenou","links":7,"phases":6,"in_edges":["310929459#0","440773130#0","459401188#0"],"corridor":null}},{"type":"Feature","geometry":{"type":"Point","coordinates":[2.196252,41.405044]},"properties":{"id":"cluster_2473394000_2473394005_30297525","label":"Carrer de T\u00e0nger / Rambla del Poblenou","links":5,"phases":5,"in_edges":["1007387183#3","1531594529"],"corridor":null}},{"type":"Feature","geometry":{"type":"Point","coordinates":[2.193823,41.406714]},"properties":{"id":"cluster_2473421347_416885093_4881689081","label":"Carrer del Per\u00fa / Rambla del Poblenou","links":14,"phases":4,"in_edges":["-745369393#4","239564648#0","427600521#0","48719593#0"],"corridor":null}},{"type":"Feature","geometry":{"type":"Point","coordinates":[2.115137,41.381197]},"properties":{"id":"cluster_251543436_6314709891_687897133","label":"Avinguda del Doctor Mara\u00f1\u00f3n","links":6,"phases":4,"in_edges":["1280721267#0","1491805930#0"],"corridor":null}},{"type":"Feature","geometry":{"type":"Point","coordinates":[2.158714,41.376913]},"properties":{"id":"cluster_252825017_252825353_7042287357","label":"Avinguda de Mistral / Carrer de Cal\u00e0bria","links":13,"phases":8,"in_edges":["-1213459083","237655872#1","848503518","868707435#0"],"corridor":null}},{"type":"Feature","geometry":{"type":"Point","coordinates":[2.197733,41.39193]},"properties":{"id":"cluster_253795218_30689530_3662615713_7006970224","label":"Avinguda d&apos;Ic\u00e0ria / Carrer de l&apos;Arquitecte Sert","links":10,"phases":5,"in_edges":["251551139#3","310929464#4","42858992#0"],"corridor":null}},{"type":"Feature","geometry":{"type":"Point","coordinates":[2.195485,41.38998]},"properties":{"id":"cluster_253795220_253795580_3662615660_7006970222","label":"Avinguda d&apos;Ic\u00e0ria / Carrer de Joan Mir\u00f3","links":10,"phases":4,"in_edges":["214272929#3","237927190#3","547440870#0"],"corridor":null}},{"type":"Feature","geometry":{"type":"Point","coordinates":[2.194434,41.388967]},"properties":{"id":"cluster_253795221_253795578_253795579_2767286515_#6more","label":"Avinguda d&apos;Ic\u00e0ria / Carrer de Moscou","links":26,"phases":12,"in_edges":["175873800#0","237927190#6","301305578","490554888#0","547297203#0"],"corridor":null}},{"type":"Feature","geometry":{"type":"Point","coordinates":[2.204,41.407529]},"properties":{"id":"cluster_2578612976_262250647_2810872733_2810990584_#1more","label":"Avinguda Diagonal / Carrer de Bac de Roda","links":16,"phases":5,"in_edges":["237799272#0","237799278#0","328020291#0"],"corridor":"diagonal"}},{"type":"Feature","geometry":{"type":"Point","coordinates":[2.186958,41.40513]},"properties":{"id":"cluster_2589060116_4850661055_6502276603","label":"Avinguda Meridiana / Carrer de la Independ\u00e8ncia","links":7,"phases":6,"in_edges":["443797517#0","669719140#0"],"corridor":"meridiana"}},{"type":"Feature","geometry":{"type":"Point","coordinates":[2.197347,41.402268]},"properties":{"id":"cluster_262251754_382063655_4952629849_8122048073","label":"Carrer de Pere IV / Carrer de la Llacuna","links":7,"phases":5,"in_edges":["273302702#0","531033554#0"],"corridor":null}},{"type":"Feature","geometry":{"type":"Point","coordinates":[2.202167,41.407206]},"properties":{"id":"cluster_262251757_2810872731_2810990587_312894015_#1more","label":"Avinguda Diagonal / Carrer d&apos;Espronceda","links":13,"phases":6,"in_edges":["1122704736#0","1282588166#0","328020291#4"],"corridor":"diagonal"}},{"type":"Feature","geometry":{"type":"Point","coordinates":[2.138103,41.375379]},"properties":{"id":"cluster_2691107011_30294197_8528179107","label":"Carrer de Salou / Carrer de Sants","links":11,"phases":4,"in_edges":["-294021547#8","294021546#1","294021547#0"],"corridor":null}},{"type":"Feature","geometry":{"type":"Point","coordinates":[2.135096,41.393801]},"properties":{"id":"cluster_269375412_269376403_6099715643","label":"Carrer de Santa Fe de Nou M\u00e8xic / Carrer del Doctor Fleming","links":11,"phases":4,"in_edges":["123269344#0","24793121#3","650072289#0"],"corridor":null}},{"type":"Feature","geometry":{"type":"Point","coordinates":[2.13867,41.392978]},"properties":{"id":"cluster_269376045_6099715638_6663108848","label":"Carrer de Bori i Fontest\u00e0 / Carrer de Ganduxer","links":8,"phases":4,"in_edges":["1502186899#0","24793131#0","709075300#0"],"corridor":null}},{"type":"Feature","geometry":{"type":"Point","coordinates":[2.187936,41.393935]},"properties":{"id":"cluster_2767286507_30253377_600830525","label":"Carrer de Buenaventura Mu\u00f1oz / Carrer de la Marina","links":13,"phases":4,"in_edges":["175873801#0","237787031#0","243591203#0"],"corridor":null}},{"type":"Feature","geometry":{"type":"Point","coordinates":[2.189142,41.393098]},"properties":{"id":"cluster_2767286508_536428072_600821408","label":"Carrer de Pujades / Carrer de la Marina","links":13,"phases":6,"in_edges":["412891587#0","451710465#0","490602028#0","491837432#0"],"corridor":null}},{"type":"Feature","geometry":{"type":"Point","coordinates":[2.19019,41.392243]},"properties":{"id":"cluster_2767286510_30312828_536428053","label":"Carrer de Llull / Carrer de la Marina","links":12,"phases":4,"in_edges":["450617295#0","490554883#0","490554884#0"],"corridor":null}},{"type":"Feature","geometry":{"type":"Point","coordinates":[2.192478,41.41279]},"properties":{"id":"cluster_2786421913_2786421972_4826156010_506242745_#2more","label":"Carrer d&apos;Arag\u00f3 / Carrer de Lope de Vega","links":7,"phases":4,"in_edges":["450581317#0","46714530#0","531163112#0"],"corridor":null}},{"type":"Feature","geometry":{"type":"Point","coordinates":[2.165807,41.389447]},"properties":{"id":"cluster_301572243_301573106_71643531","label":"Carrer de la Diputaci\u00f3 / Rambla de Catalunya","links":8,"phases":4,"in_edges":["1321516489#1","1360091612#0","908375891#0"],"corridor":null}},{"type":"Feature","geometry":{"type":"Point","coordinates":[2.163498,41.391143]},"properties":{"id":"cluster_301572279_301572963_33098956_9939470211","label":"Carrer d&apos;Arag\u00f3 / Rambla de Catalunya","links":13,"phases":4,"in_edges":["1360091613","1408524849#0","1408525896#0"],"corridor":null}},{"type":"Feature","geometry":{"type":"Point","coordinates":[2.162235,41.391855]},"properties":{"id":"cluster_301572306_301572951_71643537","label":"Carrer de Val\u00e8ncia / Rambla de Catalunya","links":9,"phases":4,"in_edges":["1185662990#0","1387061746#0","673080415#4"],"corridor":null}},{"type":"Feature","geometry":{"type":"Point","coordinates":[2.161163,41.392811]},"properties":{"id":"cluster_301572399_301572961_71643538","label":"Carrer de Mallorca / Rambla de Catalunya","links":9,"phases":4,"in_edges":["1409641100#2","240299472#8","673080415#7"],"corridor":null}},{"type":"Feature","geometry":{"type":"Point","coordinates":[2.16005,41.393642]},"properties":{"id":"cluster_301572459_301572957_71643542","label":"Carrer de Proven\u00e7a / Rambla de Catalunya","links":8,"phases":4,"in_edges":["1409641101#0","240299472#4","295281241#0"],"corridor":null}},{"type":"Feature","geometry":{"type":"Point","coordinates":[2.158775,41.394377]},"properties":{"id":"cluster_301572460_301572949_71643543","label":"Carrer del Rossell\u00f3 / Rambla de Catalunya","links":9,"phases":4,"in_edges":["1409641101#4","240299472#0","903019486#0"],"corridor":null}},{"type":"Feature","geometry":{"type":"Point","coordinates":[2.156953,41.395741]},"properties":{"id":"cluster_301572821_4793246800_7005287344","label":"Avinguda Diagonal (lateral mar) / Rambla de Catalunya","links":3,"phases":5,"in_edges":["486763814","905204606#0"],"corridor":"diagonal"}},{"type":"Feature","geometry":{"type":"Point","coordinates":[2.157696,41.395265]},"properties":{"id":"cluster_301572944_71643547_9803583623","label":"Rambla de Catalunya","links":4,"phases":3,"in_edges":["1409641101#8","749104302#0"],"corridor":null}},{"type":"Feature","geometry":{"type":"Point","coordinates":[2.146422,41.390135]},"properties":{"id":"cluster_30237629_30237630_6889577894_8127290534","label":"Avinguda de Sarri\u00e0 / Carrer de Londres","links":11,"phases":6,"in_edges":["553586756#0","9412963#0"],"corridor":null}},{"type":"Feature","geometry":{"type":"Point","coordinates":[2.14694,41.394409]},"properties":{"id":"cluster_30237768_30248584","label":"Carrer de Casanova / Travessera de Gr\u00e0cia","links":10,"phases":4,"in_edges":["-542842571#1","238324875#0","35163649#0"],"corridor":null}},{"type":"Feature","geometry":{"type":"Point","coordinates":[2.182336,41.396617]},"properties":{"id":"cluster_30242766_506236271","label":"Carrer d&apos;Ausi\u00e0s Marc / Carrer de Ribes","links":9,"phases":6,"in_edges":["-908402012","1108868095","182072847#0"],"corridor":null}},{"type":"Feature","geometry":{"type":"Point","coordinates":[2.184555,41.389735]},"properties":{"id":"cluster_30243128_7866434043_7866434044","label":"Passeig de Pujades","links":7,"phases":3,"in_edges":["1530523967","546425905#0"],"corridor":null}},{"type":"Feature","geometry":{"type":"Point","coordinates":[2.152637,41.384663]},"properties":{"id":"cluster_30243319_3181254555_6762205354_8530036654","label":"Avinguda de Roma / Carrer de Val\u00e8ncia","links":10,"phases":4,"in_edges":["312272295","450423878#0"],"corridor":null}},{"type":"Feature","geometry":{"type":"Point","coordinates":[2.156402,41.376919]},"properties":{"id":"cluster_30243888_7195614914","label":"Avinguda de Mistral / Carrer de Floridablanca","links":12,"phases":7,"in_edges":["23348827","237923111#1","552124695#4"],"corridor":null}},{"type":"Feature","geometry":{"type":"Point","coordinates":[2.160934,41.374996]},"properties":{"id":"cluster_30246668_4538123412_4834501641_7917340021","label":"Avinguda del Paral\u00b7lel","links":11,"phases":5,"in_edges":["1408626371#0","601816556#6"],"corridor":null}},{"type":"Feature","geometry":{"type":"Point","coordinates":[2.198902,41.392758]},"properties":{"id":"cluster_30253211_30253212_3662616940_7309045630","label":"Avinguda d&apos;Ic\u00e0ria / Carrer de Frederic Mompou","links":11,"phases":5,"in_edges":["251551139#7","310929464#2","765639930#0"],"corridor":null}},{"type":"Feature","geometry":{"type":"Point","coordinates":[2.1618,41.398366]},"properties":{"id":"cluster_30254326_30556754_3207273494_6864603021_#1more","label":"Carrer de C\u00f2rsega / Carrer de Roger de Ll\u00faria","links":8,"phases":6,"in_edges":["237645155#0","237645187#0","831182051#0"],"corridor":null}},{"type":"Feature","geometry":{"type":"Point","coordinates":[2.121634,41.376491]},"properties":{"id":"cluster_30294466_3754949352_3754949353_3754949354_#3more","label":"Carrer de la Riera Blanca / Carrer del Regent Mendieta","links":9,"phases":4,"in_edges":["1225001919#1","1225030918#0","4750206#1"],"corridor":null}},{"type":"Feature","geometry":{"type":"Point","coordinates":[2.134539,41.408865]},"properties":{"id":"cluster_30294674_364670546_8306518561_8972412021_#1more","label":"Carrer de Folgueroles / Carrer de Jes\u00fas i Maria","links":8,"phases":7,"in_edges":["-139261501#7","1239757830#0","4750244#3","83675887#1"],"corridor":null}},{"type":"Feature","geometry":{"type":"Point","coordinates":[2.180543,41.415869]},"properties":{"id":"cluster_30295293_50099103_6744458358","label":"Carrer de Sant Antoni Maria Claret / Passeig de Maragall","links":15,"phases":7,"in_edges":["-140001512#2","284579038#4","552870862#0"],"corridor":null}},{"type":"Feature","geometry":{"type":"Point","coordinates":[2.199758,41.393677]},"properties":{"id":"cluster_30313062_30313063_5003921264","label":"Avinguda d&apos;Ic\u00e0ria / Carrer d&apos;\u00c0vila","links":11,"phases":5,"in_edges":["237715967#0","237927191#0","310929463#6"],"corridor":null}},{"type":"Feature","geometry":{"type":"Point","coordinates":[2.126564,41.375622]},"properties":{"id":"cluster_30314636_303636030_708983971","label":"Carrer de Jaume Roig / Carrer de Sants","links":12,"phases":8,"in_edges":["-45185735#6","45185735#0","886659988"],"corridor":null}},{"type":"Feature","geometry":{"type":"Point","coordinates":[2.143244,41.375279]},"properties":{"id":"cluster_30914370_6743038802","label":"Carrer de la Creu Coberta / Carrer del Consell de Cent","links":6,"phases":4,"in_edges":["-1536095744#7","1223988692#0","243598401"],"corridor":null}},{"type":"Feature","geometry":{"type":"Point","coordinates":[2.187968,41.404374]},"properties":{"id":"cluster_3376229198_9608356740","label":"Carrer de la Independ\u00e8ncia / Gran Via de les Corts Catalanes","links":8,"phases":4,"in_edges":["-330630828","263405116#0","443996531"],"corridor":"gran_via"}},{"type":"Feature","geometry":{"type":"Point","coordinates":[2.118406,41.390502]},"properties":{"id":"cluster_356295215_8119424276","label":"Avinguda de Pedralbes / Carrer de Dulcet","links":18,"phases":6,"in_edges":["-32023440#1","32036641#2","871723182","871723185"],"corridor":null}},{"type":"Feature","geometry":{"type":"Point","coordinates":[2.116885,41.391749]},"properties":{"id":"cluster_358505134_8119424282","label":"Avinguda de Pedralbes / Carrer de Bosch i Gimpera","links":10,"phases":6,"in_edges":["-918397441#2","871723186#0","871723188#0"],"corridor":null}},{"type":"Feature","geometry":{"type":"Point","coordinates":[2.119553,41.397649]},"properties":{"id":"cluster_359234359_417813658_7234857916_8530386528_#1more","label":"Avinguda de Josep Vicen\u00e7 Foix / Carrer de Dom\u00ednguez i Miralles","links":8,"phases":9,"in_edges":["-237695634#8","237695634#0","256814756#0","32356534#0"],"corridor":null}},{"type":"Feature","geometry":{"type":"Point","coordinates":[2.19666,41.390814]},"properties":{"id":"cluster_3662615687_381897082_385664092_7006970223","label":"Avinguda d&apos;Ic\u00e0ria / Carrer de Rosa Sensat","links":10,"phases":4,"in_edges":["237927190#0","451739343","547440870#4"],"corridor":null}},{"type":"Feature","geometry":{"type":"Point","coordinates":[2.160285,41.388737]},"properties":{"id":"cluster_4022831609_5731892860","label":"Carrer d&apos;Arag\u00f3 / Pla\u00e7a del Doctor Letamendi","links":11,"phases":6,"in_edges":["1226864208","1408526882","74387522#0"],"corridor":null}},{"type":"Feature","geometry":{"type":"Point","coordinates":[2.20756,41.39855]},"properties":{"id":"cluster_4112911211_5289700555","label":"Passeig de Calvell","links":7,"phases":4,"in_edges":["1165373701","1215183295#0"],"corridor":null}},{"type":"Feature","geometry":{"type":"Point","coordinates":[2.149379,41.406535]},"properties":{"id":"cluster_415950289_6073196939","label":"Avinguda de la Rep\u00fablica Argentina / Pla\u00e7a de Lesseps","links":11,"phases":8,"in_edges":["16628925#0","237652086#0","242545582#1","486756070#0"],"corridor":null}},{"type":"Feature","geometry":{"type":"Point","coordinates":[2.158642,41.37513]},"properties":{"id":"cluster_4538123367_4538123409_7042201756_7917340022_#3more","label":"Avinguda del Paral\u00b7lel / Carrer de Manso","links":14,"phases":8,"in_edges":["340350446#0","553309957#0","848503523#0","987520328#4"],"corridor":null}},{"type":"Feature","geometry":{"type":"Point","coordinates":[2.167889,41.375123]},"properties":{"id":"cluster_4538123381_6833338778_89148866","label":"Avinguda del Paral\u00b7lel / Carrer de Sant Pau","links":6,"phases":1,"in_edges":["1548847134#0","827052044#0"],"corridor":null}},{"type":"Feature","geometry":{"type":"Point","coordinates":[2.198285,41.411847]},"properties":{"id":"cluster_4707378817_559415593_559415594_559415595_#1more","label":"Carrer de Bac de Roda / Gran Via de les Corts Catalanes (lateral mar)","links":13,"phases":8,"in_edges":["1393171297#0","237787040#5","490503454#3"],"corridor":"gran_via"}},{"type":"Feature","geometry":{"type":"Point","coordinates":[2.195756,41.413749]},"properties":{"id":"cluster_506223417_618300957_7206995918","label":"Carrer de Bac de Roda / Carrer del Concili de Trento","links":9,"phases":6,"in_edges":["115799305#7","43994497#3","86255368#6"],"corridor":null}},{"type":"Feature","geometry":{"type":"Point","coordinates":[2.185658,41.390634]},"properties":{"id":"cluster_5278618281_7866434035_9252974207","label":"Carrer de N\u00e0pols / Passeig de Pujades","links":10,"phases":4,"in_edges":["237914525#4","283764987#0","546209922#0"],"corridor":null}},{"type":"Feature","geometry":{"type":"Point","coordinates":[2.116626,41.368415]},"properties":{"id":"cluster_6173990309_960889211","label":"Avinguda de Catalunya / Avinguda del Torrent Gornal","links":8,"phases":6,"in_edges":["-83097166#1","395047570#0","754815078"],"corridor":null}},{"type":"Feature","geometry":{"type":"Point","coordinates":[2.133701,41.367356]},"properties":{"id":"cluster_693864929_7023927787_8221718678_952967310","label":"Carrer del Quetzal / Rambla de Badal","links":9,"phases":6,"in_edges":["1446005039","1446005993#0","81794396#0"],"corridor":null}},{"type":"Feature","geometry":{"type":"Point","coordinates":[2.136154,41.40124]},"properties":{"id":"joinedS_1002675914_1496396360_3136662659","label":"Carrer de Mandri / Carrer de Prats de Moll\u00f3","links":16,"phases":10,"in_edges":["1238550919#0","237506926#0","237506926#2","308379360#0","54678284#1","821143060"],"corridor":null}},{"type":"Feature","geometry":{"type":"Point","coordinates":[2.142102,41.380887]},"properties":{"id":"joinedS_1012330330_3134765936","label":"Avinguda de Josep Tarradellas / Carrer de Num\u00e0ncia","links":10,"phases":4,"in_edges":["1313088541","243598397#0","308186232#0","87031378#0"],"corridor":null}},{"type":"Feature","geometry":{"type":"Point","coordinates":[2.189239,41.410334]},"properties":{"id":"joinedS_1122814756_cluster_126753810_1303457189_8148449127","label":"Carrer d&apos;Arag\u00f3 / Carrer del Clot","links":14,"phases":5,"in_edges":["29057350#1","450581322#0","46714528#0","95427351#1"],"corridor":null}},{"type":"Feature","geometry":{"type":"Point","coordinates":[2.159534,41.396558]},"properties":{"id":"joinedS_11276298354_12884439770_1311619363_1377225849_#2more","label":"Avinguda Diagonal / Avinguda Diagonal (lateral muntanya)","links":36,"phases":16,"in_edges":["-116343001#2","-397481041#5","115676121#0","1217655901#0","1217655906","1217655908","1391901672#0","271470038#0","401951396#0","522164019#0","522164021#0"],"corridor":"diagonal"}},{"type":"Feature","geometry":{"type":"Point","coordinates":[2.13875,41.417646]},"properties":{"id":"joinedS_11305973952_cluster_12923224011_426673039_637536892","label":"Carrer de Ca l&apos;Alegre / Carretera de Sant Cugat","links":13,"phases":8,"in_edges":["1396215984","211212150#0","236230582#2","284401155#0","49790748"],"corridor":null}},{"type":"Feature","geometry":{"type":"Point","coordinates":[2.177478,41.375672]},"properties":{"id":"joinedS_11369675082_21638920","label":"La Rambla / Passeig de Josep Carner","links":12,"phases":4,"in_edges":["1225795906","1408620377#0","245672926#0","498952133#0"],"corridor":null}},{"type":"Feature","geometry":{"type":"Point","coordinates":[2.166953,41.388428]},"properties":{"id":"joinedS_11466476299_301572132_301573130_cluster_11466476301_1400448339_559765964","label":"Gran Via de les Corts Catalanes / Gran Via de les Corts Catalanes (lateral mar)","links":23,"phases":10,"in_edges":["1235264095#0","126302004","126302005","237522643#0","27465349#0","673080417#0","673080418#0","673080424","8380873#0"],"corridor":"gran_via"}},{"type":"Feature","geometry":{"type":"Point","coordinates":[2.149085,41.374938]},"properties":{"id":"joinedS_1193548816_168319807_2686522116_71710025_#1more","label":"Avinguda de la Reina Maria Cristina / Avinguda del Paral\u00b7lel","links":69,"phases":21,"in_edges":["103357170","1137827992#0","208708603","208708606","245672925#0","532279580","532303308#0","542836620","545715327#0","887560129"],"corridor":"gran_via"}},{"type":"Feature","geometry":{"type":"Point","coordinates":[2.180631,41.418416]},"properties":{"id":"joinedS_125932467_30555404_30555405","label":"Carrer de Juan de Garay / Carrer de Trinxant","links":14,"phases":10,"in_edges":["-1408922769#1","-1408922770","1408922769#0","1409609317#0","237645207#1","552864710#0","555296659#0"],"corridor":null}},{"type":"Feature","geometry":{"type":"Point","coordinates":[2.161892,41.412503]},"properties":{"id":"joinedS_126763470_30242948_412446078","label":"Carrer de Sardenya / Carrer de les Cam\u00e8lies","links":21,"phases":10,"in_edges":["237655871#0","320966456#0","35164017#0","450020885#0","450020889#0","548389963#0","831182085"],"corridor":null}},{"type":"Feature","geometry":{"type":"Point","coordinates":[2.122583,41.387076]},"properties":{"id":"joinedS_126769416_356295267_390227141_cluster_10594266399_356295256_378214322","label":"Avinguda Diagonal / Avinguda Diagonal (lateral mar)","links":43,"phases":18,"in_edges":["-253360734#4","1391886576#0","1496251259#0","213888086#2","542503071#0","542503076#0","552634542#0","58717691#0","68506232#0"],"corridor":"diagonal"}},{"type":"Feature","geometry":{"type":"Point","coordinates":[2.167462,41.400929]},"properties":{"id":"joinedS_126797987_126803357","label":"Carrer del Rossell\u00f3 / Passeig de Sant Joan","links":17,"phases":4,"in_edges":["237645205#0","284450142#0","544248640#0","68506263#4"],"corridor":null}},{"type":"Feature","geometry":{"type":"Point","coordinates":[2.180089,41.391399]},"properties":{"id":"joinedS_126798005_126798008_1311833057_211616876","label":"Avinguda de Vilanova / Carrer de Trafalgar","links":28,"phases":16,"in_edges":["1017855764#3","116349433#0","226319533","226319540#0","226319541","23191706#0","404402534#0","490751790","538185605#0"],"corridor":null}},{"type":"Feature","geometry":{"type":"Point","coordinates":[2.165195,41.402607]},"properties":{"id":"joinedS_126803334_30558452","label":"Carrer de la Ind\u00fastria / Passeig de Sant Joan","links":13,"phases":4,"in_edges":["140001517#0","226319971#0","450282541#0","4776840#0"],"corridor":null}},{"type":"Feature","geometry":{"type":"Point","coordinates":[2.16417,41.403537]},"properties":{"id":"joinedS_126803336_30555001","label":"Carrer de Sant Antoni Maria Claret / Passeig de Sant Joan","links":14,"phases":6,"in_edges":["20476283#0","450282540#0","450282542#0","554934619#2"],"corridor":null}},{"type":"Feature","geometry":{"type":"Point","coordinates":[2.149945,41.407233]},"properties":{"id":"joinedS_12696223063_1357271796_331355854","label":"Avinguda de Vallcarca / Pla\u00e7a de Lesseps","links":14,"phases":4,"in_edges":["-36725973#2","-542990500#1","121189294#0","237655881#0","35164543#0","36725973#0"],"corridor":null}},{"type":"Feature","geometry":{"type":"Point","coordinates":[2.145366,41.393047]},"properties":{"id":"joinedS_12884134295_1362900013_1378894231_1840721019_#2more","label":"Avinguda Diagonal / Avinguda Diagonal (lateral mar)","links":41,"phases":16,"in_edges":["-244059991#1","-542990496#2","1025876541","1259775741#0","1391901662#0","1391901664#0","22725332#0","238324867#0","244059991#0","397481044#0","451607872#0","542169704#0","542169706#0"],"corridor":"diagonal"}},{"type":"Feature","geometry":{"type":"Point","coordinates":[2.194754,41.409356]},"properties":{"id":"joinedS_1305741256_559061399_559418993_814239845","label":"Carrer de Bilbao / Gran Via de les Corts Catalanes","links":23,"phases":12,"in_edges":["-263405119#1","1123933041#0","1168912157#0","1427103781","237787041#2","255327613#0","449991619","545724433","910053968#0"],"corridor":"gran_via"}},{"type":"Feature","geometry":{"type":"Point","coordinates":[2.149594,41.394058]},"properties":{"id":"joinedS_1311619340_442540270_442540300","label":"Avinguda Diagonal / Avinguda Diagonal (lateral mar)","links":29,"phases":10,"in_edges":["-397481042#4","1422093911#0","450280362#0","450280363#0","536376968#0","544164277#0","905205418#0"],"corridor":"diagonal"}},{"type":"Feature","geometry":{"type":"Point","coordinates":[2.161519,41.396955]},"properties":{"id":"joinedS_1311619365_30253494_30254222_442540258","label":"Avinguda Diagonal / Avinguda Diagonal (lateral mar)","links":29,"phases":12,"in_edges":["-307933382#2","1097233500#0","1108365352#0","116315069#0","1217655916","1408604728#0","1524529847","450396236#0","544113526#0"],"corridor":"diagonal"}},{"type":"Feature","geometry":{"type":"Point","coordinates":[2.154751,41.395286]},"properties":{"id":"joinedS_1311619488_30237617_30247431_359104405","label":"Avinguda Diagonal / Avinguda Diagonal (lateral mar)","links":36,"phases":12,"in_edges":["-544617969","1408687435#0","165842957#0","170079040#0","237522639#0","237659844#0","237914527#3","658706630#0","675395642#0"],"corridor":"diagonal"}},{"type":"Feature","geometry":{"type":"Point","coordinates":[2.14795,41.39357]},"properties":{"id":"joinedS_1311619500_364811897_364811899","label":"Avinguda Diagonal / Avinguda Diagonal (lateral mar)","links":27,"phases":10,"in_edges":["-544617968#2","1025876539#0","237659855#0","244059994#0","397481042#0","536376972#0","536376979#2"],"corridor":"diagonal"}},{"type":"Feature","geometry":{"type":"Point","coordinates":[2.163718,41.392982]},"properties":{"id":"joinedS_1311770048_442540251","label":"Carrer de Val\u00e8ncia / Passeig de Gr\u00e0cia","links":23,"phases":6,"in_edges":["-525638420#2","238324880#2","524963566#0","908375873#0","908375878"],"corridor":null}},{"type":"Feature","geometry":{"type":"Point","coordinates":[2.181225,41.404309]},"properties":{"id":"joinedS_1350812728_cluster_2292981003_6985802967","label":"Carrer d&apos;Arag\u00f3 / Carrer de los Castillejos","links":16,"phases":6,"in_edges":["263405136#3","263405146#0","651543579#5","74398635#2","74398640#0"],"corridor":null}},{"type":"Feature","geometry":{"type":"Point","coordinates":[2.151339,41.394428]},"properties":{"id":"joinedS_1362899971_30237637_359104407","label":"Avinguda Diagonal / Avinguda Diagonal (lateral mar)","links":31,"phases":10,"in_edges":["-237659844#6","1409649743#0","257568505#0","498269278#0","536376965#0","544215269#0","905205417#0"],"corridor":"diagonal"}},{"type":"Feature","geometry":{"type":"Point","coordinates":[2.168374,41.389388]},"properties":{"id":"joinedS_1375310919_2495598155_26057312_3229689808_#1more","label":"Gran Via de les Corts Catalanes / Passeig de Gr\u00e0cia","links":45,"phases":10,"in_edges":["1392183135#0","140001530#0","293858827#0","295263589#0","316789524#0","440369835#0","542963106#0","545718428#0","545718429#0","8380822#0","8380830#0"],"corridor":"gran_via"}},{"type":"Feature","geometry":{"type":"Point","coordinates":[2.134144,41.395374]},"properties":{"id":"joinedS_1377806835_692263342_7252348260","label":"Carrer del Doctor Fleming / Ronda del General Mitre","links":15,"phases":12,"in_edges":["123616970#6","1395710352#0","295288877#0","295288878#0","295288879#0","650072289#6"],"corridor":null}},{"type":"Feature","geometry":{"type":"Point","coordinates":[2.167434,41.412493]},"properties":{"id":"joinedS_1381852561_402875797_690803404_cluster_1381852565_3748616590_690803431","label":"Carrer de Padilla / Ronda del Guinard\u00f3","links":43,"phases":14,"in_edges":["134575587#0","145985022#0","177883863#0","287871139#1","295288876#0","34638078#0","543574886#0","902150221#0","908532535#0"],"corridor":null}},{"type":"Feature","geometry":{"type":"Point","coordinates":[2.142673,41.386024]},"properties":{"id":"joinedS_1382873656_8121509947","label":"Avinguda de Josep Tarradellas / Carrer d&apos;Enten\u00e7a","links":12,"phases":6,"in_edges":["-1112040487#1","1112040478","1112040479#0","124184224#0","906486333#0"],"corridor":null}},{"type":"Feature","geometry":{"type":"Point","coordinates":[2.148912,41.401109]},"properties":{"id":"joinedS_13952115206_412398706","label":"Carrer de Lincoln / Carrer de Sant Eusebi","links":6,"phases":6,"in_edges":["1530838420#0","287670532#0","287670532#2","35465939#6"],"corridor":null}},{"type":"Feature","geometry":{"type":"Point","coordinates":[2.151222,41.400692]},"properties":{"id":"joinedS_1457780043_1457780180_cluster_1457780109_1457780310_678297076_8379781937_#1more","label":"Avinguda de la Riera de Cassoles / Carrer de Laforja","links":23,"phases":8,"in_edges":["-32015709#2","-816764554#2","-902160362#1","1384256299#4","816761189#0","816764554#0","902160362#0"],"corridor":null}},{"type":"Feature","geometry":{"type":"Point","coordinates":[2.144067,41.392619]},"properties":{"id":"joinedS_1469158191_269381077_5241929669","label":"Avinguda Diagonal / Avinguda de Josep Tarradellas","links":27,"phases":12,"in_edges":["1391893480","237667607#0","257568502#1","538551233#0","542169700#0","544243186"],"corridor":"diagonal"}},{"type":"Feature","geometry":{"type":"Point","coordinates":[2.151466,41.384017]},"properties":{"id":"joinedS_1479334726_cluster_1479334771_1479334855","label":"Avinguda de Roma / Carrer de Val\u00e8ncia","links":23,"phases":9,"in_edges":["1278435633#0","1526713358#0","237805210#5","493086068","905546718#0"],"corridor":null}},{"type":"Feature","geometry":{"type":"Point","coordinates":[2.145721,41.381637]},"properties":{"id":"joinedS_1479334732_cluster_1479334879_1479334935","label":"Avinguda de Roma / Carrer de Vilamar\u00ed","links":15,"phases":6,"in_edges":["129169445#0","134565969#0","237805213#0","4750679#0","87031379#0"],"corridor":null}},{"type":"Feature","geometry":{"type":"Point","coordinates":[2.14849,41.382918]},"properties":{"id":"joinedS_1479334850_1479334853_530687873_cluster_1479334819_750591204","label":"Avinguda de Roma / Carrer de Mallorca","links":23,"phases":15,"in_edges":["-449991632","1225985838#0","1225985839#0","134565971#0","134565976#0","134565981#0","232589228#0","237795736#8","450610283#0","905546719#0"],"corridor":null}},{"type":"Feature","geometry":{"type":"Point","coordinates":[2.150306,41.383232]},"properties":{"id":"joinedS_1479334897_750591201_cluster_1479334915_750591202","label":"Avinguda de Roma / Carrer de Cal\u00e0bria","links":20,"phases":4,"in_edges":["1112400991#0","134565976#4","1409641110#1","237805210#0","918438452#0"],"corridor":null}},{"type":"Feature","geometry":{"type":"Point","coordinates":[2.14727,41.382167]},"properties":{"id":"joinedS_1479334951_cluster_1121909742_1479334886_8409412905","label":"Avinguda de Roma / Carrer d&apos;Enten\u00e7a","links":17,"phases":6,"in_edges":["1409614865#0","1409614866#0","232589228#5","237805204#0","532436408#0"],"corridor":null}},{"type":"Feature","geometry":{"type":"Point","coordinates":[2.139372,41.3913]},"properties":{"id":"joinedS_1479390211_269379908","label":"Avinguda Diagonal (lateral mar) / Avinguda Diagonal (lateral muntanya)","links":21,"phases":6,"in_edges":["-450145580","1170499073","145565065#4","237549914#1","450369479#0"],"corridor":"diagonal"}},{"type":"Feature","geometry":{"type":"Point","coordinates":[2.123169,41.37573]},"properties":{"id":"joinedS_1528717122_681936233","label":"Avinguda de Madrid / Carrer de Munn\u00e9","links":13,"phases":4,"in_edges":["1243061714#0","139443870#0","457390925#0","4746693#0"],"corridor":null}},{"type":"Feature","geometry":{"type":"Point","coordinates":[2.156057,41.385803]},"properties":{"id":"joinedS_1532752086_30247091","label":"Avinguda de Roma / Carrer d&apos;Arag\u00f3","links":20,"phases":4,"in_edges":["1112404106#0","1112404106#5","136725370#0","295124089#0"],"corridor":null}},{"type":"Feature","geometry":{"type":"Point","coordinates":[2.148194,41.389813]},"properties":{"id":"joinedS_1589583464_cluster_30313113_4470657984_4470657986_5927245611","label":"Carrer de Par\u00eds / Carrer del Comte d&apos;Urgell","links":24,"phases":7,"in_edges":["145565058#0","243716771#0","295263586","4744944#4"],"corridor":null}},{"type":"Feature","geometry":{"type":"Point","coordinates":[2.147259,41.401206]},"properties":{"id":"joinedS_1614010928_1614010934_30247405_30247406_#1more","label":"Carrer d&apos;Alfons XII / Carrer de Balmes","links":32,"phases":12,"in_edges":["-1395142050#3","-237659854#2","-29382777#2","-54514989#3","1388329085#0","1395142050#0","1530838416#0","1530838419#0","1539858057#0","237659854#0","287683998#3","29382777#0","34874723#0","53725383#0"],"corridor":null}},{"type":"Feature","geometry":{"type":"Point","coordinates":[2.187114,41.394728]},"properties":{"id":"joinedS_1654368576_797407445_797407449","label":"Avinguda Meridiana / Carrer de la Marina","links":16,"phases":10,"in_edges":["115801088","182069868#0","226319537#0","237506931#0","237787019#0","514869760#0"],"corridor":"meridiana"}},{"type":"Feature","geometry":{"type":"Point","coordinates":[2.131417,41.390938]},"properties":{"id":"joinedS_1840720978_1856466849_269380386","label":"Carrer de Flos i Calcat / Carrer de Num\u00e0ncia","links":17,"phases":12,"in_edges":["-864123947","1279486777#0","173223710#0","24793649#2","24793649#5","308076647#2"],"corridor":null}},{"type":"Feature","geometry":{"type":"Point","coordinates":[2.132386,41.389791]},"properties":{"id":"joinedS_1840721007_364829704","label":"Avinguda Diagonal / Avinguda Diagonal (lateral muntanya)","links":27,"phases":6,"in_edges":["-283778455#2","129169441","1485697382#0","449751441#0","862748475"],"corridor":"diagonal"}},{"type":"Feature","geometry":{"type":"Point","coordinates":[2.127979,41.38861]},"properties":{"id":"joinedS_1856466592_2087204995_2510683355_cluster_1856466645_1856466712_1856466769_7252348279","label":"Avinguda Diagonal / Avinguda Diagonal (lateral mar)","links":31,"phases":14,"in_edges":["1534986409","237521122#0","237695646","526120227","542503078#0","664147081","862748474#3"],"corridor":"diagonal"}},{"type":"Feature","geometry":{"type":"Point","coordinates":[2.135732,41.388254]},"properties":{"id":"joinedS_1856468570_2087204994","label":"Carrer de Constan\u00e7a / Carrer de Deu i Mata","links":14,"phases":4,"in_edges":["-175002303#4","-175002303#9","175002303#0","238768629#0","24793737#0","86057932#3"],"corridor":null}},{"type":"Feature","geometry":{"type":"Point","coordinates":[2.183818,41.383042]},"properties":{"id":"joinedS_190971704_7254139893","label":"Avinguda del Marqu\u00e8s de l&apos;Argentera / Pla de Palau","links":19,"phases":6,"in_edges":["-237725937#1","1531019685","1531019697#0","18510804#0","237715987#0"],"corridor":null}},{"type":"Feature","geometry":{"type":"Point","coordinates":[2.18506,41.381715]},"properties":{"id":"joinedS_190987748_533662733","label":"Pla de Palau / Pla\u00e7a de Pau Vila","links":16,"phases":4,"in_edges":["1480864516","237566146#0","246640823#0","287860388#0"],"corridor":null}},{"type":"Feature","geometry":{"type":"Point","coordinates":[2.134866,41.398434]},"properties":{"id":"joinedS_2087205003_2087205004","label":"Carrer de Ganduxer / Carrer de Raset","links":12,"phases":6,"in_edges":["142601075#0","294493312#0","294493312#4","54678279#3"],"corridor":null}},{"type":"Feature","geometry":{"type":"Point","coordinates":[2.196381,41.387494]},"properties":{"id":"joinedS_243341157_243341158","label":"Avinguda del Litoral / Carrer de la Marina","links":13,"phases":6,"in_edges":["1394474272","283764981#0","283764982#0","32465830#0"],"corridor":null}},{"type":"Feature","geometry":{"type":"Point","coordinates":[2.142512,41.382318]},"properties":{"id":"joinedS_249426450_2507405102","label":"Avinguda de Josep Tarradellas / Carrer de Nicaragua","links":13,"phases":4,"in_edges":["124184223#1","129169444","23103313#0","540083908#0"],"corridor":null}},{"type":"Feature","geometry":{"type":"Point","coordinates":[2.150766,41.407931]},"properties":{"id":"joinedS_2509167399_cluster_126763485_2509167400_30960669_415955413_#1more","label":"Carrer de la Mare de D\u00e9u del Coll / Travessera de Dalt","links":18,"phases":8,"in_edges":["1211762027#0","121189293#0","130095554#0","237652085","35468146#0","450020884"],"corridor":null}},{"type":"Feature","geometry":{"type":"Point","coordinates":[2.12706,41.38836]},"properties":{"id":"joinedS_2509871324_269386319_390227126","label":"Avinguda Diagonal / Carrer del Capit\u00e0 Arenas","links":32,"phases":12,"in_edges":["-294056749#1","1391890990#0","175002110","237521117#0","237695637#0","309254652#0","550280510#0"],"corridor":"diagonal"}},{"type":"Feature","geometry":{"type":"Point","coordinates":[2.154026,41.378714]},"properties":{"id":"joinedS_2510589068_4834209607","label":"Carrer de Rocafort / Gran Via de les Corts Catalanes","links":18,"phases":4,"in_edges":["1189689614#0","244057616#0","449991631#0","552124698#0"],"corridor":"gran_via"}},{"type":"Feature","geometry":{"type":"Point","coordinates":[2.116268,41.372346]},"properties":{"id":"joinedS_2521871398_cluster_30237155_451753930","label":"Carrer de Puj\u00f3s / Carrer de Vallparda","links":12,"phases":4,"in_edges":["-560543743#2","-560543743#5","4744864#0","4744883#3","560543743#0"],"corridor":null}},{"type":"Feature","geometry":{"type":"Point","coordinates":[2.16603,41.414954]},"properties":{"id":"joinedS_256484488_849592995","label":"Carrer de Tenerife / Carrer de les Cam\u00e8lies","links":5,"phases":4,"in_edges":["1222483643#0","296815415#1","309904222#0","831182092#0"],"corridor":null}},{"type":"Feature","geometry":{"type":"Point","coordinates":[2.140008,41.3823]},"properties":{"id":"joinedS_2588057862_340195871","label":"Carrer de Dolors Batlle i Sunyer / Carrer de Num\u00e0ncia","links":12,"phases":6,"in_edges":["237960946#0","237960946#4","43037130#2","831157551#1"],"corridor":null}},{"type":"Feature","geometry":{"type":"Point","coordinates":[2.121622,41.401625]},"properties":{"id":"joinedS_2590731984_818710843","label":"Carrer de Dolors Monserd\u00e0 / Via Augusta","links":13,"phases":6,"in_edges":["-450200071#0","238862120","26293954#2","450200070#0","450200080#0","871757026#1"],"corridor":null}},{"type":"Feature","geometry":{"type":"Point","coordinates":[2.164364,41.386132]},"properties":{"id":"joinedS_26057307_3218700096_559765962","label":"Gran Via de les Corts Catalanes / Gran Via de les Corts Catalanes (lateral mar)","links":36,"phases":6,"in_edges":["-44027589#3","-545932590#2","-8380840#1","295215809#0","328020781#0","44027589#0","547249781#0","8380840#0"],"corridor":"gran_via"}},{"type":"Feature","geometry":{"type":"Point","coordinates":[2.173565,41.389315]},"properties":{"id":"joinedS_26057341_30242757_cluster_13517193874_211608571_26057347_2979941609_#1more","label":"Carrer d&apos;Ausi\u00e0s Marc / Carrer de les Jonqueres","links":24,"phases":6,"in_edges":["-237566144","140001518#0","1408672894","20475905#0","237910178#0","584532229"],"corridor":null}},{"type":"Feature","geometry":{"type":"Point","coordinates":[2.175957,41.389054]},"properties":{"id":"joinedS_26057345_26057346","label":"Carrer d&apos;Ortigosa / Carrer de Trafalgar","links":11,"phases":6,"in_edges":["20044319#0","237725943#0","237910182#0","546184105#0"],"corridor":null}},{"type":"Feature","geometry":{"type":"Point","coordinates":[2.160921,41.383743]},"properties":{"id":"joinedS_26057388_365549375","label":"Carrer de Casanova / Gran Via de les Corts Catalanes","links":18,"phases":6,"in_edges":["1227367188#0","237506950#0","403600283#3","879204519"],"corridor":"gran_via"}},{"type":"Feature","geometry":{"type":"Point","coordinates":[2.161944,41.384659]},"properties":{"id":"joinedS_26057389_559026424","label":"Carrer de Muntaner / Gran Via de les Corts Catalanes","links":19,"phases":4,"in_edges":["1227367187#0","1409652525#0","328020785#0","532696001#0"],"corridor":"gran_via"}},{"type":"Feature","geometry":{"type":"Point","coordinates":[2.156309,41.380407]},"properties":{"id":"joinedS_26198831_30246772","label":"Carrer de Viladomat / Gran Via de les Corts Catalanes","links":19,"phases":4,"in_edges":["449991638#3","545715324#0","905209182#0","905209183#4"],"corridor":"gran_via"}},{"type":"Feature","geometry":{"type":"Point","coordinates":[2.155246,41.379496]},"properties":{"id":"joinedS_26198833_4834212396","label":"Carrer de Cal\u00e0bria / Gran Via de les Corts Catalanes","links":18,"phases":6,"in_edges":["316582572#0","449991620#0","449991620#4","905209183#0"],"corridor":"gran_via"}},{"type":"Feature","geometry":{"type":"Point","coordinates":[2.152965,41.377769]},"properties":{"id":"joinedS_26198844_30246864","label":"Carrer d&apos;Enten\u00e7a / Gran Via de les Corts Catalanes","links":18,"phases":6,"in_edges":["237529495#0","237659850#0","404402525#0","532436407#0"],"corridor":"gran_via"}},{"type":"Feature","geometry":{"type":"Point","coordinates":[2.20085,41.406729]},"properties":{"id":"joinedS_262251530_262251752","label":"Avinguda Diagonal / Carrer de Lope de Vega","links":18,"phases":8,"in_edges":["1334898217#0","239564645#5","24220819#0","425929773#0","540158541#0"],"corridor":"diagonal"}},{"type":"Feature","geometry":{"type":"Point","coordinates":[2.137153,41.390748]},"properties":{"id":"joinedS_269382573_3191418776","label":"Avinguda Diagonal / Avinguda Diagonal (lateral mar)","links":19,"phases":4,"in_edges":["129169446#0","237521119#0","862197868#0","862197871#0"],"corridor":"diagonal"}},{"type":"Feature","geometry":{"type":"Point","coordinates":[2.138318,41.389681]},"properties":{"id":"joinedS_269383883_998592654","label":"Carrer d&apos;Enten\u00e7a / Carrer de Deu i Mata","links":15,"phases":6,"in_edges":["-862197869","1409620052#0","24793206#0","862197867#0","916766791"],"corridor":null}},{"type":"Feature","geometry":{"type":"Point","coordinates":[2.125279,41.388]},"properties":{"id":"joinedS_269386336_681936382","label":"Avinguda Diagonal / Avinguda Diagonal (lateral muntanya)","links":21,"phases":6,"in_edges":["-32023091#3","-449751443#1","-543400542#2","24794193#0","284616361#0","32023091#0"],"corridor":"diagonal"}},{"type":"Feature","geometry":{"type":"Point","coordinates":[2.13334,41.406481]},"properties":{"id":"joinedS_30237675_5250643030","label":"Passeig de la Bonanova / Pla\u00e7a de la Bonanova","links":12,"phases":4,"in_edges":["893698958#0","918365462#0","918365463"],"corridor":null}},{"type":"Feature","geometry":{"type":"Point","coordinates":[2.165911,41.391251]},"properties":{"id":"joinedS_30242864_442540253","label":"Carrer del Consell de Cent / Passeig de Gr\u00e0cia","links":22,"phases":8,"in_edges":["-1321519621","-908375883#3","-908375886#1","1190420705#0","293858828#0","294085180#0","908375886#0"],"corridor":null}},{"type":"Feature","geometry":{"type":"Point","coordinates":[2.167112,41.390433]},"properties":{"id":"joinedS_30243053_442540235_442540254","label":"Carrer de la Diputaci\u00f3 / Passeig de Gr\u00e0cia","links":23,"phases":10,"in_edges":["-908375889#1","116343002","478725551#6","908375883#0","908375887","908375888","908375892"],"corridor":null}},{"type":"Feature","geometry":{"type":"Point","coordinates":[2.1719,41.39931]},"properties":{"id":"joinedS_30243120_6762254081","label":"Avinguda Diagonal (lateral mar) / Carrer de Roger de Flor","links":13,"phases":4,"in_edges":["1120874881#0","1222795860","1408524836#0","248565673#0"],"corridor":"diagonal"}},{"type":"Feature","geometry":{"type":"Point","coordinates":[2.173369,41.393102]},"properties":{"id":"joinedS_30243250_559787234","label":"Carrer de Girona / Gran Via de les Corts Catalanes","links":15,"phases":4,"in_edges":["1112878634#0","1157643606#0","238179181#0","238179183#0"],"corridor":"gran_via"}},{"type":"Feature","geometry":{"type":"Point","coordinates":[2.153299,41.375914]},"properties":{"id":"joinedS_30243876_626135661","label":"Avinguda de Mistral / Carrer de Sep\u00falveda","links":17,"phases":4,"in_edges":["-23348856#3","1409614855#0","1436366176","237923126#2","545901477#0"],"corridor":null}},{"type":"Feature","geometry":{"type":"Point","coordinates":[2.159706,41.38296]},"properties":{"id":"joinedS_30247093_8173071606","label":"Carrer de Villarroel / Gran Via de les Corts Catalanes","links":18,"phases":4,"in_edges":["491443472#0","491622344#0","879204520","905210700#0"],"corridor":"gran_via"}},{"type":"Feature","geometry":{"type":"Point","coordinates":[2.16306,41.397353]},"properties":{"id":"joinedS_30254348_9782230123_cluster_1311619407_3141525071_6874436659_9782235361","label":"Avinguda Diagonal / Avinguda Diagonal (lateral mar)","links":33,"phases":14,"in_edges":["1065184060#0","1168886754","1391901673","307933384#0","308861416#0","308861417#0","308861420#0","803424599#1"],"corridor":"diagonal"}},{"type":"Feature","geometry":{"type":"Point","coordinates":[2.171103,41.391461]},"properties":{"id":"joinedS_30254350_559787232_7515360144","label":"Carrer de Roger de Ll\u00faria / Gran Via de les Corts Catalanes","links":20,"phases":10,"in_edges":["1144052331#0","1157644014#0","237652083#0","238179178#0","273229616#0","549518612#0"],"corridor":"gran_via"}},{"type":"Feature","geometry":{"type":"Point","coordinates":[2.130283,41.375527]},"properties":{"id":"joinedS_30294451_cluster_3182649502_530676956_530676957_530676959_#3more","label":"Carrer de Feliu Casanova / Carrer de Sants","links":25,"phases":9,"in_edges":["-1536121326#3","-294082522#3","1536121325#0","1536121326#0","158922103#5","672281346#0","886666792"],"corridor":null}},{"type":"Feature","geometry":{"type":"Point","coordinates":[2.17599,41.417958]},"properties":{"id":"joinedS_30295302_cluster_13895479760_2331122654_3768282025","label":"Carrer d&apos;Escornalbou / Carrer de Teodor Llorente","links":8,"phases":6,"in_edges":["-543578060#4","224295083#0","6078327#5","973263037#0"],"corridor":null}},{"type":"Feature","geometry":{"type":"Point","coordinates":[2.151785,41.37698]},"properties":{"id":"joinedS_30298838_536838775","label":"Carrer de Vilamar\u00ed / Gran Via de les Corts Catalanes","links":13,"phases":4,"in_edges":["1225770985","237517573#0","404402522#0","853255410#0"],"corridor":"gran_via"}},{"type":"Feature","geometry":{"type":"Point","coordinates":[2.13711,41.369874]},"properties":{"id":"joinedS_30307943_30307972","label":"Carrer de Moss\u00e8n Amadeu Oller / Carrer de la Constituci\u00f3","links":7,"phases":6,"in_edges":["4751582#2","753132643","80390963#0","831157552#8"],"corridor":null}},{"type":"Feature","geometry":{"type":"Point","coordinates":[2.142689,41.393707]},"properties":{"id":"joinedS_30313252_30313254","label":"Avinguda de Pau Casals / Carrer del Mestre Nicolau","links":10,"phases":4,"in_edges":["153268994#0","153268994#3","173223706#0","173223709#0"],"corridor":null}},{"type":"Feature","geometry":{"type":"Point","coordinates":[2.15668,41.398873]},"properties":{"id":"joinedS_30333392_30556625","label":"Carrer Gran de Gr\u00e0cia / Carrer de Goya","links":10,"phases":4,"in_edges":["301305579#0","32015691#0","32015691#6","98746956#0"],"corridor":null}},{"type":"Feature","geometry":{"type":"Point","coordinates":[2.177837,41.407027]},"properties":{"id":"joinedS_30555975_8439080657","label":"Carrer de Proven\u00e7a / Carrer de los Castillejos","links":8,"phases":6,"in_edges":["-4776370#2","263405142#13","269871711#0","269871711#4"],"corridor":null}},{"type":"Feature","geometry":{"type":"Point","coordinates":[2.149968,41.403201]},"properties":{"id":"joinedS_30558391_60969501","label":"Avinguda de la Riera de Cassoles / Carrer de les Carolines","links":10,"phases":4,"in_edges":["-1539186420#6","-251698470","1539186420#0","1539186420#3","8590884#0"],"corridor":null}},{"type":"Feature","geometry":{"type":"Point","coordinates":[2.158659,41.382041]},"properties":{"id":"joinedS_30685338_559764755","label":"Carrer del Comte d&apos;Urgell / Gran Via de les Corts Catalanes","links":22,"phases":6,"in_edges":["1112893305#0","316582576#0","491443473#0","491622341#0"],"corridor":"gran_via"}},{"type":"Feature","geometry":{"type":"Point","coordinates":[2.175955,41.400557]},"properties":{"id":"joinedS_3193312157_cluster_30254197_3184350957_442540276","label":"Avinguda Diagonal (lateral mar) / Carrer d&apos;Arag\u00f3","links":31,"phases":7,"in_edges":["1511153991#0","238179151#0","313379187#0","546138912#0","897726079#0"],"corridor":"diagonal"}},{"type":"Feature","geometry":{"type":"Point","coordinates":[2.117662,41.404526]},"properties":{"id":"joinedS_324230919_324230922_324230925_981699926_#1more","label":"Avinguda de Vallvidrera / Carrer del General Vives","links":42,"phases":14,"in_edges":["-450219493#1","1525698710#8","208614080#0","29418893#0","32260883#0","417905758#0","44868704#0","450219491#0","537778390#0","550454014#0","550456984#0"],"corridor":null}},{"type":"Feature","geometry":{"type":"Point","coordinates":[2.163381,41.385384]},"properties":{"id":"joinedS_3314271774_559026426_cluster_112426103_11560052714_11560052715_1282870796_#7more","label":"Gran Via de les Corts Catalanes / Gran Via de les Corts Catalanes (lateral mar)","links":29,"phases":6,"in_edges":["185957649#0","237914536#0","449991649#0","532570624#0","532696011#0","922450172"],"corridor":"gran_via"}},{"type":"Feature","geometry":{"type":"Point","coordinates":[2.182611,41.398027]},"properties":{"id":"joinedS_359977822_536418264","label":"Carrer de Casp / Carrer de Ribes","links":27,"phases":5,"in_edges":["-182069872#5","-490655483#5","182069872#2","330913950#0","490655486","490655488#0"],"corridor":null}},{"type":"Feature","geometry":{"type":"Point","coordinates":[2.137755,41.415682]},"properties":{"id":"joinedS_364669543_364669545","label":"Carrer d&apos;Esteve Terradas / Pla\u00e7a d&apos;Alfonso Com\u00edn","links":13,"phases":4,"in_edges":["138470929#0","236230579#0","554918721#0","902739255#0"],"corridor":null}},{"type":"Feature","geometry":{"type":"Point","coordinates":[2.136861,41.410166]},"properties":{"id":"joinedS_364670487_364670521","label":"Carrer de Balmes / Passeig de Sant Gervasi","links":22,"phases":8,"in_edges":["-132578922#2","-68506256#1","132578922#0","139261500#0","139261506#0","32429558#0"],"corridor":null}},{"type":"Feature","geometry":{"type":"Point","coordinates":[2.129923,41.392442]},"properties":{"id":"joinedS_364718311_693196406","label":"Gran Via de Carles III / Pla\u00e7a de Prat de la Riba","links":15,"phases":4,"in_edges":["208606445#0","283778454","543400540#0","543748719#3"],"corridor":null}},{"type":"Feature","geometry":{"type":"Point","coordinates":[2.135632,41.365137]},"properties":{"id":"joinedS_390227092_cluster_12896018417_3621509846","label":"Gran Via de les Corts Catalanes (lateral muntanya) / Rambla de Badal","links":11,"phases":6,"in_edges":["1393162854","300828579#0","34054318"],"corridor":"gran_via"}},{"type":"Feature","geometry":{"type":"Point","coordinates":[2.157562,41.411242]},"properties":{"id":"joinedS_402883127_cluster_2458217791_3191418787_415956316","label":"Carrer de l&apos;Escorial / Carrer de la Mare de D\u00e9u de la Salut","links":20,"phases":14,"in_edges":["1167609046#0","123326469","237655876#0","238466717#2","313235643#0","71402933#3"],"corridor":null}},{"type":"Feature","geometry":{"type":"Point","coordinates":[2.159823,41.412445]},"properties":{"id":"joinedS_402883140_412446052","label":"Avinguda de la Mare de D\u00e9u de Montserrat / Carrer de Pau Alsina","links":14,"phases":6,"in_edges":["1365365179#0","314566586#0","450020886#0","548389962#0","552005873#0"],"corridor":null}},{"type":"Feature","geometry":{"type":"Point","coordinates":[2.138846,41.365443]},"properties":{"id":"joinedS_412437295_cluster_14094619889_4558542631","label":"Carrer de la Mare de D\u00e9u de Port / Carrer de la Mineria","links":10,"phases":6,"in_edges":["-912438042#1","237529492#0","460178006","542503788#0","912446185"],"corridor":null}},{"type":"Feature","geometry":{"type":"Point","coordinates":[2.13666,41.416133]},"properties":{"id":"joinedS_412458357_412458358_8384718808","label":"Carrer de Collserola / Carrer de Tici\u00e0","links":17,"phases":8,"in_edges":["-44196894#1","138470938#0","138470943#0","1396215989","236230579#2","893765258"],"corridor":null}},{"type":"Feature","geometry":{"type":"Point","coordinates":[2.183543,41.418036]},"properties":{"id":"joinedS_420892540_448700503_448700605","label":"Carrer de Concepci\u00f3n Arenal / Carrer de Sant Antoni Maria Claret","links":20,"phases":6,"in_edges":["1409609331#0","220245634#4","220245634#7","237645152#0","284579039#0","520248295#0","822288505#0"],"corridor":null}},{"type":"Feature","geometry":{"type":"Point","coordinates":[2.146979,41.410022]},"properties":{"id":"joinedS_426883557_4811094187","label":"Avinguda de Vallcarca / Carrer d&apos;Agramunt","links":9,"phases":6,"in_edges":["-1408951005#1","35172599#3","35172599#6","36918709#0","555542133#0"],"corridor":null}},{"type":"Feature","geometry":{"type":"Point","coordinates":[2.16476,41.397901]},"properties":{"id":"joinedS_442540255_cluster_1311619392_1864143448_30238032_3184416474_#3more","label":"Avinguda Diagonal / Avinguda Diagonal (lateral mar)","links":20,"phases":10,"in_edges":["1080039482#0","1168886753#0","237910183#0","237910183#4","307933386#0","314679885#0"],"corridor":"diagonal"}},{"type":"Feature","geometry":{"type":"Point","coordinates":[2.169798,41.399128]},"properties":{"id":"joinedS_442540267_cluster_10272855961_1126848552_11276198554_11289437704_#13more","label":"Avinguda Diagonal (lateral mar) / Avinguda Diagonal (lateral muntanya)","links":41,"phases":9,"in_edges":["1218360421#0","237517574#0","237805201#0","284450136#0","314679876#0","4745526#0","897169996#0"],"corridor":"diagonal"}},{"type":"Feature","geometry":{"type":"Point","coordinates":[2.180155,41.401782]},"properties":{"id":"joinedS_442540279_4436976528","label":"Avinguda Diagonal / Carrer de Lepant","links":14,"phases":4,"in_edges":["1177206036#0","1408936331#1","313379196#0","446419827#0"],"corridor":"diagonal"}},{"type":"Feature","geometry":{"type":"Point","coordinates":[2.182055,41.401968]},"properties":{"id":"joinedS_442540281_cluster_10858548538_30243065_3697148734_442540280_#1more","label":"Avinguda Diagonal / Carrer de Padilla","links":14,"phases":4,"in_edges":["1121182652#0","1408937696#0","449991629","526206807#0"],"corridor":"diagonal"}},{"type":"Feature","geometry":{"type":"Point","coordinates":[2.168305,41.398666]},"properties":{"id":"joinedS_442540293_cluster_1126848522_30243208_3184415002_6855299017","label":"Avinguda Diagonal (lateral mar) / Avinguda Diagonal (lateral muntanya)","links":21,"phases":7,"in_edges":["1409641094#0","251749480#0","314679879#0","905203091#0","908570510#0"],"corridor":"diagonal"}},{"type":"Feature","geometry":{"type":"Point","coordinates":[2.155698,41.395629]},"properties":{"id":"joinedS_442540298_cluster_1311619445_5260740738","label":"Avinguda Diagonal / Avinguda Diagonal (lateral muntanya)","links":20,"phases":4,"in_edges":["-237652077#3","237652078#5","397481041#0","554332682","658706631#0"],"corridor":"diagonal"}},{"type":"Feature","geometry":{"type":"Point","coordinates":[2.125794,41.410307]},"properties":{"id":"joinedS_453549623_560559159_567474429","label":"Carrer d&apos;Isaac Newton / Carrer de Bellesguard","links":15,"phases":10,"in_edges":["1393379508#0","246717743#1","314818142#6","33214016#0","38383058#0","43841887#2","550454019#0"],"corridor":null}},{"type":"Feature","geometry":{"type":"Point","coordinates":[2.173268,41.374839]},"properties":{"id":"joinedS_4538123596_cluster_2525354561_2984948749_3865124116_4538123600_#1more","label":"Avinguda del Paral\u00b7lel / Carrer de Palaud\u00e0ries","links":20,"phases":12,"in_edges":["1446567439#0","185961564#0","208855944","295215808#1","4746861#2","827052043#3","880513897#0"],"corridor":null}},{"type":"Feature","geometry":{"type":"Point","coordinates":[2.154668,41.37394]},"properties":{"id":"joinedS_4834501684_5644568122","label":"Carrer de Lleida / Carrer de Tamarit","links":7,"phases":4,"in_edges":["-381910534#1","28109248","591263080#0","908679095#0"],"corridor":null}},{"type":"Feature","geometry":{"type":"Point","coordinates":[2.139734,41.365904]},"properties":{"id":"joinedS_5163670097_9533512217","label":"Carrer de la Font Florida / Carrer de la Mineria","links":5,"phases":4,"in_edges":["-35163013#2","1034928973","35162979#0","532041897#0"],"corridor":null}},{"type":"Feature","geometry":{"type":"Point","coordinates":[2.132932,41.368947]},"properties":{"id":"joinedS_540312571_938093312","label":"Rambla de Badal","links":8,"phases":4,"in_edges":["1226435915","1446005034","244977251#0","80390964#0"],"corridor":null}},{"type":"Feature","geometry":{"type":"Point","coordinates":[2.20875,41.409052]},"properties":{"id":"joinedS_543552912_cluster_1297445112_247637112_2810872737_2810990580_#1more","label":"Avinguda Diagonal / Carrer de Pallars","links":23,"phases":8,"in_edges":["237715964#0","310929477#1","43275636#10","43275636#7","77302866#0"],"corridor":"diagonal"}},{"type":"Feature","geometry":{"type":"Point","coordinates":[2.198599,41.40651]},"properties":{"id":"joinedS_544222999_cluster_1297445121_262251531_2810990589_347340786","label":"Avinguda Diagonal / Carrer de Bilbao","links":21,"phases":8,"in_edges":["1409609349#0","237787026#0","237787036#0","239564645#1","328020293#0"],"corridor":"diagonal"}},{"type":"Feature","geometry":{"type":"Point","coordinates":[2.138674,41.385448]},"properties":{"id":"joinedS_557230350_557230481","label":"Carrer de Nicaragua / Carrer del Marqu\u00e8s de Sentmenat","links":7,"phases":4,"in_edges":["1007205015#3","1108418334#0","1108418336#0","134123334#4"],"corridor":null}},{"type":"Feature","geometry":{"type":"Point","coordinates":[2.205292,41.416776]},"properties":{"id":"joinedS_559420249_765910378","label":"Carrer de Josep Pla / Gran Via de les Corts Catalanes","links":14,"phases":6,"in_edges":["247434052","490476263#0","490476263#4","838371664#0"],"corridor":"gran_via"}},{"type":"Feature","geometry":{"type":"Point","coordinates":[2.169811,41.39065]},"properties":{"id":"joinedS_559787231_cluster_30254225_5268554994_559787230_8205064230_#1more","label":"Carrer de Pau Claris / Gran Via de les Corts Catalanes","links":21,"phases":6,"in_edges":["304693484#0","44029116#0","545084610#0","545718430","803424580#0"],"corridor":"gran_via"}},{"type":"Feature","geometry":{"type":"Point","coordinates":[2.172072,41.392375]},"properties":{"id":"joinedS_559787233_cluster_2874226365_30243264_559787236_9522195473","label":"Carrer del Bruc / Gran Via de les Corts Catalanes","links":21,"phases":5,"in_edges":["237910184#0","238179175#0","273229617#0","44029117#0","483469230#9"],"corridor":"gran_via"}},{"type":"Feature","geometry":{"type":"Point","coordinates":[2.177737,41.396627]},"properties":{"id":"joinedS_559794884_cluster_1864143497_250794419_431481362_9449729908","label":"Carrer de N\u00e0pols / Gran Via de les Corts Catalanes","links":21,"phases":7,"in_edges":["1243745477#0","237521115#0","272639447#0","549749260#0","571448019#3"],"corridor":"gran_via"}},{"type":"Feature","geometry":{"type":"Point","coordinates":[2.179016,41.397389]},"properties":{"id":"joinedS_559794885_cluster_1864143485_250794420_253707075_9449729912","label":"Carrer de Sic\u00edlia / Gran Via de les Corts Catalanes","links":20,"phases":10,"in_edges":["1047438434#4","1144050006#0","308355154#0","309055983#0","44029498#0"],"corridor":"gran_via"}},{"type":"Feature","geometry":{"type":"Point","coordinates":[2.18002,41.398331]},"properties":{"id":"joinedS_559794886_cluster_1864143460_250794421_431481328_9449729915","label":"Carrer de Sardenya / Gran Via de les Corts Catalanes","links":21,"phases":6,"in_edges":["1047438433#0","1088102405","1243745480#0","708242302#0","830027503#0"],"corridor":"gran_via"}},{"type":"Feature","geometry":{"type":"Point","coordinates":[2.181254,41.399108]},"properties":{"id":"joinedS_559794889_cluster_431481321_431481322","label":"Carrer de la Marina / Gran Via de les Corts Catalanes","links":37,"phases":8,"in_edges":["-237521097#3","-308354914#1","308354707#0","308354914#0","37103026#0","490655483#0","830027504#0","931878851"],"corridor":"gran_via"}},{"type":"Feature","geometry":{"type":"Point","coordinates":[2.201546,41.414512]},"properties":{"id":"joinedS_597933742_765910344_cluster_543553141_559417168_559417175_559417176_#1more","label":"Carrer de la Selva de Mar / Gran Via de les Corts Catalanes","links":28,"phases":12,"in_edges":["-46800615#6","431492262#1","43994629#0","46800615#0","46800615#5","545724431","61315705","902169338#0"],"corridor":"gran_via"}},{"type":"Feature","geometry":{"type":"Point","coordinates":[2.197114,41.410989]},"properties":{"id":"joinedS_620148176_cluster_4707357810_506223448_559414533_559418994_#1more","label":"Carrer d&apos;Espronceda / Gran Via de les Corts Catalanes (lateral mar)","links":13,"phases":7,"in_edges":["1393171296#0","237787040#0","360374687#11","41388485#2"],"corridor":"gran_via"}},{"type":"Feature","geometry":{"type":"Point","coordinates":[2.118763,41.380622]},"properties":{"id":"joinedS_687897144_687897145","label":"Avinguda del Doctor Mara\u00f1\u00f3n / Carrer d&apos;Ar\u00edstides Maillol","links":10,"phases":4,"in_edges":["237549915#0","500856066#0","549755461#0","549755463#0"],"corridor":null}},{"type":"Feature","geometry":{"type":"Point","coordinates":[2.187008,41.408816]},"properties":{"id":"joinedS_7507211481_cluster_10027548698_1147391519_1603753674_559424456_#3more","label":"Avinguda Meridiana / Carrer d&apos;Arag\u00f3","links":18,"phases":4,"in_edges":["1393749274#0","238179136#3","310529725#0","46714528#11"],"corridor":"meridiana"}},{"type":"Feature","geometry":{"type":"Point","coordinates":[2.122902,41.400707]},"properties":{"id":"joinedS_818710821_818710835","label":"Passeig de la Bonanova / Via Augusta","links":18,"phases":4,"in_edges":["-123271690#2","-238862117#3","123271690#0","1525698711#0","450200076#0","918358927#0"],"corridor":null}},{"type":"Feature","geometry":{"type":"Point","coordinates":[2.167356,41.385796]},"properties":{"id":"joinedS_8201874133_cluster_112382699_11250869666_2989214453_71643550","label":"Carrer de Balmes / Carrer de Jovellanos","links":13,"phases":7,"in_edges":["-1214315735","1050464821","12372760","1408687442#0","68506265#0"],"corridor":null}},{"type":"Feature","geometry":{"type":"Point","coordinates":[2.17669,41.373505]},"properties":{"id":"joinedS_9425413590_9425413592_9425426928","label":"Moll de Barcelona / Pla\u00e7a de les Drassanes","links":21,"phases":10,"in_edges":["23620139#0","283764988#0","283764989#3","294871189#0","450445884#1","498952132#0"],"corridor":null}},{"type":"Feature","geometry":{"type":"Point","coordinates":[2.139725,41.415061]},"properties":{"id":"joinedS_cluster_1011403944_6205757161_904641358_cluster_364669539_412453120","label":"Carrer d&apos;Esteve Terradas","links":11,"phases":5,"in_edges":["1021443612#0","554918718#0","554918720#0","662916645#0","662916646#0"],"corridor":null}},{"type":"Feature","geometry":{"type":"Point","coordinates":[2.166439,41.401847]},"properties":{"id":"joinedS_cluster_10770844049_126803331_12950167734_cluster_126797986_12950167740_1534156659","label":"Carrer de C\u00f2rsega / Passeig de Sant Joan","links":16,"phases":6,"in_edges":["140007716#0","226319975#0","544248639#0","546578350#18","831182070#0"],"corridor":null}},{"type":"Feature","geometry":{"type":"Point","coordinates":[2.175403,41.394693]},"properties":{"id":"joinedS_cluster_11367724951_126812839_126812841_2777318573_#1more_cluster_11560101916_126812844_126812845_126812847_#1more","label":"Gran Via de les Corts Catalanes / Passeig de Sant Joan","links":22,"phases":9,"in_edges":["217617446#0","237517575#0","304693485","330913951#0","440369834#0","552386720#0"],"corridor":"gran_via"}},{"type":"Feature","geometry":{"type":"Point","coordinates":[2.207457,41.408418]},"properties":{"id":"joinedS_cluster_1601776162_312894381_cluster_247637650_262251807","label":"Avinguda Diagonal / Carrer de Pallars","links":20,"phases":9,"in_edges":["1408667097#0","237715965#0","294393942#8","294796083#4","77302867#0"],"corridor":"diagonal"}},{"type":"Feature","geometry":{"type":"Point","coordinates":[2.20099,41.39463]},"properties":{"id":"joinedS_cluster_243343111_279148247_7309041668_cluster_30689549_30689550_5216417446_7006970221","label":"Avinguda d&apos;Ic\u00e0ria / Carrer de Jaume Vicens i Vives","links":19,"phases":7,"in_edges":["237715981#0","237927191#2","251551147#0","651188790#0","9412953#0"],"corridor":null}}]}