{"type":"FeatureCollection","features":[{"type":"Feature","geometry":{"type":"LineString","coordinates":[[2.114173,41.381388],[2.114278,41.38135],[2.114484,41.381279],[2.116534,41.380594],[2.116674,41.380544],[2.116792,41.380499],[2.116844,41.380478],[2.117003,41.380409],[2.117157,41.380334],[2.117306,41.380253],[2.117449,41.380167],[2.117586,41.380075],[2.117717,41.379978],[2.117841,41.379877],[2.117959,41.379771],[2.118069,41.37966],[2.118172,41.379546],[2.118266,41.379428],[2.118353,41.379306],[2.118432,41.379182],[2.118502,41.379054],[2.118564,41.378924],[2.118617,41.378792],[2.118661,41.378658],[2.118696,41.378522],[2.118722,41.378386],[2.118739,41.378248],[2.118747,41.37811],[2.118745,41.377972],[2.118734,41.377828],[2.118714,41.377676],[2.118696,41.377569],[2.118671,41.377435],[2.118397,41.376056],[2.117363,41.370844],[2.117337,41.370719],[2.117312,41.370613],[2.117288,41.370525],[2.117261,41.370437],[2.117221,41.370327],[2.117175,41.370218],[2.117123,41.370111],[2.11705,41.369981],[2.116961,41.369844],[2.116894,41.369748],[2.116807,41.36963],[2.115756,41.368223],[2.114173,41.366103]]},"properties":{"kind":"route","mode":"metro","surface":false,"route_id":"1.91.1","short_name":"L9S","long_name":"Aeroport T1 - Zona Universit\u00e0ria","colour":"#FB712B","clipped":false,"inside_km":1.63}},{"type":"Feature","geometry":{"type":"LineString","coordinates":[[2.114173,41.366006],[2.115797,41.368204],[2.116883,41.369649],[2.11697,41.369768],[2.117037,41.369863],[2.117126,41.370001],[2.117199,41.370131],[2.117251,41.370238],[2.117297,41.370347],[2.117337,41.370457],[2.117364,41.370544],[2.117387,41.370633],[2.117412,41.370739],[2.117438,41.370864],[2.118468,41.376049]]},"properties":{"kind":"route","mode":"metro","surface":false,"route_id":"1.101.1","short_name":"L10S","long_name":"ZAL | Riu Vell - Collblanc","colour":"#00A6D6","clipped":false,"inside_km":0.95}},{"type":"Feature","geometry":{"type":"LineString","coordinates":[[2.169117,41.375004],[2.168561,41.375006],[2.168453,41.375008],[2.168328,41.375017],[2.168158,41.375042],[2.167994,41.375081],[2.167836,41.375134],[2.167687,41.3752],[2.167549,41.375278],[2.167494,41.375315],[2.167434,41.375359],[2.167091,41.375621],[2.167025,41.375675],[2.166744,41.375919],[2.16666,41.375989],[2.166514,41.376104],[2.163625,41.378299],[2.163565,41.378348],[2.163454,41.378453],[2.163359,41.378566],[2.163282,41.378687],[2.163223,41.378813],[2.163182,41.378944],[2.163161,41.379077],[2.163159,41.379211],[2.163166,41.37928],[2.163241,41.379833],[2.163913,41.384768],[2.164018,41.385537],[2.164037,41.385647],[2.164083,41.385825],[2.164147,41.386],[2.164231,41.38617],[2.164332,41.386334],[2.16445,41.386492],[2.164585,41.386643],[2.164736,41.386784],[2.164886,41.386905],[2.168243,41.389416],[2.175559,41.394887],[2.176421,41.395531],[2.17657,41.395642],[2.178928,41.397349],[2.18029,41.39833],[2.180403,41.398422],[2.180502,41.398524],[2.180584,41.398633],[2.180648,41.398749],[2.180695,41.39887],[2.180722,41.398994],[2.18073,41.399119],[2.180719,41.399245],[2.180688,41.399368],[2.180639,41.399488],[2.180571,41.399603],[2.180487,41.399712],[2.180386,41.399812],[2.180319,41.399866],[2.179462,41.400524],[2.178901,41.400955],[2.178824,41.401022],[2.178238,41.401572],[2.17816,41.40164],[2.178125,41.401668],[2.177565,41.402102],[2.175106,41.403985],[2.174341,41.404572],[2.174231,41.404671],[2.174138,41.404779],[2.174061,41.404893],[2.174002,41.405014],[2.173962,41.405139],[2.173941,41.405266],[2.173939,41.405395],[2.173957,41.405523],[2.173994,41.405648],[2.17405,41.40577],[2.174124,41.405886],[2.174215,41.405995],[2.174321,41.406095],[2.17438,41.406141],[2.17664,41.407829],[2.176703,41.407874],[2.176838,41.407953],[2.176983,41.40802],[2.177138,41.408075],[2.1773,41.408116],[2.177467,41.408143],[2.177637,41.408155],[2.177807,41.408152],[2.177977,41.408135],[2.178142,41.408104],[2.178302,41.408058],[2.178454,41.407999],[2.178595,41.407928],[2.178726,41.407844],[2.180043,41.406846],[2.180136,41.406781],[2.180273,41.406703],[2.180421,41.406637],[2.180578,41.406585],[2.180742,41.406546],[2.180911,41.406521],[2.181082,41.406511],[2.181254,41.406516],[2.181424,41.406536],[2.18159,41.40657],[2.181749,41.406618],[2.1819,41.406679],[2.182041,41.406754],[2.18217,41.406839],[2.1827,41.407236],[2.184548,41.40862],[2.186835,41.410358],[2.187309,41.410719],[2.189602,41.412426],[2.189703,41.412496],[2.189853,41.412582],[2.190014,41.412656],[2.190184,41.412718],[2.190362,41.412766],[2.190545,41.4128],[2.190732,41.412819],[2.190817,41.412823],[2.191723,41.41285],[2.191904,41.412862],[2.19209,41.412889],[2.192271,41.41293],[2.192446,41.412985],[2.192612,41.413054],[2.192769,41.413134],[2.192913,41.413227],[2.192947,41.413251],[2.195503,41.415162],[2.200724,41.419064],[2.202665,41.420515],[2.203209,41.420909],[2.203666,41.421229]]},"properties":{"kind":"route","mode":"metro","surface":false,"route_id":"1.2.1","short_name":"L2","long_name":"Paral\u00b7lel - Badalona Pompeu Fabra","colour":"#93248F","clipped":false,"inside_km":6.9}},{"type":"Feature","geometry":{"type":"LineString","coordinates":[[2.186988,41.421229],[2.18699,41.42119],[2.186991,41.420524],[2.186999,41.420226],[2.187008,41.42006],[2.187027,41.419793],[2.187041,41.419429],[2.187036,41.417685],[2.187041,41.417395],[2.187056,41.417084],[2.18706,41.416959],[2.187057,41.416187],[2.187055,41.415672],[2.187055,41.415199],[2.187053,41.414929],[2.187048,41.414701],[2.187044,41.413714],[2.187038,41.413411],[2.18702,41.412938],[2.187015,41.412678],[2.187003,41.410163],[2.186999,41.4095],[2.187003,41.409352],[2.187,41.409272],[2.186999,41.408995],[2.186996,41.408861],[2.186978,41.405256],[2.186983,41.405054],[2.186993,41.404943],[2.187001,41.404875],[2.187032,41.404715],[2.187051,41.404644],[2.18709,41.404527],[2.187116,41.404462],[2.187203,41.404276],[2.187368,41.403973],[2.187467,41.403773],[2.187529,41.403623],[2.187579,41.403466],[2.18761,41.403306],[2.187617,41.403241],[2.187626,41.403076],[2.187619,41.402879],[2.187599,41.402704],[2.187537,41.402277],[2.187339,41.400905],[2.187306,41.40065],[2.187257,41.400215],[2.187206,41.39979],[2.187189,41.399664],[2.187054,41.398727],[2.187043,41.398644],[2.18703,41.398503],[2.187026,41.39838],[2.187029,41.398315],[2.187039,41.398183],[2.18707,41.397987],[2.18721,41.397325],[2.187262,41.397057],[2.187278,41.396954],[2.18729,41.396773],[2.187289,41.396695],[2.187282,41.396578],[2.187255,41.396397],[2.187241,41.396332],[2.187218,41.396241],[2.187177,41.396103],[2.187113,41.395949],[2.18703,41.395799],[2.186981,41.395723],[2.186952,41.39568],[2.186834,41.395522],[2.186699,41.395372],[2.186616,41.395289],[2.1865,41.395182],[2.186335,41.395051],[2.186156,41.394929],[2.186045,41.394863],[2.185801,41.394725],[2.185592,41.394623],[2.185539,41.3946],[2.185327,41.394514],[2.185106,41.394441],[2.184878,41.394382],[2.18462,41.394328],[2.184335,41.394265],[2.184245,41.394243],[2.184106,41.394195],[2.183812,41.394074],[2.183712,41.394027],[2.183493,41.393888],[2.183129,41.393611],[2.18299,41.393505],[2.182853,41.393402],[2.182609,41.393235],[2.182506,41.39317],[2.182084,41.392911],[2.181975,41.392842],[2.181763,41.392713],[2.181643,41.392635],[2.181165,41.392337],[2.1806,41.391983],[2.180378,41.391853],[2.180143,41.391735],[2.179899,41.391629],[2.179528,41.391489],[2.179413,41.391449],[2.179231,41.391383],[2.174567,41.389636],[2.173591,41.389272],[2.172657,41.38892],[2.171737,41.388571],[2.17146,41.388463],[2.170904,41.388244],[2.170571,41.388108],[2.170514,41.388084],[2.170366,41.388012],[2.17032,41.387992],[2.170115,41.387904],[2.169881,41.387812],[2.169165,41.387545],[2.168995,41.387489],[2.168886,41.387454],[2.168482,41.387339],[2.168229,41.387257],[2.168075,41.387201],[2.167356,41.38693],[2.166796,41.386724],[2.165394,41.386198],[2.165355,41.386184],[2.165161,41.386121],[2.165102,41.3861],[2.164881,41.386035],[2.164709,41.385975],[2.164284,41.385815],[2.163568,41.385538],[2.162947,41.38529],[2.162687,41.385179],[2.162561,41.385122],[2.162391,41.385037],[2.162179,41.38492],[2.162032,41.384831],[2.161975,41.384795],[2.161831,41.384697],[2.161798,41.384674],[2.158891,41.382487],[2.154562,41.379232],[2.15025,41.375987],[2.15009,41.375875],[2.149897,41.375758],[2.149837,41.375725],[2.149625,41.375618],[2.149382,41.37551],[2.149363,41.375502],[2.149093,41.375398],[2.148906,41.375336],[2.148858,41.375321],[2.148765,41.375295],[2.148676,41.375273],[2.148481,41.375231],[2.148251,41.375197],[2.148019,41.375177],[2.147845,41.375171],[2.147584,41.37517],[2.143291,41.375254],[2.14329,41.375254],[2.138154,41.375353],[2.137469,41.375365],[2.137235,41.375362],[2.137147,41.375359],[2.136898,41.375339],[2.136802,41.375327],[2.1366,41.375298],[2.136358,41.375249],[2.136209,41.375211],[2.136111,41.375184],[2.135968,41.375141],[2.135796,41.375078],[2.135695,41.375036],[2.135502,41.374948],[2.135319,41.374847],[2.135197,41.374768],[2.135094,41.374696],[2.135001,41.374624],[2.134929,41.374564],[2.134764,41.374411],[2.134677,41.37432],[2.134423,41.374043],[2.13427,41.373859],[2.134108,41.373655],[2.13385,41.373352],[2.133536,41.373003],[2.133537,41.373004],[2.133387,41.372835],[2.133133,41.372562],[2.132961,41.372389],[2.13259,41.372024],[2.132342,41.37177],[2.130653,41.369963],[2.130613,41.369922],[2.130468,41.369786],[2.130321,41.369668],[2.130175,41.369567],[2.129985,41.369452],[2.129825,41.369366],[2.12975,41.369329],[2.128617,41.368816],[2.128519,41.368773],[2.128167,41.368627],[2.127907,41.368528],[2.127518,41.368391],[2.127289,41.368316],[2.127137,41.368268],[2.126789,41.368169],[2.126434,41.368084],[2.126309,41.368057],[2.1262,41.368036],[2.125903,41.367986],[2.125603,41.367952],[2.125301,41.367931],[2.124998,41.367925],[2.1248,41.367929],[2.124479,41.367944],[2.124159,41.367975],[2.123843,41.368019],[2.123674,41.368049],[2.12228,41.368313],[2.122146,41.368337],[2.121819,41.368386],[2.121489,41.368419],[2.121157,41.368439],[2.120825,41.368443],[2.119261,41.36843],[2.118119,41.368411],[2.116594,41.368396],[2.114173,41.368368]]},"properties":{"kind":"route","mode":"metro","surface":false,"route_id":"1.1.1","short_name":"L1","long_name":"Hospital de Bellvitge - Fondo","colour":"#CE1126","clipped":false,"inside_km":9.07}},{"type":"Feature","geometry":{"type":"LineString","coordinates":[[2.140666,41.421229],[2.140666,41.421227],[2.14064,41.420989],[2.140634,41.420749],[2.140639,41.420611],[2.140651,41.420421],[2.140972,41.418279],[2.141046,41.417784],[2.141067,41.417677],[2.141081,41.417619],[2.141131,41.417462],[2.141199,41.417308],[2.141258,41.417203],[2.141305,41.417126],[2.142278,41.415638],[2.142454,41.415375],[2.142774,41.414905],[2.142809,41.41485],[2.142851,41.414775],[2.142902,41.414673],[2.142952,41.414537],[2.142983,41.414398],[2.142995,41.414263],[2.142995,41.41423],[2.142988,41.414068],[2.142978,41.413992],[2.142885,41.413425],[2.142878,41.413331],[2.142876,41.413251],[2.142888,41.41312],[2.142918,41.412991],[2.142968,41.412865],[2.143037,41.412744],[2.143123,41.41263],[2.143225,41.412523],[2.143342,41.412426],[2.143474,41.41234],[2.143537,41.412304],[2.143619,41.412263],[2.143805,41.412181],[2.144337,41.411975],[2.144782,41.411803],[2.144862,41.41177],[2.14501,41.411703],[2.145113,41.41165],[2.145219,41.41159],[2.145291,41.411546],[2.145506,41.411407],[2.145777,41.411214],[2.146012,41.411035],[2.146418,41.410712],[2.146606,41.410565],[2.146848,41.410381],[2.147209,41.410095],[2.147556,41.409799],[2.147695,41.409674],[2.148534,41.408906],[2.14869,41.408755],[2.148855,41.408578],[2.149014,41.408383],[2.149155,41.408181],[2.14928,41.407972],[2.149386,41.407758],[2.149475,41.40754],[2.149503,41.407458],[2.149547,41.407312],[2.149695,41.406761],[2.14974,41.406622],[2.149768,41.406554],[2.149796,41.406492],[2.149874,41.406351],[2.14997,41.406217],[2.150045,41.40613],[2.150407,41.405738],[2.15089,41.405216],[2.150976,41.405121],[2.15105,41.405033],[2.151777,41.404147],[2.151855,41.404043],[2.151909,41.403965],[2.151996,41.403817],[2.152085,41.40363],[2.152461,41.402815],[2.152512,41.402711],[2.152616,41.40253],[2.152739,41.402356],[2.152803,41.402274],[2.153022,41.402009],[2.153227,41.401762],[2.153366,41.401614],[2.153496,41.401495],[2.155126,41.400114],[2.156829,41.398668],[2.157019,41.39849],[2.157108,41.398397],[2.157461,41.398021],[2.157599,41.397883],[2.157707,41.397784],[2.158007,41.397532],[2.159659,41.396202],[2.160047,41.395888],[2.160693,41.395364],[2.163412,41.39317],[2.164628,41.392186],[2.164795,41.392056],[2.164929,41.391941],[2.165347,41.391603],[2.167024,41.390249],[2.1677,41.389698],[2.169269,41.38843],[2.1693,41.388405],[2.169454,41.388265],[2.169532,41.388185],[2.169599,41.388111],[2.169721,41.387954],[2.169777,41.387875],[2.169863,41.387736],[2.169932,41.387591],[2.16994,41.38757],[2.169973,41.387485],[2.170022,41.387328],[2.170053,41.387168],[2.170067,41.38702],[2.170092,41.386322],[2.170109,41.385844],[2.17012,41.385712],[2.170138,41.385605],[2.170156,41.385524],[2.170206,41.385366],[2.170274,41.385213],[2.17034,41.385097],[2.170389,41.38502],[2.171666,41.383089],[2.171745,41.382973],[2.171894,41.382776],[2.172005,41.382642],[2.17303,41.381445],[2.175563,41.378493],[2.175637,41.378405],[2.175757,41.378248],[2.175983,41.37794],[2.176039,41.377851],[2.176061,41.377812],[2.176072,41.377792],[2.176121,41.377678],[2.176151,41.37756],[2.176162,41.377441],[2.176154,41.377321],[2.176132,41.37722],[2.176122,41.377188],[2.176114,41.37716],[2.176067,41.37705],[2.176001,41.376945],[2.175967,41.376901],[2.175664,41.376538],[2.175128,41.375892],[2.175081,41.37584],[2.175017,41.375773],[2.174918,41.375684],[2.174828,41.375619],[2.174774,41.375585],[2.174603,41.37549],[2.173728,41.375045],[2.173655,41.37501],[2.173516,41.374956],[2.173445,41.374932],[2.173289,41.374888],[2.173127,41.374857],[2.172961,41.374842],[2.172812,41.374839],[2.172715,41.374842],[2.17227,41.374864],[2.172058,41.374872],[2.17167,41.37488],[2.169118,41.374892],[2.166982,41.3749],[2.166492,41.374906],[2.166065,41.374919],[2.165315,41.374951],[2.164922,41.374965],[2.164624,41.374974],[2.164207,41.374981],[2.163853,41.374984],[2.160245,41.374996],[2.156761,41.375007],[2.153851,41.375013],[2.152187,41.375015],[2.151555,41.375018],[2.150863,41.375022],[2.150792,41.375024],[2.15061,41.375035],[2.150405,41.375059],[2.150204,41.375097],[2.150008,41.375149],[2.14982,41.375215],[2.149641,41.375294],[2.149473,41.375385],[2.149415,41.375421],[2.149281,41.375511],[2.14921,41.375563],[2.145336,41.378493],[2.14258,41.380579],[2.142493,41.38064],[2.142346,41.380728],[2.142252,41.380776],[2.141917,41.380929],[2.141816,41.380981],[2.141681,41.381062],[2.141554,41.381154],[2.140992,41.381598],[2.140059,41.382336],[2.139961,41.382409],[2.139798,41.382514],[2.139735,41.38255],[2.139675,41.382582],[2.13955,41.38264],[2.139382,41.382703],[2.139206,41.382753],[2.139024,41.382788],[2.138836,41.382809],[2.138741,41.382814],[2.13856,41.382813],[2.13838,41.382796],[2.138279,41.382781],[2.138098,41.382743],[2.138036,41.382727],[2.137879,41.38268],[2.13776,41.382637],[2.135884,41.381922],[2.134529,41.381405],[2.13441,41.381363],[2.13421,41.381304],[2.134163,41.381293],[2.133967,41.381251],[2.133923,41.381243],[2.133833,41.381229],[2.133707,41.381217],[2.133544,41.381211],[2.133356,41.381217],[2.133171,41.381237],[2.132989,41.381273],[2.132813,41.381322],[2.132645,41.381385],[2.132522,41.381441],[2.132377,41.381523],[2.132244,41.381616],[2.132125,41.381719],[2.132025,41.381827],[2.131912,41.381981],[2.131825,41.382129],[2.131759,41.382267],[2.131719,41.382355],[2.131293,41.383322],[2.131235,41.383448],[2.131139,41.383633],[2.130871,41.38412],[2.130061,41.385583],[2.130035,41.385629],[2.129893,41.38586],[2.129768,41.386043],[2.128917,41.387266],[2.128858,41.387347],[2.128757,41.387475],[2.128687,41.387552],[2.128632,41.387604],[2.128562,41.387665],[2.128428,41.387764],[2.128281,41.387852],[2.128122,41.387928],[2.127954,41.387991],[2.127778,41.38804],[2.127596,41.388075],[2.12741,41.388096],[2.127223,41.388102],[2.127035,41.388093],[2.127003,41.38809],[2.12685,41.38807],[2.126657,41.388032],[2.12632,41.38795],[2.125791,41.387816],[2.118538,41.38598],[2.117056,41.385605],[2.115109,41.385106],[2.114505,41.384953],[2.114173,41.38487]]},"properties":{"kind":"route","mode":"metro","surface":false,"route_id":"1.3.1","short_name":"L3","long_name":"Zona Universit\u00e0ria - Trinitat Nova","colour":"#1EB53A","clipped":false,"inside_km":10.92}},{"type":"Feature","geometry":{"type":"MultiLineString","coordinates":[[[2.176989,41.421229],[2.176481,41.418901],[2.176455,41.418795],[2.176431,41.418711],[2.176367,41.418537],[2.176284,41.418368],[2.176183,41.418205],[2.176066,41.418048],[2.175931,41.417898],[2.175782,41.417758],[2.175681,41.417675],[2.175556,41.417579],[2.174994,41.417158],[2.174911,41.417092],[2.174801,41.416996],[2.174658,41.416853],[2.174588,41.416773],[2.174549,41.416724],[2.174477,41.41663],[2.174293,41.416377],[2.173987,41.415963],[2.173744,41.415635],[2.173464,41.415266],[2.173385,41.415167],[2.173312,41.415085],[2.173198,41.414977],[2.173067,41.414876],[2.172944,41.414799],[2.172918,41.414784],[2.17283,41.414738],[2.17272,41.414684],[2.170191,41.413498],[2.170007,41.413415],[2.16986,41.413355],[2.169735,41.413309],[2.169631,41.413276],[2.169484,41.413234],[2.169325,41.413194],[2.168802,41.413067],[2.168081,41.412887],[2.167657,41.412772],[2.167201,41.412634],[2.166988,41.412565],[2.166382,41.412377],[2.166116,41.412294],[2.165706,41.41217],[2.165562,41.412123],[2.165465,41.412087],[2.165369,41.412048],[2.165213,41.41197],[2.165069,41.41188],[2.164938,41.411779],[2.164821,41.411669],[2.164721,41.41155],[2.164637,41.411424],[2.164595,41.411344],[2.164559,41.41126],[2.164524,41.411163],[2.16449,41.411049],[2.163546,41.407619],[2.163225,41.406427],[2.163113,41.406022],[2.163089,41.405919],[2.163072,41.40578],[2.163074,41.40564],[2.163082,41.405569],[2.163095,41.405497],[2.163122,41.40539],[2.16316,41.405267],[2.16345,41.404388],[2.163489,41.404274],[2.163525,41.404178],[2.163569,41.404075],[2.163617,41.403977],[2.163714,41.403812],[2.163828,41.403655],[2.16396,41.403504],[2.164068,41.403397],[2.164177,41.403302],[2.164316,41.40319],[2.167078,41.4011],[2.167717,41.400623],[2.16806,41.400365],[2.16855,41.399993],[2.168982,41.399661],[2.171231,41.397961],[2.171397,41.397832],[2.171491,41.397751],[2.171567,41.39768],[2.171688,41.397547],[2.171793,41.397406],[2.171881,41.397258],[2.17195,41.397105],[2.17206,41.396798],[2.172076,41.396748],[2.172107,41.396612],[2.172119,41.396474],[2.172111,41.396334],[2.172083,41.396194],[2.172036,41.396058],[2.171971,41.395925],[2.171888,41.395799],[2.171787,41.39568],[2.171671,41.39557],[2.171598,41.395509],[2.171475,41.395412],[2.17103,41.395075],[2.170824,41.394921],[2.169595,41.394005],[2.168261,41.393004],[2.168135,41.392907],[2.168044,41.392831],[2.16791,41.392702],[2.167792,41.392565],[2.167691,41.39242],[2.167603,41.392259],[2.167565,41.392174],[2.167532,41.392087],[2.167479,41.391929],[2.167289,41.391314],[2.167254,41.39119],[2.167235,41.3911],[2.167229,41.39104],[2.16723,41.390922],[2.167251,41.390806],[2.167291,41.390691],[2.167349,41.390582],[2.167424,41.390479],[2.167443,41.390456],[2.167636,41.390254],[2.167845,41.390058],[2.168005,41.389923],[2.168406,41.389599],[2.168477,41.389539],[2.168616,41.389406],[2.168691,41.389322],[2.168818,41.389165],[2.169,41.388933],[2.169149,41.388759],[2.169175,41.388731],[2.169252,41.388657],[2.169339,41.388587],[2.169381,41.388558],[2.169501,41.388487],[2.169633,41.388428],[2.169774,41.388382],[2.16987,41.38836],[2.170033,41.38833],[2.170201,41.388308],[2.170383,41.388298],[2.170468,41.388298],[2.170733,41.388311],[2.170782,41.388314],[2.170902,41.388328],[2.170951,41.388336],[2.171009,41.388348],[2.17109,41.388367],[2.171567,41.38849],[2.171681,41.388515],[2.171776,41.388532],[2.171951,41.388552],[2.172069,41.388556],[2.172225,41.388551],[2.17239,41.388531],[2.172557,41.388496],[2.172635,41.388474],[2.172767,41.388426],[2.172889,41.388366],[2.17296,41.388323],[2.173029,41.388274],[2.173445,41.387961],[2.175064,41.386737],[2.175725,41.386245],[2.176013,41.386023],[2.176507,41.385652],[2.176824,41.385417],[2.178531,41.384126],[2.180416,41.382703],[2.180575,41.382576],[2.180679,41.382497],[2.181277,41.382056],[2.181725,41.381709],[2.182055,41.381445],[2.182131,41.381386],[2.182201,41.381337],[2.182311,41.381273],[2.182444,41.381214],[2.182586,41.381167],[2.182734,41.381135],[2.182887,41.381118],[2.183041,41.381115],[2.183194,41.381128],[2.183344,41.381155],[2.183438,41.38118],[2.183523,41.381208],[2.183619,41.381245],[2.183733,41.381296],[2.184062,41.381449],[2.184788,41.38181],[2.18497,41.3819],[2.185454,41.382124],[2.188028,41.383243],[2.188559,41.383479],[2.188687,41.383537],[2.189222,41.383783],[2.191112,41.384657],[2.191234,41.384715],[2.191344,41.38477],[2.191442,41.384823],[2.191528,41.384872],[2.191571,41.384898],[2.191751,41.385017],[2.191917,41.385147],[2.192069,41.385287],[2.192166,41.38539],[2.19227,41.385517],[2.192318,41.385581],[2.192363,41.385645],[2.192463,41.3858],[2.192991,41.386687],[2.193766,41.387994],[2.19382,41.388094],[2.193862,41.388179],[2.193896,41.388257],[2.193924,41.388336],[2.193945,41.388409],[2.193973,41.388554],[2.193981,41.388701],[2.193969,41.388847],[2.193938,41.388992],[2.193888,41.389134],[2.19382,41.389272],[2.193734,41.389403],[2.193631,41.389528],[2.193575,41.389585],[2.193518,41.389638],[2.193455,41.389693],[2.193381,41.389753],[2.193237,41.389861],[2.190432,41.391926],[2.190306,41.392022],[2.190218,41.392095],[2.190143,41.392164],[2.19005,41.392266],[2.189965,41.392385],[2.189897,41.39251],[2.189847,41.39264],[2.189816,41.392773],[2.189805,41.392908],[2.189813,41.393043],[2.18984,41.393177],[2.189887,41.393307],[2.189952,41.393433],[2.190034,41.393554],[2.190118,41.39365],[2.190168,41.3937],[2.190229,41.393755],[2.1903,41.393815],[2.190383,41.393879],[2.192012,41.395107],[2.195197,41.397506],[2.196908,41.39881],[2.197712,41.399425],[2.198255,41.399839],[2.202292,41.402894],[2.203371,41.403716],[2.205646,41.405449],[2.206231,41.405884],[2.208198,41.407304],[2.208327,41.4074],[2.209122,41.408001],[2.210178,41.408801],[2.210288,41.408882],[2.210375,41.408944],[2.210456,41.408997],[2.210533,41.409045],[2.210676,41.409124]],[[2.210676,41.419482],[2.210231,41.419901],[2.209643,41.420455],[2.209574,41.420518],[2.209468,41.420609],[2.209382,41.420678],[2.20929,41.42075],[2.208687,41.421205],[2.208655,41.421229]]]},"properties":{"kind":"route","mode":"metro","surface":false,"route_id":"1.4.1","short_name":"L4","long_name":"La Pau - Trinitat Nova","colour":"#F7A30E","clipped":true,"inside_km":9.56}},{"type":"Feature","geometry":{"type":"LineString","coordinates":[[2.186723,41.420494],[2.187178,41.420297],[2.187511,41.420163],[2.187762,41.420058],[2.188015,41.419959],[2.188275,41.419861],[2.188541,41.419779],[2.188814,41.419712],[2.189088,41.419671],[2.189367,41.41964],[2.189613,41.419631],[2.189868,41.419628],[2.190103,41.419646],[2.190337,41.419669],[2.190571,41.419705],[2.190832,41.419768],[2.19107,41.419834],[2.191295,41.419909],[2.191513,41.419997],[2.191717,41.42009],[2.191922,41.420204],[2.192117,41.42032],[2.192297,41.420455],[2.192454,41.420589],[2.192612,41.420743],[2.192755,41.420906],[2.192868,41.421058],[2.192981,41.421221],[2.192985,41.421229]]},"properties":{"kind":"route","mode":"metro","surface":false,"route_id":"1.94.1","short_name":"L9N","long_name":"La Sagrera - Can Zam","colour":"#FB712B","clipped":false,"inside_km":0.59}},{"type":"Feature","geometry":{"type":"LineString","coordinates":[[2.186689,41.420453],[2.187629,41.420061],[2.187896,41.419944],[2.188228,41.419816],[2.188533,41.419728],[2.188836,41.419659],[2.189211,41.419604],[2.189611,41.419576],[2.189871,41.419578],[2.190194,41.419597],[2.190482,41.419633],[2.190776,41.41969],[2.19106,41.419765],[2.191326,41.419857],[2.191595,41.419963],[2.191808,41.420066],[2.191982,41.420163],[2.19208,41.420222],[2.192212,41.420312],[2.192323,41.420394],[2.192422,41.420473],[2.19253,41.420567],[2.192623,41.420659],[2.1928,41.420849],[2.192957,41.421062],[2.19306,41.421229]]},"properties":{"kind":"route","mode":"metro","surface":false,"route_id":"1.104.1","short_name":"L10N","long_name":"La Sagrera - Gorg","colour":"#00A6D6","clipped":false,"inside_km":0.6}},{"type":"Feature","geometry":{"type":"MultiLineString","coordinates":[[[2.1505,41.421229],[2.150671,41.421186],[2.150865,41.421147],[2.151071,41.421115],[2.151279,41.421092],[2.151489,41.421079],[2.151718,41.421076],[2.151947,41.421084],[2.152181,41.421104],[2.152412,41.421136],[2.152639,41.42118],[2.152838,41.421229]],[[2.186582,41.421229],[2.18658,41.420767],[2.186567,41.420212],[2.186564,41.420002],[2.186562,41.41934],[2.186554,41.419205],[2.186533,41.419077],[2.186512,41.418989],[2.186465,41.418857],[2.186399,41.41873],[2.186316,41.418609],[2.186216,41.418495],[2.186139,41.418423],[2.186037,41.418336],[2.185733,41.418115],[2.185446,41.4179],[2.18526,41.417759],[2.185058,41.417612],[2.182545,41.415827],[2.182146,41.415539],[2.181497,41.41506],[2.180748,41.414506],[2.180596,41.414391],[2.180308,41.414167],[2.177428,41.411856],[2.176948,41.411473],[2.176525,41.411141],[2.176016,41.410753],[2.174879,41.409901],[2.174797,41.409836],[2.174722,41.409768],[2.174651,41.409697],[2.17455,41.409578],[2.174467,41.409451],[2.174401,41.409319],[2.174354,41.409182],[2.174327,41.409042],[2.17432,41.408968],[2.174317,41.40887],[2.174319,41.408819],[2.174427,41.407078],[2.174438,41.406802],[2.174471,41.4049],[2.174468,41.404831],[2.174459,41.404746],[2.174431,41.404632],[2.174399,41.404553],[2.174379,41.404511],[2.174314,41.404407],[2.174231,41.404309],[2.174133,41.404221],[2.173618,41.403835],[2.167089,41.398952],[2.166564,41.398559],[2.16648,41.3985],[2.166388,41.398444],[2.166311,41.398402],[2.166157,41.39833],[2.16603,41.398283],[2.165828,41.398223],[2.164202,41.397824],[2.164094,41.397796],[2.163856,41.397729],[2.163546,41.397627],[2.163244,41.397513],[2.162951,41.397385],[2.162669,41.397246],[2.162397,41.397094],[2.162137,41.396931],[2.161926,41.396784],[2.161347,41.396348],[2.161143,41.396187],[2.160943,41.396021],[2.160675,41.39581],[2.1605,41.395683],[2.160157,41.395441],[2.159875,41.395233],[2.15883,41.394435],[2.157439,41.393375],[2.157032,41.393067],[2.155909,41.392222],[2.154599,41.39124],[2.151081,41.388608],[2.148389,41.386594],[2.148232,41.386474],[2.148123,41.386389],[2.147306,41.385738],[2.147028,41.385523],[2.145619,41.384467],[2.142962,41.382475],[2.142909,41.38243],[2.142832,41.382358],[2.142733,41.38225],[2.142695,41.3822],[2.142661,41.382153],[2.142577,41.382017],[2.142535,41.381929],[2.142241,41.381268],[2.142199,41.381181],[2.142115,41.381044],[2.142027,41.380929],[2.142007,41.380905],[2.141908,41.380804],[2.141795,41.380711],[2.141742,41.380675],[2.141656,41.38062],[2.141509,41.380536],[2.140398,41.379955],[2.139314,41.379388],[2.139173,41.379305],[2.139043,41.37921],[2.138927,41.379105],[2.138826,41.378992],[2.138743,41.37887],[2.138707,41.378806],[2.138687,41.378767],[2.138575,41.378526],[2.138522,41.378425],[2.138439,41.378302],[2.138357,41.378205],[2.138328,41.378173],[2.138269,41.378117],[2.136819,41.376865],[2.136664,41.376721],[2.136213,41.376265],[2.13612,41.376179],[2.135978,41.376071],[2.135905,41.376024],[2.135783,41.375961],[2.135714,41.375933],[2.135532,41.375864],[2.135159,41.375727],[2.134807,41.375599],[2.134723,41.375569],[2.134542,41.375516],[2.134502,41.375505],[2.134458,41.375495],[2.134296,41.375465],[2.134131,41.375449],[2.134071,41.375446],[2.133888,41.375445],[2.127402,41.375581],[2.121375,41.375711],[2.120617,41.375721],[2.119195,41.375743],[2.117351,41.37578],[2.114177,41.375849],[2.114173,41.375849]]]},"properties":{"kind":"route","mode":"metro","surface":false,"route_id":"1.5.1","short_name":"L5","long_name":"Cornell\u00e0 Centre - Vall d'Hebron","colour":"#005A97","clipped":true,"inside_km":8.09}},{"type":"Feature","geometry":{"type":"LineString","coordinates":[[2.168853,41.373847],[2.166629,41.3717],[2.166352,41.371434],[2.166146,41.371228],[2.165933,41.371034],[2.165808,41.370915],[2.165689,41.37081],[2.165541,41.370684],[2.16543,41.370598],[2.163269,41.368956]]},"properties":{"kind":"route","mode":"funicular","surface":true,"route_id":"1.99.1","short_name":"FM","long_name":"Paral\u00b7lel - Parc de Montju\u00efc","colour":"#004C38","clipped":false,"inside_km":0.63}},{"type":"Feature","geometry":{"type":"LineString","coordinates":[[2.194572,41.385652],[2.194402,41.385781],[2.194376,41.385805],[2.194358,41.385833],[2.194348,41.385863],[2.194348,41.385894],[2.194358,41.385924],[2.194376,41.385952],[2.1944,41.385974],[2.195239,41.386598],[2.195272,41.386615],[2.19531,41.386626],[2.19535,41.386629],[2.195391,41.386626],[2.195429,41.386615],[2.195462,41.386598],[2.195873,41.38629],[2.19673,41.385641],[2.196749,41.385619],[2.19676,41.385594],[2.196761,41.385568],[2.196753,41.385543],[2.196736,41.38552],[2.196721,41.385507],[2.196392,41.385261],[2.195986,41.384961],[2.195805,41.384824],[2.195758,41.384794],[2.195678,41.384754],[2.195634,41.384724],[2.195598,41.384693],[2.19558,41.384676],[2.195565,41.384656],[2.195449,41.384476],[2.194971,41.383691],[2.194638,41.383158],[2.193003,41.380505],[2.192082,41.378998],[2.192059,41.378967],[2.192029,41.37894],[2.191992,41.378918],[2.19195,41.378903],[2.191921,41.378896],[2.19166,41.37884],[2.188257,41.378085],[2.188226,41.378081],[2.188196,41.378084],[2.188168,41.378094],[2.188145,41.37811],[2.18813,41.37813],[2.188128,41.378136],[2.187005,41.380967],[2.186894,41.381268],[2.186757,41.381617],[2.186706,41.381721],[2.186646,41.381823],[2.186589,41.381889],[2.186524,41.381951],[2.186497,41.381974],[2.186457,41.382014],[2.18641,41.382048],[2.186279,41.382116],[2.186202,41.382147],[2.186121,41.382171],[2.186037,41.382189],[2.185935,41.382201],[2.185814,41.382209],[2.18571,41.382224],[2.185558,41.382255],[2.185475,41.382278],[2.185385,41.382313],[2.185351,41.382334],[2.185321,41.382364],[2.18529,41.382389],[2.185253,41.382408],[2.184498,41.382763],[2.183934,41.383032],[2.183886,41.383051],[2.183834,41.383064],[2.18378,41.38307],[2.183726,41.383068],[2.183672,41.383059],[2.183622,41.383044],[2.183576,41.383022],[2.183536,41.382994],[2.183516,41.382976],[2.183324,41.382745],[2.183289,41.382698],[2.183263,41.382648],[2.183249,41.382608],[2.183238,41.382564],[2.183219,41.382522],[2.183191,41.382483],[2.183173,41.382465],[2.18233,41.381455],[2.181498,41.380444],[2.180399,41.379081],[2.178461,41.376687],[2.178118,41.376265],[2.17809,41.376238],[2.178056,41.376216],[2.178016,41.3762],[2.177973,41.376191],[2.177928,41.376188],[2.177887,41.376193],[2.177811,41.376182],[2.177737,41.376165],[2.177667,41.376141],[2.177601,41.376111],[2.17754,41.376074],[2.177486,41.376033],[2.177439,41.375986],[2.1774,41.375936],[2.177385,41.375911],[2.177355,41.375853],[2.177335,41.375792],[2.177325,41.375731],[2.177324,41.375668],[2.177331,41.37561],[2.17734,41.375564],[2.17734,41.375518],[2.177331,41.375472],[2.177311,41.375426],[2.176825,41.374836],[2.176612,41.37456],[2.176579,41.374531],[2.17654,41.374507],[2.176495,41.374489],[2.176447,41.374477],[2.176397,41.374473],[2.176346,41.374476],[2.176279,41.374485],[2.176182,41.37449],[2.176084,41.374488],[2.175987,41.374479],[2.175888,41.374462],[2.175836,41.374455],[2.175783,41.374455],[2.175731,41.374462],[2.175681,41.374475],[2.175635,41.374496],[2.175621,41.374504],[2.175569,41.37455],[2.175509,41.37459],[2.175444,41.374625],[2.175374,41.374654],[2.175299,41.374677],[2.175245,41.374688],[2.174662,41.374735],[2.17293,41.374853],[2.170379,41.374974],[2.169661,41.375017],[2.168037,41.375023],[2.166989,41.375021],[2.164829,41.375025],[2.158365,41.375054],[2.15785,41.375059],[2.15468,41.375073],[2.154571,41.375075],[2.153304,41.37507],[2.152147,41.375075],[2.152018,41.375086],[2.15189,41.375104],[2.15181,41.37512],[2.151391,41.37516],[2.150026,41.375159],[2.149952,41.37516],[2.149879,41.375168],[2.149807,41.375182],[2.149739,41.375204],[2.149674,41.375232],[2.149616,41.375266],[2.149563,41.375305],[2.149539,41.375328],[2.149487,41.375367],[2.149429,41.375401],[2.149366,41.375429],[2.149298,41.375451],[2.149228,41.375466],[2.149155,41.375474],[2.149081,41.375475],[2.149008,41.375469],[2.148937,41.375455],[2.148868,41.375435],[2.148804,41.375408],[2.148745,41.375375],[2.148684,41.375331],[2.148589,41.375287],[2.148489,41.37525],[2.148385,41.375219],[2.148277,41.375196],[2.148156,41.375187],[2.145192,41.37524],[2.141755,41.375307],[2.137621,41.37539],[2.136316,41.375413],[2.135409,41.375438],[2.134265,41.375454],[2.131027,41.375524],[2.128896,41.375575],[2.127275,41.375601],[2.125888,41.375631],[2.125329,41.375642],[2.125298,41.37565],[2.125272,41.375664],[2.125253,41.375684],[2.125243,41.375708],[2.125242,41.375724],[2.125253,41.376074],[2.125251,41.376106],[2.125244,41.376137],[2.125233,41.376168],[2.125217,41.376198],[2.125197,41.376227],[2.125181,41.376246],[2.125069,41.376407],[2.124647,41.377057],[2.123661,41.378561],[2.123321,41.379071],[2.123298,41.379094],[2.123268,41.379113],[2.123233,41.379125],[2.123195,41.37913],[2.123156,41.379129],[2.123119,41.37912],[2.123086,41.379105],[2.121608,41.378132],[2.121085,41.377766],[2.119831,41.377023],[2.11797,41.375906],[2.117912,41.375874],[2.117849,41.375848],[2.117781,41.375828],[2.117711,41.375816],[2.117642,41.375811],[2.117119,41.375836],[2.114709,41.375885],[2.114271,41.375891],[2.114173,41.375892]]},"properties":{"kind":"route","mode":"bus","surface":true,"route_id":"2.220.2999","short_name":"D20","long_name":"Pg. Mar\u00edtim / Ernest Lluch","colour":"#93107E","clipped":false,"inside_km":8.48}},{"type":"Feature","geometry":{"type":"LineString","coordinates":[[2.173836,41.421229],[2.173267,41.42042],[2.173014,41.420074],[2.171969,41.418569],[2.171017,41.417136],[2.170981,41.417099],[2.170941,41.417068],[2.17029,41.416591],[2.170199,41.416522],[2.170153,41.416483],[2.170101,41.416442],[2.170056,41.416397],[2.169634,41.41592],[2.169587,41.41587],[2.169531,41.415826],[2.16947,41.415787],[2.169402,41.415753],[2.16933,41.415726],[2.169254,41.415705],[2.169175,41.415691],[2.169095,41.415685],[2.169014,41.415685],[2.168934,41.415693],[2.168383,41.415784],[2.168303,41.415799],[2.168221,41.415807],[2.168138,41.415808],[2.168056,41.415802],[2.167976,41.415788],[2.167898,41.415768],[2.167871,41.415759],[2.167786,41.415726],[2.167353,41.415538],[2.167157,41.41545],[2.167033,41.415389],[2.166902,41.415317],[2.166835,41.415287],[2.166762,41.415262],[2.166687,41.415245],[2.166609,41.415234],[2.166563,41.415231],[2.166474,41.415219],[2.166387,41.4152],[2.166303,41.415174],[2.166247,41.415153],[2.166168,41.41512],[2.166094,41.415081],[2.166026,41.415037],[2.165965,41.414987],[2.165938,41.414962],[2.165908,41.414938],[2.165872,41.414919],[2.165831,41.414907],[2.165802,41.414903],[2.16532,41.414852],[2.165017,41.414816],[2.164715,41.414772],[2.164415,41.414722],[2.164117,41.414664],[2.163822,41.4146],[2.16357,41.41454],[2.163321,41.414474],[2.163075,41.4144],[2.162312,41.414149],[2.162197,41.414104],[2.161536,41.413802],[2.161447,41.413753],[2.161363,41.413699],[2.161333,41.413676],[2.161282,41.413621],[2.161259,41.413606],[2.161222,41.413584],[2.161171,41.413557],[2.161109,41.413529],[2.161052,41.413507],[2.161016,41.413491],[2.160971,41.413467],[2.160947,41.413452],[2.160897,41.413416],[2.159655,41.412633],[2.158579,41.411977],[2.157594,41.411339],[2.157557,41.411307],[2.15732,41.411116],[2.156761,41.410777],[2.156323,41.410498],[2.155652,41.410007],[2.155168,41.409687],[2.155071,41.40964],[2.154969,41.409599],[2.154863,41.409564],[2.154501,41.409416],[2.154166,41.409287],[2.153827,41.409164],[2.15352,41.409059],[2.151807,41.408448],[2.151623,41.408379],[2.15141,41.408294],[2.151285,41.408242],[2.151152,41.408184],[2.151014,41.40812],[2.150856,41.408044],[2.150806,41.408018],[2.150727,41.407973],[2.150624,41.407907],[2.150501,41.407818],[2.150006,41.407387],[2.149969,41.40734],[2.149947,41.407306],[2.149938,41.407289],[2.149932,41.407271],[2.149929,41.407255],[2.14992,41.407183],[2.149909,41.40713],[2.149891,41.407076],[2.149879,41.407052],[2.149872,41.407041],[2.149844,41.407005],[2.149786,41.406943],[2.14969,41.40685],[2.149546,41.406725],[2.149473,41.406652],[2.14945,41.406623],[2.149437,41.406594],[2.149433,41.406576],[2.149432,41.406556],[2.149436,41.406536],[2.149446,41.406514],[2.149463,41.406493],[2.149958,41.406061],[2.149977,41.406035],[2.149999,41.405992],[2.150008,41.405963],[2.150014,41.40593],[2.150017,41.405892],[2.150013,41.405851],[2.150002,41.405806],[2.149984,41.405757],[2.149972,41.405729],[2.149935,41.405656],[2.149919,41.405609],[2.14991,41.405571],[2.149902,41.405516],[2.149904,41.40545],[2.149916,41.405378],[2.149937,41.405308],[2.150265,41.404464],[2.150285,41.404409],[2.150296,41.404352],[2.150297,41.404294],[2.150288,41.404237],[2.150271,41.404181],[2.150244,41.404128],[2.150208,41.404077],[2.150164,41.40403],[2.150115,41.403989],[2.150066,41.403954],[2.150024,41.403913],[2.149988,41.403873],[2.149961,41.403829],[2.149943,41.403783],[2.149885,41.403434],[2.149872,41.403409],[2.149851,41.403388],[2.149369,41.403057],[2.147285,41.401597],[2.147251,41.401566],[2.147225,41.401532],[2.147208,41.401495],[2.1472,41.401456],[2.147202,41.401416],[2.147213,41.401378],[2.147233,41.401341],[2.147261,41.401308],[2.147292,41.401283],[2.147669,41.40104],[2.148876,41.400241],[2.150062,41.399454],[2.150195,41.399367],[2.150321,41.399275],[2.150418,41.399198],[2.150542,41.399092],[2.150658,41.398982],[2.15078,41.398854],[2.15087,41.398745],[2.150951,41.398633],[2.151019,41.398526],[2.151119,41.39836],[2.151198,41.398243],[2.151286,41.39813],[2.151383,41.39802],[2.151552,41.397846],[2.151664,41.397742],[2.15172,41.397693],[2.151732,41.397678],[2.151744,41.39766],[2.151754,41.397638],[2.151759,41.397613],[2.151757,41.397586],[2.151745,41.397557],[2.15172,41.397528],[2.15168,41.3975],[2.150805,41.396928],[2.150668,41.396836],[2.149073,41.395829],[2.14816,41.395263],[2.147184,41.394656],[2.146213,41.394061],[2.146074,41.393973],[2.145716,41.393695],[2.145654,41.393645],[2.145583,41.393584],[2.145497,41.393506],[2.145451,41.393462],[2.145402,41.393411],[2.145385,41.393381],[2.145375,41.393357],[2.145367,41.393328],[2.145363,41.393297],[2.145366,41.393264],[2.145377,41.39323],[2.145399,41.393196],[2.145433,41.393163],[2.145459,41.393142],[2.145473,41.393128],[2.145486,41.393112],[2.145496,41.393095],[2.145499,41.393077],[2.145494,41.393059],[2.145479,41.393042],[2.14545,41.393026],[2.145451,41.393028],[2.145123,41.392943],[2.145073,41.392938],[2.145023,41.392941],[2.144947,41.392954],[2.144899,41.39297],[2.144856,41.392992],[2.144794,41.393038],[2.144746,41.393064],[2.144693,41.393083],[2.144591,41.393108],[2.144536,41.393115],[2.14448,41.393114],[2.144379,41.393102],[2.144323,41.393089],[2.14427,41.393068],[2.144171,41.393014],[2.144126,41.39298],[2.144087,41.392941],[2.144057,41.392899],[2.144036,41.392853],[2.14403,41.392837],[2.144016,41.39278],[2.144011,41.392723],[2.144016,41.392666],[2.144027,41.392617],[2.144052,41.392565],[2.144068,41.392511],[2.144074,41.392457],[2.144069,41.392371],[2.144054,41.392294],[2.14403,41.392219],[2.143829,41.391756],[2.143731,41.391524],[2.143643,41.391289],[2.143564,41.391052],[2.143494,41.390814],[2.143434,41.390579],[2.143425,41.390474],[2.142872,41.388251],[2.14277,41.387798],[2.142678,41.387344],[2.142605,41.386949],[2.142533,41.38648],[2.142471,41.386013],[2.142435,41.385724],[2.14238,41.384862],[2.142307,41.383807],[2.142216,41.38241],[2.142132,41.381162],[2.142119,41.380984],[2.142092,41.380763],[2.142097,41.380728],[2.142109,41.380702],[2.142119,41.380689],[2.142133,41.380677],[2.142206,41.380636],[2.142266,41.380607],[2.142335,41.380577],[2.142372,41.380562],[2.142482,41.380525],[2.142558,41.380497],[2.142649,41.380462],[2.142749,41.380418],[2.142857,41.380368],[2.142968,41.380311],[2.143079,41.380247],[2.143186,41.380176],[2.144768,41.378971],[2.144786,41.378955],[2.144808,41.37894],[2.144836,41.378923],[2.144871,41.378908],[2.14491,41.378897],[2.144954,41.378894],[2.145001,41.3789],[2.14505,41.378919],[2.1451,41.378954],[2.146974,41.38037],[2.146999,41.380386],[2.147032,41.380404],[2.147072,41.380419],[2.147118,41.380429],[2.147169,41.380431],[2.147224,41.380422],[2.147282,41.380398],[2.147342,41.380357],[2.148459,41.379518],[2.150335,41.378097],[2.150365,41.37807],[2.150382,41.378048],[2.150396,41.37802],[2.150403,41.377988],[2.150399,41.377951],[2.15038,41.377911],[2.150344,41.377867],[2.150283,41.377819],[2.149767,41.377436]]},"properties":{"kind":"route","mode":"bus","surface":true,"route_id":"2.240.3025","short_name":"D40","long_name":"Pl. Espanya / Canyelles","colour":"#93107E","clipped":false,"inside_km":6.44}},{"type":"Feature","geometry":{"type":"LineString","coordinates":[[2.179907,41.421229],[2.180572,41.420508],[2.180624,41.420416],[2.180668,41.420322],[2.180703,41.420225],[2.18072,41.420158],[2.180728,41.420127],[2.180744,41.420028],[2.18075,41.419928],[2.180747,41.419828],[2.180734,41.419729],[2.180721,41.419666],[2.18051,41.418871],[2.180455,41.418607],[2.180406,41.418294],[2.180366,41.41798],[2.180337,41.417666],[2.180316,41.417351],[2.180307,41.417093],[2.18032,41.416389],[2.180385,41.415907],[2.180384,41.41586],[2.180374,41.415814],[2.180355,41.415769],[2.180327,41.415728],[2.18029,41.41569],[2.180247,41.415656],[2.180217,41.415639],[2.179699,41.415244],[2.177007,41.413238],[2.176488,41.412846],[2.176178,41.412616],[2.175601,41.412175],[2.17557,41.412139],[2.17555,41.412102],[2.175539,41.412063],[2.175537,41.412023],[2.175545,41.411984],[2.175562,41.411946],[2.175588,41.411912],[2.175622,41.411881],[2.176007,41.41159],[2.177332,41.410577],[2.178497,41.409692],[2.179519,41.408933],[2.180884,41.407893],[2.180918,41.407869],[2.180944,41.40784],[2.180962,41.407808],[2.180972,41.407774],[2.180971,41.407739],[2.180961,41.407705],[2.180942,41.407673],[2.180915,41.407645],[2.17815,41.405571],[2.174996,41.403198],[2.170173,41.39961],[2.170107,41.399556],[2.170047,41.399498],[2.169996,41.399436],[2.169948,41.399361],[2.169931,41.399317],[2.169906,41.399275],[2.169872,41.399237],[2.169829,41.399202],[2.169807,41.39918],[2.169794,41.399154],[2.16979,41.399126],[2.169796,41.399099],[2.169811,41.399074],[2.169825,41.399059],[2.169845,41.399042],[2.169879,41.39902],[2.169928,41.398993],[2.170061,41.398929],[2.170097,41.398915],[2.17013,41.398892],[2.170786,41.398399],[2.172118,41.397388],[2.174313,41.395736],[2.174762,41.395396],[2.174778,41.395381],[2.174801,41.395349],[2.174812,41.395326],[2.174823,41.3953],[2.17483,41.395268],[2.174834,41.395232],[2.174832,41.394952],[2.174844,41.394866],[2.174865,41.394781],[2.174895,41.394698],[2.174944,41.3946],[2.174978,41.394557],[2.17502,41.394518],[2.175069,41.394483],[2.175124,41.394455],[2.175223,41.394416],[2.175298,41.394395],[2.175377,41.39438],[2.175457,41.394373],[2.175537,41.394374],[2.175635,41.394381],[2.175699,41.394379],[2.175803,41.39437],[2.176072,41.39434],[2.176103,41.394334],[2.17615,41.394321],[2.176179,41.394311],[2.17621,41.394297],[2.176242,41.394281],[2.176275,41.39426],[2.178702,41.392419],[2.178888,41.392279],[2.178906,41.392262],[2.178916,41.392248],[2.178925,41.392231],[2.17893,41.392211],[2.178928,41.39219],[2.178918,41.392166],[2.178898,41.392142],[2.178866,41.392117],[2.176949,41.390672],[2.17685,41.390603],[2.176725,41.390523],[2.176657,41.390484],[2.176588,41.390448],[2.17652,41.390418],[2.174182,41.389549],[2.17385,41.389419],[2.173792,41.389389],[2.173746,41.389357],[2.173653,41.389305],[2.173555,41.389259],[2.173488,41.389232],[2.172675,41.388929],[2.172567,41.388886],[2.172456,41.388849],[2.172341,41.38882],[2.172245,41.388801],[2.172114,41.388771],[2.171986,41.388735],[2.171942,41.388721],[2.170607,41.388216],[2.169741,41.387894],[2.168582,41.38746],[2.168277,41.38734],[2.166487,41.386669],[2.166387,41.38663],[2.166282,41.386596],[2.166136,41.38656],[2.166043,41.38653],[2.165979,41.386504],[2.165075,41.386162],[2.16498,41.386118],[2.164891,41.386068],[2.164808,41.386012],[2.164755,41.385971],[2.164693,41.385929],[2.164625,41.385875],[2.164013,41.385413],[2.163978,41.385381],[2.163952,41.385345],[2.163934,41.385306],[2.163926,41.385265],[2.163925,41.385239],[2.163767,41.384215],[2.163764,41.384191],[2.163753,41.384168],[2.163733,41.384149],[2.163005,41.383615],[2.161082,41.382167],[2.161051,41.38214],[2.161032,41.382118],[2.161014,41.382091],[2.161002,41.38206],[2.160998,41.382027],[2.161007,41.381991],[2.161031,41.381954],[2.161074,41.381915],[2.161868,41.381315],[2.163121,41.380378],[2.16316,41.380338],[2.16319,41.380294],[2.163212,41.380248],[2.163225,41.380199],[2.163227,41.380176],[2.163062,41.378881],[2.163017,41.378591],[2.163005,41.378552],[2.162984,41.378516],[2.162954,41.378482],[2.162944,41.378473],[2.161859,41.377656],[2.161097,41.377086],[2.161068,41.37705],[2.161047,41.377012],[2.161035,41.376971],[2.161032,41.376929],[2.161039,41.376888],[2.161055,41.376848],[2.161081,41.376811],[2.161101,41.376789],[2.161473,41.376507],[2.16226,41.375903],[2.16313,41.375261],[2.163152,41.375241],[2.163162,41.375229],[2.163179,41.375202],[2.163184,41.375187],[2.163185,41.37501],[2.163193,41.374986],[2.163202,41.374971],[2.163215,41.374954],[2.163234,41.374937],[2.16326,41.374921],[2.163293,41.374908],[2.163335,41.374898],[2.163386,41.374893],[2.163835,41.374891],[2.165165,41.374892],[2.167648,41.374888],[2.167692,41.374895],[2.167736,41.374906],[2.167784,41.374923],[2.167827,41.374949],[2.16786,41.374984],[2.167873,41.375031],[2.167859,41.375091],[2.16781,41.375165],[2.167718,41.375254],[2.167555,41.375381],[2.167392,41.375502],[2.166121,41.376456]]},"properties":{"kind":"route","mode":"bus","surface":true,"route_id":"2.250.3051","short_name":"D50","long_name":"Paral\u00b7lel / Ciutat Meridiana","colour":"#93107E","clipped":false,"inside_km":7.08}},{"type":"Feature","geometry":{"type":"MultiLineString","coordinates":[[[2.114173,41.40087],[2.114182,41.400876],[2.114254,41.400935],[2.114284,41.400963],[2.114331,41.400992],[2.114372,41.401027],[2.114405,41.401066],[2.114426,41.401102],[2.114445,41.401157],[2.114454,41.401204],[2.11447,41.401252],[2.114496,41.401298],[2.11453,41.401341],[2.114548,41.401359],[2.114811,41.401603],[2.115474,41.402224],[2.11582,41.402541],[2.116014,41.402726],[2.116055,41.402775],[2.116089,41.402828],[2.116115,41.402883],[2.116137,41.402949],[2.116157,41.403006],[2.116185,41.40306],[2.116221,41.403112],[2.116263,41.40316],[2.117136,41.40399],[2.117518,41.404337],[2.117532,41.404348],[2.117565,41.404365],[2.117601,41.404377],[2.117641,41.404384],[2.117683,41.404383],[2.117747,41.404371],[2.117813,41.404365],[2.117878,41.404367],[2.117943,41.404376],[2.118006,41.404392],[2.118064,41.404414],[2.11812,41.404447],[2.118169,41.404485],[2.11821,41.404527],[2.118235,41.40456],[2.118247,41.404614],[2.11825,41.404668],[2.118249,41.404724],[2.118255,41.40476],[2.118266,41.404796],[2.118282,41.40483],[2.118302,41.404864],[2.118315,41.404881],[2.118335,41.404904],[2.118358,41.404925],[2.118384,41.404945],[2.118413,41.404963],[2.118447,41.404979],[2.11981,41.405685],[2.119952,41.405756],[2.119984,41.40577],[2.120018,41.405781],[2.120052,41.40579],[2.120103,41.405797],[2.120172,41.405812],[2.120238,41.405833],[2.120302,41.405859],[2.120361,41.405889],[2.120572,41.406018],[2.121539,41.406691],[2.122031,41.407029],[2.122275,41.407213],[2.12249,41.4074],[2.122721,41.40763],[2.123111,41.408043],[2.123282,41.408214],[2.123393,41.408322],[2.123519,41.40842],[2.123621,41.408487],[2.124841,41.409237],[2.124973,41.40934],[2.125089,41.409452],[2.125139,41.409509],[2.125261,41.409665],[2.125341,41.409788],[2.12543,41.409897],[2.125558,41.410009],[2.125724,41.410111],[2.126075,41.410308],[2.126488,41.410513],[2.126804,41.410661],[2.127236,41.410874],[2.127485,41.411001],[2.127659,41.411102],[2.127894,41.41125],[2.128142,41.411423],[2.128531,41.411711],[2.128995,41.412063],[2.129796,41.412682],[2.130114,41.412919],[2.130291,41.413078],[2.130445,41.413249],[2.130465,41.413275],[2.130557,41.413423],[2.130585,41.413479],[2.130642,41.413563],[2.13071,41.413642],[2.130788,41.413716],[2.130877,41.413783],[2.130888,41.413791],[2.131008,41.413858],[2.131137,41.413916],[2.131273,41.413963],[2.131317,41.413976],[2.131821,41.414111],[2.132213,41.414214],[2.132577,41.414289],[2.132856,41.414325],[2.134117,41.414478],[2.134506,41.414536],[2.134744,41.414588],[2.135187,41.414701],[2.135514,41.414811],[2.135817,41.414922],[2.136106,41.415031],[2.136153,41.415042],[2.136201,41.415045],[2.136249,41.415041],[2.136296,41.41503],[2.136338,41.415012],[2.136352,41.415004],[2.136702,41.414688],[2.136902,41.414509],[2.136969,41.414456],[2.137043,41.414408],[2.137104,41.414374],[2.137193,41.414345],[2.137285,41.414321],[2.137379,41.414305],[2.137476,41.414296],[2.137573,41.414294],[2.13767,41.414299],[2.137766,41.414312],[2.137859,41.414331],[2.13795,41.414357],[2.138002,41.414376],[2.138106,41.414435],[2.138168,41.414485],[2.138223,41.414539],[2.138269,41.414598],[2.138308,41.414659],[2.138337,41.414724],[2.138357,41.41479],[2.138368,41.414858],[2.138369,41.414926],[2.138367,41.414952],[2.138345,41.415027],[2.138314,41.4151],[2.138274,41.41517],[2.138225,41.415238],[2.138166,41.415303],[2.137757,41.415656],[2.13773,41.41568],[2.137711,41.415709],[2.137701,41.415741],[2.1377,41.415773],[2.137709,41.415804],[2.137726,41.415834],[2.137753,41.415859],[2.137957,41.416019],[2.138123,41.416157],[2.138238,41.416263],[2.138346,41.416374],[2.138446,41.416489],[2.138517,41.416579],[2.138678,41.416815],[2.138725,41.4169],[2.138796,41.417036],[2.138858,41.417175],[2.139097,41.417806],[2.139174,41.417992],[2.139207,41.418092],[2.139305,41.418354],[2.139649,41.419096],[2.139682,41.41915],[2.139707,41.419184],[2.139757,41.419258],[2.139822,41.419404],[2.139855,41.419501],[2.13988,41.419553],[2.140322,41.42052],[2.14058,41.421056],[2.1406,41.421086],[2.140627,41.421112],[2.140652,41.421128],[2.140682,41.421139],[2.140708,41.421155],[2.140762,41.421216],[2.140782,41.421229]],[[2.142479,41.421229],[2.143153,41.420729]],[[2.143153,41.420729],[2.143161,41.420723],[2.143149,41.420731],[2.143153,41.420729]],[[2.143153,41.420729],[2.143196,41.420706],[2.143247,41.420688],[2.143302,41.420676],[2.143359,41.420671],[2.143428,41.420675],[2.143716,41.42077],[2.145153,41.421229]]]},"properties":{"kind":"route","mode":"bus","surface":true,"route_id":"2.202.3068","short_name":"H2","long_name":"Av. Esplugues / Trinitat Nova","colour":"#003888","clipped":true,"inside_km":3.42}},{"type":"Feature","geometry":{"type":"LineString","coordinates":[[2.140369,41.421229],[2.140092,41.42065],[2.139913,41.420292],[2.139365,41.41914],[2.139099,41.418609],[2.138759,41.418016],[2.138494,41.417534],[2.138366,41.417313],[2.138294,41.417182],[2.138236,41.417093],[2.13817,41.417008],[2.138095,41.416927],[2.138013,41.41685],[2.137907,41.416765],[2.13781,41.416697],[2.137706,41.416634],[2.137597,41.416577],[2.136516,41.416095],[2.136436,41.416062],[2.136361,41.416024],[2.136292,41.415979],[2.136229,41.415929],[2.136174,41.415875],[2.136126,41.415816],[2.136089,41.415757],[2.136062,41.415688],[2.136044,41.415617],[2.136036,41.415546],[2.136037,41.415474],[2.136048,41.415402],[2.136073,41.415317],[2.136108,41.415253],[2.136152,41.415192],[2.136171,41.41517],[2.136233,41.415104],[2.136303,41.415042],[2.136352,41.415004],[2.136702,41.414688],[2.136902,41.414509],[2.136969,41.414456],[2.137043,41.414408],[2.137104,41.414374],[2.137342,41.414264],[2.137548,41.414172],[2.137718,41.414089],[2.137819,41.414035],[2.137871,41.414006],[2.13792,41.413976],[2.137943,41.41396],[2.1387,41.413379],[2.139484,41.412767],[2.139791,41.412529],[2.139814,41.4125],[2.139827,41.412481],[2.139839,41.412459],[2.139849,41.412436],[2.139854,41.412412],[2.139853,41.412389],[2.139844,41.412368],[2.139825,41.41235],[2.139288,41.411964],[2.138316,41.411261],[2.138299,41.411247],[2.138272,41.41122],[2.138257,41.411202],[2.138243,41.411182],[2.13823,41.411158],[2.138219,41.411133],[2.138196,41.411054],[2.138159,41.410965],[2.138113,41.410879],[2.138058,41.410796],[2.13803,41.410759],[2.137966,41.410691],[2.137895,41.410628],[2.137816,41.410569],[2.137731,41.410515],[2.137231,41.41031],[2.13719,41.410296],[2.13665,41.410155],[2.136407,41.41012],[2.136364,41.410118],[2.136282,41.41012],[2.136199,41.410115],[2.136118,41.410103],[2.136035,41.410083],[2.135852,41.410012],[2.135775,41.409984],[2.135702,41.409949],[2.135635,41.409909],[2.135574,41.409863],[2.135538,41.409831],[2.135434,41.409745],[2.135267,41.409594],[2.134402,41.408791],[2.134364,41.408752],[2.134334,41.40871],[2.134312,41.408665],[2.1343,41.408618],[2.134297,41.408576],[2.134324,41.408085],[2.134297,41.408048],[2.134288,41.408031],[2.13427,41.408012],[2.134261,41.40799],[2.134259,41.407981],[2.134265,41.407855],[2.134271,41.407796],[2.134266,41.407737],[2.134253,41.407679],[2.134233,41.407629],[2.13375,41.406849],[2.133711,41.406806],[2.133666,41.406765],[2.133615,41.406726],[2.133524,41.406664],[2.133439,41.406612],[2.133393,41.406588],[2.133347,41.406566],[2.133296,41.406545],[2.133191,41.406507],[2.133048,41.406447],[2.132965,41.406409],[2.132754,41.406285],[2.132173,41.405963],[2.131639,41.405656],[2.13104,41.405317],[2.129652,41.404544],[2.129301,41.404351],[2.127959,41.403597],[2.126928,41.403015],[2.125742,41.402356],[2.124556,41.401687],[2.124062,41.401413],[2.123098,41.400874],[2.122722,41.400672],[2.122698,41.40066],[2.122681,41.400644],[2.122672,41.400625],[2.12265,41.400601],[2.122621,41.400581],[2.121898,41.400157],[2.121772,41.40009],[2.121696,41.400053],[2.121625,41.400031],[2.121525,41.400011],[2.121428,41.399984],[2.121349,41.399957],[2.120805,41.399783],[2.120569,41.399704],[2.120515,41.399677],[2.120399,41.399615],[2.120192,41.399506],[2.120048,41.399425],[2.11977,41.399269],[2.119488,41.399106],[2.118966,41.398774],[2.118353,41.39838],[2.118055,41.398193],[2.117909,41.39811],[2.117799,41.398056],[2.117626,41.397974],[2.117508,41.397925],[2.117275,41.397846],[2.11719,41.397819],[2.117019,41.397768],[2.116912,41.397739],[2.116806,41.397713],[2.116565,41.397667],[2.116459,41.397649],[2.116251,41.397599],[2.116196,41.397579],[2.116174,41.397568],[2.116101,41.397528],[2.116032,41.397482],[2.115849,41.397331],[2.115313,41.396869],[2.114843,41.396458],[2.114476,41.396129],[2.114173,41.395868]]},"properties":{"kind":"route","mode":"bus","surface":true,"route_id":"2.204.3018","short_name":"H4","long_name":"Zona Universit\u00e0ria / Bon Pastor","colour":"#003888","clipped":false,"inside_km":3.73}},{"type":"Feature","geometry":{"type":"LineString","coordinates":[[2.177019,41.421229],[2.176885,41.420548],[2.176824,41.420305],[2.176774,41.420115],[2.176629,41.419705],[2.176499,41.419319],[2.176245,41.41869],[2.176117,41.41838],[2.176067,41.41829],[2.176019,41.418215],[2.175957,41.418129],[2.175921,41.418084],[2.17585,41.418005],[2.175764,41.417914],[2.175646,41.417796],[2.175575,41.417729],[2.175497,41.417657],[2.175197,41.41739],[2.174903,41.417133],[2.174543,41.41683],[2.174331,41.416643],[2.174149,41.416509],[2.174126,41.416489],[2.174116,41.416475],[2.174108,41.416459],[2.174106,41.41644],[2.174111,41.416419],[2.174124,41.416396],[2.174165,41.416356],[2.174183,41.416332],[2.174189,41.416318],[2.174193,41.416303],[2.174192,41.416288],[2.174185,41.416272],[2.174172,41.416258],[2.174107,41.416177],[2.174041,41.416101],[2.174004,41.416061],[2.173966,41.416024],[2.173929,41.41599],[2.173893,41.415963],[2.173258,41.415494],[2.173242,41.415484],[2.17322,41.415475],[2.173207,41.415472],[2.173193,41.415472],[2.173179,41.415474],[2.173165,41.415479],[2.173047,41.415568],[2.173019,41.415581],[2.172999,41.415586],[2.172976,41.415589],[2.172949,41.415587],[2.17292,41.41558],[2.172889,41.415566],[2.172856,41.415544],[2.170816,41.414035],[2.170549,41.413817],[2.170134,41.413556],[2.16965,41.413286],[2.168556,41.412773],[2.168466,41.412746],[2.168403,41.412731],[2.168327,41.412716],[2.16824,41.412703],[2.168145,41.412694],[2.168045,41.412692],[2.167942,41.412699],[2.167837,41.412716],[2.167744,41.412728],[2.167671,41.412742],[2.167631,41.412752],[2.16759,41.412763],[2.167538,41.41278],[2.167508,41.412788],[2.167461,41.412797],[2.167398,41.412803],[2.167322,41.412803],[2.167235,41.412793],[2.167139,41.41277],[2.167037,41.412729],[2.167004,41.412713],[2.166929,41.41267],[2.166872,41.41263],[2.166845,41.412606],[2.166821,41.412582],[2.166775,41.412511],[2.166746,41.412471],[2.166709,41.412426],[2.166667,41.412378],[2.166618,41.41233],[2.166564,41.412286],[2.166506,41.412248],[2.166432,41.412213],[2.166347,41.412177],[2.166195,41.412119],[2.166099,41.412086],[2.165994,41.412053],[2.165882,41.41202],[2.165764,41.411991],[2.165644,41.411966],[2.165485,41.411931],[2.165323,41.411903],[2.165158,41.411882],[2.164992,41.411868],[2.164826,41.411862],[2.164659,41.411862],[2.164493,41.41187],[2.164327,41.411885],[2.164211,41.411899],[2.164111,41.411922],[2.16361,41.412094],[2.163106,41.41226],[2.162598,41.412419],[2.162423,41.412466],[2.162244,41.412506],[2.162063,41.412539],[2.161941,41.412557],[2.161651,41.41256],[2.161361,41.412555],[2.161071,41.412543],[2.160945,41.412536],[2.160729,41.412528],[2.160513,41.412514],[2.160298,41.412492],[2.160084,41.412463],[2.159873,41.412427],[2.159664,41.412384],[2.159544,41.412356],[2.159386,41.412308],[2.159233,41.412253],[2.159089,41.412194],[2.159047,41.412174],[2.158928,41.412112],[2.158737,41.412007],[2.158618,41.411937],[2.158483,41.411854],[2.158334,41.41176],[2.158172,41.411652],[2.157567,41.411263],[2.157466,41.411205],[2.156761,41.410777],[2.156323,41.410498],[2.155652,41.410007],[2.155168,41.409687],[2.155071,41.40964],[2.154969,41.409599],[2.154863,41.409564],[2.154501,41.409416],[2.154166,41.409287],[2.153827,41.409164],[2.15352,41.409059],[2.151807,41.408448],[2.151623,41.408379],[2.15141,41.408294],[2.151285,41.408242],[2.151152,41.408184],[2.151014,41.40812],[2.150856,41.408044],[2.15077,41.407998],[2.150679,41.407942],[2.150624,41.407907],[2.150501,41.407818],[2.150006,41.407387],[2.149969,41.40734],[2.149947,41.407306],[2.149938,41.407289],[2.149932,41.407271],[2.149929,41.407255],[2.149924,41.407206],[2.149915,41.407157],[2.149901,41.407103],[2.149891,41.407076],[2.149879,41.407052],[2.149861,41.407026],[2.149819,41.406977],[2.149743,41.4069],[2.149624,41.406792],[2.149546,41.406725],[2.149473,41.406652],[2.149392,41.406559],[2.14932,41.406487],[2.14928,41.406452],[2.149239,41.406422],[2.149199,41.406398],[2.14915,41.40638],[2.14905,41.406354],[2.148956,41.406336],[2.148883,41.406327],[2.148814,41.406316],[2.148743,41.406299],[2.148712,41.406289],[2.148685,41.406277],[2.148513,41.406191],[2.148332,41.406108],[2.148229,41.406065],[2.148121,41.406023],[2.14801,41.405985],[2.147868,41.405943],[2.147776,41.405921],[2.14763,41.405892],[2.147539,41.405877],[2.147438,41.405863],[2.147326,41.40585],[2.147205,41.40584],[2.147082,41.405837],[2.147012,41.405841],[2.146864,41.405841],[2.146735,41.405835],[2.14588,41.405766],[2.145488,41.405722],[2.145099,41.405671],[2.144992,41.405656],[2.144205,41.40552],[2.143934,41.405465],[2.14259,41.405158],[2.142345,41.405094],[2.142103,41.405024],[2.141865,41.404947],[2.141631,41.404863],[2.141483,41.404806],[2.141253,41.404722],[2.140754,41.404525],[2.140423,41.404353],[2.140317,41.40431],[2.140135,41.40423],[2.139874,41.404108],[2.139716,41.404031],[2.13954,41.403942],[2.139338,41.403836],[2.139127,41.403718],[2.138927,41.403599],[2.138805,41.403525],[2.138522,41.403346],[2.138423,41.403279],[2.138271,41.403173],[2.138079,41.403032],[2.137974,41.402952],[2.137869,41.402868],[2.137765,41.402781],[2.137693,41.402714],[2.137616,41.402639],[2.137523,41.402544],[2.137423,41.402435],[2.13719,41.402204],[2.136924,41.40195],[2.136762,41.401799],[2.136584,41.401636],[2.13639,41.401464],[2.135835,41.400986],[2.135394,41.400633],[2.135073,41.400353],[2.134222,41.39953],[2.133982,41.39929],[2.133749,41.399046],[2.133525,41.398797],[2.133308,41.398545],[2.133199,41.398412],[2.133056,41.39825],[2.132922,41.398083],[2.132811,41.397934],[2.132767,41.39787],[2.132732,41.397804],[2.132706,41.397734],[2.13269,41.397664],[2.132675,41.397521],[2.132675,41.397429],[2.132685,41.397229],[2.132706,41.397126],[2.132739,41.397049],[2.132785,41.396967],[2.132836,41.396882],[2.132879,41.396826],[2.132962,41.396722],[2.133572,41.396089],[2.133754,41.395917],[2.133777,41.39589],[2.13383,41.395789],[2.133858,41.395714],[2.133874,41.395632],[2.133883,41.395569],[2.133893,41.395485],[2.133896,41.395442],[2.133888,41.395375],[2.133872,41.395312],[2.133835,41.395218],[2.133779,41.395126],[2.133664,41.394991],[2.133569,41.394894],[2.133438,41.394767],[2.133161,41.394487],[2.132939,41.394272],[2.132663,41.394024],[2.132522,41.393917],[2.132384,41.393821],[2.132243,41.393736],[2.132096,41.393653],[2.131749,41.39347],[2.131322,41.393251],[2.130352,41.39276],[2.130303,41.39274],[2.130259,41.392727],[2.130227,41.392719],[2.130157,41.392707],[2.130116,41.392704],[2.130045,41.392705],[2.130014,41.392707],[2.129968,41.392707],[2.129925,41.392705],[2.129873,41.392698],[2.129833,41.39269],[2.129767,41.392669],[2.129724,41.39265],[2.1297,41.392638],[2.129675,41.392623],[2.12963,41.392591],[2.129604,41.392567],[2.129587,41.392547],[2.129559,41.392521],[2.12951,41.392484],[2.129471,41.392461],[2.129422,41.392439],[2.129371,41.392421],[2.129017,41.392319],[2.128133,41.392097],[2.125719,41.3915],[2.12568,41.39149],[2.125646,41.391473],[2.125617,41.39145],[2.125596,41.391424],[2.125583,41.391394],[2.12558,41.391363],[2.125583,41.391343],[2.125816,41.390839],[2.126791,41.388657],[2.126923,41.388364],[2.126924,41.38834],[2.126915,41.388318],[2.126898,41.388299],[2.126874,41.388285],[2.126855,41.388279],[2.123458,41.387422],[2.121564,41.386933],[2.118838,41.386241],[2.116145,41.385561],[2.114173,41.38506]]},"properties":{"kind":"route","mode":"bus","surface":true,"route_id":"2.206.2995","short_name":"H6","long_name":"Zona Universit\u00e0ria / Onze de Setembre","colour":"#003888","clipped":false,"inside_km":7.01}},{"type":"Feature","geometry":{"type":"LineString","coordinates":[[2.114173,41.376845],[2.114186,41.376857],[2.11428,41.376935],[2.11438,41.377008],[2.114486,41.377075],[2.114599,41.377137],[2.117508,41.378595],[2.117682,41.37867],[2.117847,41.378736],[2.117966,41.378775],[2.119327,41.3792],[2.11936,41.379205],[2.119393,41.379203],[2.119423,41.379194],[2.119447,41.379181],[2.119605,41.379044],[2.119699,41.378988],[2.119798,41.378938],[2.119902,41.378894],[2.120287,41.378743],[2.120371,41.378715],[2.12045,41.378692],[2.120498,41.378676],[2.120566,41.378648],[2.120605,41.378629],[2.120645,41.378606],[2.120687,41.37858],[2.120727,41.37855],[2.120888,41.378417],[2.12101,41.378311],[2.121075,41.378251],[2.121211,41.378122],[2.121264,41.378084],[2.121305,41.378059],[2.121355,41.378036],[2.121411,41.378018],[2.121471,41.378008],[2.121534,41.378011],[2.121598,41.37803],[2.121661,41.378068],[2.123908,41.379556],[2.123954,41.379582],[2.124005,41.379601],[2.124039,41.379619],[2.125486,41.380571],[2.125519,41.380591],[2.125556,41.38061],[2.125672,41.380655],[2.125713,41.380675],[2.125732,41.380686],[2.125753,41.3807],[2.125958,41.380826],[2.126468,41.381133],[2.126715,41.38129],[2.126848,41.38138],[2.127072,41.381526],[2.128002,41.382196],[2.128853,41.382781],[2.129177,41.382994],[2.130092,41.383609],[2.130744,41.384036],[2.13105,41.384252],[2.132123,41.384963],[2.132877,41.385454],[2.132926,41.385482],[2.132981,41.385503],[2.133015,41.385513],[2.13306,41.385522],[2.133099,41.385534],[2.133134,41.385553],[2.133149,41.385564],[2.133993,41.386093],[2.134948,41.386668],[2.135001,41.386688],[2.135057,41.386702],[2.135116,41.386709],[2.135175,41.386709],[2.135234,41.386702],[2.13529,41.386688],[2.135342,41.386667],[2.135366,41.386654],[2.135428,41.386604],[2.135616,41.386425],[2.137483,41.384629],[2.138847,41.383334],[2.138892,41.383305],[2.138942,41.383282],[2.138997,41.383265],[2.139054,41.383255],[2.139113,41.383252],[2.139172,41.383256],[2.13923,41.383268],[2.139284,41.383286],[2.139314,41.3833],[2.139732,41.383526],[2.140306,41.383856],[2.14048,41.383963],[2.140701,41.384103],[2.140916,41.384249],[2.141124,41.384399],[2.141326,41.384555],[2.141393,41.384609],[2.142696,41.385586],[2.142734,41.385622],[2.142797,41.385714],[2.142852,41.38581],[2.142872,41.385851],[2.142891,41.386049],[2.142938,41.386413],[2.143058,41.387141],[2.143161,41.387668],[2.143224,41.387952],[2.143523,41.389201],[2.143811,41.390317],[2.143852,41.390468],[2.144063,41.391125],[2.144137,41.391336],[2.144218,41.391539],[2.144411,41.391987],[2.144514,41.392218],[2.14454,41.392264],[2.144574,41.392307],[2.144615,41.392346],[2.144664,41.39238],[2.144688,41.392393],[2.144756,41.392416],[2.144822,41.392446],[2.144883,41.392483],[2.144918,41.392508],[2.144955,41.392544],[2.144984,41.392584],[2.145,41.392618],[2.145053,41.392746],[2.145077,41.39278],[2.145108,41.392809],[2.145147,41.392834],[2.145191,41.392853],[2.145213,41.39286],[2.146435,41.393168],[2.14921,41.393874],[2.154306,41.395163],[2.155972,41.395578],[2.158531,41.396224],[2.159221,41.396403],[2.159287,41.396412],[2.159337,41.396413],[2.159364,41.396412],[2.159391,41.396409],[2.159421,41.396403],[2.159446,41.3964],[2.15949,41.396398],[2.159517,41.396399],[2.159547,41.396401],[2.159579,41.396406],[2.159612,41.396415],[2.159645,41.396426],[2.160051,41.396609],[2.160136,41.396638],[2.162245,41.397163],[2.162274,41.397172],[2.162355,41.3972],[2.162412,41.397222],[2.162478,41.397249],[2.162553,41.397283],[2.162635,41.397324],[2.162723,41.397371],[2.162817,41.397426],[2.163252,41.397755],[2.163264,41.397763],[2.163712,41.398099],[2.164331,41.398569],[2.165796,41.399659],[2.165976,41.399787],[2.167566,41.400983],[2.167593,41.401013],[2.167605,41.401042],[2.167611,41.401074],[2.167608,41.401107],[2.167595,41.401139],[2.167574,41.401168],[2.167562,41.401179],[2.167062,41.401556],[2.16655,41.401928],[2.165576,41.402682],[2.165555,41.40271],[2.165543,41.402741],[2.165541,41.402773],[2.165548,41.402805],[2.165564,41.402835],[2.165588,41.402861],[2.165851,41.403071],[2.168554,41.405119],[2.169075,41.405503],[2.171249,41.407145],[2.17128,41.407174],[2.173075,41.408521],[2.174199,41.409358],[2.176399,41.41102],[2.178192,41.412424],[2.179345,41.413351],[2.179877,41.413787],[2.180688,41.414397],[2.180767,41.414461],[2.180853,41.414545],[2.18097,41.414644],[2.181134,41.414771],[2.183126,41.416237],[2.184258,41.417018],[2.18429,41.417039],[2.184328,41.417053],[2.184369,41.417061],[2.184411,41.417062],[2.184452,41.417056],[2.184491,41.417043],[2.184523,41.417024],[2.185144,41.416556],[2.186736,41.415363],[2.186758,41.415351],[2.186775,41.415345],[2.186795,41.415339],[2.186818,41.415335],[2.186844,41.415334],[2.186873,41.415337],[2.186908,41.415344],[2.186942,41.415359],[2.186958,41.415368],[2.186974,41.415381],[2.186988,41.415397],[2.187001,41.415416],[2.187009,41.415439],[2.187012,41.415467],[2.187019,41.416293],[2.18703,41.42071],[2.187034,41.421229]]},"properties":{"kind":"route","mode":"bus","surface":true,"route_id":"2.208.3476","short_name":"H8","long_name":"Ernest Lluch / Bon Pastor","colour":"#003888","clipped":false,"inside_km":8.63}},{"type":"Feature","geometry":{"type":"LineString","coordinates":[[2.135587,41.375527],[2.135563,41.375499],[2.135552,41.37548],[2.135543,41.375459],[2.13554,41.375438],[2.135544,41.375416],[2.135558,41.375397],[2.135585,41.375381],[2.135628,41.375369],[2.135918,41.375361],[2.136008,41.37536],[2.13603,41.375362],[2.136055,41.375367],[2.136082,41.375376],[2.136108,41.375389],[2.13613,41.375408],[2.136146,41.375434],[2.136152,41.375467],[2.136147,41.37551],[2.136089,41.375857],[2.136095,41.375879],[2.13611,41.375898],[2.13627,41.376044],[2.136749,41.376468],[2.137236,41.376869],[2.137391,41.376987],[2.137434,41.377018],[2.137546,41.377097],[2.137663,41.37717],[2.137755,41.377221],[2.137987,41.377337],[2.138081,41.377376],[2.138229,41.377434],[2.138422,41.377505],[2.138529,41.377541],[2.138641,41.377576],[2.139944,41.377955],[2.140012,41.377977],[2.140113,41.378014],[2.140174,41.378039],[2.140239,41.378068],[2.140306,41.378101],[2.140373,41.378138],[2.141338,41.378743],[2.141404,41.378788],[2.141457,41.378826],[2.141519,41.378876],[2.141589,41.378935],[2.141664,41.379005],[2.141742,41.379086],[2.14182,41.379176],[2.141896,41.379276],[2.141956,41.37935],[2.142115,41.379553],[2.142164,41.37962],[2.142222,41.379683],[2.142273,41.379729],[2.142771,41.380105],[2.142922,41.380223],[2.142986,41.380265],[2.143056,41.380302],[2.14313,41.380333],[2.143369,41.380414],[2.143742,41.380557],[2.144239,41.380773],[2.144645,41.380956],[2.145775,41.38145],[2.145801,41.381461],[2.14583,41.381465],[2.145859,41.381461],[2.145885,41.381451],[2.146436,41.381031],[2.146934,41.380659],[2.146981,41.380634],[2.147032,41.380615],[2.147087,41.380603],[2.147144,41.380599],[2.1472,41.380601],[2.147256,41.380611],[2.147309,41.380627],[2.147357,41.38065],[2.147378,41.380663],[2.147922,41.381067],[2.149658,41.382391],[2.150697,41.383156],[2.151272,41.383599],[2.15183,41.384017],[2.152987,41.384876],[2.154028,41.385678],[2.154559,41.386079],[2.154894,41.386329],[2.155577,41.386857],[2.157198,41.388067],[2.157862,41.388569],[2.159431,41.38975],[2.16005,41.39022],[2.160929,41.390874],[2.162023,41.391699],[2.162916,41.392368],[2.16401,41.393195],[2.164838,41.393815],[2.166001,41.394689],[2.166232,41.394865],[2.169081,41.39701],[2.169976,41.397689],[2.171236,41.398636],[2.174028,41.400707],[2.177387,41.403232],[2.179371,41.404713],[2.182439,41.40701],[2.183222,41.407595],[2.18325,41.40761],[2.183824,41.408036],[2.18449,41.408543],[2.185044,41.408957],[2.185701,41.409458],[2.186903,41.410369],[2.187569,41.410888],[2.188058,41.411251],[2.189836,41.412559],[2.19036,41.412942],[2.191033,41.413458],[2.192362,41.41447],[2.192383,41.414481],[2.192396,41.414485],[2.19241,41.414486],[2.192426,41.414485],[2.192442,41.414478],[2.192496,41.414443],[2.193318,41.413824],[2.193499,41.413674],[2.193513,41.413664],[2.193545,41.413648],[2.193562,41.413642],[2.19358,41.413637],[2.193618,41.413632],[2.193656,41.413633],[2.193675,41.413635],[2.193711,41.413645],[2.193728,41.413652],[2.193758,41.41367],[2.194619,41.414319],[2.195014,41.414609],[2.196638,41.415832],[2.19978,41.418174],[2.200265,41.418538],[2.200425,41.41868],[2.200614,41.41884],[2.201271,41.41934],[2.201449,41.419472],[2.201483,41.419503],[2.201509,41.419537],[2.201526,41.419575],[2.201534,41.419614],[2.201533,41.419653],[2.201522,41.419692],[2.201502,41.419729],[2.201493,41.41974],[2.201148,41.419999],[2.199809,41.421033],[2.19954,41.421229]]},"properties":{"kind":"route","mode":"bus","surface":true,"route_id":"2.210.3078","short_name":"H10","long_name":"Pl. Sants / Ol\u00edmpic de Badalona","colour":"#003888","clipped":false,"inside_km":7.2}},{"type":"Feature","geometry":{"type":"LineString","coordinates":[[2.134165,41.363485],[2.134244,41.363546],[2.134941,41.364074],[2.1351,41.3642],[2.135177,41.364255],[2.135269,41.364287],[2.135366,41.364298],[2.135493,41.3643],[2.135625,41.364329],[2.135728,41.364379],[2.135771,41.364408],[2.135816,41.364445],[2.135842,41.364475],[2.135866,41.364504],[2.135887,41.364542],[2.135901,41.364586],[2.135912,41.364653],[2.135934,41.364803],[2.135936,41.36486],[2.135939,41.364881],[2.135952,41.364906],[2.135998,41.364953],[2.136167,41.365084],[2.136219,41.36512],[2.137269,41.3659],[2.137653,41.366192],[2.137702,41.366231],[2.137732,41.36626],[2.137759,41.366288],[2.137825,41.366353],[2.137905,41.366428],[2.137957,41.366473],[2.138019,41.366531],[2.138533,41.366927],[2.138751,41.3671],[2.138952,41.367298],[2.139331,41.367578],[2.142373,41.369861],[2.144916,41.37178],[2.146041,41.372612],[2.146124,41.37267],[2.146225,41.37273],[2.146324,41.372783],[2.146434,41.372836],[2.146569,41.372908],[2.146659,41.372965],[2.147361,41.373465],[2.1475,41.373579],[2.148324,41.374185],[2.148532,41.374333],[2.148632,41.374411],[2.14867,41.374435],[2.148706,41.374453],[2.148745,41.374468],[2.148788,41.37448],[2.148839,41.374487],[2.148915,41.374488],[2.14901,41.374495],[2.149106,41.37451],[2.149181,41.374531],[2.149328,41.374593],[2.14939,41.374622],[2.149427,41.374643],[2.149459,41.374664],[2.149585,41.374731],[2.149671,41.374772],[2.149791,41.374826],[2.149934,41.374876],[2.15004,41.3749],[2.150147,41.374912],[2.150201,41.374915],[2.150369,41.37493],[2.150489,41.374937],[2.150989,41.374938],[2.151159,41.374934],[2.154385,41.37492],[2.155198,41.374923],[2.155888,41.374922],[2.155934,41.37493],[2.155985,41.374944],[2.156015,41.374955],[2.156048,41.37497],[2.156083,41.374988],[2.156123,41.375011],[2.156253,41.375097],[2.15635,41.375171],[2.156367,41.375186],[2.156377,41.375197],[2.156386,41.375211],[2.156392,41.375227],[2.156393,41.375245],[2.156388,41.375263],[2.156375,41.375282],[2.156352,41.375302],[2.156237,41.375392],[2.155927,41.375627],[2.155492,41.375945],[2.154791,41.376487],[2.153923,41.377134],[2.153042,41.377817],[2.153026,41.377836],[2.153018,41.377858],[2.153019,41.377881],[2.15303,41.377902],[2.153047,41.377918],[2.158185,41.381793],[2.161458,41.384249],[2.163977,41.386124],[2.166394,41.387959],[2.166793,41.388257],[2.16686,41.3883],[2.166932,41.388338],[2.16701,41.38837],[2.167091,41.388395],[2.167185,41.388421],[2.167258,41.38845],[2.167279,41.388459],[2.16731,41.388475],[2.167387,41.388525],[2.167423,41.388554],[2.168475,41.389348],[2.168519,41.389392],[2.168556,41.38944],[2.168583,41.389491],[2.168608,41.389556],[2.168635,41.389603],[2.16867,41.389646],[2.168702,41.389676],[2.169347,41.390159],[2.170697,41.391179],[2.170776,41.391236],[2.170862,41.391287],[2.171026,41.391374],[2.171184,41.391471],[2.171252,41.391523],[2.171314,41.39158],[2.171373,41.391654],[2.171433,41.391717],[2.171482,41.391761],[2.17165,41.391889],[2.174191,41.393811],[2.174454,41.394016],[2.174556,41.394083],[2.174664,41.394144],[2.174777,41.394199],[2.174896,41.394247],[2.175013,41.394288],[2.175123,41.394318],[2.175236,41.39434],[2.175351,41.394356],[2.175479,41.394364],[2.175606,41.394379],[2.175731,41.394401],[2.175854,41.394431],[2.175896,41.394442],[2.175961,41.394473],[2.176021,41.394509],[2.176074,41.39455],[2.176119,41.394597],[2.176157,41.394647],[2.176167,41.394663],[2.176199,41.394732],[2.176222,41.394803],[2.176235,41.394874],[2.176236,41.394957],[2.176246,41.39504],[2.176265,41.395122],[2.176294,41.395202],[2.176332,41.39528],[2.176379,41.395356],[2.176422,41.395414],[2.176469,41.395469],[2.176524,41.39552],[2.176544,41.395536],[2.176842,41.395808],[2.181077,41.398988],[2.181104,41.399003],[2.181142,41.39902],[2.181167,41.399029],[2.181194,41.399036],[2.181225,41.399042],[2.181257,41.399044],[2.181318,41.399042],[2.181337,41.399042],[2.181384,41.399048],[2.181411,41.399055],[2.181439,41.399066],[2.181468,41.39908],[2.181496,41.399098],[2.18167,41.399234],[2.182417,41.399789],[2.183615,41.400691],[2.183682,41.40075],[2.183715,41.400784],[2.183802,41.400867],[2.183895,41.400944],[2.184684,41.401531],[2.184701,41.401542],[2.184726,41.401552],[2.184742,41.401556],[2.184758,41.401558],[2.184775,41.401557],[2.184793,41.401552],[2.184809,41.401543],[2.185108,41.401307],[2.185372,41.401112],[2.185398,41.401099],[2.185414,41.401095],[2.185432,41.401094],[2.185451,41.401097],[2.185471,41.401104],[2.186649,41.401994],[2.188594,41.403469],[2.188734,41.403567],[2.188763,41.403594],[2.188777,41.403614],[2.188786,41.403636],[2.188789,41.40366],[2.188782,41.403687],[2.188763,41.403715],[2.188705,41.403766],[2.187273,41.40486],[2.187235,41.404887],[2.187185,41.404931],[2.187159,41.404959],[2.187135,41.404989],[2.187116,41.405021],[2.187103,41.405054],[2.187098,41.405089],[2.187085,41.406421],[2.187074,41.407176],[2.187082,41.408566],[2.187088,41.4086],[2.187103,41.408631],[2.187127,41.40866],[2.187871,41.409216],[2.188563,41.409751],[2.189111,41.410159],[2.189644,41.410549],[2.190427,41.411139],[2.191165,41.411705],[2.191181,41.411719],[2.191201,41.411734],[2.191229,41.41175],[2.191265,41.411765],[2.191307,41.411776],[2.191357,41.411782],[2.191413,41.41178],[2.191475,41.411767],[2.191544,41.411741],[2.192053,41.411358],[2.192225,41.411219],[2.192642,41.410896],[2.194555,41.409458],[2.194862,41.409234],[2.19487,41.409231],[2.194881,41.409231],[2.194895,41.409233],[2.194913,41.409239],[2.194934,41.40925],[2.194959,41.409267],[2.195002,41.409302],[2.195824,41.409917],[2.196894,41.410712],[2.201752,41.414346],[2.203266,41.415474],[2.203983,41.41601],[2.204988,41.416783],[2.206323,41.417768],[2.208291,41.419245],[2.208831,41.419645],[2.208842,41.419655],[2.208853,41.419671],[2.208856,41.419681],[2.208856,41.419692],[2.208853,41.419704],[2.208845,41.419717],[2.208831,41.419731],[2.208504,41.419971],[2.208438,41.420028],[2.208365,41.420079],[2.20835,41.420088],[2.207459,41.420576],[2.207275,41.420698],[2.207162,41.420786],[2.206572,41.421229]]},"properties":{"kind":"route","mode":"bus","surface":true,"route_id":"2.212.2997","short_name":"H12","long_name":"Gornal / Bes\u00f2s Verneda","colour":"#003888","clipped":false,"inside_km":9.45}},{"type":"Feature","geometry":{"type":"LineString","coordinates":[[2.167177,41.375663],[2.165961,41.376576],[2.165536,41.3769],[2.165519,41.37691],[2.165492,41.376919],[2.165475,41.376921],[2.165456,41.376921],[2.165435,41.376917],[2.165414,41.376907],[2.165391,41.376893],[2.164459,41.376205],[2.163254,41.375296],[2.163238,41.375281],[2.163214,41.375254],[2.163193,41.375223],[2.163184,41.375187],[2.163185,41.375007],[2.163193,41.374986],[2.163202,41.374971],[2.163215,41.374954],[2.163234,41.374937],[2.16326,41.374921],[2.163293,41.374908],[2.163335,41.374898],[2.163386,41.374893],[2.163835,41.374891],[2.165165,41.374892],[2.167242,41.37489],[2.169238,41.374883],[2.169989,41.374874],[2.170636,41.374829],[2.171075,41.374797],[2.17155,41.374768],[2.171683,41.374769],[2.17305,41.374689],[2.174145,41.374614],[2.174809,41.374564],[2.175095,41.374546],[2.175159,41.374545],[2.175222,41.374537],[2.17528,41.374526],[2.175335,41.374507],[2.175386,41.374482],[2.17543,41.374452],[2.175468,41.374417],[2.175498,41.374377],[2.175519,41.374335],[2.175531,41.37429],[2.175537,41.374238],[2.175534,41.374185],[2.175522,41.374133],[2.175508,41.374098],[2.175481,41.374048],[2.175464,41.373995],[2.175457,41.373941],[2.175452,41.373874],[2.175458,41.373807],[2.175472,41.373741],[2.175497,41.373677],[2.17553,41.373615],[2.175572,41.373556],[2.175618,41.373504],[2.175677,41.373455],[2.175743,41.373411],[2.175815,41.373372],[2.175893,41.37334],[2.175974,41.373314],[2.176045,41.373297],[2.176135,41.37328],[2.176228,41.373271],[2.176294,41.373269],[2.176381,41.373287],[2.176465,41.373313],[2.176545,41.373345],[2.17662,41.373383],[2.176689,41.373427],[2.176751,41.373476],[2.176806,41.37353],[2.176826,41.373554],[2.176854,41.373588],[2.176893,41.37365],[2.176923,41.373714],[2.176944,41.37378],[2.176955,41.373848],[2.176957,41.373916],[2.17695,41.373983],[2.176933,41.37405],[2.176906,41.374115],[2.176871,41.374178],[2.176827,41.374238],[2.17678,41.374289],[2.176766,41.374327],[2.176761,41.374366],[2.176766,41.374406],[2.17678,41.374444],[2.176799,41.374474],[2.177541,41.375418],[2.177571,41.375447],[2.177608,41.375471],[2.17765,41.375488],[2.177694,41.375499],[2.177765,41.375522],[2.17783,41.375551],[2.177891,41.375586],[2.177945,41.375627],[2.177992,41.375672],[2.178003,41.375685],[2.178037,41.375732],[2.178062,41.375782],[2.178078,41.375835],[2.178084,41.375888],[2.178091,41.37604],[2.178089,41.376088],[2.178096,41.376136],[2.178112,41.376182],[2.178138,41.376226],[2.178524,41.376707],[2.17928,41.377641],[2.180257,41.378859],[2.181928,41.380926],[2.182366,41.381455],[2.183209,41.382442],[2.183236,41.382467],[2.183269,41.382488],[2.183307,41.382501],[2.183349,41.382509],[2.183422,41.382511],[2.18346,41.38252],[2.183495,41.382535],[2.183523,41.382556],[2.183535,41.38257],[2.183831,41.382913],[2.183849,41.382949],[2.183858,41.382986],[2.183858,41.38301],[2.183869,41.383053],[2.183889,41.383095],[2.183918,41.383133],[2.18489,41.384279],[2.185376,41.38485],[2.185541,41.385049],[2.185636,41.385175],[2.185873,41.385458],[2.185891,41.385494],[2.1859,41.385532],[2.185899,41.385571],[2.185889,41.385609],[2.185869,41.385644],[2.185842,41.385677],[2.185806,41.385705],[2.185785,41.385718],[2.183022,41.38778],[2.18266,41.388057],[2.182634,41.388079],[2.182616,41.388104],[2.182606,41.388132],[2.182607,41.388161],[2.182616,41.388189],[2.182636,41.388215],[2.183828,41.389114],[2.18385,41.389133],[2.183854,41.389138],[2.184912,41.389924],[2.186748,41.391299],[2.186813,41.391354],[2.18687,41.391414],[2.186917,41.391479],[2.186951,41.391549],[2.186974,41.391613],[2.186982,41.391683],[2.186983,41.391782],[2.186979,41.391853],[2.186982,41.392127],[2.18698,41.392295],[2.186985,41.392629],[2.18698,41.392872],[2.186988,41.393059],[2.187001,41.393155],[2.187024,41.393204],[2.187054,41.393239],[2.187743,41.393749],[2.188246,41.394114],[2.188966,41.394619],[2.189499,41.394984],[2.191383,41.396368],[2.191756,41.396664],[2.193167,41.397674],[2.193998,41.398293],[2.195878,41.399702],[2.196299,41.400007],[2.196392,41.400083],[2.197411,41.400833],[2.198581,41.401715],[2.199026,41.402048],[2.199307,41.402261],[2.199326,41.402272],[2.19934,41.402278],[2.199381,41.402288],[2.199408,41.402292],[2.199439,41.402293],[2.199475,41.402292],[2.199505,41.402296],[2.199525,41.402302],[2.199547,41.402311],[2.199571,41.402323],[2.199594,41.40234],[2.199616,41.402362],[2.199636,41.40239],[2.199651,41.402424],[2.199659,41.402451],[2.199677,41.402491],[2.199706,41.402541],[2.199726,41.402567],[2.199751,41.402594],[2.199779,41.402619],[2.200357,41.403047],[2.201636,41.404029],[2.202738,41.404862],[2.204179,41.40593],[2.205083,41.406611],[2.206456,41.407663],[2.207169,41.408196],[2.210676,41.410841]]},"properties":{"kind":"route","mode":"bus","surface":true,"route_id":"2.214.3012","short_name":"H14","long_name":"Paral\u00b7lel / Sant Adri\u00e0","colour":"#003888","clipped":false,"inside_km":6.49}},{"type":"Feature","geometry":{"type":"LineString","coordinates":[[2.210676,41.403523],[2.210117,41.403069],[2.209003,41.402157],[2.208984,41.402139],[2.208972,41.402125],[2.208961,41.402108],[2.208953,41.402089],[2.208951,41.402068],[2.208955,41.402047],[2.208969,41.402025],[2.208993,41.402004],[2.210284,41.401018],[2.2103,41.401003],[2.210307,41.400992],[2.210313,41.40098],[2.210315,41.400967],[2.210312,41.400954],[2.210303,41.40094],[2.210287,41.400926],[2.209561,41.400384],[2.209172,41.400088],[2.208999,41.39995],[2.20878,41.399745],[2.208671,41.399637],[2.208555,41.399534],[2.208434,41.399437],[2.208318,41.399347],[2.208268,41.399301],[2.208183,41.399218],[2.208077,41.399105],[2.20802,41.39904],[2.207962,41.398972],[2.207864,41.398845],[2.207788,41.398755],[2.207675,41.398632],[2.207604,41.398561],[2.207524,41.398483],[2.207435,41.398401],[2.206502,41.397502],[2.206308,41.397324],[2.206154,41.397187],[2.205795,41.396885],[2.205575,41.396704],[2.205348,41.396523],[2.205333,41.396516],[2.205324,41.396513],[2.205302,41.396512],[2.205285,41.396515],[2.205246,41.396534],[2.205201,41.396545],[2.205147,41.396548],[2.205079,41.396541],[2.205041,41.396527],[2.20501,41.396506],[2.204985,41.396481],[2.204968,41.396453],[2.204961,41.396422],[2.204962,41.396371],[2.204953,41.396333],[2.204936,41.396298],[2.20491,41.396265],[2.204895,41.396251],[2.202091,41.393969],[2.201928,41.39384],[2.201894,41.393829],[2.201858,41.393824],[2.201821,41.393827],[2.201786,41.393836],[2.201755,41.393853],[2.201482,41.394064],[2.20095,41.394472],[2.200914,41.394496],[2.200873,41.394514],[2.200828,41.394526],[2.200781,41.39453],[2.200733,41.394528],[2.200687,41.394518],[2.200645,41.394502],[2.200607,41.394479],[2.199186,41.393244],[2.197892,41.392115],[2.196587,41.390989],[2.195352,41.389927],[2.194589,41.389267],[2.194563,41.389246],[2.194531,41.389231],[2.194495,41.389222],[2.194457,41.389221],[2.19442,41.389226],[2.194386,41.389239],[2.194367,41.38925],[2.192145,41.390929],[2.188252,41.393861],[2.187343,41.39455],[2.187288,41.394603],[2.187242,41.39466],[2.187204,41.39472],[2.187189,41.394749],[2.187096,41.394915],[2.187069,41.394942],[2.187053,41.394953],[2.187026,41.394963],[2.187009,41.394967],[2.186988,41.39497],[2.186965,41.39497],[2.186935,41.394967],[2.186886,41.394958],[2.186839,41.394943],[2.186797,41.394921],[2.186761,41.394894],[2.186733,41.394862],[2.186713,41.394827],[2.186702,41.39479],[2.1867,41.394752],[2.186711,41.394657],[2.186728,41.394594],[2.186748,41.394553],[2.186785,41.39451],[2.186807,41.394468],[2.186819,41.394416],[2.186829,41.393499],[2.186827,41.393058],[2.186819,41.392215],[2.186823,41.39184],[2.186822,41.391683],[2.186815,41.39165],[2.186794,41.391582],[2.18676,41.391517],[2.186723,41.39146],[2.186701,41.391429],[2.186641,41.391366],[2.18661,41.391335],[2.185399,41.390436],[2.18441,41.389692],[2.183862,41.389294],[2.183836,41.389285],[2.183807,41.389284],[2.18378,41.38929],[2.183756,41.389302],[2.183512,41.389488],[2.180774,41.391544],[2.180725,41.391567],[2.180672,41.391584],[2.180616,41.391594],[2.180558,41.391598],[2.180317,41.391585],[2.180153,41.391585],[2.179957,41.391589],[2.179761,41.391586],[2.17973,41.391585],[2.179644,41.391576],[2.17956,41.39156],[2.179479,41.391537],[2.179441,41.391524],[2.179075,41.391382],[2.177777,41.39089],[2.176319,41.390343],[2.174182,41.389549],[2.17385,41.389419],[2.173792,41.389389],[2.173746,41.389357],[2.173653,41.389305],[2.173555,41.389259],[2.173488,41.389232],[2.172675,41.388929],[2.172567,41.388886],[2.172456,41.388849],[2.172341,41.38882],[2.172245,41.388801],[2.172114,41.388771],[2.171986,41.388735],[2.171942,41.388721],[2.170607,41.388216],[2.169741,41.387894],[2.168582,41.38746],[2.168277,41.38734],[2.166487,41.386669],[2.166387,41.38663],[2.166282,41.386596],[2.166136,41.38656],[2.166043,41.38653],[2.165979,41.386504],[2.165075,41.386162],[2.16498,41.386118],[2.164891,41.386068],[2.164808,41.386012],[2.164755,41.385971],[2.164693,41.385929],[2.164625,41.385875],[2.164013,41.385413],[2.163978,41.385381],[2.163952,41.385345],[2.163934,41.385306],[2.163926,41.385265],[2.163925,41.385239],[2.163767,41.384215],[2.163764,41.384191],[2.163753,41.384168],[2.163733,41.384149],[2.163005,41.383615],[2.161082,41.382167],[2.161051,41.38214],[2.161032,41.382118],[2.161014,41.382091],[2.161002,41.38206],[2.160998,41.382027],[2.161007,41.381991],[2.161031,41.381954],[2.161074,41.381915],[2.161868,41.381315],[2.163075,41.380413],[2.163121,41.380378],[2.16316,41.380338],[2.16319,41.380294],[2.163212,41.380248],[2.163225,41.380199],[2.163227,41.380176],[2.163062,41.378881],[2.163017,41.378591],[2.163005,41.378552],[2.162984,41.378516],[2.162954,41.378482],[2.162944,41.378473],[2.161859,41.377656],[2.161097,41.377086],[2.160711,41.376801],[2.159978,41.376246],[2.159597,41.375961],[2.158709,41.375286],[2.158699,41.375277],[2.158688,41.375261],[2.15868,41.375238],[2.158678,41.375223],[2.158676,41.375121],[2.158671,41.375108],[2.158658,41.375088],[2.158648,41.375078],[2.158635,41.375068],[2.158619,41.37506],[2.158599,41.375055],[2.158576,41.375053],[2.15785,41.375059],[2.15468,41.375073],[2.154571,41.375075],[2.153304,41.37507],[2.152147,41.375075],[2.152018,41.375086],[2.15189,41.375104],[2.15181,41.37512],[2.151391,41.37516],[2.150026,41.375159],[2.149952,41.37516],[2.149879,41.375168],[2.149807,41.375182],[2.149739,41.375204],[2.149674,41.375232],[2.149616,41.375266],[2.149563,41.375305],[2.149539,41.375328],[2.149487,41.375367],[2.149429,41.375401],[2.149366,41.375429],[2.149298,41.375451],[2.149228,41.375466],[2.149155,41.375474],[2.149081,41.375475],[2.149008,41.375469],[2.148937,41.375455],[2.148868,41.375435],[2.148804,41.375408],[2.148745,41.375375],[2.148692,41.375337],[2.148639,41.375288],[2.1486,41.37524],[2.148571,41.37519],[2.14855,41.375136],[2.148541,41.375091],[2.148523,41.374933],[2.148511,41.374854],[2.148494,41.374799],[2.148478,41.374758],[2.148445,41.374717],[2.148247,41.374552],[2.148129,41.374457],[2.14807,41.374407],[2.147684,41.374117],[2.147166,41.37372],[2.147094,41.373657],[2.147043,41.373606],[2.147021,41.37358],[2.146972,41.373512],[2.146934,41.373469],[2.146909,41.373444],[2.14688,41.373419],[2.146847,41.373393],[2.14681,41.373368],[2.146726,41.373302],[2.14492,41.371919],[2.142655,41.370203],[2.13964,41.367945],[2.138851,41.36732],[2.138743,41.367274],[2.138596,41.367225],[2.138494,41.367174],[2.13651,41.365737],[2.136177,41.365483],[2.135916,41.365289],[2.135802,41.365206],[2.135691,41.36514],[2.135546,41.365093],[2.135476,41.365083],[2.135369,41.365081],[2.135266,41.36507],[2.135176,41.365043],[2.135106,41.365009],[2.135061,41.364982],[2.135003,41.364933],[2.13494,41.364862],[2.13491,41.364786],[2.13489,41.364695],[2.134893,41.364629],[2.134928,41.364557],[2.134973,41.364493],[2.135026,41.364442],[2.135065,41.364408],[2.135141,41.364363],[2.135189,41.364342],[2.13524,41.364323],[2.135269,41.364315],[2.1353,41.364307],[2.135332,41.364302],[2.135366,41.364298],[2.135493,41.3643],[2.135569,41.36431],[2.135623,41.364313],[2.135675,41.364312],[2.135698,41.364309],[2.135765,41.364273],[2.135877,41.364189],[2.135995,41.364083],[2.13611,41.363959],[2.136458,41.363485]]},"properties":{"kind":"route","mode":"bus","surface":true,"route_id":"2.216.3008","short_name":"H16","long_name":"Pg. Zona Franca / F\u00f2rum Campus Bes\u00f2s","colour":"#003888","clipped":false,"inside_km":9.2}},{"type":"Feature","geometry":{"type":"LineString","coordinates":[[2.121546,41.363485],[2.121057,41.364312],[2.121039,41.364335],[2.121006,41.364365],[2.120993,41.364382],[2.120983,41.364405],[2.120981,41.364419],[2.120981,41.364434],[2.120985,41.36445],[2.120995,41.364474],[2.121003,41.364487],[2.121015,41.3645],[2.121029,41.364512],[2.121047,41.364522],[2.122061,41.364906],[2.122272,41.364984],[2.12245,41.365045],[2.122652,41.36511],[2.122792,41.365154],[2.12286,41.365172],[2.122957,41.365194],[2.123238,41.36524],[2.123331,41.365251],[2.123451,41.36526],[2.123509,41.365263],[2.123609,41.365263],[2.123708,41.365261],[2.123797,41.365257],[2.123918,41.365247],[2.123988,41.365239],[2.124062,41.365229],[2.124155,41.365215],[2.12425,41.365196],[2.124326,41.365178],[2.124435,41.365149],[2.124535,41.36512],[2.125291,41.36489],[2.125815,41.364727],[2.126157,41.364625],[2.126391,41.36456],[2.126479,41.364539],[2.1266,41.364512],[2.126676,41.364499],[2.126879,41.364472],[2.127037,41.364455],[2.127155,41.364447],[2.127276,41.364444],[2.127383,41.364446],[2.127494,41.364453],[2.127625,41.364465],[2.127745,41.364478],[2.12788,41.364497],[2.128888,41.364653],[2.129129,41.364695],[2.129482,41.364761],[2.129823,41.36483],[2.130013,41.364871],[2.130209,41.364915],[2.130408,41.364961],[2.130529,41.364987],[2.130552,41.364988],[2.130566,41.364986],[2.13058,41.364982],[2.130594,41.364975],[2.130607,41.364966],[2.130618,41.364952],[2.130638,41.364923],[2.130664,41.364897],[2.130682,41.364884],[2.130703,41.364871],[2.130728,41.364861],[2.130761,41.364852],[2.130797,41.364847],[2.130824,41.364845],[2.130856,41.364847],[2.13089,41.364852],[2.130926,41.364863],[2.13096,41.364881],[2.130992,41.364906],[2.131021,41.364941],[2.131033,41.364962],[2.13105,41.36498],[2.131075,41.364999],[2.131092,41.365006],[2.132753,41.365482],[2.132776,41.365491],[2.132801,41.365504],[2.132827,41.365522],[2.132849,41.365543],[2.132864,41.365569],[2.132868,41.3656],[2.132858,41.365636],[2.13283,41.365676],[2.132191,41.366574],[2.132159,41.366624],[2.132117,41.3667],[2.132073,41.366794],[2.132053,41.366843],[2.132038,41.366893],[2.132006,41.367044],[2.131982,41.36713],[2.131965,41.367182],[2.131944,41.367238],[2.131742,41.367758],[2.131718,41.367815],[2.131688,41.367879],[2.131665,41.367922],[2.131544,41.368134],[2.131445,41.3683],[2.131329,41.368503],[2.131271,41.368611],[2.131019,41.368993],[2.130728,41.369349],[2.130677,41.36942],[2.130602,41.369541],[2.130562,41.369601],[2.130515,41.369662],[2.130492,41.369688],[2.13047,41.36971],[2.130054,41.370062],[2.129871,41.370213],[2.129713,41.370345],[2.129415,41.370601],[2.129366,41.370636],[2.129324,41.370664],[2.129149,41.370768],[2.129011,41.370847],[2.128847,41.370936],[2.128765,41.370978],[2.128687,41.371014],[2.128617,41.371041],[2.128158,41.371195],[2.128099,41.37122],[2.127979,41.371278],[2.127779,41.371382],[2.127486,41.371544],[2.1273,41.37165],[2.127129,41.371758],[2.126978,41.371862],[2.126928,41.371898],[2.126718,41.37207],[2.125444,41.37294],[2.12537,41.372989],[2.125317,41.373022],[2.12526,41.373055],[2.124398,41.373506],[2.124354,41.373531],[2.124313,41.373556],[2.124272,41.373587],[2.124252,41.373603],[2.123861,41.374268],[2.123846,41.374287],[2.123806,41.374337],[2.123748,41.374406],[2.123676,41.374484],[2.123328,41.374822],[2.123291,41.374849],[2.123247,41.374877],[2.123205,41.374901],[2.123156,41.374926],[2.123035,41.374975],[2.12295,41.375013],[2.122553,41.375206],[2.122496,41.375226],[2.122412,41.375245],[2.122363,41.375262],[2.122092,41.375396],[2.122033,41.375429],[2.121834,41.375564],[2.121817,41.37558],[2.1218,41.375605],[2.121794,41.375621],[2.121791,41.375639],[2.121794,41.375658],[2.121804,41.375677],[2.121822,41.375698],[2.121834,41.375723],[2.121837,41.375737],[2.121838,41.375753],[2.121835,41.375772],[2.121829,41.375794],[2.121817,41.375817],[2.121795,41.37585],[2.121781,41.375883],[2.121777,41.375892],[2.121771,41.375936],[2.121762,41.375972],[2.121758,41.376008],[2.121759,41.376008],[2.121775,41.37644],[2.121785,41.376801],[2.121789,41.376905],[2.121789,41.377061],[2.121784,41.377154],[2.121775,41.377252],[2.121761,41.377353],[2.121741,41.377452],[2.12171,41.377558],[2.12168,41.377641],[2.121623,41.377778],[2.121585,41.377857],[2.121542,41.377938],[2.121495,41.378016],[2.121443,41.378089],[2.121388,41.378152],[2.121257,41.378285],[2.121161,41.378374],[2.120697,41.378739],[2.120607,41.378798],[2.120512,41.37885],[2.120085,41.379047],[2.119955,41.379109],[2.119831,41.379178],[2.119712,41.379252],[2.1196,41.379332],[2.11957,41.379355],[2.119478,41.379453],[2.119394,41.379556],[2.119318,41.379662],[2.11925,41.379771],[2.119192,41.379884],[2.119142,41.379998],[2.119102,41.380115],[2.119071,41.380234],[2.119048,41.380337],[2.11904,41.380417],[2.119041,41.380498],[2.119052,41.380579],[2.119067,41.380636],[2.119076,41.38068],[2.119075,41.380724],[2.119064,41.380768],[2.119045,41.38081],[2.119016,41.380848],[2.11898,41.380883],[2.118937,41.380913],[2.118888,41.380937],[2.118834,41.380955],[2.118777,41.380966],[2.118719,41.38097],[2.11866,41.380967],[2.118621,41.38096],[2.118576,41.380949],[2.118466,41.380928],[2.118354,41.380915],[2.118241,41.380908],[2.118127,41.380909],[2.118014,41.380917],[2.117924,41.380929],[2.117294,41.380983],[2.115587,41.381151],[2.115467,41.381171],[2.11535,41.381198],[2.115236,41.381231],[2.115126,41.381271],[2.115021,41.381317],[2.114921,41.38137],[2.114892,41.381387],[2.114824,41.38142],[2.114661,41.381507],[2.114502,41.381596],[2.114246,41.381746],[2.114173,41.381796]]},"properties":{"kind":"route","mode":"bus","surface":true,"route_id":"2.201.3069","short_name":"V1","long_name":"Districte Gran Via l'Hospitalet / Av. Esplugues","colour":"#6AB023","clipped":false,"inside_km":3.44}},{"type":"Feature","geometry":{"type":"LineString","coordinates":[[2.13674,41.363485],[2.136666,41.363589],[2.136552,41.363744],[2.136031,41.364481],[2.135976,41.364553],[2.135949,41.364606],[2.135939,41.364652],[2.135932,41.364717],[2.135934,41.364803],[2.135932,41.364841],[2.135921,41.364877],[2.135897,41.364915],[2.135872,41.364943],[2.135638,41.365117],[2.135603,41.365156],[2.135582,41.365182],[2.13556,41.365212],[2.135519,41.365297],[2.135501,41.365329],[2.135442,41.365407],[2.134576,41.366607],[2.134224,41.367102],[2.134154,41.367197],[2.133982,41.367454],[2.133918,41.367553],[2.133831,41.367681],[2.133605,41.36805],[2.133469,41.368291],[2.133341,41.368537],[2.13325,41.368737],[2.133192,41.368882],[2.133102,41.369099],[2.133,41.369364],[2.132919,41.369566],[2.132828,41.369765],[2.132714,41.369988],[2.13266,41.370114],[2.1324,41.370779],[2.132332,41.370918],[2.132255,41.371055],[2.132116,41.371268],[2.132079,41.371341],[2.131263,41.373563],[2.130546,41.375468],[2.129907,41.377347],[2.129514,41.378462],[2.129215,41.379355],[2.129159,41.379591],[2.129138,41.379747],[2.129127,41.379875],[2.129097,41.380001],[2.129059,41.380125],[2.129024,41.380217],[2.128777,41.380954],[2.128561,41.381813],[2.128242,41.382771],[2.127904,41.383775],[2.127847,41.38395],[2.12767,41.38455],[2.127593,41.384823],[2.127457,41.385446],[2.127383,41.386041],[2.127367,41.386227],[2.12736,41.386413],[2.127363,41.386599],[2.127375,41.386785],[2.127384,41.38687],[2.127388,41.387013],[2.127401,41.387156],[2.127424,41.387298],[2.127436,41.387355],[2.127465,41.38756],[2.127532,41.387838],[2.127537,41.387876],[2.127561,41.387899],[2.127592,41.387916],[2.127627,41.387927],[2.127669,41.387931],[2.127707,41.387937],[2.128157,41.388049],[2.128193,41.388066],[2.128224,41.388088],[2.128247,41.388115],[2.128262,41.388146],[2.128267,41.388178],[2.128267,41.388187],[2.128274,41.388212],[2.128271,41.388238],[2.127977,41.388962],[2.12796,41.38902],[2.127953,41.389079],[2.127955,41.389139],[2.127969,41.389237],[2.128171,41.389803],[2.128316,41.390125],[2.12847,41.390444],[2.128625,41.390746],[2.128762,41.390981],[2.128907,41.391213],[2.128965,41.391302],[2.129217,41.391698],[2.12937,41.391928],[2.129424,41.391994],[2.129487,41.392046],[2.12958,41.392097],[2.129652,41.392132],[2.129741,41.39217],[2.129892,41.392218],[2.129989,41.392237],[2.130035,41.39225],[2.130079,41.392269],[2.130113,41.392289],[2.130145,41.392311],[2.130168,41.392333],[2.130199,41.39237],[2.130214,41.392394],[2.130226,41.392421],[2.130241,41.392491],[2.130241,41.392516],[2.130235,41.392549],[2.130225,41.392575],[2.130208,41.392603],[2.130196,41.392618],[2.130181,41.392633],[2.130163,41.392647],[2.130128,41.392669],[2.130108,41.392679],[2.130077,41.39269],[2.130037,41.392699],[2.129987,41.392707],[2.129925,41.392705],[2.129873,41.392698],[2.129833,41.39269],[2.129767,41.392669],[2.129724,41.39265],[2.1297,41.392638],[2.129675,41.392623],[2.12963,41.392591],[2.129604,41.392567],[2.129587,41.392547],[2.129559,41.392521],[2.12951,41.392484],[2.129471,41.392461],[2.129422,41.392439],[2.129371,41.392421],[2.129017,41.392319],[2.128133,41.392097],[2.127167,41.391858],[2.127146,41.391858],[2.127126,41.391864],[2.127112,41.391876],[2.126234,41.393778],[2.126012,41.39428],[2.125719,41.394923],[2.125695,41.394951],[2.125663,41.394975],[2.125625,41.394993],[2.125583,41.395005],[2.125539,41.39501],[2.125494,41.395007],[2.125451,41.394998],[2.125412,41.394982],[2.125186,41.39484],[2.124712,41.394532],[2.124464,41.394377],[2.1234,41.393807],[2.12259,41.393359],[2.121484,41.392788],[2.121451,41.392779],[2.121417,41.392776],[2.121382,41.392781],[2.121351,41.392792],[2.121325,41.392809],[2.121306,41.392831],[2.1213,41.392844],[2.121244,41.393007],[2.121198,41.393173],[2.12116,41.393339],[2.121133,41.393507],[2.121118,41.393636],[2.121085,41.393984],[2.121078,41.39403],[2.121061,41.394076],[2.121035,41.394119],[2.121012,41.394147],[2.120271,41.395178],[2.12021,41.395267],[2.120158,41.39536],[2.120114,41.395456],[2.12008,41.395553],[2.120055,41.395653],[2.120039,41.395753],[2.120026,41.395888],[2.120027,41.395973],[2.120037,41.396057],[2.120057,41.39614],[2.120086,41.396221],[2.120124,41.396301],[2.120171,41.396377],[2.120211,41.396431],[2.120299,41.396564],[2.120331,41.396619],[2.120353,41.396676],[2.120367,41.396736],[2.120371,41.396795],[2.120365,41.396855],[2.12035,41.396914],[2.120326,41.396971],[2.120293,41.397026],[2.120251,41.397077],[2.120235,41.397093],[2.120106,41.39718],[2.119925,41.397317],[2.119777,41.397444],[2.119435,41.397826],[2.118975,41.398299],[2.118779,41.398486],[2.11853,41.398698],[2.118446,41.398762],[2.118356,41.398821],[2.11826,41.398875],[2.118159,41.398923],[2.118052,41.398964],[2.117942,41.398999],[2.117714,41.399058],[2.117557,41.399107],[2.117403,41.399162],[2.117196,41.399246],[2.117082,41.3993],[2.116973,41.39936],[2.116874,41.399423],[2.1166,41.399626],[2.116345,41.399854],[2.116111,41.400081],[2.116024,41.400157],[2.115929,41.400227],[2.115828,41.400292],[2.115725,41.400348],[2.115621,41.400396],[2.115513,41.400437],[2.1154,41.400472],[2.11528,41.400501],[2.115024,41.400577],[2.114811,41.400658],[2.114725,41.400693],[2.114663,41.400726],[2.114606,41.400764],[2.114557,41.400808],[2.114515,41.400856],[2.114481,41.400908],[2.114457,41.400962],[2.114441,41.401019],[2.114435,41.401076],[2.114438,41.401134],[2.114452,41.401193],[2.11444,41.401238],[2.114418,41.401282],[2.114388,41.401322],[2.11435,41.401358],[2.114304,41.40139],[2.114253,41.401416],[2.114197,41.401435],[2.114173,41.40144]]},"properties":{"kind":"route","mode":"bus","surface":true,"route_id":"2.203.3004","short_name":"V3","long_name":"Zona Franca / Can Caralleu","colour":"#6AB023","clipped":false,"inside_km":4.83}},{"type":"Feature","geometry":{"type":"LineString","coordinates":[[2.139668,41.363485],[2.139598,41.363629],[2.139549,41.363733],[2.139437,41.363988],[2.139375,41.364156],[2.139297,41.364393],[2.139239,41.364596],[2.139116,41.365081],[2.139109,41.365117],[2.139108,41.36514],[2.13911,41.365166],[2.139115,41.365193],[2.139126,41.365219],[2.139142,41.365245],[2.139166,41.365269],[2.139717,41.365685],[2.139739,41.365716],[2.139754,41.365751],[2.139762,41.365787],[2.139761,41.365823],[2.139745,41.365861],[2.139717,41.365896],[2.139687,41.36593],[2.139673,41.36597],[2.139677,41.366018],[2.139721,41.366138],[2.140125,41.367144],[2.140128,41.367174],[2.140128,41.367194],[2.140124,41.367218],[2.140116,41.367245],[2.140102,41.367273],[2.140082,41.367302],[2.140054,41.367331],[2.140017,41.367358],[2.139688,41.367612],[2.139612,41.367665],[2.139561,41.367698],[2.139504,41.367731],[2.139375,41.367801],[2.139358,41.367804],[2.139339,41.367803],[2.139328,41.367799],[2.139315,41.367793],[2.138494,41.367174],[2.137647,41.366561],[2.137623,41.366547],[2.137607,41.36654],[2.137588,41.366533],[2.137566,41.366528],[2.137543,41.366526],[2.137519,41.366528],[2.137494,41.366536],[2.137471,41.36655],[2.137281,41.366707],[2.137249,41.366726],[2.13722,41.366737],[2.137181,41.366747],[2.137132,41.366754],[2.137072,41.366755],[2.137001,41.36675],[2.136917,41.366735],[2.136821,41.36671],[2.134997,41.366201],[2.134975,41.366197],[2.134938,41.366194],[2.134917,41.366196],[2.134896,41.366201],[2.134875,41.36621],[2.134856,41.366224],[2.134839,41.366243],[2.134576,41.366607],[2.134224,41.367102],[2.134154,41.367197],[2.133982,41.367454],[2.133918,41.367553],[2.133831,41.367681],[2.133605,41.36805],[2.133469,41.368291],[2.133341,41.368537],[2.13325,41.368737],[2.133192,41.368882],[2.133142,41.369002],[2.133142,41.369008],[2.133149,41.369022],[2.133162,41.369033],[2.133172,41.369039],[2.133819,41.369343],[2.134535,41.369535],[2.134874,41.369621],[2.135225,41.369688],[2.135552,41.36974],[2.136404,41.3698],[2.136872,41.369815],[2.136986,41.369814],[2.137101,41.36982],[2.137214,41.369834],[2.13734,41.369857],[2.137388,41.369871],[2.137408,41.36988],[2.13745,41.369905],[2.137492,41.369925],[2.137522,41.369936],[2.137727,41.370003],[2.137758,41.370016],[2.137773,41.370026],[2.137786,41.370037],[2.137796,41.37005],[2.1378,41.370065],[2.137797,41.370082],[2.137379,41.371059],[2.137158,41.371594],[2.137016,41.371927],[2.136664,41.372783],[2.136586,41.372961],[2.136565,41.373046],[2.136449,41.37375],[2.136372,41.374063],[2.136339,41.374232],[2.136254,41.374733],[2.136249,41.374863],[2.136181,41.375308],[2.136089,41.375857],[2.136095,41.375879],[2.13611,41.375898],[2.13627,41.376044],[2.136749,41.376468],[2.137236,41.376869],[2.137391,41.376987],[2.137546,41.377097],[2.137663,41.37717],[2.137755,41.377221],[2.137998,41.377342],[2.138081,41.377376],[2.138229,41.377434],[2.138422,41.377505],[2.138529,41.377541],[2.138641,41.377576],[2.139976,41.377965],[2.140058,41.377993],[2.140174,41.378039],[2.140239,41.378068],[2.140306,41.378101],[2.140373,41.378138],[2.141338,41.378743],[2.141404,41.378788],[2.141457,41.378826],[2.141519,41.378876],[2.141589,41.378935],[2.141664,41.379005],[2.141742,41.379086],[2.14182,41.379176],[2.141896,41.379276],[2.141956,41.37935],[2.142115,41.379553],[2.142164,41.37962],[2.142222,41.379683],[2.142273,41.379729],[2.142771,41.380105],[2.142922,41.380223],[2.142986,41.380265],[2.143056,41.380302],[2.14313,41.380333],[2.143369,41.380414],[2.143742,41.380557],[2.144239,41.380773],[2.144275,41.380792],[2.144304,41.380816],[2.144326,41.380844],[2.144344,41.380874],[2.144353,41.380906],[2.144353,41.380938],[2.144343,41.38097],[2.144324,41.380999],[2.144309,41.381015],[2.144144,41.381131],[2.143983,41.381249],[2.142852,41.382098],[2.142543,41.382326],[2.142514,41.382346],[2.140458,41.383872],[2.140259,41.384027],[2.138908,41.385199],[2.13885,41.385241],[2.138811,41.385264],[2.138766,41.385287],[2.138717,41.385307],[2.138665,41.38532],[2.138611,41.385325],[2.13855,41.38532],[2.13834,41.385292],[2.138079,41.385253],[2.137852,41.385212],[2.137627,41.385163],[2.137405,41.385108],[2.137266,41.385069],[2.136725,41.384936],[2.136528,41.384894],[2.136385,41.384869],[2.136241,41.384852],[2.136193,41.384847],[2.135247,41.384778],[2.134991,41.384762],[2.134891,41.384749],[2.134792,41.384728],[2.133795,41.384461],[2.132271,41.384038],[2.132254,41.384035],[2.132226,41.384035],[2.132208,41.384039],[2.132189,41.384047],[2.13217,41.384059],[2.132151,41.384076],[2.132131,41.384101],[2.131886,41.384618],[2.131861,41.384649],[2.131829,41.384676],[2.13179,41.384697],[2.131746,41.384712],[2.1317,41.384721],[2.131652,41.384722],[2.131605,41.384716],[2.13156,41.384703],[2.131519,41.384684],[2.131023,41.384356],[2.129924,41.383662],[2.128518,41.382728],[2.128485,41.38271],[2.128448,41.382698],[2.128408,41.382693],[2.128368,41.382695],[2.128329,41.382704],[2.128295,41.38272],[2.128266,41.382741],[2.128242,41.38277],[2.127904,41.383775],[2.127847,41.38395],[2.12767,41.38455],[2.127593,41.384823],[2.127457,41.385446],[2.127383,41.386041],[2.127367,41.386227],[2.12736,41.386413],[2.127363,41.386599],[2.127375,41.386785],[2.127384,41.38687],[2.127388,41.387013],[2.127401,41.387156],[2.127424,41.387298],[2.127436,41.387355],[2.127465,41.38756],[2.127532,41.387838],[2.127536,41.387874],[2.12755,41.387909],[2.127572,41.387942],[2.127603,41.387971],[2.127644,41.387996],[2.127975,41.388073],[2.12819,41.388131],[2.128214,41.388145],[2.128231,41.388164],[2.128239,41.388186],[2.128237,41.388209],[2.12815,41.388428],[2.128132,41.38846],[2.128106,41.388488],[2.128072,41.388511],[2.128033,41.388529],[2.12799,41.38854],[2.127945,41.388544],[2.127899,41.388541],[2.127872,41.388536],[2.123458,41.387422],[2.123419,41.387414],[2.123379,41.387413],[2.12334,41.387419],[2.123304,41.387432],[2.123278,41.387447],[2.123106,41.38759],[2.123065,41.387627],[2.123018,41.387659],[2.122965,41.387686],[2.122934,41.387697],[2.122829,41.38772],[2.122721,41.387735],[2.122611,41.387743],[2.122501,41.387745],[2.122377,41.387737],[2.122294,41.387735],[2.12221,41.38774],[2.122086,41.387759],[2.122025,41.387776],[2.121969,41.3878],[2.121918,41.38783],[2.1206,41.388844],[2.119044,41.390058],[2.116303,41.392165],[2.114173,41.39381]]},"properties":{"kind":"route","mode":"bus","surface":true,"route_id":"2.205.4084","short_name":"V5","long_name":"La Marina del Prat Vermell / Pedralbes","colour":"#6AB023","clipped":false,"inside_km":6.44}},{"type":"Feature","geometry":{"type":"LineString","coordinates":[[2.150252,41.37816],[2.150348,41.378087],[2.150365,41.37807],[2.150382,41.378048],[2.150396,41.37802],[2.150403,41.377988],[2.150399,41.377951],[2.15038,41.377911],[2.150344,41.377867],[2.150283,41.377819],[2.149248,41.377049],[2.148356,41.376376],[2.148307,41.376344],[2.148281,41.376329],[2.148255,41.376316],[2.148231,41.376307],[2.148209,41.376303],[2.148167,41.376303],[2.148144,41.376305],[2.148105,41.376312],[2.148081,41.376318],[2.148055,41.376327],[2.148028,41.376338],[2.148,41.376353],[2.147972,41.376372],[2.146066,41.377807],[2.143859,41.379475],[2.14295,41.380154],[2.142936,41.380171],[2.14293,41.380182],[2.142928,41.380196],[2.14293,41.380211],[2.14294,41.380227],[2.142957,41.380245],[2.142986,41.380265],[2.143056,41.380302],[2.14313,41.380333],[2.143369,41.380414],[2.143742,41.380557],[2.144239,41.380773],[2.144275,41.380792],[2.144304,41.380816],[2.144326,41.380844],[2.144344,41.380874],[2.144353,41.380906],[2.144353,41.380938],[2.144343,41.38097],[2.144324,41.380999],[2.144309,41.381015],[2.144144,41.381131],[2.143983,41.381249],[2.142852,41.382098],[2.142543,41.382326],[2.142514,41.382346],[2.140458,41.383872],[2.140259,41.384027],[2.138929,41.385181],[2.137647,41.386288],[2.136362,41.387428],[2.136351,41.38744],[2.136341,41.38746],[2.136336,41.387473],[2.136334,41.387489],[2.136335,41.387507],[2.13634,41.387528],[2.136363,41.38758],[2.13637,41.387611],[2.136371,41.387627],[2.136369,41.387644],[2.136363,41.38766],[2.136352,41.387675],[2.135946,41.388092],[2.135682,41.388354],[2.135554,41.388472],[2.134169,41.389956],[2.133665,41.390476],[2.13186,41.392252],[2.131815,41.392291],[2.131775,41.392318],[2.131752,41.392331],[2.131727,41.392342],[2.131701,41.392351],[2.130588,41.392513],[2.130451,41.392546],[2.130332,41.392588],[2.130166,41.392664],[2.130141,41.392677],[2.130096,41.392694],[2.130045,41.392705],[2.130014,41.392707],[2.129968,41.392707],[2.129925,41.392705],[2.129869,41.392698],[2.129857,41.392698],[2.129836,41.392703],[2.129822,41.392708],[2.129788,41.392726],[2.129767,41.392739],[2.12966,41.392823],[2.12833,41.393838],[2.127515,41.394469],[2.126405,41.395318],[2.12604,41.395602],[2.125976,41.395644],[2.125923,41.395673],[2.12586,41.395702],[2.125792,41.395726],[2.125749,41.395745],[2.125727,41.395756],[2.125706,41.39577],[2.125688,41.395784],[2.125676,41.3958],[2.125671,41.395817],[2.125688,41.395859],[2.125735,41.395955],[2.125792,41.396048],[2.125857,41.396137],[2.125931,41.396223],[2.126012,41.396305],[2.126101,41.396382],[2.126196,41.396455],[2.126954,41.396956],[2.127639,41.397404],[2.127677,41.397448],[2.127692,41.39747],[2.127706,41.397495],[2.127717,41.397522],[2.127725,41.397551],[2.127727,41.39758],[2.127723,41.39761],[2.127711,41.397628],[2.127676,41.397674],[2.127649,41.397703],[2.127615,41.397734],[2.127574,41.397766],[2.127526,41.397796],[2.12747,41.397824],[2.127405,41.397848],[2.127262,41.397858],[2.127117,41.397876],[2.126975,41.397902],[2.126834,41.397934],[2.126697,41.397972],[2.126563,41.398018],[2.126434,41.39807],[2.12631,41.398128],[2.126231,41.398174],[2.126159,41.398226],[2.1254,41.398796],[2.1251,41.399024],[2.124472,41.399516],[2.124202,41.399755],[2.123902,41.400027],[2.123466,41.400433],[2.123203,41.400693],[2.123091,41.400794],[2.122965,41.400893],[2.122814,41.401028],[2.122656,41.401158],[2.122491,41.401283],[2.12232,41.401403],[2.122142,41.401518],[2.121958,41.401627],[2.121843,41.401708],[2.121779,41.401745],[2.121597,41.401837],[2.121069,41.402082],[2.120754,41.402216],[2.120555,41.402307],[2.120394,41.402389],[2.120239,41.402476],[2.120153,41.402528],[2.119955,41.402665],[2.119788,41.402788],[2.119586,41.402954],[2.119392,41.403124],[2.119205,41.4033],[2.11904,41.403463],[2.118696,41.40387],[2.118602,41.403984],[2.118517,41.404101],[2.118441,41.404222],[2.118373,41.404345],[2.118327,41.404442],[2.118281,41.404559],[2.118254,41.404646],[2.118248,41.404692],[2.118232,41.404738],[2.118208,41.40478],[2.118175,41.40482],[2.118134,41.404855],[2.118087,41.404885],[2.118034,41.404909],[2.117977,41.404927],[2.117936,41.404934],[2.117916,41.404938],[2.117855,41.404942],[2.117793,41.404938],[2.117733,41.404928],[2.11771,41.404922],[2.11765,41.404898],[2.117606,41.404874],[2.117562,41.404841],[2.117526,41.404803],[2.117498,41.404762],[2.117479,41.404718],[2.117469,41.404673],[2.117468,41.404626],[2.117474,41.404595],[2.11746,41.404541],[2.117436,41.40449],[2.117404,41.404441],[2.11738,41.404413],[2.117066,41.404113],[2.116616,41.403692],[2.116589,41.403676],[2.116557,41.403665],[2.116522,41.403662],[2.11649,41.403665],[2.115257,41.403815],[2.114915,41.403866],[2.114706,41.403887],[2.114583,41.403886]]},"properties":{"kind":"route","mode":"bus","surface":true,"route_id":"2.207.2996","short_name":"V7","long_name":"Pl. Espanya / Sarri\u00e0","colour":"#6AB023","clipped":false,"inside_km":4.66}},{"type":"Feature","geometry":{"type":"LineString","coordinates":[[2.120687,41.405466],[2.121389,41.404751],[2.122041,41.404093],[2.122763,41.403349],[2.123247,41.40286],[2.124763,41.401317],[2.128051,41.397954],[2.128203,41.397801],[2.128241,41.397768],[2.128263,41.397751],[2.128287,41.397736],[2.128311,41.397723],[2.128335,41.397716],[2.128357,41.397714],[2.130751,41.397725],[2.132557,41.397726],[2.132591,41.397724],[2.132623,41.397714],[2.13265,41.397699],[2.132671,41.397678],[2.132683,41.397654],[2.132686,41.397628],[2.132675,41.397521],[2.132675,41.397429],[2.132685,41.397229],[2.132706,41.397126],[2.132739,41.397049],[2.132785,41.396967],[2.132836,41.396882],[2.132879,41.396826],[2.132962,41.396722],[2.133572,41.396089],[2.133754,41.395917],[2.133777,41.39589],[2.13383,41.395789],[2.133858,41.395714],[2.133874,41.395632],[2.133886,41.395542],[2.133935,41.395401],[2.133956,41.39536],[2.133979,41.395327],[2.134016,41.395304],[2.134058,41.395286],[2.134105,41.395275],[2.134125,41.395273],[2.134193,41.395271],[2.134259,41.395262],[2.134323,41.395246],[2.134383,41.395224],[2.134438,41.395195],[2.13448,41.395166],[2.134505,41.395139],[2.134521,41.395108],[2.134752,41.394553],[2.135215,41.393459],[2.135393,41.393023],[2.13558,41.392589],[2.13569,41.392343],[2.135719,41.392287],[2.135764,41.392214],[2.135793,41.392171],[2.13584,41.392108],[2.135945,41.391981],[2.136031,41.391885],[2.136155,41.391756],[2.136191,41.391724],[2.136247,41.391684],[2.136283,41.391662],[2.136324,41.391639],[2.136406,41.391601],[2.136458,41.391574],[2.136521,41.391536],[2.136553,41.391513],[2.136584,41.391488],[2.136612,41.391462],[2.137029,41.39095],[2.137057,41.390924],[2.137102,41.390888],[2.137177,41.390833],[2.137231,41.390799],[2.137266,41.390773],[2.137297,41.390745],[2.137332,41.390708],[2.137349,41.390693],[2.137371,41.390678],[2.137396,41.390665],[2.137426,41.390655],[2.137459,41.39065],[2.137496,41.390652],[2.137537,41.390662],[2.140296,41.391365],[2.142821,41.39205],[2.143837,41.392305],[2.143888,41.392295],[2.143918,41.392287],[2.14395,41.392275],[2.143979,41.392259],[2.144002,41.392239],[2.144016,41.392215],[2.144017,41.392187],[2.144002,41.392153],[2.144001,41.392152],[2.143829,41.391756],[2.143731,41.391524],[2.143643,41.391289],[2.143564,41.391052],[2.143494,41.390814],[2.143434,41.390579],[2.143425,41.390474],[2.143007,41.388798],[2.143006,41.38878],[2.143012,41.388757],[2.143019,41.388745],[2.143031,41.388734],[2.143047,41.388725],[2.143069,41.388718],[2.143322,41.388693],[2.143338,41.388692],[2.143363,41.388696],[2.143376,41.3887],[2.143389,41.388706],[2.1434,41.388714],[2.143408,41.388726],[2.143413,41.388741],[2.143523,41.389201],[2.143644,41.389672],[2.14365,41.389685],[2.143658,41.3897],[2.143672,41.389715],[2.143691,41.389731],[2.143718,41.389745],[2.143798,41.389762],[2.143815,41.389763],[2.143855,41.38976],[2.143884,41.389753],[2.143897,41.389747],[2.146376,41.387879],[2.148163,41.386559],[2.149248,41.38574],[2.15036,41.384896],[2.152595,41.383217],[2.152953,41.382933],[2.153949,41.382174],[2.15491,41.381458],[2.156278,41.380449],[2.157571,41.379469],[2.15888,41.378471],[2.159973,41.377621],[2.16071,41.377066],[2.161123,41.376772],[2.161473,41.376507],[2.16226,41.375903],[2.162784,41.375516]]},"properties":{"kind":"route","mode":"bus","surface":true,"route_id":"2.209.3052","short_name":"V9","long_name":"Poble-sec / Sarri\u00e0","colour":"#6AB023","clipped":false,"inside_km":5.09}},{"type":"Feature","geometry":{"type":"LineString","coordinates":[[2.179771,41.372432],[2.179905,41.372372],[2.179922,41.37236],[2.179934,41.372347],[2.179942,41.372332],[2.179945,41.372315],[2.179943,41.372299],[2.179938,41.372287],[2.179769,41.372089],[2.179756,41.372079],[2.179741,41.372071],[2.179721,41.372062],[2.179699,41.372057],[2.179679,41.372057],[2.17966,41.372062],[2.178853,41.372423],[2.177625,41.372982],[2.177458,41.373061],[2.177375,41.373091],[2.177289,41.373115],[2.177209,41.37313],[2.177128,41.37314],[2.177048,41.373156],[2.176972,41.373179],[2.176899,41.373209],[2.176853,41.373233],[2.176818,41.373259],[2.176791,41.37329],[2.176773,41.373324],[2.176764,41.37336],[2.176764,41.373397],[2.176774,41.373433],[2.176801,41.373505],[2.176826,41.373554],[2.176854,41.373588],[2.176893,41.37365],[2.176923,41.373714],[2.176944,41.37378],[2.176955,41.373848],[2.176957,41.373916],[2.17695,41.373983],[2.176933,41.37405],[2.176906,41.374115],[2.176871,41.374178],[2.176827,41.374238],[2.176769,41.374299],[2.176707,41.374344],[2.176639,41.374384],[2.176566,41.374418],[2.176488,41.374445],[2.176406,41.374466],[2.176375,41.374472],[2.176279,41.374485],[2.176182,41.37449],[2.176084,41.374488],[2.175987,41.374479],[2.175888,41.374462],[2.175836,41.374455],[2.175783,41.374455],[2.175731,41.374462],[2.175681,41.374475],[2.175635,41.374496],[2.175621,41.374504],[2.175569,41.37455],[2.175509,41.37459],[2.175444,41.374625],[2.175374,41.374654],[2.175299,41.374677],[2.175245,41.374688],[2.174662,41.374735],[2.17293,41.374853],[2.170379,41.374974],[2.169661,41.375017],[2.168106,41.375023],[2.168081,41.375026],[2.168038,41.375034],[2.168013,41.375042],[2.167986,41.375052],[2.16796,41.375066],[2.167555,41.375381],[2.167392,41.375502],[2.165961,41.376576],[2.16424,41.377891],[2.162923,41.37889],[2.161683,41.379835],[2.160805,41.380495],[2.159913,41.381153],[2.1581,41.382532],[2.156996,41.383359],[2.155849,41.384231],[2.155236,41.384684],[2.154019,41.3856],[2.154007,41.385619],[2.154005,41.38564],[2.154012,41.38566],[2.154028,41.385678],[2.154559,41.386079],[2.154894,41.386329],[2.155577,41.386857],[2.156092,41.387242],[2.156107,41.387256],[2.156123,41.387276],[2.156137,41.387299],[2.156147,41.387325],[2.156148,41.387355],[2.156139,41.387387],[2.156117,41.38742],[2.156078,41.387455],[2.154591,41.38857],[2.15413,41.388922],[2.154087,41.388963],[2.154052,41.389007],[2.153994,41.389108],[2.153967,41.38915],[2.153937,41.389192],[2.153791,41.389364],[2.15366,41.389505],[2.153528,41.389642],[2.153337,41.389817],[2.15323,41.389909],[2.153135,41.389985],[2.152947,41.390129],[2.152769,41.390254],[2.152653,41.390332],[2.152534,41.390407],[2.152307,41.39054],[2.152166,41.390611],[2.151898,41.390741],[2.151825,41.39077],[2.151724,41.390806],[2.151675,41.390826],[2.151612,41.390855],[2.15155,41.39089],[2.151506,41.390919],[2.150769,41.391479],[2.150375,41.391771],[2.149629,41.392338],[2.149254,41.392627],[2.148266,41.393376],[2.148058,41.393515],[2.146983,41.394345],[2.146959,41.394368],[2.146943,41.394396],[2.146937,41.394425],[2.14694,41.394454],[2.146953,41.394482],[2.146974,41.394507],[2.147019,41.39454],[2.147043,41.394566],[2.147059,41.394595],[2.147065,41.394626],[2.147062,41.394658],[2.14705,41.394688],[2.147029,41.394715],[2.147013,41.394729],[2.146168,41.395396],[2.146127,41.39542],[2.146089,41.395439],[2.146064,41.395457],[2.144162,41.396959],[2.142418,41.398332],[2.142389,41.398363],[2.142352,41.398388],[2.14231,41.398408],[2.142264,41.398421],[2.142215,41.398428],[2.142165,41.398427],[2.142117,41.398419],[2.142094,41.398413],[2.141827,41.398322],[2.141556,41.398238],[2.141282,41.398161],[2.141005,41.398091],[2.140772,41.398037],[2.140531,41.397988],[2.140288,41.397946],[2.140043,41.39791],[2.139796,41.397882],[2.139549,41.397861],[2.1393,41.397847],[2.13905,41.39784],[2.135509,41.397826],[2.135456,41.397833],[2.135405,41.397846],[2.135358,41.397867],[2.135316,41.397893],[2.135281,41.397924],[2.134874,41.398456],[2.132634,41.401338],[2.130286,41.404376],[2.130082,41.40465],[2.130072,41.404668],[2.130071,41.404688],[2.130079,41.404707],[2.130096,41.404722],[2.13131,41.4054],[2.131337,41.405406],[2.131365,41.405405],[2.131391,41.405397],[2.131413,41.405383],[2.131422,41.405374],[2.131763,41.405063],[2.132707,41.404205]]},"properties":{"kind":"route","mode":"bus","surface":true,"route_id":"2.211.3019","short_name":"V11","long_name":"Estaci\u00f3 Mar\u00edtima (WTC) / Bonanova","colour":"#6AB023","clipped":false,"inside_km":6.03}},{"type":"Feature","geometry":{"type":"LineString","coordinates":[[2.169502,41.386539],[2.168794,41.387357],[2.168747,41.387413],[2.168723,41.387435],[2.168693,41.387451],[2.168658,41.387462],[2.168621,41.387465],[2.168585,41.387461],[2.168277,41.38734],[2.166487,41.386669],[2.166387,41.38663],[2.166282,41.386596],[2.166136,41.38656],[2.166043,41.38653],[2.165979,41.386504],[2.164895,41.386094],[2.164784,41.386039],[2.164679,41.385979],[2.16458,41.385913],[2.163739,41.385281],[2.16371,41.385263],[2.163677,41.385251],[2.16364,41.385247],[2.163603,41.385249],[2.163568,41.385259],[2.163553,41.385265],[2.16314,41.385582],[2.163057,41.385631],[2.162998,41.385661],[2.162957,41.385687],[2.162919,41.385722],[2.161535,41.386749],[2.160327,41.387678],[2.159336,41.388423],[2.158682,41.388918],[2.158293,41.389205],[2.15639,41.390647],[2.156041,41.390917],[2.155287,41.391479],[2.154367,41.392173],[2.154153,41.39233],[2.153027,41.393181],[2.152645,41.393471],[2.151566,41.394275],[2.149553,41.395793],[2.149223,41.396086],[2.148881,41.396413],[2.148447,41.396822],[2.147933,41.397346],[2.147477,41.397739],[2.147287,41.397898],[2.1468,41.398337],[2.146636,41.398479],[2.144931,41.399853],[2.1449,41.399874],[2.144862,41.399888],[2.144822,41.399896],[2.14478,41.399897],[2.144739,41.399891],[2.144701,41.399877],[2.144669,41.399859],[2.143308,41.398989],[2.143124,41.398868],[2.143058,41.398827],[2.142324,41.398486],[2.142288,41.398482],[2.142251,41.398485],[2.142216,41.398495],[2.142186,41.398512],[2.142163,41.398533],[2.140686,41.399765],[2.139661,41.400606],[2.139211,41.400972],[2.139075,41.40108],[2.139033,41.401104],[2.138986,41.401121],[2.138935,41.401132],[2.138883,41.401136],[2.138826,41.401132],[2.138788,41.401132],[2.138751,41.401142],[2.138718,41.401159],[2.138691,41.40118],[2.138684,41.401189],[2.138513,41.401342],[2.138491,41.40136],[2.138462,41.401371],[2.13843,41.401376],[2.138402,41.401374],[2.136923,41.401363],[2.136635,41.40136],[2.136511,41.401361],[2.136314,41.401375],[2.13623,41.401378],[2.136163,41.401387],[2.136068,41.401406],[2.136013,41.40142],[2.135958,41.401437],[2.135905,41.401459],[2.135857,41.401484],[2.135816,41.401513],[2.135801,41.401526],[2.135305,41.401966],[2.134653,41.402557],[2.134124,41.403048],[2.133433,41.403671],[2.13282,41.404233],[2.132126,41.404861],[2.131501,41.405431],[2.131487,41.405449],[2.131482,41.405469],[2.131487,41.405488],[2.131501,41.405506],[2.131512,41.405514],[2.132656,41.406154],[2.132784,41.406223],[2.133006,41.406346],[2.133037,41.406358],[2.133086,41.406372],[2.133117,41.406379],[2.133152,41.406384],[2.133189,41.406388],[2.133227,41.406388],[2.133293,41.406382],[2.133332,41.406382],[2.133382,41.406386],[2.133409,41.406392],[2.133437,41.4064],[2.133465,41.406411],[2.133575,41.406481],[2.13372,41.4066],[2.13375,41.406628],[2.133791,41.406675],[2.133814,41.406707],[2.133838,41.406743],[2.133862,41.406785],[2.133884,41.406831],[2.133901,41.40686],[2.134296,41.407492],[2.13434,41.407566],[2.134388,41.407659],[2.134402,41.407706],[2.134406,41.407753],[2.134411,41.407913],[2.134393,41.408239],[2.134382,41.408528],[2.134388,41.408576],[2.134404,41.408622],[2.134429,41.408666],[2.13446,41.408704],[2.134645,41.408895],[2.1348,41.409036],[2.135304,41.40952],[2.135462,41.409657],[2.13553,41.409727],[2.135596,41.409782],[2.135669,41.409832],[2.135759,41.409873],[2.135819,41.409898],[2.135898,41.409923],[2.13598,41.409942],[2.13641,41.410023],[2.136498,41.410043],[2.136588,41.410056],[2.136685,41.410062],[2.136794,41.410075],[2.1369,41.410096],[2.137004,41.410123],[2.137045,41.410137],[2.137069,41.41015],[2.137081,41.410158],[2.137093,41.410168],[2.137102,41.410179],[2.137107,41.410192],[2.137108,41.410213],[2.137101,41.41024],[2.13709,41.410263],[2.137082,41.410274],[2.137072,41.410285],[2.13706,41.410293],[2.137015,41.410309],[2.136984,41.410316],[2.136961,41.410329],[2.136945,41.410347],[2.136938,41.410369],[2.136941,41.410401],[2.136935,41.410433],[2.136929,41.410448],[2.136053,41.411614],[2.134592,41.413592],[2.133898,41.41455],[2.133719,41.414794],[2.133635,41.414908],[2.133616,41.414925],[2.13359,41.414966],[2.133555,41.415003],[2.133514,41.415036],[2.133465,41.415064],[2.133387,41.415101],[2.133312,41.415127],[2.133233,41.415148],[2.133152,41.415161],[2.133069,41.415167],[2.133006,41.415167],[2.132936,41.415148],[2.13287,41.415123],[2.132808,41.415091],[2.132752,41.415054],[2.132693,41.415],[2.131646,41.414382],[2.131635,41.414374],[2.131624,41.414361],[2.131619,41.414352],[2.131616,41.414342],[2.131617,41.414331],[2.131621,41.414319],[2.131731,41.414154],[2.131745,41.414139],[2.131768,41.414123],[2.131783,41.414117],[2.1318,41.414113],[2.13182,41.414113],[2.131842,41.414117],[2.132213,41.414214],[2.132577,41.414289],[2.132856,41.414325],[2.13376,41.414435],[2.13378,41.414436],[2.133813,41.414434],[2.133832,41.41443],[2.133853,41.414424],[2.133873,41.414414],[2.133893,41.4144],[2.133911,41.414383],[2.134392,41.413731]]},"properties":{"kind":"route","mode":"bus","surface":true,"route_id":"2.213.3883","short_name":"V13","long_name":"Pl. Catalunya / Av. Tibidabo","colour":"#6AB023","clipped":false,"inside_km":5.65}},{"type":"Feature","geometry":{"type":"LineString","coordinates":[[2.187895,41.369153],[2.187979,41.369674],[2.187984,41.369692],[2.187992,41.369707],[2.188011,41.369734],[2.188014,41.369741],[2.18802,41.369761],[2.188021,41.369789],[2.188018,41.369805],[2.188012,41.369822],[2.188001,41.36984],[2.187822,41.37009],[2.187673,41.370306],[2.187671,41.370312],[2.187664,41.370332],[2.187657,41.370365],[2.187651,41.370414],[2.18765,41.370445],[2.187651,41.370479],[2.18767,41.370743],[2.187759,41.371256],[2.187872,41.371958],[2.187941,41.372417],[2.188123,41.373531],[2.188155,41.373615],[2.188195,41.373697],[2.188245,41.373776],[2.188277,41.37382],[2.18847,41.374192],[2.188679,41.37457],[2.188779,41.374801],[2.188832,41.374903],[2.188875,41.375009],[2.18891,41.375116],[2.188935,41.375224],[2.188965,41.37542],[2.188975,41.375548],[2.188975,41.375677],[2.188966,41.375805],[2.188947,41.375933],[2.18892,41.376057],[2.188862,41.376234],[2.18878,41.376449],[2.188514,41.377174],[2.188128,41.378136],[2.187005,41.380967],[2.186894,41.381268],[2.186757,41.381617],[2.186706,41.381721],[2.186646,41.381823],[2.186589,41.381889],[2.186524,41.381951],[2.186497,41.381974],[2.186457,41.382014],[2.18641,41.382048],[2.186279,41.382116],[2.186202,41.382147],[2.186121,41.382171],[2.18602,41.382191],[2.185935,41.382201],[2.185814,41.382209],[2.18571,41.382224],[2.185558,41.382255],[2.185475,41.382278],[2.185395,41.382309],[2.185385,41.382313],[2.185351,41.382334],[2.185321,41.382364],[2.18529,41.382389],[2.185253,41.382408],[2.184498,41.382763],[2.183934,41.383032],[2.183789,41.383104],[2.183745,41.383122],[2.183698,41.383133],[2.183649,41.383137],[2.1836,41.383133],[2.183553,41.383123],[2.183509,41.383106],[2.18347,41.383083],[2.183181,41.382726],[2.183154,41.382684],[2.183136,41.382639],[2.18313,41.382614],[2.183109,41.382563],[2.183079,41.382514],[2.182245,41.381512],[2.182217,41.381494],[2.182184,41.381482],[2.182148,41.381477],[2.182112,41.381479],[2.182077,41.381488],[2.182051,41.3815],[2.181148,41.382187],[2.179241,41.383611],[2.178697,41.384037],[2.178062,41.384525],[2.177522,41.384934],[2.17703,41.385303],[2.176862,41.385437],[2.176488,41.385712],[2.176238,41.385904],[2.175797,41.38623],[2.175229,41.386663],[2.173092,41.38828],[2.172513,41.388747],[2.172486,41.388766],[2.172466,41.388777],[2.172443,41.388788],[2.172417,41.388799],[2.172387,41.388808],[2.172356,41.388813],[2.172324,41.388814],[2.172289,41.388809],[2.172245,41.388801],[2.172114,41.388771],[2.171986,41.388735],[2.171942,41.388721],[2.170301,41.388101],[2.170274,41.388095],[2.170245,41.388092],[2.170213,41.388092],[2.170182,41.388097],[2.170154,41.38811],[2.1692,41.388875],[2.168693,41.38928],[2.168644,41.389324],[2.168617,41.389359],[2.16859,41.389406],[2.168552,41.389498],[2.168527,41.389531],[2.168495,41.389561],[2.168456,41.389585],[2.168412,41.389603],[2.16837,41.389614],[2.168287,41.389616],[2.168234,41.389619],[2.168183,41.389628],[2.168135,41.389645],[2.168096,41.389665],[2.167964,41.389769],[2.163036,41.393742],[2.162186,41.394432],[2.160653,41.395661],[2.160321,41.395934],[2.159818,41.396353],[2.159729,41.39643],[2.159648,41.396512],[2.159598,41.396568],[2.159567,41.396591],[2.15953,41.396608],[2.159489,41.396619],[2.159446,41.396623],[2.159403,41.396619],[2.159363,41.396609],[2.159319,41.396585],[2.159249,41.396551],[2.159156,41.39651],[2.159104,41.39649],[2.159049,41.396471],[2.158993,41.396454],[2.155906,41.395674],[2.155892,41.395673],[2.15587,41.395673],[2.155844,41.395678],[2.155831,41.395683],[2.155818,41.39569],[2.155731,41.395757],[2.155688,41.395796],[2.15568,41.395808],[2.155383,41.39634],[2.15532,41.396434],[2.155104,41.396718],[2.155043,41.396796],[2.154974,41.39687],[2.154938,41.396904],[2.153396,41.398456],[2.153356,41.398493],[2.153268,41.398551],[2.153224,41.398588],[2.152859,41.398955],[2.151509,41.400294],[2.151383,41.400396],[2.151251,41.400492],[2.151111,41.400583],[2.150966,41.400668],[2.150815,41.400748],[2.150659,41.400821],[2.15042,41.400921],[2.150236,41.400989],[2.150048,41.40105],[2.149857,41.401105],[2.149662,41.401153],[2.149465,41.401194],[2.149265,41.401228],[2.149064,41.401255],[2.148861,41.401274],[2.148657,41.401287],[2.148452,41.401292],[2.148247,41.40129],[2.148043,41.401281],[2.147839,41.401265],[2.14767,41.401243],[2.147645,41.401244],[2.147608,41.401247],[2.147567,41.401257],[2.147546,41.401265],[2.147526,41.401275],[2.147101,41.401529],[2.14514,41.402614],[2.145046,41.402667],[2.144948,41.402714],[2.144844,41.402755],[2.144762,41.402782],[2.144494,41.402869],[2.144223,41.402949],[2.144052,41.402995],[2.143571,41.403134],[2.143446,41.403173],[2.143324,41.403219],[2.143207,41.403271],[2.143011,41.403372],[2.142929,41.403423],[2.142847,41.403485],[2.142486,41.403736],[2.142375,41.403809],[2.142258,41.403876],[2.142135,41.403937],[2.141997,41.403996],[2.141129,41.404324],[2.140797,41.404455],[2.140646,41.404513],[2.139872,41.404981],[2.139763,41.405058],[2.13966,41.40514],[2.139527,41.405265],[2.139407,41.405401],[2.139316,41.405546],[2.138982,41.406198],[2.138304,41.407506],[2.137316,41.409452],[2.137297,41.409486],[2.137287,41.409521],[2.137287,41.409558],[2.137296,41.409594],[2.137341,41.409674],[2.137356,41.409718],[2.137362,41.409763],[2.137359,41.409809],[2.137345,41.409854],[2.13734,41.409866],[2.137234,41.410085],[2.137224,41.410115],[2.137223,41.410147],[2.137231,41.410178],[2.137249,41.410207],[2.137275,41.410232],[2.137307,41.410252],[2.137481,41.41032],[2.137618,41.410382],[2.13768,41.410412],[2.137727,41.410443],[2.137793,41.410501],[2.137841,41.410533],[2.137862,41.410544],[2.137939,41.410601],[2.138009,41.410663],[2.138072,41.41073],[2.138105,41.41077],[2.138171,41.41087],[2.138217,41.410951],[2.138243,41.411012],[2.138259,41.411058],[2.138274,41.411114],[2.138287,41.411181],[2.138297,41.411256],[2.1383,41.411339],[2.138296,41.41143],[2.138283,41.411526],[2.138248,41.41171],[2.138049,41.412485],[2.137766,41.413597],[2.137677,41.413885],[2.137675,41.413907],[2.137678,41.413946],[2.137683,41.413973],[2.137691,41.414005],[2.137704,41.414041],[2.137722,41.414082],[2.137745,41.414128],[2.137783,41.414178],[2.137832,41.414233],[2.137866,41.414265],[2.137905,41.4143],[2.13795,41.414337],[2.138002,41.414376],[2.138106,41.414435],[2.138168,41.414485],[2.138223,41.414539],[2.138269,41.414598],[2.138308,41.414659],[2.138337,41.414724],[2.138357,41.41479],[2.138368,41.414858],[2.138369,41.414926],[2.138367,41.414952],[2.138345,41.415027],[2.138314,41.4151],[2.138274,41.41517],[2.138225,41.415238],[2.138166,41.415303],[2.137428,41.41594],[2.137364,41.415986],[2.137293,41.416028],[2.137218,41.416063],[2.137137,41.416092],[2.137053,41.416114],[2.136966,41.416129],[2.136878,41.416137],[2.136789,41.416138],[2.1367,41.416132],[2.136613,41.416119],[2.136516,41.416095],[2.135602,41.415701],[2.134451,41.415196]]},"properties":{"kind":"route","mode":"bus","surface":true,"route_id":"2.215.3079","short_name":"V15","long_name":"Barceloneta / Av. Tibidabo","colour":"#6AB023","clipped":false,"inside_km":7.34}},{"type":"Feature","geometry":{"type":"LineString","coordinates":[[2.140369,41.421229],[2.140092,41.42065],[2.139913,41.420292],[2.139365,41.41914],[2.139099,41.418609],[2.138759,41.418016],[2.138494,41.417534],[2.138366,41.417313],[2.138294,41.417182],[2.138236,41.417093],[2.13817,41.417008],[2.138095,41.416927],[2.138013,41.41685],[2.137907,41.416765],[2.13781,41.416697],[2.137706,41.416634],[2.137597,41.416577],[2.137492,41.416529],[2.136516,41.416095],[2.136436,41.416062],[2.136361,41.416024],[2.136292,41.415979],[2.136229,41.415929],[2.136174,41.415875],[2.136126,41.415816],[2.136089,41.415757],[2.136062,41.415688],[2.136044,41.415617],[2.136036,41.415546],[2.136037,41.415474],[2.136048,41.415402],[2.136068,41.415332],[2.136073,41.415317],[2.136108,41.415253],[2.136152,41.415192],[2.136171,41.41517],[2.136233,41.415104],[2.136303,41.415042],[2.136352,41.415004],[2.136702,41.414688],[2.136902,41.414509],[2.136969,41.414456],[2.137043,41.414408],[2.137104,41.414374],[2.137342,41.414264],[2.137541,41.414175],[2.137629,41.414133],[2.137768,41.414063],[2.137871,41.414006],[2.13792,41.413976],[2.1387,41.413379],[2.139484,41.412767],[2.139791,41.412529],[2.140069,41.412283],[2.14064,41.411835],[2.140714,41.411788],[2.140794,41.411746],[2.140874,41.41171],[2.140934,41.411692],[2.140996,41.41168],[2.141517,41.411625],[2.143393,41.411432],[2.143975,41.411385],[2.144581,41.411338],[2.144649,41.411328],[2.144749,41.411308],[2.144808,41.411293],[2.144871,41.411276],[2.144935,41.411256],[2.144998,41.411233],[2.145057,41.411206],[2.145112,41.411174],[2.145195,41.411119],[2.145301,41.411042],[2.145358,41.410995],[2.145416,41.410944],[2.145485,41.410878],[2.145533,41.410827],[2.145577,41.410777],[2.145622,41.410718],[2.145643,41.410686],[2.145851,41.410266],[2.14589,41.410181],[2.145938,41.410098],[2.145994,41.410018],[2.146331,41.409592],[2.146719,41.409109],[2.147238,41.408458],[2.147404,41.408241],[2.147546,41.408071],[2.147635,41.40798],[2.147718,41.407905],[2.149149,41.406773],[2.149508,41.406453],[2.149958,41.406061],[2.149977,41.406035],[2.149988,41.406016],[2.149999,41.405992],[2.150008,41.405963],[2.150014,41.40593],[2.150017,41.405892],[2.150013,41.405851],[2.150002,41.405806],[2.149989,41.40577],[2.149972,41.405729],[2.149935,41.405656],[2.149924,41.405626],[2.149914,41.405591],[2.149902,41.405516],[2.149903,41.405462],[2.149916,41.405378],[2.149937,41.405308],[2.150265,41.404464],[2.150285,41.404409],[2.150296,41.404352],[2.150297,41.404294],[2.150288,41.404237],[2.150271,41.404181],[2.150244,41.404128],[2.150208,41.404077],[2.150164,41.40403],[2.150115,41.403989],[2.150066,41.403954],[2.150024,41.403913],[2.149988,41.403873],[2.149961,41.403829],[2.149943,41.403783],[2.149888,41.40346],[2.149863,41.403267],[2.149863,41.403199],[2.149874,41.403131],[2.149894,41.403064],[2.149923,41.403],[2.149932,41.402983],[2.150055,41.402816],[2.150574,41.402149],[2.150892,41.401741],[2.15104,41.401562],[2.15108,41.401495],[2.151111,41.401424],[2.151133,41.401352],[2.151145,41.401278],[2.15115,41.401148],[2.151142,41.401069],[2.151125,41.40099],[2.151098,41.400912],[2.15108,41.400866],[2.151053,41.400823],[2.151009,41.400776],[2.150985,41.400733],[2.150969,41.400688],[2.150963,41.400642],[2.150966,41.400595],[2.150979,41.400549],[2.151001,41.400506],[2.151031,41.400465],[2.151056,41.40044],[2.151161,41.400371],[2.15126,41.400297],[2.151326,41.400241],[2.151559,41.400035],[2.151811,41.399798],[2.151959,41.399674],[2.152101,41.399546],[2.152215,41.399433],[2.152735,41.398896],[2.153094,41.398534],[2.153237,41.398333],[2.153941,41.397633],[2.154809,41.396751],[2.154918,41.396628],[2.155091,41.396391],[2.155285,41.396101],[2.155437,41.39586],[2.155513,41.395725],[2.155545,41.395685],[2.155585,41.395651],[2.155632,41.395621],[2.155684,41.395597],[2.15574,41.39558],[2.1558,41.395569],[2.155861,41.395566],[2.155922,41.39557],[2.155972,41.395578],[2.158531,41.396224],[2.159221,41.396403],[2.159287,41.396412],[2.159337,41.396413],[2.159364,41.396412],[2.159391,41.396409],[2.159421,41.396403],[2.159446,41.3964],[2.15949,41.396398],[2.159517,41.396399],[2.159547,41.396401],[2.159579,41.396406],[2.159612,41.396415],[2.159645,41.396426],[2.160051,41.396609],[2.160136,41.396638],[2.161379,41.396948],[2.161403,41.396952],[2.161419,41.396952],[2.161438,41.396951],[2.161459,41.396947],[2.16148,41.39694],[2.161503,41.396928],[2.161525,41.396912],[2.161886,41.396642],[2.162092,41.396481],[2.163887,41.395133],[2.16463,41.394563],[2.166128,41.393431],[2.166792,41.392933],[2.168417,41.391709],[2.169602,41.390805],[2.170362,41.390231],[2.170915,41.389815],[2.171416,41.389446],[2.171986,41.389023],[2.172453,41.388679],[2.172586,41.388567],[2.172626,41.388542],[2.172672,41.388523],[2.172721,41.388511],[2.172773,41.388506],[2.172825,41.388508],[2.172876,41.388517],[2.172923,41.388533],[2.172972,41.388558],[2.173427,41.388904],[2.173451,41.38892],[2.173479,41.38893],[2.173511,41.388933],[2.17353,41.388931],[2.173668,41.38893],[2.174282,41.388918],[2.17566,41.388919],[2.175729,41.388921],[2.175797,41.388929],[2.175862,41.388945],[2.175925,41.388967],[2.175982,41.388996],[2.175996,41.389004],[2.176518,41.389388],[2.177328,41.389988],[2.177455,41.390076],[2.177545,41.390133],[2.177974,41.390295],[2.178538,41.390521],[2.179333,41.390801],[2.179809,41.390978],[2.179844,41.390982],[2.179881,41.390979],[2.179915,41.39097],[2.179947,41.390952],[2.181309,41.389918],[2.182886,41.388729],[2.182904,41.38871],[2.182915,41.388696],[2.182924,41.388678],[2.182929,41.388657],[2.182929,41.388635],[2.182922,41.388611],[2.182904,41.388586],[2.182875,41.388558],[2.182501,41.38828],[2.182451,41.388235],[2.182421,41.388205],[2.182391,41.388167],[2.182379,41.388146],[2.182371,41.388125],[2.182368,41.388104],[2.18237,41.388071],[2.182377,41.388048],[2.182383,41.388036],[2.182393,41.388025],[2.185591,41.385607],[2.185609,41.385591],[2.185618,41.38558],[2.185626,41.385567],[2.185631,41.385552],[2.185632,41.385536],[2.185629,41.385518],[2.185617,41.385495],[2.185246,41.385061],[2.183672,41.383195],[2.183631,41.383144],[2.18357,41.38304],[2.183531,41.382992],[2.183516,41.382976],[2.183324,41.382745],[2.18329,41.382699],[2.183275,41.382664],[2.183269,41.382628],[2.183273,41.382591],[2.183286,41.382555],[2.183308,41.382522],[2.183339,41.382493],[2.183376,41.382469],[2.184149,41.382104],[2.184743,41.381844],[2.184802,41.381816],[2.18482,41.381803],[2.18483,41.381787],[2.18483,41.381769],[2.184822,41.381752],[2.184814,41.381744],[2.184691,41.381643],[2.184293,41.381264],[2.184257,41.381222],[2.184213,41.381184],[2.184162,41.381151],[2.184133,41.381135],[2.183914,41.381059],[2.183691,41.380989],[2.183464,41.380927],[2.183234,41.38087],[2.183202,41.380851],[2.183176,41.380826],[2.183159,41.380798],[2.18315,41.380768],[2.183151,41.380736],[2.183161,41.380706],[2.183167,41.380696],[2.183592,41.379605],[2.183602,41.379558],[2.183603,41.379511],[2.183593,41.379465],[2.183575,41.37942],[2.183569,41.379409],[2.183087,41.378792],[2.18306,41.378748],[2.183042,41.378701],[2.183034,41.378653],[2.183035,41.378605],[2.183047,41.378554],[2.183498,41.377405],[2.183506,41.377361],[2.183505,41.377316],[2.183494,41.377272],[2.183473,41.37723],[2.183462,41.377213],[2.182417,41.37591],[2.181799,41.37512],[2.181756,41.37509],[2.181728,41.375074],[2.181706,41.375052],[2.181692,41.375027],[2.181688,41.375],[2.181693,41.374972],[2.181711,41.374943],[2.181758,41.374917],[2.181788,41.374916],[2.181817,41.374922],[2.181842,41.374935],[2.18186,41.374952],[2.182013,41.375311],[2.182094,41.375416],[2.182353,41.375737]]},"properties":{"kind":"route","mode":"bus","surface":true,"route_id":"2.217.3080","short_name":"V17","long_name":"Port Vell / Vall d'Hebron","colour":"#6AB023","clipped":false,"inside_km":7.68}},{"type":"Feature","geometry":{"type":"LineString","coordinates":[[2.187382,41.367961],[2.187352,41.367794],[2.187343,41.367763],[2.187326,41.367722],[2.187322,41.367701],[2.187323,41.367675],[2.187327,41.367661],[2.187342,41.367636],[2.187358,41.367619],[2.18737,41.36761],[2.187384,41.367601],[2.187401,41.367592],[2.187422,41.367585],[2.187463,41.367576],[2.18749,41.367576],[2.187508,41.367578],[2.187527,41.367582],[2.187548,41.367589],[2.18757,41.3676],[2.187599,41.367619],[2.187614,41.367633],[2.187622,41.367643],[2.187629,41.367656],[2.187634,41.367671],[2.187637,41.367688],[2.187636,41.367708],[2.187627,41.367743],[2.187625,41.367759],[2.187628,41.367792],[2.187787,41.368641],[2.187799,41.36867],[2.187824,41.368707],[2.187832,41.368736],[2.187832,41.368763],[2.187829,41.368778],[2.187821,41.368797],[2.18782,41.368822],[2.187824,41.368842],[2.18784,41.368879],[2.187853,41.368915],[2.187866,41.368969],[2.187979,41.369674],[2.187984,41.369692],[2.187992,41.369707],[2.188012,41.369736],[2.18802,41.369761],[2.188021,41.369789],[2.188018,41.369805],[2.188012,41.369822],[2.188001,41.36984],[2.187822,41.37009],[2.187673,41.370306],[2.18766,41.370347],[2.187654,41.370388],[2.18765,41.370445],[2.187651,41.370479],[2.18767,41.370743],[2.187759,41.371256],[2.187872,41.371958],[2.187941,41.372417],[2.188123,41.373531],[2.188155,41.373615],[2.188195,41.373697],[2.188245,41.373776],[2.188277,41.37382],[2.18847,41.374192],[2.188679,41.37457],[2.188779,41.374801],[2.188832,41.374903],[2.188875,41.375009],[2.18891,41.375116],[2.188935,41.375224],[2.188965,41.37542],[2.188975,41.375548],[2.188975,41.375677],[2.188966,41.375805],[2.188947,41.375933],[2.18892,41.376057],[2.188862,41.376234],[2.18878,41.376449],[2.188514,41.377174],[2.188128,41.378136],[2.187005,41.380967],[2.186894,41.381268],[2.186757,41.381617],[2.186706,41.381721],[2.186646,41.381823],[2.186589,41.381889],[2.186524,41.381951],[2.186497,41.381974],[2.186457,41.382014],[2.18641,41.382048],[2.186279,41.382116],[2.186202,41.382147],[2.186121,41.382171],[2.18602,41.382191],[2.185935,41.382201],[2.185814,41.382209],[2.18571,41.382224],[2.185558,41.382255],[2.185475,41.382278],[2.185395,41.382309],[2.185385,41.382313],[2.185351,41.382334],[2.185321,41.382364],[2.18529,41.382389],[2.185253,41.382408],[2.184498,41.382763],[2.183934,41.383032],[2.183916,41.383054],[2.183906,41.383078],[2.183907,41.383104],[2.183916,41.383128],[2.183924,41.38314],[2.18489,41.384279],[2.185376,41.38485],[2.185541,41.385049],[2.185636,41.385175],[2.185873,41.385458],[2.185891,41.385494],[2.1859,41.385532],[2.185899,41.385571],[2.185889,41.385609],[2.185869,41.385644],[2.185842,41.385677],[2.185806,41.385705],[2.185785,41.385718],[2.183022,41.38778],[2.18266,41.388057],[2.182634,41.388079],[2.182616,41.388104],[2.182606,41.388132],[2.182607,41.388161],[2.182616,41.388189],[2.182636,41.388215],[2.183828,41.389114],[2.18385,41.389133],[2.183864,41.389155],[2.183869,41.38918],[2.183864,41.389205],[2.183851,41.389227],[2.183829,41.389246],[2.183512,41.389488],[2.180774,41.391544],[2.180725,41.391567],[2.180672,41.391584],[2.180616,41.391594],[2.180558,41.391598],[2.180317,41.391585],[2.180149,41.391585],[2.18007,41.391593],[2.180018,41.391603],[2.179995,41.39161],[2.179976,41.391618],[2.179962,41.391628],[2.178769,41.39254],[2.17787,41.393218],[2.176348,41.394359],[2.176335,41.394373],[2.17632,41.394396],[2.176303,41.394427],[2.176285,41.39447],[2.176269,41.394526],[2.176255,41.394596],[2.176245,41.394681],[2.176235,41.394874],[2.17624,41.394955],[2.176232,41.395008],[2.176214,41.395059],[2.176187,41.395108],[2.176152,41.395154],[2.176077,41.395232],[2.176025,41.395274],[2.175966,41.395311],[2.175902,41.395342],[2.175825,41.39537],[2.175744,41.395392],[2.17566,41.395407],[2.175583,41.395414],[2.175102,41.395418],[2.175088,41.395417],[2.175047,41.395419],[2.175018,41.395423],[2.174984,41.395431],[2.174945,41.395443],[2.174902,41.39546],[2.174856,41.395483],[2.174806,41.395513],[2.174377,41.395836],[2.173308,41.396638],[2.172107,41.39756],[2.171047,41.398354],[2.170296,41.398921],[2.170223,41.398997],[2.170204,41.399029],[2.170186,41.399073],[2.170181,41.399092],[2.170175,41.399134],[2.170168,41.399157],[2.170156,41.399185],[2.170147,41.3992],[2.170133,41.399217],[2.170049,41.399299],[2.167062,41.401556],[2.16655,41.401928],[2.165576,41.402682],[2.165225,41.402922],[2.164482,41.403479],[2.164143,41.403764],[2.163255,41.404439],[2.163211,41.404474],[2.163185,41.404501],[2.163166,41.404532],[2.163157,41.404565],[2.163157,41.404598],[2.163167,41.404631],[2.163186,41.404662],[2.163213,41.404688],[2.163233,41.404702],[2.163535,41.404892],[2.163552,41.404913],[2.163559,41.404936],[2.163557,41.404959],[2.163546,41.404982],[2.163107,41.405438],[2.163088,41.405472],[2.163077,41.405508],[2.163077,41.405544],[2.163082,41.405571],[2.16327,41.40628],[2.163555,41.407306],[2.163586,41.407435],[2.163822,41.40828],[2.164237,41.409802],[2.164363,41.410295],[2.16463,41.411285],[2.164677,41.411517],[2.164686,41.411554],[2.164687,41.411572],[2.164684,41.411602],[2.164679,41.411621],[2.164671,41.411642],[2.16466,41.411665],[2.163582,41.413354],[2.163321,41.413731],[2.162926,41.414315],[2.16291,41.414326],[2.162898,41.41433],[2.162884,41.414332],[2.162867,41.414331],[2.162848,41.414325],[2.162312,41.414149],[2.162197,41.414104],[2.161601,41.413831],[2.161568,41.413825],[2.161534,41.413826],[2.161502,41.413834],[2.161474,41.413848],[2.161452,41.413868],[2.161411,41.413937],[2.161375,41.413978],[2.161332,41.414015],[2.161282,41.414046],[2.161226,41.414072],[2.161171,41.414086],[2.161113,41.414092],[2.161054,41.414092],[2.160983,41.414081],[2.16092,41.414056],[2.160861,41.414025],[2.160706,41.413948],[2.160597,41.413914],[2.160533,41.413903],[2.160468,41.413899],[2.160402,41.413901],[2.160338,41.413912],[2.160276,41.413929],[2.160119,41.413978],[2.15997,41.414032],[2.159826,41.414093],[2.159686,41.41416],[2.159552,41.414232],[2.15939,41.414328],[2.159233,41.414429],[2.159084,41.414536],[2.15894,41.414648],[2.158804,41.414764],[2.158682,41.414879],[2.158566,41.414997],[2.158322,41.415276],[2.158208,41.415419],[2.158103,41.415566],[2.158023,41.415688],[2.157899,41.415905],[2.157863,41.415945],[2.157819,41.41598],[2.157768,41.41601],[2.157712,41.416034],[2.157652,41.416051],[2.157607,41.416059],[2.15753,41.416067],[2.157453,41.416068],[2.157376,41.416061],[2.157301,41.416047],[2.157229,41.416026],[2.157167,41.416002],[2.157076,41.41595],[2.155981,41.415202],[2.155919,41.415171],[2.155852,41.415146],[2.155781,41.415127],[2.155708,41.415116],[2.155634,41.415112],[2.15556,41.415115],[2.15549,41.415126],[2.155427,41.415143],[2.155369,41.415167],[2.155316,41.415197],[2.155269,41.415233],[2.15523,41.415273],[2.155207,41.415303],[2.155185,41.415349],[2.155171,41.415398],[2.155167,41.415448],[2.155173,41.415498],[2.155188,41.415547],[2.155207,41.415587],[2.155235,41.415625],[2.15527,41.415658],[2.155321,41.415691],[2.155418,41.415732],[2.155894,41.415898],[2.155969,41.415929],[2.156038,41.415967],[2.156102,41.41601],[2.156159,41.416058],[2.156209,41.416111],[2.156226,41.416132],[2.156385,41.416391],[2.15643,41.416457],[2.156484,41.416518],[2.156557,41.416591],[2.156585,41.416631],[2.156603,41.416674],[2.156613,41.416719],[2.156613,41.416764],[2.156603,41.416808],[2.156538,41.416952],[2.156415,41.417212],[2.156398,41.417262],[2.15639,41.417313],[2.156392,41.417365],[2.156403,41.417415],[2.156424,41.417464],[2.156453,41.417511],[2.156491,41.417554],[2.156536,41.417592],[2.156582,41.417622],[2.156633,41.417649],[2.156683,41.417668],[2.156978,41.417769],[2.157042,41.417783],[2.157108,41.41779],[2.157174,41.41779],[2.15724,41.417783],[2.157304,41.417769],[2.157364,41.417748],[2.157433,41.417714],[2.158247,41.417111],[2.158534,41.416895],[2.158585,41.41685],[2.158628,41.416801],[2.158663,41.416749],[2.15869,41.416693],[2.158715,41.41663],[2.158745,41.416582],[2.158774,41.416548],[2.158804,41.41652],[2.15884,41.416497],[2.158882,41.41648],[2.158928,41.41647],[2.158975,41.416467],[2.159022,41.416471],[2.159054,41.416478],[2.159096,41.416495],[2.159133,41.416518],[2.159163,41.416545],[2.159185,41.416577],[2.1592,41.416618],[2.1592,41.416653],[2.159191,41.416687],[2.159173,41.416719],[2.159146,41.416747],[2.159083,41.416793],[2.159034,41.416818],[2.158949,41.41685],[2.158844,41.416895],[2.158745,41.416947],[2.158639,41.417013],[2.158529,41.417113],[2.15769,41.417891],[2.157508,41.418064],[2.157468,41.418125],[2.157436,41.418189],[2.157415,41.418249],[2.157336,41.418583],[2.157306,41.418662],[2.157267,41.418738],[2.157219,41.418812],[2.157194,41.418845],[2.157075,41.419027],[2.156994,41.419157],[2.156905,41.419284],[2.156788,41.419431],[2.156667,41.419568],[2.156613,41.419616],[2.156552,41.41966],[2.156485,41.419699],[2.156413,41.419731],[2.156336,41.419757],[2.156256,41.419777],[2.156188,41.419787],[2.156097,41.419798],[2.156004,41.419803],[2.155911,41.419799],[2.155819,41.419789],[2.155729,41.419772],[2.155659,41.419755],[2.155586,41.419745],[2.155512,41.419743],[2.155439,41.419748],[2.155367,41.41976],[2.155284,41.419782],[2.155224,41.41981],[2.155169,41.419843],[2.155125,41.419876],[2.155066,41.419927],[2.15439,41.420548],[2.153945,41.420945],[2.153875,41.420995],[2.1538,41.421039],[2.153719,41.421077],[2.153621,41.42111],[2.153519,41.421137],[2.153414,41.421156],[2.153308,41.421169],[2.1532,41.421174],[2.15313,41.421174],[2.153047,41.421171],[2.152965,41.421161],[2.152886,41.421144],[2.152809,41.42112],[2.152737,41.42109],[2.152662,41.421049],[2.152602,41.421007],[2.152549,41.42096],[2.152503,41.420909],[2.152255,41.420585],[2.152206,41.420517],[2.152148,41.420452],[2.152082,41.420391],[2.15201,41.420335],[2.151931,41.420285],[2.1519,41.420268],[2.151825,41.420234],[2.151745,41.420207],[2.151662,41.420187],[2.151653,41.420185],[2.151559,41.420178],[2.151236,41.420185],[2.150918,41.420217],[2.150657,41.420263],[2.150069,41.420326],[2.149996,41.420337],[2.149287,41.420377],[2.149251,41.420371],[2.149217,41.420358],[2.149189,41.42034],[2.14917,41.420318],[2.1491,41.420233],[2.148966,41.420086],[2.148935,41.420041],[2.148912,41.419993],[2.148902,41.419961],[2.148891,41.419916],[2.148483,41.419072],[2.148308,41.418714],[2.14827,41.418646],[2.148224,41.418582],[2.148169,41.418521],[2.148143,41.418497],[2.147856,41.418286],[2.147822,41.418251],[2.147795,41.418212],[2.147783,41.418185],[2.147584,41.417596],[2.147537,41.417462],[2.147511,41.417401],[2.147476,41.417343],[2.147423,41.417275],[2.147361,41.417212],[2.147341,41.417194],[2.147279,41.417127],[2.147225,41.417056],[2.147179,41.416982],[2.147142,41.416905],[2.147117,41.416837],[2.14709,41.416748],[2.147076,41.416678],[2.147008,41.416485],[2.14696,41.416388],[2.146941,41.416324],[2.14693,41.416257],[2.146873,41.41599],[2.146858,41.415925],[2.146833,41.415862],[2.146799,41.415801],[2.14675,41.415736],[2.146694,41.415681],[2.146631,41.415631],[2.146591,41.415604],[2.14621,41.415414],[2.145526,41.415086],[2.145371,41.41501],[2.145223,41.414929],[2.14508,41.414841],[2.14493,41.414742],[2.144881,41.414701],[2.14484,41.414656],[2.14478,41.414571],[2.144745,41.414505],[2.144719,41.414437],[2.144702,41.414367],[2.144699,41.414344],[2.144696,41.41419],[2.144699,41.414069],[2.144712,41.413949],[2.144793,41.413505],[2.14479,41.413487],[2.144778,41.413472],[2.144556,41.413382],[2.144531,41.413366],[2.144514,41.413345],[2.144505,41.413321],[2.144506,41.413296],[2.144519,41.413269],[2.144523,41.413249],[2.144517,41.41323],[2.144503,41.413213],[2.144411,41.41316],[2.144341,41.41311],[2.144264,41.413042],[2.144214,41.413],[2.144171,41.412953],[2.143405,41.411826],[2.143224,41.411551],[2.143209,41.411534],[2.143198,41.411525],[2.143184,41.411518],[2.143168,41.411511],[2.14315,41.411507],[2.143129,41.411507],[2.142515,41.411577],[2.141125,41.411726],[2.141056,41.411731],[2.140988,41.411743],[2.140863,41.411778],[2.140807,41.4118],[2.140766,41.411823],[2.140303,41.412179],[2.140093,41.412343],[2.140062,41.412363],[2.140036,41.412374],[2.140004,41.412384],[2.139966,41.412388],[2.139923,41.412386],[2.139876,41.412374],[2.139826,41.412351],[2.139288,41.411964],[2.138494,41.41139],[2.138477,41.411382],[2.13845,41.411373],[2.138417,41.411369],[2.138399,41.411369],[2.138381,41.411373],[2.138363,41.411381],[2.138339,41.411397],[2.138319,41.411416],[2.138301,41.41144],[2.138294,41.411453],[2.138283,41.411526],[2.138248,41.41171],[2.138049,41.412485],[2.137766,41.413597],[2.137677,41.413885],[2.137675,41.413907],[2.137678,41.413946],[2.137683,41.413973],[2.137691,41.414005],[2.137704,41.414041],[2.137722,41.414082],[2.137745,41.414128],[2.137783,41.414178],[2.137832,41.414233],[2.137866,41.414265],[2.137905,41.4143],[2.13795,41.414337],[2.138002,41.414376],[2.138106,41.414435],[2.138168,41.414485],[2.138223,41.414539],[2.138269,41.414598],[2.138308,41.414659],[2.138337,41.414724],[2.138357,41.41479],[2.138368,41.414858],[2.138369,41.414926],[2.138367,41.414952],[2.138345,41.415027],[2.138314,41.4151],[2.138274,41.41517],[2.138225,41.415238],[2.138166,41.415303],[2.137428,41.41594],[2.137364,41.415986],[2.137293,41.416028],[2.137218,41.416063],[2.137168,41.416081],[2.137137,41.416092],[2.137053,41.416114],[2.136966,41.416129],[2.136878,41.416137],[2.136789,41.416138],[2.1367,41.416132],[2.136613,41.416119],[2.136516,41.416095],[2.135602,41.415701],[2.135247,41.415545]]},"properties":{"kind":"route","mode":"bus","surface":true,"route_id":"2.219.3070","short_name":"V19","long_name":"Barceloneta / Pl. Alfonso Com\u00edn","colour":"#6AB023","clipped":false,"inside_km":9.97}},{"type":"Feature","geometry":{"type":"LineString","coordinates":[[2.195915,41.384908],[2.195828,41.384843],[2.195807,41.384831],[2.195789,41.384824],[2.195768,41.384818],[2.195743,41.384815],[2.195715,41.384816],[2.195685,41.384823],[2.195653,41.384838],[2.19562,41.384861],[2.195227,41.385166],[2.195177,41.385194],[2.19514,41.385221],[2.194402,41.385781],[2.194376,41.385805],[2.194358,41.385833],[2.194348,41.385863],[2.194348,41.385894],[2.194358,41.385924],[2.194376,41.385952],[2.1944,41.385974],[2.196501,41.387539],[2.196547,41.387571],[2.196585,41.387608],[2.196616,41.387649],[2.196638,41.387693],[2.19665,41.387738],[2.196653,41.387785],[2.196647,41.387832],[2.196631,41.387877],[2.196606,41.38792],[2.196573,41.38796],[2.196532,41.387995],[2.196464,41.38804],[2.196409,41.388065],[2.196351,41.388083],[2.196289,41.388095],[2.196226,41.3881],[2.195961,41.388095],[2.19592,41.388101],[2.195881,41.388114],[2.195848,41.388133],[2.195827,41.388151],[2.195562,41.388349],[2.194755,41.38896],[2.194367,41.38925],[2.192145,41.390929],[2.188252,41.393861],[2.187343,41.39455],[2.187288,41.394603],[2.187242,41.39466],[2.187204,41.39472],[2.187189,41.394749],[2.187096,41.394915],[2.187068,41.394945],[2.187033,41.394971],[2.186993,41.394992],[2.186947,41.395006],[2.186923,41.395011],[2.186853,41.395017],[2.186784,41.39503],[2.186717,41.395049],[2.186655,41.395076],[2.186598,41.395108],[2.186312,41.395322],[2.183254,41.397644],[2.181631,41.398874],[2.180866,41.399445],[2.178931,41.400917],[2.178877,41.400971],[2.17883,41.401028],[2.178792,41.40109],[2.178781,41.401111],[2.178727,41.40119],[2.178665,41.401265],[2.178595,41.401336],[2.178518,41.401403],[2.178434,41.401465],[2.176918,41.402621],[2.176891,41.402656],[2.176874,41.402693],[2.176865,41.402733],[2.176866,41.402773],[2.176876,41.402812],[2.176896,41.402849],[2.176924,41.402883],[2.177387,41.403232],[2.177455,41.403309],[2.177532,41.403382],[2.177566,41.403434],[2.177608,41.403482],[2.177659,41.403526],[2.178718,41.4043],[2.178747,41.404332],[2.178767,41.404368],[2.178779,41.404405],[2.17878,41.404444],[2.178773,41.404482],[2.178756,41.404519],[2.17873,41.404552],[2.178709,41.404572],[2.177327,41.405626],[2.176454,41.406279],[2.175097,41.407309],[2.172949,41.408927],[2.17111,41.410328],[2.169444,41.41162],[2.168861,41.412071],[2.168733,41.412173],[2.168599,41.41227],[2.168458,41.412362],[2.168389,41.412403],[2.167971,41.412664],[2.167931,41.412684],[2.167898,41.412698],[2.167798,41.412728],[2.167738,41.41275],[2.167702,41.412765],[2.167664,41.412783],[2.167624,41.412804],[2.167585,41.412827],[2.167547,41.412854],[2.167124,41.413235],[2.167027,41.413337],[2.166844,41.41354],[2.166699,41.413688],[2.166481,41.413893],[2.16638,41.413999],[2.166288,41.414108],[2.166208,41.414215],[2.166121,41.414355],[2.166042,41.414498],[2.165893,41.414804],[2.165791,41.414992],[2.16556,41.415376],[2.165417,41.415594],[2.165265,41.415808],[2.165105,41.416019],[2.164937,41.416226],[2.164743,41.41645],[2.16448,41.416727],[2.164209,41.417],[2.163931,41.417269],[2.163645,41.417533],[2.163352,41.417792],[2.163051,41.418047],[2.162771,41.418276],[2.161536,41.419303],[2.161258,41.419546],[2.160987,41.419793],[2.160723,41.420045],[2.160468,41.420302],[2.16022,41.420562],[2.159975,41.420832],[2.159798,41.421049],[2.159661,41.421229]]},"properties":{"kind":"route","mode":"bus","surface":true,"route_id":"2.221.2998","short_name":"V21","long_name":"Pg. Mar\u00edtim / Montbau","colour":"#6AB023","clipped":false,"inside_km":4.95}},{"type":"Feature","geometry":{"type":"LineString","coordinates":[[2.172931,41.421229],[2.172964,41.420907],[2.173044,41.420166],[2.173039,41.420129],[2.173025,41.420093],[2.173014,41.420074],[2.171969,41.418569],[2.171017,41.417136],[2.170981,41.417099],[2.170941,41.417068],[2.17029,41.416591],[2.170199,41.416522],[2.170153,41.416483],[2.170101,41.416442],[2.170056,41.416397],[2.169594,41.415874],[2.16949,41.415745],[2.16945,41.415693],[2.169404,41.415628],[2.16936,41.415559],[2.169328,41.415498],[2.169288,41.415352],[2.16928,41.415284],[2.169282,41.415216],[2.169294,41.415148],[2.169314,41.415082],[2.169344,41.415018],[2.169371,41.414975],[2.169433,41.414892],[2.169504,41.414813],[2.169536,41.41478],[2.169954,41.414467],[2.170835,41.413793],[2.170855,41.413781],[2.170872,41.413773],[2.170893,41.413767],[2.170917,41.413763],[2.170945,41.413763],[2.170976,41.413768],[2.17101,41.413781],[2.171046,41.413801],[2.172047,41.414544],[2.173294,41.415483],[2.173308,41.415496],[2.174026,41.416031],[2.174081,41.416078],[2.174129,41.416124],[2.174185,41.416186],[2.174233,41.416242],[2.174247,41.416253],[2.174263,41.416263],[2.174284,41.41627],[2.174307,41.416272],[2.174334,41.416268],[2.174363,41.416256],[2.174395,41.416234],[2.174738,41.415982],[2.175236,41.415609],[2.177474,41.413922],[2.177512,41.413888],[2.177535,41.41386],[2.177557,41.413826],[2.177572,41.413788],[2.177578,41.413746],[2.17757,41.413701],[2.177544,41.413653],[2.177497,41.413605],[2.177496,41.413602],[2.177007,41.413238],[2.176488,41.412846],[2.176178,41.412616],[2.175598,41.412173],[2.17557,41.412139],[2.17555,41.412102],[2.175539,41.412063],[2.175537,41.412023],[2.175545,41.411984],[2.175562,41.411946],[2.175588,41.411912],[2.175622,41.411881],[2.176007,41.41159],[2.177332,41.410577],[2.178497,41.409692],[2.179519,41.408933],[2.180884,41.407893],[2.180918,41.407869],[2.180944,41.40784],[2.180962,41.407808],[2.180972,41.407774],[2.180971,41.407739],[2.180961,41.407705],[2.180942,41.407673],[2.180915,41.407645],[2.179044,41.406241],[2.179007,41.406211],[2.178978,41.406177],[2.178958,41.406139],[2.178946,41.406099],[2.178945,41.406058],[2.178952,41.406018],[2.178969,41.405979],[2.178995,41.405943],[2.179017,41.405921],[2.180535,41.404754],[2.182027,41.403623],[2.182434,41.40334],[2.183227,41.402764],[2.183678,41.402388],[2.184402,41.401848],[2.184627,41.401686],[2.185108,41.401307],[2.186671,41.400148],[2.188342,41.398891],[2.190592,41.39723],[2.191387,41.396653],[2.192003,41.396192],[2.192933,41.39549],[2.194941,41.394008],[2.195264,41.393755],[2.195707,41.393425],[2.196404,41.392898],[2.197509,41.392079],[2.197516,41.392071],[2.199329,41.390711],[2.199974,41.390219],[2.199993,41.390206],[2.200018,41.390193],[2.200049,41.390181],[2.200085,41.390174],[2.200124,41.390174],[2.200168,41.390184],[2.200214,41.390206],[2.200276,41.390254],[2.200479,41.390441],[2.200585,41.390537],[2.200678,41.390615],[2.200725,41.390652],[2.200918,41.390797],[2.201013,41.390863],[2.20113,41.390936],[2.201221,41.390989],[2.20154,41.391152],[2.201658,41.39121],[2.201781,41.391263],[2.201903,41.391311],[2.202136,41.391392],[2.202542,41.391514],[2.202737,41.391579],[2.202842,41.391617],[2.202913,41.391645],[2.202982,41.391672],[2.203043,41.3917],[2.203365,41.391857],[2.203508,41.391937],[2.203726,41.392069],[2.203762,41.392091],[2.20379,41.392118],[2.203811,41.392149],[2.203823,41.392182],[2.203825,41.392217],[2.203818,41.392251],[2.203801,41.392283],[2.203774,41.392314],[2.203372,41.392634],[2.202897,41.392993],[2.202599,41.393207],[2.202005,41.393653],[2.201718,41.393882],[2.201187,41.39429]]},"properties":{"kind":"route","mode":"bus","surface":true,"route_id":"2.223.3071","short_name":"V23","long_name":"Nova Ic\u00e0ria / Can Marcet","colour":"#6AB023","clipped":false,"inside_km":5.48}},{"type":"Feature","geometry":{"type":"LineString","coordinates":[[2.201599,41.394442],[2.201653,41.394399],[2.2021,41.394065],[2.202139,41.394047],[2.202182,41.394036],[2.202227,41.394031],[2.202273,41.394034],[2.202317,41.394043],[2.202357,41.39406],[2.202392,41.394082],[2.205026,41.396234],[2.205056,41.396251],[2.205091,41.396261],[2.205128,41.396264],[2.205176,41.396265],[2.205219,41.396273],[2.205259,41.396288],[2.205294,41.396309],[2.205322,41.396336],[2.205341,41.396366],[2.205352,41.396398],[2.205354,41.396426],[2.205349,41.396442],[2.205341,41.396458],[2.205327,41.396478],[2.205307,41.396499],[2.205281,41.396518],[2.205246,41.396534],[2.205201,41.396545],[2.205147,41.396548],[2.20508,41.396541],[2.205043,41.396534],[2.205005,41.396533],[2.204984,41.396535],[2.204963,41.396541],[2.204942,41.39655],[2.204922,41.396564],[2.204608,41.396804],[2.204575,41.396827],[2.204527,41.396855],[2.20447,41.396882],[2.204439,41.396892],[2.204197,41.396947],[2.204153,41.396961],[2.204112,41.396979],[2.204066,41.397004],[2.203762,41.39721],[2.203519,41.397463],[2.203443,41.397545],[2.203432,41.397563],[2.203419,41.39759],[2.203412,41.397621],[2.203412,41.397637],[2.203419,41.397678],[2.203417,41.397705],[2.203412,41.39772],[2.203404,41.397737],[2.203393,41.397755],[2.203377,41.397773],[2.202781,41.39822],[2.202746,41.398248],[2.201905,41.398884],[2.200802,41.399713],[2.200434,41.399981],[2.199579,41.400633],[2.197345,41.402342],[2.195948,41.40339],[2.195092,41.404044],[2.195038,41.404054],[2.195002,41.404058],[2.194962,41.40406],[2.194919,41.404059],[2.194876,41.404054],[2.194836,41.404042],[2.194801,41.404023],[2.194773,41.403996],[2.194762,41.403996],[2.194756,41.403992],[2.193458,41.403031],[2.191742,41.401752],[2.191714,41.401732],[2.191678,41.401711],[2.191636,41.40169],[2.191588,41.401674],[2.191538,41.401664],[2.191487,41.401665],[2.191437,41.401678],[2.191389,41.401708],[2.191364,41.401727],[2.190247,41.402582],[2.188996,41.403543],[2.187273,41.40486],[2.187235,41.404887],[2.187185,41.404931],[2.187159,41.404959],[2.187135,41.404989],[2.187116,41.405021],[2.187103,41.405054],[2.187098,41.405089],[2.187085,41.406421],[2.187074,41.407176],[2.187082,41.408344],[2.187085,41.409496],[2.187093,41.410257],[2.187086,41.410341],[2.187071,41.410424],[2.187045,41.410505],[2.187002,41.410606],[2.186986,41.410668],[2.186978,41.410731],[2.186993,41.412814],[2.186991,41.41288],[2.186999,41.413756],[2.186996,41.413777],[2.186989,41.413803],[2.186974,41.413832],[2.186949,41.413863],[2.186912,41.413893],[2.18686,41.413921],[2.186792,41.413944],[2.186704,41.413962],[2.18626,41.414088],[2.186217,41.414105],[2.18617,41.414131],[2.184788,41.415164],[2.184398,41.415463],[2.183951,41.415825],[2.182959,41.416579],[2.182427,41.416977],[2.180862,41.418123],[2.180722,41.418227],[2.180689,41.418248],[2.180671,41.418262],[2.180649,41.418282],[2.180626,41.418308],[2.180605,41.418339],[2.180588,41.418377],[2.180577,41.418421],[2.180576,41.418471],[2.180586,41.418532],[2.180698,41.419034],[2.180834,41.419556],[2.180928,41.419877],[2.180939,41.41995],[2.18094,41.420022],[2.180932,41.420095],[2.180914,41.420166],[2.180887,41.420236],[2.180846,41.420326],[2.180797,41.420411],[2.180739,41.420492],[2.180673,41.42057],[2.18006,41.421229]]},"properties":{"kind":"route","mode":"bus","surface":true,"route_id":"2.225.3072","short_name":"V25","long_name":"Nova Ic\u00e0ria / Horta","colour":"#6AB023","clipped":false,"inside_km":4.04}},{"type":"Feature","geometry":{"type":"LineString","coordinates":[[2.186794,41.421229],[2.186794,41.420653],[2.186789,41.420595],[2.186774,41.420537],[2.18675,41.420481],[2.186716,41.420427],[2.186675,41.420377],[2.186626,41.420332],[2.185822,41.419748],[2.185793,41.419714],[2.185771,41.419676],[2.185759,41.419636],[2.185757,41.419595],[2.185764,41.419554],[2.18578,41.419515],[2.185808,41.419476],[2.186751,41.41877],[2.18729,41.41836],[2.18827,41.417622],[2.189971,41.41635],[2.190316,41.416085],[2.190577,41.415887],[2.191545,41.415134],[2.192309,41.414569],[2.192496,41.414443],[2.193318,41.413824],[2.193499,41.413674],[2.193722,41.41353],[2.195992,41.411829],[2.19699,41.411054],[2.198169,41.410162],[2.199257,41.409358],[2.199848,41.408904],[2.200489,41.408436],[2.200677,41.408313],[2.201675,41.407545],[2.201974,41.407316],[2.202257,41.407058],[2.20373,41.405922],[2.204108,41.405674],[2.204852,41.405123],[2.206105,41.40418],[2.207537,41.403114],[2.208815,41.40213],[2.209003,41.401997],[2.210279,41.401022],[2.2103,41.401003],[2.210307,41.400992],[2.210313,41.40098],[2.210315,41.400967],[2.210312,41.400954],[2.210303,41.40094],[2.210287,41.400926],[2.209561,41.400384],[2.209172,41.400088],[2.208999,41.39995],[2.20878,41.399745],[2.208671,41.399637],[2.208555,41.399534],[2.208434,41.399437],[2.208318,41.399347],[2.208268,41.399301],[2.208183,41.399218],[2.208077,41.399105],[2.20802,41.39904],[2.207962,41.398972],[2.207864,41.398845],[2.207788,41.398755],[2.207675,41.398632],[2.207604,41.398561],[2.207524,41.398483],[2.207435,41.398401],[2.206502,41.397502],[2.206308,41.397324],[2.206154,41.397187],[2.205716,41.396819],[2.205575,41.396704],[2.205348,41.396523],[2.205333,41.396516],[2.205324,41.396513],[2.205302,41.396512],[2.205285,41.396515],[2.205246,41.396534],[2.205201,41.396545],[2.205147,41.396548],[2.205079,41.396541],[2.205041,41.396527],[2.20501,41.396506],[2.204985,41.396481],[2.204968,41.396453],[2.204961,41.396422],[2.204962,41.396371],[2.204953,41.396333],[2.204936,41.396298],[2.20491,41.396265],[2.204895,41.396251],[2.202091,41.393969],[2.201928,41.39384],[2.201894,41.393829],[2.201858,41.393824],[2.201821,41.393827],[2.201786,41.393836],[2.201755,41.393853],[2.201482,41.394064],[2.20095,41.394472],[2.200914,41.394496],[2.200873,41.394514],[2.200828,41.394526],[2.200781,41.39453],[2.200733,41.394528],[2.200687,41.394518],[2.200645,41.394502],[2.200603,41.394476],[2.199186,41.393244],[2.197892,41.392115],[2.196587,41.390989],[2.195352,41.389927],[2.194528,41.389214],[2.194475,41.389158],[2.194442,41.389115],[2.194407,41.389059],[2.194363,41.389005],[2.194311,41.388956],[2.194285,41.388935],[2.193557,41.388304],[2.19353,41.38827],[2.193512,41.388233],[2.193503,41.388194],[2.193503,41.388154],[2.193513,41.388115],[2.193532,41.388078],[2.193559,41.388044],[2.193595,41.388015],[2.193624,41.387997],[2.194652,41.387217],[2.194714,41.387178],[2.194782,41.387145],[2.194869,41.387106],[2.19493,41.38707],[2.19496,41.387049],[2.195258,41.38682],[2.195302,41.386781],[2.195339,41.386738],[2.195357,41.38671],[2.195403,41.386655],[2.195457,41.386604],[2.195477,41.386587],[2.195873,41.38629],[2.19673,41.385641],[2.196749,41.385619],[2.19676,41.385594],[2.196761,41.385568],[2.196753,41.385543],[2.196736,41.38552],[2.196322,41.38521]]},"properties":{"kind":"route","mode":"bus","surface":true,"route_id":"2.227.3013","short_name":"V27","long_name":"Pg. Mar\u00edtim / Canyelles","colour":"#6AB023","clipped":false,"inside_km":5.09}},{"type":"Feature","geometry":{"type":"LineString","coordinates":[[2.199171,41.421229],[2.19975,41.420797],[2.200384,41.420328],[2.20121,41.419754],[2.201226,41.419739],[2.201241,41.419714],[2.201245,41.419698],[2.201245,41.41968],[2.20124,41.419661],[2.201227,41.419641],[2.201205,41.41962],[2.200861,41.419362],[2.199541,41.418364],[2.198298,41.41744],[2.198059,41.417259],[2.198031,41.417231],[2.198017,41.417212],[2.198008,41.41719],[2.198005,41.417167],[2.198011,41.417142],[2.198029,41.417116],[2.198073,41.417081],[2.198105,41.417061],[2.198127,41.41705],[2.198153,41.417041],[2.19818,41.417036],[2.19821,41.417035],[2.19824,41.41704],[2.198283,41.417059],[2.19831,41.417077],[2.198323,41.417083],[2.198338,41.417087],[2.198355,41.417088],[2.198372,41.417087],[2.19839,41.41708],[2.198407,41.417068],[2.199058,41.416575],[2.199073,41.416565],[2.199101,41.416552],[2.199141,41.41654],[2.199165,41.416537],[2.199193,41.416535],[2.199225,41.416537],[2.199246,41.416537],[2.199282,41.416532],[2.199304,41.416527],[2.199327,41.41652],[2.199351,41.416509],[2.199375,41.416495],[2.199933,41.416066],[2.199954,41.416045],[2.199965,41.41603],[2.199977,41.416011],[2.199988,41.415988],[2.199997,41.415962],[2.200005,41.415931],[2.200077,41.415553],[2.200087,41.415529],[2.200104,41.415499],[2.200129,41.415468],[2.200146,41.415454],[2.201032,41.414789],[2.20105,41.414777],[2.201068,41.414769],[2.201089,41.414764],[2.201114,41.414763],[2.201129,41.41476],[2.201147,41.414754],[2.201165,41.414742],[2.20153,41.414461],[2.202559,41.413691],[2.202942,41.413422],[2.206417,41.410797],[2.207339,41.410093],[2.209511,41.408417],[2.210655,41.407545],[2.210676,41.407529]]},"properties":{"kind":"route","mode":"bus","surface":true,"route_id":"2.229.3024","short_name":"V29","long_name":"Diagonal Mar / Roquetes","colour":"#6AB023","clipped":false,"inside_km":1.94}},{"type":"Feature","geometry":{"type":"LineString","coordinates":[[2.210676,41.418067],[2.210039,41.418548],[2.209807,41.418719],[2.209632,41.418926],[2.209157,41.419458],[2.20912,41.419507],[2.209074,41.419551],[2.208504,41.419971],[2.208438,41.420028],[2.208365,41.420079],[2.20835,41.420088],[2.207459,41.420576],[2.207275,41.420698],[2.207162,41.420786],[2.20657,41.421229]]},"properties":{"kind":"route","mode":"bus","surface":true,"route_id":"2.231.3900","short_name":"V31","long_name":"F\u00f2rum / Trinitat Vella","colour":"#6AB023","clipped":false,"inside_km":0.44}},{"type":"Feature","geometry":{"type":"LineString","coordinates":[[2.143596,41.392385],[2.143849,41.392449],[2.14388,41.392452],[2.143901,41.392452],[2.143926,41.392451],[2.143954,41.392446],[2.143983,41.392438],[2.144014,41.392425],[2.144252,41.392302],[2.144291,41.392286],[2.144311,41.39228],[2.144329,41.392275],[2.144353,41.392273],[2.144374,41.392267],[2.144388,41.392261],[2.144402,41.392252],[2.144415,41.392239],[2.144424,41.392224],[2.144428,41.392204],[2.144424,41.39218],[2.144088,41.391404],[2.144083,41.391381],[2.144084,41.391365],[2.144087,41.391345],[2.144095,41.391323],[2.14411,41.391298],[2.144131,41.391271],[2.144162,41.391244],[2.144203,41.391216],[2.144289,41.391147],[2.144589,41.390923],[2.144629,41.390895],[2.144675,41.390873],[2.144725,41.390857],[2.144779,41.390848],[2.144833,41.390846],[2.144887,41.390852],[2.144939,41.390864],[2.144987,41.390883],[2.14503,41.390908],[2.145755,41.391439],[2.146213,41.391767],[2.146995,41.392338],[2.147035,41.392356],[2.147079,41.392368],[2.147126,41.392373],[2.147173,41.392371],[2.147218,41.392361],[2.14726,41.392345],[2.147297,41.392323],[2.147625,41.392072],[2.148074,41.39174],[2.148454,41.391442],[2.14958,41.390604],[2.151163,41.389406],[2.154588,41.386824],[2.159235,41.383315],[2.159567,41.383063],[2.159607,41.383043],[2.159651,41.383029],[2.159698,41.383021],[2.159746,41.383022],[2.159793,41.383029],[2.159838,41.383043],[2.159877,41.383063],[2.159895,41.383075],[2.161458,41.384249],[2.163977,41.386124],[2.166394,41.387959],[2.166793,41.388257],[2.16686,41.3883],[2.166932,41.388338],[2.16701,41.38837],[2.167091,41.388395],[2.167185,41.388421],[2.167258,41.38845],[2.167279,41.388459],[2.16731,41.388475],[2.167387,41.388525],[2.167423,41.388554],[2.168475,41.389348],[2.168519,41.389392],[2.168556,41.38944],[2.168583,41.389491],[2.168608,41.389556],[2.168635,41.389603],[2.16867,41.389646],[2.168702,41.389676],[2.169347,41.390159],[2.170697,41.391179],[2.170776,41.391236],[2.170862,41.391287],[2.171026,41.391374],[2.171184,41.391471],[2.171252,41.391523],[2.171314,41.39158],[2.171373,41.391654],[2.171433,41.391717],[2.171482,41.391761],[2.17165,41.391889],[2.174191,41.393811],[2.174454,41.394016],[2.174556,41.394083],[2.174664,41.394144],[2.174777,41.394199],[2.174896,41.394247],[2.175013,41.394288],[2.175123,41.394318],[2.175236,41.39434],[2.175351,41.394356],[2.175479,41.394364],[2.175606,41.394379],[2.175731,41.394401],[2.175854,41.394431],[2.175896,41.394442],[2.175961,41.394473],[2.176021,41.394509],[2.176074,41.39455],[2.176119,41.394597],[2.176157,41.394647],[2.176167,41.394663],[2.176199,41.394732],[2.176222,41.394803],[2.176235,41.394874],[2.176236,41.394957],[2.176246,41.39504],[2.176265,41.395122],[2.176294,41.395202],[2.176332,41.39528],[2.176379,41.395356],[2.176422,41.395414],[2.176469,41.395469],[2.176524,41.39552],[2.176544,41.395536],[2.176842,41.395808],[2.181077,41.398988],[2.181104,41.399003],[2.181142,41.39902],[2.181167,41.399029],[2.181194,41.399036],[2.181225,41.399042],[2.181257,41.399044],[2.181318,41.399042],[2.181337,41.399042],[2.181384,41.399048],[2.181411,41.399055],[2.181439,41.399066],[2.181468,41.39908],[2.181496,41.399098],[2.18167,41.399234],[2.182417,41.399789],[2.183615,41.400691],[2.183682,41.40075],[2.183715,41.400784],[2.183802,41.400867],[2.183895,41.400944],[2.184692,41.401536],[2.184713,41.401547],[2.184742,41.401556],[2.184758,41.401558],[2.184775,41.401557],[2.184793,41.401552],[2.184809,41.401543],[2.185108,41.401307],[2.185372,41.401112],[2.185398,41.401099],[2.185414,41.401095],[2.185432,41.401094],[2.185451,41.401097],[2.185471,41.401104],[2.186649,41.401994],[2.188597,41.403471],[2.188626,41.403491],[2.18868,41.403524],[2.188758,41.403564],[2.188804,41.403585],[2.188856,41.403606],[2.189036,41.403668],[2.190319,41.403994],[2.190835,41.40412],[2.192127,41.404442],[2.192168,41.404447],[2.192209,41.404446],[2.192232,41.404442],[2.192255,41.404435],[2.192278,41.404424],[2.192985,41.403891]]},"properties":{"kind":"route","mode":"bus","surface":true,"route_id":"2.242.3497","short_name":"X1","long_name":"BCN Centre-F.Maci\u00e0 / BCN Centre-Gl\u00f2ries","colour":"#010101","clipped":false,"inside_km":5.29}},{"type":"Feature","geometry":{"type":"LineString","coordinates":[[2.13389,41.363485],[2.134011,41.363581],[2.134663,41.364069],[2.135262,41.364532],[2.13563,41.364799],[2.136067,41.365092],[2.138019,41.366531],[2.138533,41.366927],[2.138751,41.3671],[2.138952,41.367298],[2.139331,41.367578],[2.142373,41.369861],[2.144916,41.37178],[2.146041,41.372612],[2.146124,41.37267],[2.146225,41.37273],[2.146324,41.372783],[2.146434,41.372836],[2.146569,41.372908],[2.146659,41.372965],[2.147361,41.373465],[2.1475,41.373579],[2.148324,41.374185],[2.148532,41.374333],[2.148632,41.374411],[2.14867,41.374435],[2.148706,41.374453],[2.148745,41.374468],[2.148788,41.37448],[2.148839,41.374487],[2.148915,41.374488],[2.14901,41.374495],[2.149106,41.37451],[2.149181,41.374531],[2.149328,41.374593],[2.14939,41.374622],[2.149427,41.374643],[2.149459,41.374664],[2.149585,41.374731],[2.149671,41.374772],[2.149791,41.374826],[2.149934,41.374876],[2.15004,41.3749],[2.150147,41.374912],[2.150201,41.374915],[2.150369,41.37493],[2.150489,41.374937],[2.150989,41.374938],[2.151159,41.374934],[2.151213,41.374924],[2.151266,41.374911],[2.151374,41.374872],[2.151438,41.374861],[2.151503,41.374855],[2.151806,41.374853],[2.152835,41.374851]]},"properties":{"kind":"route","mode":"bus","surface":true,"route_id":"2.244.3891","short_name":"X2","long_name":"Prat XPRES (Pl. Espanya - Av. Remolar)","colour":"#010101","clipped":false,"inside_km":1.93}},{"type":"Feature","geometry":{"type":"LineString","coordinates":[[2.146111,41.363485],[2.146111,41.363489],[2.146127,41.363557],[2.146147,41.363609],[2.146178,41.363731],[2.1462,41.363855],[2.146214,41.364003],[2.146208,41.364146],[2.146192,41.364288],[2.146167,41.36443],[2.146148,41.364511],[2.146028,41.364989],[2.146021,41.365051],[2.146025,41.365114],[2.146037,41.365176],[2.146056,41.365229],[2.146087,41.365274],[2.146137,41.365324],[2.146159,41.365349],[2.146172,41.365378],[2.146176,41.365408],[2.146176,41.365444],[2.146167,41.365475],[2.146149,41.365505],[2.146123,41.36553],[2.146089,41.365551],[2.146051,41.365566],[2.145938,41.365593],[2.145814,41.36563],[2.145695,41.365674],[2.145579,41.365724],[2.145469,41.36578],[2.145364,41.365842],[2.145268,41.365909],[2.14519,41.365973],[2.145119,41.366042],[2.145057,41.366115],[2.145002,41.366192],[2.144957,41.366272],[2.14492,41.366354],[2.144908,41.366388],[2.144891,41.366586],[2.144895,41.366636],[2.144908,41.366686],[2.144932,41.366736],[2.144974,41.36677],[2.145029,41.366803],[2.145072,41.366836],[2.145109,41.366873],[2.145137,41.366915],[2.145156,41.366959],[2.145167,41.367005],[2.145168,41.367051],[2.145159,41.367093],[2.145141,41.367133],[2.145114,41.367171],[2.145055,41.367225],[2.145027,41.367257],[2.145005,41.367291],[2.144986,41.367346],[2.144982,41.367362],[2.14498,41.367432],[2.144986,41.367502],[2.145003,41.367572],[2.145028,41.367639],[2.145239,41.368166],[2.1453,41.368341],[2.145402,41.368583],[2.145428,41.368632],[2.145478,41.368711],[2.145541,41.368798],[2.145592,41.368858],[2.145643,41.368913],[2.145722,41.368984],[2.145798,41.369042],[2.145873,41.369098],[2.145954,41.369152],[2.14602,41.369191],[2.146089,41.369227],[2.146145,41.369249],[2.146207,41.369267],[2.146396,41.369327],[2.146585,41.369375],[2.146822,41.369424],[2.146998,41.369445],[2.147177,41.369458],[2.147264,41.369466],[2.147394,41.369466],[2.147499,41.369462],[2.147569,41.369455],[2.147638,41.369446],[2.147778,41.36942],[2.14787,41.369409],[2.148002,41.369396],[2.148135,41.369389],[2.148288,41.369387],[2.148422,41.369388],[2.148514,41.369393],[2.148585,41.369406],[2.148663,41.369425],[2.148722,41.369444],[2.148804,41.369474],[2.148881,41.369512],[2.148951,41.369549],[2.149029,41.369596],[2.149103,41.369646],[2.149166,41.369695],[2.149221,41.369742],[2.14928,41.369804],[2.149323,41.36986],[2.149391,41.369976],[2.14942,41.370044],[2.14944,41.370097],[2.149466,41.370213],[2.149473,41.370285],[2.149519,41.370566],[2.149536,41.370654],[2.149553,41.370711],[2.149573,41.370758],[2.1496,41.370802],[2.149636,41.370845],[2.14969,41.370892],[2.149746,41.370927],[2.149792,41.370953],[2.149873,41.370991],[2.150101,41.371066],[2.151249,41.37151],[2.151293,41.371534],[2.151332,41.371563],[2.151364,41.371597],[2.151387,41.371635],[2.151401,41.371675],[2.151405,41.371716],[2.151401,41.371757],[2.151386,41.371797],[2.151363,41.371835],[2.151333,41.371867],[2.151161,41.372111],[2.150029,41.373832],[2.149615,41.374433],[2.149596,41.374473],[2.149595,41.37448],[2.149597,41.374512],[2.149608,41.374544],[2.149628,41.374572],[2.149656,41.374597],[2.149922,41.37481],[2.149991,41.374847],[2.150066,41.374878],[2.150144,41.374902],[2.150201,41.374915],[2.150369,41.37493],[2.150489,41.374937],[2.150989,41.374938],[2.151159,41.374934],[2.154385,41.37492],[2.155198,41.374923],[2.158995,41.374917],[2.160887,41.374916],[2.161253,41.374914],[2.161617,41.374902],[2.163835,41.374891],[2.165165,41.374892],[2.167695,41.374888],[2.16774,41.37489],[2.167788,41.374893],[2.167842,41.3749],[2.167897,41.374911],[2.167946,41.374929],[2.167981,41.374953],[2.167997,41.374985],[2.167986,41.375027],[2.167942,41.37508],[2.167555,41.375381],[2.167392,41.375502],[2.166569,41.37612]]},"properties":{"kind":"route","mode":"bus","surface":true,"route_id":"2.245.3978","short_name":"X3","long_name":"Paral\u00b7lel - L'Hospitalet (Av. Carrilet)","colour":"#010101","clipped":false,"inside_km":3.17}},{"type":"Feature","geometry":{"type":"LineString","coordinates":[[2.125907,41.391546],[2.12568,41.39149],[2.125646,41.391473],[2.125617,41.39145],[2.125596,41.391424],[2.125583,41.391394],[2.12558,41.391363],[2.125583,41.391343],[2.125816,41.390839],[2.126791,41.388657],[2.12704,41.388106],[2.127058,41.388081],[2.127083,41.38806],[2.127115,41.388044],[2.127151,41.388034],[2.127189,41.388032],[2.127227,41.388036],[2.127254,41.388045],[2.128921,41.388467],[2.132496,41.389376],[2.133378,41.389603],[2.140296,41.391365],[2.142821,41.39205],[2.143837,41.392305],[2.143985,41.392332],[2.144126,41.392345],[2.144274,41.392352],[2.144376,41.392353],[2.144534,41.392365],[2.144611,41.392375],[2.144685,41.392392],[2.144756,41.392416],[2.144822,41.392446],[2.144883,41.392483],[2.144918,41.392508],[2.144955,41.392544],[2.144984,41.392584],[2.145,41.392618],[2.145053,41.392746],[2.145077,41.39278],[2.145108,41.392809],[2.145147,41.392834],[2.145191,41.392853],[2.145213,41.39286],[2.146435,41.393168],[2.14921,41.393874],[2.154306,41.395163],[2.155972,41.395578],[2.158531,41.396224],[2.159221,41.396403],[2.159287,41.396412],[2.159337,41.396413],[2.159364,41.396412],[2.159391,41.396409],[2.159421,41.396403],[2.159446,41.3964],[2.15949,41.396398],[2.159517,41.396399],[2.159547,41.396401],[2.159579,41.396406],[2.159612,41.396415],[2.159645,41.396426],[2.160051,41.396609],[2.160136,41.396638],[2.16275,41.397288],[2.164716,41.397781],[2.164754,41.397789],[2.16478,41.397792],[2.164809,41.397793],[2.164841,41.397792],[2.164874,41.397788],[2.164909,41.39778],[2.164943,41.397767],[2.164958,41.397763],[2.165024,41.397751],[2.165083,41.397746],[2.165114,41.397747],[2.165145,41.397751],[2.16562,41.397867],[2.166415,41.398066],[2.168784,41.398652],[2.16918,41.398755],[2.169854,41.398924],[2.169908,41.398935],[2.169943,41.398939],[2.169981,41.398941],[2.17002,41.398938],[2.170059,41.39893],[2.170097,41.398915],[2.17013,41.398892],[2.170786,41.398399],[2.172118,41.397388],[2.174313,41.395736],[2.174762,41.395396],[2.174778,41.395381],[2.174801,41.395349],[2.174812,41.395326],[2.174823,41.3953],[2.17483,41.395268],[2.174834,41.395232],[2.174832,41.394952],[2.174844,41.394866],[2.174865,41.394781],[2.174895,41.394698],[2.174944,41.3946],[2.174978,41.394557],[2.17502,41.394518],[2.175069,41.394483],[2.175124,41.394455],[2.175223,41.394416],[2.175298,41.394395],[2.175377,41.39438],[2.175457,41.394373],[2.175537,41.394374],[2.175606,41.394379],[2.175731,41.394401],[2.175854,41.394431],[2.175896,41.394442],[2.175961,41.394473],[2.176021,41.394509],[2.176074,41.39455],[2.176119,41.394597],[2.176157,41.394647],[2.176167,41.394663],[2.176199,41.394732],[2.176222,41.394803],[2.176235,41.394874],[2.176236,41.394957],[2.176246,41.39504],[2.176265,41.395122],[2.176294,41.395202],[2.176332,41.39528],[2.176379,41.395356],[2.176422,41.395414],[2.176469,41.395469],[2.176524,41.39552],[2.176544,41.395536],[2.176842,41.395808],[2.18108,41.39899],[2.181107,41.399007],[2.181128,41.399018],[2.181153,41.399028],[2.181182,41.399034],[2.181212,41.399036],[2.181243,41.399032],[2.181275,41.399019],[2.181522,41.398838],[2.181568,41.398799],[2.183131,41.397608],[2.186214,41.395227],[2.186565,41.394958],[2.186609,41.394922],[2.186645,41.394882],[2.186673,41.394838],[2.186692,41.394791],[2.186702,41.394739],[2.18671,41.394708],[2.186727,41.394678],[2.186752,41.394652],[2.186785,41.394631],[2.186822,41.394616],[2.186866,41.394607],[2.186948,41.394588],[2.187026,41.394561],[2.1871,41.394529],[2.187169,41.39449],[2.187232,41.394446],[2.187255,41.394426],[2.187689,41.394095],[2.187738,41.394066],[2.187792,41.394044],[2.18785,41.394029],[2.18791,41.39402],[2.187972,41.394018],[2.188033,41.394024],[2.188092,41.394036],[2.188148,41.394056],[2.1882,41.394082],[2.188966,41.394619],[2.189499,41.394984],[2.191383,41.396368],[2.191756,41.396664],[2.193167,41.397674],[2.193998,41.398293],[2.195878,41.399702],[2.196299,41.400007],[2.196392,41.400083],[2.197074,41.400585],[2.197111,41.400602],[2.197136,41.40061],[2.197167,41.400617],[2.197203,41.40062],[2.197242,41.400617],[2.197283,41.400607],[2.197326,41.400588],[2.19737,41.400557],[2.199299,41.399091],[2.201534,41.397396],[2.201555,41.397381],[2.201581,41.397367],[2.201615,41.397352],[2.201656,41.39734],[2.201704,41.397332],[2.201757,41.397333],[2.201815,41.397345],[2.201876,41.39737],[2.20194,41.397413],[2.202768,41.398034],[2.202792,41.398056],[2.202806,41.398074],[2.202818,41.398096],[2.202825,41.398122],[2.202824,41.39815],[2.202812,41.398181],[2.202787,41.398214],[2.202746,41.398248],[2.202119,41.398722]]},"properties":{"kind":"route","mode":"bus","surface":true,"route_id":"2.6.2899","short_name":"6","long_name":"Pg. Manuel Girona / Poblenou","colour":"#DA291C","clipped":false,"inside_km":7.75}},{"type":"Feature","geometry":{"type":"LineString","coordinates":[[2.114173,41.384705],[2.117113,41.385459],[2.118715,41.38589],[2.122073,41.386745],[2.123468,41.387096],[2.125899,41.387714],[2.126898,41.387961],[2.127254,41.388045],[2.128921,41.388467],[2.132496,41.389376],[2.133378,41.389603],[2.140296,41.391365],[2.142821,41.39205],[2.143837,41.392305],[2.143985,41.392332],[2.144126,41.392345],[2.144274,41.392352],[2.144376,41.392353],[2.144534,41.392365],[2.144611,41.392375],[2.144685,41.392392],[2.144756,41.392416],[2.144822,41.392446],[2.144883,41.392483],[2.144918,41.392508],[2.144955,41.392544],[2.144984,41.392584],[2.145,41.392618],[2.145053,41.392746],[2.145077,41.39278],[2.145108,41.392809],[2.145147,41.392834],[2.145191,41.392853],[2.145213,41.39286],[2.146435,41.393168],[2.14921,41.393874],[2.154306,41.395163],[2.154636,41.395246],[2.15467,41.395251],[2.154705,41.39525],[2.154737,41.395241],[2.154757,41.395231],[2.155396,41.394738],[2.156,41.394279],[2.157808,41.392892],[2.160112,41.391158],[2.160494,41.390863],[2.161592,41.39003],[2.163891,41.388295],[2.163952,41.388256],[2.164018,41.388223],[2.164089,41.388196],[2.164171,41.388171],[2.164234,41.388145],[2.164291,41.388112],[2.164327,41.388087],[2.16517,41.387455],[2.16522,41.387426],[2.165275,41.387403],[2.165334,41.387387],[2.165396,41.387377],[2.16546,41.387375],[2.165523,41.387379],[2.165584,41.387391],[2.165642,41.38741],[2.165696,41.387435],[2.165744,41.387466],[2.166394,41.387959],[2.166793,41.388257],[2.16686,41.3883],[2.166932,41.388338],[2.16701,41.38837],[2.167091,41.388395],[2.167185,41.388421],[2.167279,41.388459],[2.16731,41.388475],[2.167387,41.388525],[2.167423,41.388554],[2.168475,41.389348],[2.168519,41.389392],[2.168556,41.38944],[2.168583,41.389491],[2.168608,41.389556],[2.168635,41.389603],[2.16867,41.389646],[2.168702,41.389676],[2.169347,41.390159],[2.170697,41.391179],[2.170776,41.391236],[2.170862,41.391287],[2.171026,41.391374],[2.171184,41.391471],[2.171252,41.391523],[2.171314,41.39158],[2.171373,41.391654],[2.171433,41.391717],[2.171482,41.391761],[2.17165,41.391889],[2.174191,41.393811],[2.174454,41.394016],[2.174556,41.394083],[2.174664,41.394144],[2.174777,41.394199],[2.174896,41.394247],[2.175013,41.394288],[2.175123,41.394318],[2.175236,41.39434],[2.175351,41.394356],[2.175479,41.394364],[2.175606,41.394379],[2.175731,41.394401],[2.175854,41.394431],[2.175896,41.394442],[2.175961,41.394473],[2.176021,41.394509],[2.176074,41.39455],[2.176119,41.394597],[2.176157,41.394647],[2.176167,41.394663],[2.176199,41.394732],[2.176222,41.394803],[2.176235,41.394874],[2.176236,41.394957],[2.176246,41.39504],[2.176265,41.395122],[2.176294,41.395202],[2.176332,41.39528],[2.176379,41.395356],[2.176422,41.395414],[2.176469,41.395469],[2.176524,41.39552],[2.176544,41.395536],[2.176842,41.395808],[2.181077,41.398988],[2.181104,41.399003],[2.181142,41.39902],[2.181167,41.399029],[2.181194,41.399036],[2.181225,41.399042],[2.181257,41.399044],[2.181318,41.399042],[2.181337,41.399042],[2.181384,41.399048],[2.181411,41.399055],[2.181439,41.399066],[2.181468,41.39908],[2.181496,41.399098],[2.18167,41.399234],[2.182417,41.399789],[2.183615,41.400691],[2.183682,41.40075],[2.183715,41.400784],[2.183802,41.400867],[2.183895,41.400944],[2.184684,41.401531],[2.184713,41.401547],[2.184742,41.401556],[2.184758,41.401558],[2.184775,41.401557],[2.184793,41.401552],[2.184809,41.401543],[2.185108,41.401307],[2.185372,41.401112],[2.185398,41.401099],[2.185414,41.401095],[2.185432,41.401094],[2.185451,41.401097],[2.185471,41.401104],[2.186649,41.401994],[2.188594,41.403469],[2.188626,41.403491],[2.18868,41.403524],[2.188758,41.403564],[2.188804,41.403585],[2.188856,41.403606],[2.189036,41.403668],[2.190319,41.403994],[2.190835,41.40412],[2.193851,41.404872],[2.200495,41.406545],[2.209964,41.408912],[2.210676,41.409087]]},"properties":{"kind":"route","mode":"bus","surface":true,"route_id":"2.7.2905","short_name":"7","long_name":"F\u00f2rum / Zona Universit\u00e0ria","colour":"#DA291C","clipped":false,"inside_km":9.11}},{"type":"Feature","geometry":{"type":"MultiLineString","coordinates":[[[2.160098,41.376337],[2.159978,41.376246],[2.159933,41.376225],[2.159884,41.376211],[2.159832,41.376204],[2.159779,41.376205],[2.159727,41.376212],[2.159678,41.376226],[2.159627,41.37625],[2.159117,41.376635],[2.158517,41.377079],[2.157385,41.377935],[2.1566,41.378534],[2.156558,41.378556],[2.156511,41.378573],[2.15646,41.378582],[2.156408,41.378585],[2.156357,41.37858],[2.156307,41.378569],[2.156261,41.37855],[2.156221,41.378526],[2.155443,41.377942],[2.155075,41.377655],[2.154328,41.377086],[2.153955,41.376813],[2.153216,41.376252],[2.152829,41.375968],[2.152111,41.375423],[2.151756,41.375165],[2.151741,41.375156],[2.151715,41.375147],[2.151697,41.375143],[2.15165,41.375138],[2.151621,41.375138],[2.151391,41.37516],[2.150026,41.375159],[2.149952,41.37516],[2.149879,41.375168],[2.149807,41.375182],[2.149739,41.375204],[2.149674,41.375232],[2.149616,41.375266],[2.149563,41.375305],[2.149539,41.375328],[2.149487,41.375367],[2.149429,41.375401],[2.149366,41.375429],[2.149298,41.375451],[2.149228,41.375466],[2.149155,41.375474],[2.149081,41.375475],[2.149008,41.375469],[2.148937,41.375455],[2.148868,41.375435],[2.148804,41.375408],[2.148745,41.375375],[2.148684,41.375331],[2.148639,41.375288],[2.1486,41.37524],[2.148571,41.37519],[2.14855,41.375136],[2.148539,41.375082],[2.148536,41.374964],[2.148538,41.374911],[2.148548,41.374863],[2.148563,41.374823],[2.148591,41.374771],[2.148616,41.374729],[2.148648,41.374694],[2.148683,41.374664],[2.148715,41.374643],[2.14875,41.374623],[2.148806,41.374597],[2.148845,41.37458],[2.148901,41.37456],[2.148968,41.374539],[2.149083,41.374499],[2.149215,41.374456],[2.14925,41.374447],[2.149281,41.374441],[2.149356,41.37443],[2.149391,41.374418],[2.14942,41.374399],[2.149441,41.374379],[2.14946,41.374357],[2.149608,41.374138],[2.149956,41.373641],[2.151253,41.371795],[2.151271,41.371772],[2.15128,41.371747],[2.15128,41.371721],[2.15127,41.371696],[2.151252,41.371673],[2.151226,41.371655],[2.151215,41.37165],[2.150858,41.37151],[2.150432,41.371347],[2.15034,41.371319],[2.150251,41.371285],[2.150154,41.371236],[2.149979,41.37117],[2.149835,41.37111],[2.149724,41.37105],[2.14962,41.370973],[2.149565,41.370922],[2.149518,41.370868],[2.14948,41.370809],[2.14945,41.370748],[2.149431,41.370691],[2.149312,41.370118],[2.149291,41.370044],[2.149261,41.369973],[2.149222,41.369903],[2.149175,41.369837],[2.149119,41.369775],[2.149056,41.369717],[2.148985,41.369663],[2.148909,41.369615],[2.148826,41.369573],[2.148738,41.369537],[2.148647,41.369508],[2.148552,41.369485],[2.148454,41.369469],[2.148355,41.36946],[2.148255,41.369458],[2.148176,41.369462],[2.147542,41.369535],[2.147402,41.369546],[2.147261,41.36955],[2.14712,41.369547],[2.14698,41.369536],[2.146841,41.369519],[2.146704,41.369494],[2.14657,41.369462],[2.146439,41.369424],[2.146275,41.369372],[2.146234,41.369359],[2.146117,41.369316],[2.146004,41.369266],[2.145896,41.369211],[2.145794,41.36915],[2.145698,41.369083],[2.145609,41.369011],[2.145527,41.368935],[2.145453,41.368854],[2.145387,41.368769],[2.145329,41.368681],[2.14531,41.368648],[2.145206,41.368554],[2.145095,41.368465],[2.144977,41.368381],[2.144853,41.368303],[2.14479,41.368266],[2.144612,41.368177],[2.143723,41.367752],[2.143628,41.367697],[2.143539,41.367636],[2.143457,41.36757],[2.143402,41.36752],[2.143356,41.367461],[2.143319,41.367399],[2.143291,41.367335],[2.143272,41.367269],[2.143263,41.367202],[2.143263,41.367134],[2.143273,41.367067],[2.143292,41.367],[2.14332,41.366936],[2.143357,41.366874],[2.143403,41.366816],[2.143421,41.366797],[2.144482,41.365949],[2.144607,41.365856],[2.144665,41.365804],[2.144716,41.365748],[2.144759,41.365689],[2.144794,41.365626],[2.144819,41.365561],[2.144835,41.365494],[2.144841,41.365427],[2.144838,41.365359],[2.144826,41.365275],[2.144804,41.365192],[2.144773,41.36511],[2.144732,41.365031],[2.144709,41.364993],[2.14407,41.364143],[2.144034,41.364118],[2.143993,41.364099],[2.143947,41.364086],[2.143899,41.36408],[2.143851,41.364081],[2.143804,41.36409],[2.143759,41.364105],[2.14372,41.364126],[2.143705,41.364137],[2.143485,41.364315],[2.143259,41.3645],[2.143155,41.364561],[2.143046,41.364617],[2.142961,41.364654],[2.142898,41.364679],[2.142806,41.364718],[2.142721,41.364757],[2.14262,41.364813],[2.142008,41.3652],[2.141857,41.365291],[2.141799,41.365324],[2.141746,41.365349],[2.141642,41.36539],[2.141521,41.365428],[2.141397,41.36546],[2.141271,41.365484],[2.141144,41.365502],[2.141098,41.365507],[2.141051,41.365505],[2.141006,41.365495],[2.140973,41.365483],[2.140416,41.365239],[2.140363,41.365207],[2.140316,41.36517],[2.140276,41.365129],[2.140193,41.365005],[2.140102,41.364846],[2.14008,41.364786],[2.140068,41.364725],[2.140065,41.364663],[2.140076,41.364547],[2.140094,41.364465],[2.140124,41.364369],[2.140157,41.364294],[2.140171,41.364269],[2.140294,41.364082],[2.14037,41.363981],[2.140432,41.363914],[2.140519,41.36383],[2.140613,41.363751],[2.140714,41.363677],[2.140821,41.363609],[2.140935,41.363546],[2.140994,41.363516],[2.141062,41.363485]],[[2.157215,41.363485],[2.157254,41.363545],[2.1573,41.363607],[2.157381,41.363724],[2.157453,41.363845],[2.157516,41.363969],[2.157571,41.364094],[2.157616,41.364222],[2.157652,41.364352],[2.157678,41.364483],[2.157698,41.364628],[2.157702,41.364735],[2.157697,41.364843],[2.157683,41.364951],[2.157658,41.365057],[2.157625,41.365162],[2.157582,41.365265],[2.15753,41.365365],[2.157515,41.365393],[2.157446,41.365494],[2.15737,41.365591],[2.157285,41.365684],[2.157193,41.365773],[2.157093,41.365857],[2.156986,41.365937],[2.156905,41.365991],[2.156869,41.366023],[2.156841,41.366059],[2.156822,41.366099],[2.156803,41.366174],[2.156801,41.3662],[2.156805,41.366232],[2.156821,41.36627],[2.156846,41.366305],[2.156879,41.366335],[2.156919,41.366361],[2.156964,41.366381],[2.157154,41.366442],[2.157339,41.366509],[2.157536,41.366578],[2.157726,41.366652],[2.157753,41.366657],[2.157781,41.366655],[2.157807,41.366646],[2.157827,41.366631],[2.157881,41.366578],[2.157941,41.36653],[2.158008,41.366487],[2.158024,41.366479]]]},"properties":{"kind":"route","mode":"bus","surface":true,"route_id":"2.13.2833","short_name":"13","long_name":"Mercat Sant Antoni / Parc de Montju\u00efc","colour":"#DA291C","clipped":true,"inside_km":3.67}},{"type":"Feature","geometry":{"type":"LineString","coordinates":[[2.169174,41.388777],[2.168686,41.389163],[2.168645,41.389206],[2.168627,41.389231],[2.168613,41.38926],[2.168606,41.389283],[2.168602,41.38931],[2.168602,41.389341],[2.16861,41.389375],[2.168626,41.38941],[2.168654,41.389446],[2.168699,41.389485],[2.168761,41.389536],[2.169985,41.390454],[2.170002,41.390465],[2.170022,41.39047],[2.170044,41.390467],[2.170062,41.390458],[2.170362,41.390231],[2.170915,41.389815],[2.171416,41.389446],[2.171986,41.389023],[2.172453,41.388679],[2.172586,41.388567],[2.172626,41.388542],[2.172672,41.388523],[2.172721,41.388511],[2.172773,41.388506],[2.172825,41.388508],[2.172876,41.388517],[2.172923,41.388533],[2.172972,41.388558],[2.173427,41.388904],[2.173451,41.38892],[2.173479,41.38893],[2.173511,41.388933],[2.17353,41.388931],[2.173668,41.38893],[2.174282,41.388918],[2.17566,41.388919],[2.175729,41.388921],[2.175797,41.388929],[2.175862,41.388945],[2.175925,41.388967],[2.175982,41.388996],[2.175996,41.389004],[2.176518,41.389388],[2.177328,41.389988],[2.177455,41.390076],[2.177545,41.390133],[2.177974,41.390295],[2.178538,41.390521],[2.179333,41.390801],[2.179809,41.390978],[2.179854,41.391],[2.179904,41.391032],[2.179947,41.39107],[2.179961,41.391089],[2.179995,41.391126],[2.180111,41.391214],[2.180159,41.391259],[2.180207,41.391317],[2.180236,41.391359],[2.180257,41.391404],[2.180268,41.391451],[2.180268,41.391464],[2.180261,41.391495],[2.180245,41.391524],[2.180221,41.391549],[2.18019,41.39157],[2.180153,41.391585],[2.180096,41.39159],[2.180044,41.391597],[2.180018,41.391603],[2.179995,41.39161],[2.179976,41.391618],[2.178769,41.39254],[2.17787,41.393218],[2.176348,41.394359],[2.176335,41.394373],[2.17632,41.394396],[2.176303,41.394427],[2.176285,41.39447],[2.176269,41.394526],[2.176255,41.394596],[2.176245,41.394681],[2.176235,41.394874],[2.17624,41.394955],[2.176232,41.395008],[2.176214,41.395059],[2.176187,41.395108],[2.176152,41.395154],[2.176077,41.395232],[2.176025,41.395274],[2.175966,41.395311],[2.175902,41.395342],[2.175825,41.39537],[2.175744,41.395392],[2.17566,41.395407],[2.175583,41.395414],[2.175102,41.395418],[2.175088,41.395417],[2.175047,41.395419],[2.175018,41.395423],[2.174984,41.395431],[2.174945,41.395443],[2.174902,41.39546],[2.174856,41.395483],[2.174806,41.395513],[2.174377,41.395836],[2.173308,41.396638],[2.172107,41.39756],[2.171045,41.398356],[2.171028,41.398372],[2.171018,41.398384],[2.17101,41.3984],[2.171006,41.398417],[2.171007,41.398437],[2.171015,41.398459],[2.171033,41.398481],[2.171063,41.398506],[2.171236,41.398636],[2.174028,41.400707],[2.177387,41.403232],[2.177455,41.403309],[2.177532,41.403382],[2.177566,41.403434],[2.177608,41.403482],[2.177659,41.403526],[2.178682,41.404273],[2.178718,41.4043],[2.178747,41.404332],[2.178767,41.404368],[2.178779,41.404405],[2.17878,41.404444],[2.178773,41.404482],[2.178756,41.404519],[2.17873,41.404552],[2.178709,41.404572],[2.177327,41.405626],[2.176454,41.406279],[2.175097,41.407309],[2.173475,41.408531],[2.173451,41.408555],[2.173427,41.40859],[2.173411,41.408627],[2.173404,41.408667],[2.173407,41.408706],[2.173419,41.408745],[2.17344,41.408781],[2.17347,41.408814],[2.174199,41.409358],[2.176399,41.41102],[2.178192,41.412424],[2.179345,41.413351],[2.179877,41.413787],[2.180688,41.414397],[2.180796,41.414483],[2.180824,41.414512],[2.18084,41.414534],[2.180854,41.414559],[2.180865,41.414589],[2.180872,41.414624],[2.180872,41.414662],[2.180829,41.41486],[2.180821,41.414884],[2.180719,41.415258],[2.180657,41.415444],[2.180601,41.415633],[2.180572,41.415739],[2.180545,41.415848],[2.180521,41.415957],[2.180503,41.416061],[2.180501,41.416062],[2.180497,41.416107],[2.180482,41.41636],[2.180479,41.416442],[2.180456,41.417401],[2.180479,41.41768],[2.180514,41.418054],[2.180549,41.418331],[2.180563,41.418428],[2.180698,41.419034],[2.180834,41.419556],[2.180928,41.419877],[2.180939,41.41995],[2.18094,41.420022],[2.180932,41.420095],[2.180914,41.420166],[2.180887,41.420236],[2.180846,41.420326],[2.180797,41.420411],[2.180739,41.420492],[2.180673,41.42057],[2.18006,41.421229]]},"properties":{"kind":"route","mode":"bus","surface":true,"route_id":"2.19.3081","short_name":"19","long_name":"Pl. Catalunya / Sant Gen\u00eds","colour":"#DA291C","clipped":false,"inside_km":5.08}},{"type":"Feature","geometry":{"type":"LineString","coordinates":[[2.167451,41.375458],[2.165961,41.376576],[2.165536,41.3769],[2.165519,41.37691],[2.165492,41.376919],[2.165475,41.376921],[2.165456,41.376921],[2.165435,41.376917],[2.165414,41.376907],[2.165391,41.376893],[2.164459,41.376205],[2.163243,41.375286],[2.16322,41.375262],[2.163193,41.375223],[2.163184,41.375187],[2.163185,41.37501],[2.163193,41.374986],[2.163202,41.374971],[2.163215,41.374954],[2.163234,41.374937],[2.16326,41.374921],[2.163293,41.374908],[2.163335,41.374898],[2.163386,41.374893],[2.163835,41.374891],[2.165165,41.374892],[2.167242,41.37489],[2.169238,41.374883],[2.169989,41.374874],[2.170636,41.374829],[2.171075,41.374797],[2.17155,41.374768],[2.171683,41.374769],[2.17305,41.374689],[2.174145,41.374614],[2.174809,41.374564],[2.175095,41.374546],[2.175159,41.374545],[2.175222,41.374537],[2.17528,41.374526],[2.175335,41.374507],[2.175386,41.374482],[2.17543,41.374452],[2.175468,41.374417],[2.175498,41.374377],[2.175519,41.374335],[2.175531,41.37429],[2.175537,41.374238],[2.175534,41.374185],[2.175522,41.374133],[2.175508,41.374098],[2.175481,41.374048],[2.175464,41.373995],[2.175457,41.373941],[2.175452,41.373874],[2.175458,41.373807],[2.175472,41.373741],[2.175497,41.373677],[2.17553,41.373615],[2.175601,41.373515],[2.175619,41.373473],[2.175629,41.37343],[2.175628,41.373385],[2.175619,41.373342],[2.1756,41.3733],[2.175587,41.373281],[2.175404,41.373051],[2.174488,41.37192],[2.174018,41.371345],[2.173799,41.371074],[2.173765,41.371018],[2.173739,41.37096],[2.173723,41.3709],[2.17361,41.370349],[2.173535,41.369971],[2.173407,41.369358],[2.173382,41.369216],[2.173367,41.369074],[2.173365,41.369033],[2.173368,41.368823],[2.17336,41.368752],[2.173342,41.368682],[2.173315,41.368614],[2.173279,41.368549],[2.173255,41.368513],[2.173128,41.368343],[2.172924,41.368107],[2.172728,41.367867],[2.172558,41.367648],[2.172432,41.367476],[2.172314,41.367302],[2.172205,41.367124],[2.172139,41.367006],[2.172,41.366751],[2.171854,41.36646],[2.17165,41.366024],[2.171469,41.365667],[2.171348,41.365438],[2.17122,41.365219],[2.171083,41.365004],[2.170937,41.364791],[2.169975,41.363485]]},"properties":{"kind":"route","mode":"bus","surface":true,"route_id":"2.21.2973","short_name":"21","long_name":"Paral\u00b7lel / El Prat","colour":"#DA291C","clipped":false,"inside_km":2.6}},{"type":"Feature","geometry":{"type":"LineString","coordinates":[[2.164922,41.420107],[2.164821,41.420098],[2.164743,41.420098],[2.164656,41.420114],[2.164459,41.420171],[2.164123,41.420251],[2.163865,41.420305],[2.163753,41.420326],[2.16367,41.420333],[2.163237,41.420344],[2.163145,41.420354],[2.163073,41.420367],[2.1629,41.420412],[2.161979,41.420753],[2.161938,41.420765],[2.161803,41.420796],[2.16178,41.420799],[2.161759,41.4208],[2.161733,41.420798],[2.161706,41.42079],[2.161683,41.420779],[2.161635,41.420741],[2.16159,41.420698],[2.161572,41.420686],[2.161532,41.420665],[2.161518,41.420662],[2.161418,41.420628],[2.161321,41.420586],[2.161274,41.420563],[2.160756,41.420323],[2.159408,41.419703],[2.158203,41.41913],[2.157686,41.418906],[2.157384,41.418768],[2.157353,41.418759],[2.157321,41.418756],[2.157288,41.418761],[2.157259,41.418773],[2.157236,41.41879],[2.157194,41.418845],[2.157075,41.419027],[2.156994,41.419157],[2.156905,41.419284],[2.156808,41.419408],[2.156667,41.419568],[2.156613,41.419616],[2.156552,41.41966],[2.156485,41.419699],[2.156413,41.419731],[2.156336,41.419757],[2.156256,41.419777],[2.156188,41.419787],[2.156097,41.419798],[2.156004,41.419803],[2.155911,41.419799],[2.155819,41.419789],[2.155729,41.419772],[2.155659,41.419755],[2.155586,41.419745],[2.155512,41.419743],[2.155439,41.419748],[2.155367,41.41976],[2.155284,41.419782],[2.155224,41.41981],[2.155169,41.419843],[2.155125,41.419876],[2.155066,41.419927],[2.15439,41.420548],[2.153945,41.420945],[2.153875,41.420995],[2.1538,41.421039],[2.153719,41.421077],[2.153621,41.42111],[2.153519,41.421137],[2.153414,41.421156],[2.153308,41.421169],[2.1532,41.421174],[2.15313,41.421174],[2.153047,41.421171],[2.152965,41.421161],[2.152886,41.421144],[2.152809,41.42112],[2.152737,41.42109],[2.152662,41.421049],[2.152602,41.421007],[2.152549,41.42096],[2.152503,41.420909],[2.152255,41.420585],[2.152206,41.420517],[2.152148,41.420452],[2.152082,41.420391],[2.15201,41.420335],[2.151931,41.420285],[2.1519,41.420268],[2.151825,41.420234],[2.151745,41.420207],[2.151653,41.420185],[2.151559,41.420178],[2.151236,41.420185],[2.150918,41.420217],[2.150657,41.420263],[2.150069,41.420326],[2.149996,41.420337],[2.149287,41.420377],[2.149251,41.420371],[2.149217,41.420358],[2.149189,41.42034],[2.14917,41.420318],[2.1491,41.420233],[2.148966,41.420086],[2.148935,41.420041],[2.148912,41.419993],[2.148902,41.419961],[2.148891,41.419916],[2.148483,41.419072],[2.148308,41.418714],[2.14827,41.418646],[2.148224,41.418582],[2.148169,41.418521],[2.148143,41.418497],[2.147856,41.418286],[2.147822,41.418251],[2.147795,41.418212],[2.147783,41.418185],[2.147584,41.417596],[2.147537,41.417462],[2.147511,41.417401],[2.147476,41.417343],[2.147423,41.417275],[2.147361,41.417212],[2.147341,41.417194],[2.147279,41.417127],[2.147225,41.417056],[2.147179,41.416982],[2.147142,41.416905],[2.147117,41.416837],[2.14709,41.416748],[2.147076,41.416678],[2.147008,41.416485],[2.14696,41.416388],[2.146941,41.416324],[2.14693,41.416257],[2.146873,41.41599],[2.146858,41.415925],[2.146833,41.415862],[2.146799,41.415801],[2.14675,41.415736],[2.146694,41.415681],[2.146631,41.415631],[2.146591,41.415604],[2.14621,41.415414],[2.145526,41.415086],[2.145371,41.41501],[2.145223,41.414929],[2.14508,41.414841],[2.14493,41.414742],[2.144881,41.414701],[2.14484,41.414656],[2.14478,41.414571],[2.144745,41.414505],[2.144719,41.414437],[2.144702,41.414367],[2.144699,41.414344],[2.144696,41.41419],[2.144699,41.414069],[2.144712,41.413949],[2.144793,41.413505],[2.14479,41.413487],[2.144778,41.413472],[2.144556,41.413382],[2.144531,41.413366],[2.144514,41.413345],[2.144505,41.413321],[2.144506,41.413296],[2.144519,41.413269],[2.144523,41.413249],[2.144517,41.41323],[2.144503,41.413213],[2.144411,41.41316],[2.144341,41.41311],[2.144264,41.413042],[2.144214,41.413],[2.144171,41.412953],[2.143405,41.411826],[2.143264,41.411611],[2.143251,41.411579],[2.143248,41.411546],[2.143254,41.411513],[2.143268,41.411482],[2.143296,41.411461],[2.143329,41.411445],[2.143366,41.411435],[2.143975,41.411385],[2.144581,41.411338],[2.144695,41.411319],[2.144808,41.411293],[2.144871,41.411276],[2.144935,41.411256],[2.144998,41.411233],[2.145057,41.411206],[2.145112,41.411174],[2.145195,41.411119],[2.145301,41.411042],[2.145358,41.410995],[2.145416,41.410944],[2.145485,41.410878],[2.145533,41.410827],[2.1456,41.410748],[2.145643,41.410686],[2.145851,41.410266],[2.14589,41.410181],[2.145938,41.410098],[2.145994,41.410018],[2.146331,41.409592],[2.146719,41.409109],[2.147238,41.408458],[2.147404,41.408241],[2.147546,41.408071],[2.147635,41.40798],[2.147718,41.407905],[2.149149,41.406773],[2.149508,41.406453],[2.149958,41.406061],[2.149967,41.406049],[2.149988,41.406016],[2.149999,41.405992],[2.150008,41.405963],[2.150014,41.40593],[2.150017,41.405892],[2.150013,41.405851],[2.15,41.405799],[2.149979,41.405743],[2.149947,41.40568],[2.14993,41.405641],[2.149919,41.405609],[2.14991,41.405571],[2.149902,41.405516],[2.149903,41.405462],[2.149916,41.405378],[2.149937,41.405308],[2.150265,41.404464],[2.150285,41.404409],[2.150296,41.404352],[2.150297,41.404294],[2.150288,41.404237],[2.150271,41.404181],[2.150244,41.404128],[2.150208,41.404077],[2.150164,41.40403],[2.150115,41.403989],[2.150066,41.403954],[2.150024,41.403913],[2.149988,41.403873],[2.149961,41.403829],[2.149943,41.403783],[2.149888,41.40346],[2.149863,41.403267],[2.149863,41.403199],[2.149874,41.403131],[2.149894,41.403064],[2.149923,41.403],[2.149932,41.402983],[2.150055,41.402816],[2.150574,41.402149],[2.150892,41.401741],[2.15104,41.401562],[2.15108,41.401495],[2.151111,41.401424],[2.151133,41.401352],[2.151145,41.401278],[2.15115,41.401148],[2.151142,41.401069],[2.151125,41.40099],[2.151098,41.400912],[2.15108,41.400866],[2.151053,41.400823],[2.151009,41.400776],[2.150985,41.400733],[2.150969,41.400688],[2.150963,41.400642],[2.150966,41.400595],[2.150979,41.400549],[2.151001,41.400506],[2.151031,41.400465],[2.151056,41.40044],[2.151161,41.400371],[2.15126,41.400297],[2.151326,41.400241],[2.151559,41.400035],[2.151811,41.399798],[2.151959,41.399674],[2.152101,41.399546],[2.152215,41.399433],[2.152735,41.398896],[2.153094,41.398534],[2.153237,41.398333],[2.153941,41.397633],[2.154809,41.396751],[2.154918,41.396628],[2.155091,41.396391],[2.155285,41.396101],[2.155437,41.39586],[2.155513,41.395725],[2.155545,41.395685],[2.155585,41.395651],[2.155632,41.395621],[2.155684,41.395597],[2.15574,41.39558],[2.1558,41.395569],[2.155861,41.395566],[2.155922,41.39557],[2.155972,41.395578],[2.158531,41.396224],[2.159221,41.396403],[2.159265,41.39641],[2.159311,41.396413],[2.159364,41.396412],[2.159391,41.396409],[2.159422,41.396403],[2.159455,41.396393],[2.159516,41.396369],[2.159555,41.396351],[2.159599,41.396329],[2.159648,41.3963],[2.1597,41.396266],[2.159754,41.396226],[2.159817,41.396184],[2.160743,41.395433],[2.16274,41.393818],[2.163253,41.393396],[2.163984,41.392818],[2.166922,41.390452],[2.167692,41.389815],[2.167882,41.38966],[2.168011,41.389551],[2.168039,41.389531],[2.16806,41.389506],[2.168071,41.389478],[2.168077,41.389415],[2.16809,41.389379],[2.168111,41.389346],[2.168141,41.389316],[2.168189,41.389283],[2.168235,41.389262],[2.168285,41.389247],[2.168333,41.38924],[2.16837,41.389237],[2.168404,41.389226],[2.168434,41.389209],[2.169319,41.388502],[2.169335,41.388491],[2.169354,41.388482],[2.16938,41.388472],[2.169414,41.388467],[2.169454,41.388467],[2.1695,41.388475],[2.169552,41.388495],[2.16961,41.388528],[2.169674,41.388578],[2.171082,41.389616],[2.171091,41.389621],[2.171112,41.389628],[2.171141,41.38963],[2.171162,41.389626],[2.171179,41.389619],[2.171187,41.389614],[2.171416,41.389446],[2.171986,41.389023],[2.172014,41.388989],[2.172033,41.388952],[2.172043,41.388913],[2.172044,41.388873],[2.172035,41.388833],[2.172017,41.388796],[2.171991,41.388761],[2.171956,41.388731],[2.171942,41.388721],[2.170883,41.388321]]},"properties":{"kind":"route","mode":"bus","surface":true,"route_id":"2.22.3082","short_name":"22","long_name":"Pl. Catalunya / El Carmel","colour":"#DA291C","clipped":false,"inside_km":6.15}},{"type":"Feature","geometry":{"type":"LineString","coordinates":[[2.150092,41.373736],[2.150029,41.373832],[2.149615,41.374433],[2.149596,41.374473],[2.149595,41.37448],[2.149597,41.374512],[2.149608,41.374544],[2.149628,41.374572],[2.149656,41.374597],[2.149922,41.37481],[2.149991,41.374847],[2.150066,41.374878],[2.150144,41.374902],[2.150201,41.374915],[2.150369,41.37493],[2.150489,41.374937],[2.150989,41.374938],[2.151159,41.374934],[2.153942,41.374921],[2.153977,41.374913],[2.154008,41.374899],[2.154034,41.374879],[2.154051,41.374855],[2.154205,41.374576],[2.154362,41.374283],[2.155021,41.373089],[2.155022,41.37307],[2.155014,41.373052],[2.154997,41.373037],[2.154976,41.373028],[2.154125,41.372707],[2.15369,41.372535],[2.153634,41.372523],[2.153576,41.372518],[2.153507,41.372515],[2.153458,41.372504],[2.153417,41.37249],[2.15175,41.371847],[2.151214,41.37165],[2.150858,41.37151],[2.150432,41.371347],[2.15034,41.371319],[2.150251,41.371285],[2.150154,41.371236],[2.149979,41.37117],[2.149835,41.37111],[2.149724,41.37105],[2.14962,41.370973],[2.149565,41.370922],[2.149518,41.370868],[2.14948,41.370809],[2.14945,41.370748],[2.149431,41.370691],[2.149312,41.370118],[2.149291,41.370044],[2.149261,41.369973],[2.149222,41.369903],[2.149175,41.369837],[2.149119,41.369775],[2.149056,41.369717],[2.148985,41.369663],[2.148909,41.369615],[2.148826,41.369573],[2.148738,41.369537],[2.148647,41.369508],[2.148552,41.369485],[2.148454,41.369469],[2.148355,41.36946],[2.148255,41.369458],[2.148176,41.369462],[2.147542,41.369535],[2.147402,41.369546],[2.147261,41.36955],[2.14712,41.369547],[2.14698,41.369536],[2.146841,41.369519],[2.146704,41.369494],[2.14657,41.369462],[2.146439,41.369424],[2.146234,41.369359],[2.146117,41.369316],[2.146004,41.369266],[2.145896,41.369211],[2.145794,41.36915],[2.145698,41.369083],[2.145609,41.369011],[2.145527,41.368935],[2.145453,41.368854],[2.145387,41.368769],[2.145329,41.368681],[2.145313,41.368653],[2.145179,41.368316],[2.145085,41.368055],[2.144906,41.36764],[2.144865,41.367564],[2.144833,41.367486],[2.144819,41.367437],[2.144795,41.367381],[2.144762,41.367328],[2.144721,41.367278],[2.144672,41.367232],[2.144609,41.367185],[2.144577,41.367151],[2.144552,41.367114],[2.144537,41.367074],[2.14453,41.367032],[2.144534,41.36699],[2.144547,41.36695],[2.144568,41.366911],[2.144599,41.366876],[2.144636,41.366845],[2.14468,41.366816],[2.144698,41.366794],[2.144708,41.366769],[2.144709,41.366742],[2.144705,41.366725],[2.144705,41.36665],[2.144714,41.366581],[2.144742,41.366448],[2.1448,41.36633],[2.144848,41.366241],[2.144905,41.366156],[2.14497,41.366073],[2.145057,41.365973],[2.145127,41.365905],[2.145204,41.365841],[2.145288,41.365783],[2.145368,41.365736],[2.145475,41.365652],[2.145574,41.365563],[2.145666,41.36547],[2.14575,41.365372],[2.145789,41.365321],[2.145847,41.365221],[2.145896,41.365118],[2.145937,41.365012],[2.145967,41.364905],[2.145978,41.364858],[2.14603,41.364672],[2.146073,41.364484],[2.146107,41.364295],[2.14613,41.364106],[2.146139,41.364003],[2.146136,41.363911],[2.146124,41.36382],[2.146103,41.363729],[2.146064,41.363613],[2.146046,41.363533],[2.146041,41.363485]]},"properties":{"kind":"route","mode":"bus","surface":true,"route_id":"2.23.2898","short_name":"23","long_name":"Pl. Espanya / Parc Log\u00edstic","colour":"#DA291C","clipped":false,"inside_km":2.11}},{"type":"Feature","geometry":{"type":"MultiLineString","coordinates":[[[2.168842,41.387558],[2.168582,41.38746],[2.168546,41.387449],[2.168522,41.387445],[2.1685,41.387445],[2.168473,41.38745],[2.168448,41.387466],[2.168065,41.387744],[2.167447,41.3882],[2.167297,41.388304],[2.167265,41.388335],[2.167245,41.388365],[2.167241,41.388394],[2.167248,41.388418],[2.167272,41.388445],[2.167284,41.388457],[2.167387,41.388525],[2.167423,41.388554],[2.168475,41.389348],[2.168519,41.389392],[2.168556,41.38944],[2.168567,41.389462],[2.168552,41.389498],[2.168527,41.389531],[2.168495,41.389561],[2.168456,41.389585],[2.168412,41.389603],[2.16837,41.389614],[2.168287,41.389616],[2.168234,41.389619],[2.168183,41.389628],[2.168135,41.389645],[2.168096,41.389665],[2.167964,41.389769],[2.163036,41.393742],[2.162186,41.394432],[2.160653,41.395661],[2.160321,41.395934],[2.159818,41.396353],[2.159729,41.39643],[2.159648,41.396512],[2.159622,41.39654],[2.15955,41.396661],[2.159525,41.396705],[2.159483,41.396762],[2.159433,41.396814],[2.159396,41.396846],[2.159277,41.396937],[2.158609,41.397463],[2.158161,41.397824],[2.158122,41.397845],[2.158077,41.397859],[2.15803,41.397867],[2.157934,41.397878],[2.157882,41.397879],[2.15783,41.397887],[2.157782,41.397903],[2.157749,41.397917],[2.157273,41.398331],[2.155968,41.399439],[2.155508,41.399836],[2.155072,41.400206],[2.15435,41.400826],[2.15371,41.40136],[2.153635,41.40142],[2.153485,41.401548],[2.153388,41.401633],[2.153238,41.401783],[2.153059,41.401964],[2.15296,41.402074],[2.15281,41.402247],[2.152686,41.402406],[2.152574,41.402573],[2.152481,41.402746],[2.152407,41.402934],[2.15231,41.403141],[2.151947,41.403936],[2.151867,41.40404],[2.151534,41.40445],[2.151143,41.404926],[2.150617,41.405576],[2.150447,41.405758],[2.15027,41.405942],[2.149985,41.406185],[2.149933,41.406227],[2.149827,41.406308],[2.149709,41.406408],[2.149646,41.406467],[2.149616,41.406498],[2.149604,41.406517],[2.149597,41.406532],[2.149591,41.406551],[2.149588,41.406572],[2.14959,41.406595],[2.149597,41.40662],[2.149612,41.406647],[2.149636,41.406674],[2.149945,41.406934],[2.150771,41.407668],[2.150789,41.407685],[2.150808,41.407708],[2.15085,41.407776],[2.150883,41.407812],[2.150897,41.407824],[2.151242,41.408047],[2.151435,41.408125],[2.151628,41.4082],[2.151947,41.408317],[2.152196,41.408402],[2.154638,41.409274],[2.154793,41.409338],[2.154943,41.409409],[2.155066,41.409473],[2.155238,41.409567],[2.155712,41.409872],[2.155878,41.409977],[2.156038,41.410087],[2.156182,41.410195],[2.15648,41.410403],[2.156818,41.410634],[2.15698,41.410741],[2.157526,41.411111],[2.157549,41.41112],[2.157565,41.411124],[2.157584,41.411127],[2.157604,41.411129],[2.157625,41.411127],[2.157646,41.411121],[2.157666,41.41111],[2.157684,41.411094],[2.15812,41.410631],[2.158135,41.410619],[2.158148,41.410612],[2.158165,41.410606],[2.158186,41.410601],[2.158211,41.4106],[2.15824,41.410603],[2.158273,41.410613],[2.158311,41.410629],[2.159742,41.411379],[2.159823,41.411431],[2.159863,41.41146],[2.159931,41.411512],[2.16,41.411556],[2.160384,41.411759],[2.160406,41.411772],[2.16042,41.411784],[2.160434,41.411799],[2.160444,41.411817],[2.160449,41.411838],[2.160446,41.411862],[2.160434,41.411889],[2.16041,41.411919],[2.159815,41.412487],[2.159797,41.412514],[2.159788,41.412544],[2.159788,41.412575],[2.159798,41.412604],[2.159817,41.412631],[2.159843,41.412655],[2.160764,41.413228],[2.161385,41.413631],[2.161419,41.41366],[2.161445,41.413694],[2.161462,41.41373],[2.16147,41.413768],[2.161468,41.413807],[2.161457,41.413845],[2.161439,41.413892],[2.161411,41.413937],[2.161375,41.413978],[2.161332,41.414015],[2.161282,41.414046],[2.161226,41.414072],[2.161171,41.414086],[2.161113,41.414092],[2.161054,41.414092],[2.160983,41.414081],[2.16092,41.414056],[2.160861,41.414025],[2.160706,41.413948],[2.160604,41.413916],[2.160533,41.413903],[2.160468,41.413899],[2.160402,41.413901],[2.160338,41.413912],[2.160276,41.413929],[2.160119,41.413978],[2.15997,41.414032],[2.159826,41.414093],[2.159686,41.41416],[2.159552,41.414232],[2.15939,41.414328],[2.159233,41.414429],[2.159084,41.414536],[2.15894,41.414648],[2.158804,41.414764],[2.158682,41.414879],[2.158566,41.414997],[2.158458,41.415119],[2.158322,41.415276],[2.158208,41.415419],[2.158103,41.415566],[2.158023,41.415688],[2.157899,41.415905],[2.157863,41.415945],[2.157819,41.41598],[2.157768,41.41601],[2.157712,41.416034],[2.157652,41.416051],[2.157607,41.416059],[2.15753,41.416067],[2.157453,41.416068],[2.157376,41.416061],[2.157301,41.416047],[2.157229,41.416026],[2.157167,41.416002],[2.157076,41.41595],[2.155981,41.415202],[2.155919,41.415171],[2.155852,41.415146],[2.155781,41.415127],[2.155708,41.415116],[2.155634,41.415112],[2.155554,41.415115],[2.15549,41.415126],[2.155427,41.415143],[2.155369,41.415167],[2.155316,41.415197],[2.155269,41.415233],[2.15523,41.415273],[2.155207,41.415303],[2.155185,41.415349],[2.155171,41.415398],[2.155167,41.415448],[2.155173,41.415498],[2.155188,41.415547],[2.155207,41.415587],[2.155235,41.415625],[2.15527,41.415658],[2.155313,41.415686],[2.155418,41.415732],[2.155894,41.415898],[2.155969,41.415929],[2.156038,41.415967],[2.156102,41.41601],[2.156159,41.416058],[2.156209,41.416111],[2.156226,41.416132],[2.156385,41.416391],[2.15643,41.416457],[2.156484,41.416518],[2.156557,41.416591],[2.156585,41.416631],[2.156603,41.416674],[2.156613,41.416719],[2.156613,41.416764],[2.156603,41.416808],[2.156538,41.416952],[2.156415,41.417212],[2.156398,41.417262],[2.15639,41.417313],[2.156392,41.417365],[2.156403,41.417415],[2.156424,41.417464],[2.156453,41.417511],[2.156491,41.417554],[2.156536,41.417592],[2.156582,41.417622],[2.156633,41.417649],[2.156683,41.417668],[2.156978,41.417769],[2.157042,41.417783],[2.157108,41.41779],[2.157174,41.41779],[2.15724,41.417783],[2.157304,41.417769],[2.157364,41.417748],[2.15742,41.417721],[2.157433,41.417714],[2.158247,41.417111],[2.158534,41.416895],[2.158585,41.41685],[2.158628,41.416801],[2.158663,41.416749],[2.15869,41.416693],[2.158715,41.41663],[2.158745,41.416582],[2.158774,41.416548],[2.158804,41.41652],[2.15884,41.416497],[2.158882,41.41648],[2.158928,41.41647],[2.158975,41.416467],[2.159022,41.416471],[2.159054,41.416478],[2.159096,41.416495],[2.159133,41.416518],[2.159163,41.416545],[2.159185,41.416577],[2.1592,41.416618],[2.1592,41.416653],[2.159191,41.416687],[2.159173,41.416719],[2.159146,41.416747],[2.159083,41.416793],[2.159034,41.416818],[2.158949,41.41685],[2.158844,41.416895],[2.158745,41.416947],[2.158639,41.417013],[2.158529,41.417113],[2.15769,41.417891],[2.157508,41.418064],[2.157468,41.418125],[2.157436,41.418189],[2.157415,41.418249],[2.157336,41.418583],[2.157322,41.418625],[2.157323,41.418653],[2.157333,41.41868],[2.157352,41.418704],[2.157379,41.418723],[2.157687,41.418872],[2.157798,41.418938],[2.157903,41.41901],[2.158002,41.419087],[2.158044,41.419123],[2.158356,41.419368],[2.158529,41.419503],[2.158601,41.419555],[2.15868,41.419601],[2.158764,41.419641],[2.159141,41.419806],[2.159201,41.419835],[2.159256,41.41987],[2.159303,41.41991],[2.159344,41.419955],[2.159488,41.420159],[2.159551,41.420223],[2.159621,41.420283],[2.159697,41.420336],[2.159912,41.420451],[2.160367,41.420659],[2.160559,41.42075],[2.160602,41.420779],[2.160639,41.420812],[2.160667,41.42085],[2.160686,41.420891],[2.160697,41.420933],[2.160698,41.420977],[2.160688,41.421023],[2.160597,41.421208],[2.160591,41.421229]],[[2.161989,41.421229],[2.162249,41.421147],[2.162629,41.42102],[2.162841,41.420955],[2.16291,41.420941],[2.162982,41.420934],[2.163053,41.420935],[2.163146,41.420944],[2.163206,41.420958],[2.163263,41.420978],[2.163312,41.421002],[2.163409,41.421062],[2.163452,41.421084],[2.163474,41.421093],[2.163508,41.421104],[2.163554,41.421118],[2.163607,41.421127],[2.163631,41.421128],[2.163653,41.421126],[2.163669,41.421119],[2.163671,41.42112],[2.163668,41.421122],[2.163703,41.421105],[2.163736,41.421085],[2.163764,41.421062],[2.163834,41.420999],[2.163844,41.420995],[2.163853,41.420995],[2.163867,41.421004],[2.163873,41.421011],[2.163874,41.421017],[2.163871,41.421023],[2.163715,41.421165],[2.163701,41.421175],[2.163689,41.42118],[2.163669,41.421182],[2.16364,41.421177],[2.163519,41.421146],[2.163486,41.421136],[2.163439,41.421119],[2.163384,41.421095],[2.163303,41.421051],[2.163236,41.42102],[2.163174,41.420997],[2.163138,41.420986],[2.1631,41.420976],[2.163072,41.420972],[2.163039,41.42097],[2.162933,41.420976],[2.162902,41.420979],[2.162693,41.421041]]]},"properties":{"kind":"route","mode":"bus","surface":true,"route_id":"2.24.2840","short_name":"24","long_name":"Pl. Catalunya / El Carmel","colour":"#DA291C","clipped":true,"inside_km":5.95}},{"type":"Feature","geometry":{"type":"LineString","coordinates":[[2.139007,41.378372],[2.138752,41.378603],[2.138726,41.378621],[2.138706,41.378632],[2.138681,41.378642],[2.138654,41.378649],[2.138624,41.37865],[2.138593,41.378645],[2.138562,41.378631],[2.13853,41.378606],[2.138516,41.378587],[2.138392,41.378442],[2.138361,41.378403],[2.13833,41.378359],[2.138299,41.378308],[2.138286,41.378281],[2.138159,41.377985],[2.138151,41.377959],[2.138142,41.377919],[2.138138,41.37787],[2.13814,41.377823],[2.138146,41.377789],[2.138155,41.377762],[2.138166,41.377739],[2.138179,41.377718],[2.138202,41.377688],[2.138238,41.377655],[2.138287,41.377622],[2.138353,41.377594],[2.138437,41.377575],[2.13854,41.377571],[2.138664,41.377586],[2.138811,41.377624],[2.138884,41.377646],[2.139952,41.377958],[2.140012,41.377977],[2.140113,41.378014],[2.140174,41.378039],[2.140239,41.378068],[2.140306,41.378101],[2.140373,41.378138],[2.141338,41.378743],[2.141404,41.378788],[2.141457,41.378826],[2.141519,41.378876],[2.141589,41.378935],[2.141664,41.379005],[2.141742,41.379086],[2.14182,41.379176],[2.141896,41.379276],[2.141956,41.37935],[2.142115,41.379553],[2.142164,41.37962],[2.142222,41.379683],[2.142273,41.379729],[2.142771,41.380105],[2.142922,41.380223],[2.142986,41.380265],[2.143056,41.380302],[2.14313,41.380333],[2.143369,41.380414],[2.143742,41.380557],[2.144239,41.380773],[2.144275,41.380792],[2.144304,41.380816],[2.144326,41.380844],[2.144344,41.380874],[2.144353,41.380906],[2.144353,41.380938],[2.144343,41.38097],[2.144324,41.380999],[2.144309,41.381015],[2.144144,41.381131],[2.143983,41.381249],[2.142852,41.382098],[2.142797,41.382141],[2.142749,41.382189],[2.142709,41.382241],[2.142678,41.382296],[2.142655,41.382354],[2.142642,41.382413],[2.142639,41.382472],[2.142746,41.384059],[2.14285,41.385559],[2.142872,41.385851],[2.142891,41.386049],[2.142938,41.386413],[2.143058,41.387141],[2.143161,41.387668],[2.143224,41.387952],[2.143523,41.389201],[2.143811,41.390317],[2.143852,41.390468],[2.144063,41.391125],[2.144079,41.391149],[2.144102,41.391168],[2.144132,41.391182],[2.144165,41.391189],[2.1442,41.391189],[2.144234,41.391182],[2.144263,41.391168],[2.144289,41.391147],[2.144589,41.390923],[2.144629,41.390895],[2.144675,41.390873],[2.144725,41.390857],[2.144779,41.390848],[2.144833,41.390846],[2.144887,41.390852],[2.144939,41.390864],[2.144987,41.390883],[2.14503,41.390908],[2.145755,41.391439],[2.146213,41.391767],[2.146961,41.392314],[2.148262,41.393257],[2.148283,41.393276],[2.148295,41.393299],[2.148297,41.393323],[2.148291,41.393347],[2.148275,41.393368],[2.148266,41.393376],[2.148058,41.393515],[2.146983,41.394345],[2.146968,41.394362],[2.146961,41.394382],[2.146965,41.394402],[2.146977,41.39442],[2.146992,41.394431],[2.14786,41.394983],[2.149174,41.395797],[2.149568,41.396051],[2.150991,41.396953],[2.152079,41.397672],[2.153174,41.398381],[2.153204,41.39841],[2.153226,41.398443],[2.153238,41.398478],[2.153242,41.398515],[2.153236,41.398551],[2.153221,41.398586],[2.153204,41.39861],[2.152859,41.398955],[2.151509,41.400294],[2.151482,41.400328],[2.151445,41.400398],[2.151417,41.400434],[2.151365,41.400488],[2.151322,41.400545],[2.151288,41.400606],[2.151263,41.400668],[2.151247,41.400733],[2.151241,41.400799],[2.151244,41.400859],[2.15128,41.401155],[2.15128,41.401234],[2.151271,41.401314],[2.151252,41.401392],[2.151223,41.401469],[2.1512,41.401517],[2.15114,41.401607],[2.151076,41.401686],[2.150079,41.402975],[2.150041,41.403021],[2.150011,41.403071],[2.14999,41.403123],[2.149979,41.403176],[2.149977,41.403231],[2.150053,41.403643],[2.150075,41.403753],[2.150088,41.403788],[2.150109,41.403822],[2.150305,41.404014],[2.150348,41.404067],[2.150382,41.404125],[2.150408,41.404185],[2.150424,41.404246],[2.150431,41.404309],[2.150428,41.404372],[2.150417,41.404424],[2.150131,41.405135],[2.150077,41.405275],[2.150034,41.405394],[2.15003,41.405435],[2.150029,41.4055],[2.150034,41.405582],[2.150042,41.405626],[2.150053,41.405672],[2.150079,41.405744],[2.150099,41.405815],[2.150108,41.405862],[2.150112,41.405913],[2.15011,41.405968],[2.150101,41.406023],[2.150081,41.406077],[2.150048,41.406127],[2.150021,41.406153],[2.149961,41.406204],[2.149859,41.406283],[2.149773,41.406353],[2.149709,41.406408],[2.149646,41.406467],[2.149618,41.406496],[2.149611,41.406506],[2.149597,41.406532],[2.149591,41.406551],[2.149588,41.406572],[2.14959,41.406595],[2.149597,41.40662],[2.149612,41.406647],[2.149636,41.406674],[2.149945,41.406934],[2.149956,41.406946],[2.149971,41.406969],[2.149988,41.407003],[2.150003,41.407049],[2.150008,41.407076],[2.150021,41.407113],[2.150026,41.407139],[2.150028,41.40717],[2.150028,41.407207],[2.150021,41.407246],[2.150008,41.407289],[2.149985,41.407334],[2.149953,41.407379],[2.149644,41.407796],[2.149454,41.408044],[2.149388,41.408125],[2.148753,41.408756],[2.14799,41.409461],[2.147352,41.41003],[2.146905,41.410433],[2.146557,41.410711],[2.146285,41.410907],[2.145677,41.411356],[2.145547,41.411457],[2.14541,41.411552],[2.145266,41.411643],[2.145117,41.411727],[2.144966,41.411804],[2.143843,41.412171],[2.143437,41.412351],[2.143353,41.412397],[2.143276,41.412448],[2.143205,41.412504],[2.143141,41.412566],[2.143085,41.412631],[2.143056,41.412671],[2.143022,41.41275],[2.142998,41.412831],[2.142983,41.412914],[2.142978,41.412985],[2.143056,41.414009],[2.143065,41.414098],[2.143064,41.414187],[2.143054,41.414276],[2.143035,41.414364],[2.143006,41.414451],[2.142968,41.414536],[2.142922,41.414617],[2.142617,41.415089],[2.142178,41.415794],[2.141932,41.416172],[2.14144,41.416951],[2.141329,41.417141],[2.141228,41.417334],[2.141204,41.417383],[2.141152,41.417528],[2.14111,41.417675],[2.141078,41.417823],[2.141055,41.417973],[2.141045,41.418068],[2.140881,41.41911],[2.140635,41.420722],[2.14063,41.420802],[2.140634,41.420884],[2.140649,41.420979],[2.140663,41.421043],[2.140686,41.421106],[2.140719,41.421167],[2.140762,41.421216],[2.140771,41.421229]]},"properties":{"kind":"route","mode":"bus","surface":true,"route_id":"2.27.2841","short_name":"27","long_name":"Estaci\u00f3 de Sants / Roquetes","colour":"#DA291C","clipped":false,"inside_km":5.37}},{"type":"Feature","geometry":{"type":"LineString","coordinates":[[2.114718,41.387704],[2.115121,41.387805],[2.11519,41.387827],[2.115254,41.387855],[2.115338,41.387905],[2.115369,41.387914],[2.115402,41.387917],[2.115435,41.387913],[2.115465,41.387902],[2.115489,41.387885],[2.115498,41.387875],[2.116055,41.387067],[2.116275,41.386741],[2.116754,41.38605],[2.116759,41.386011],[2.116755,41.385971],[2.11673,41.385905],[2.116731,41.385879],[2.116879,41.38554],[2.116897,41.385512],[2.116922,41.385488],[2.116955,41.385469],[2.116992,41.385456],[2.117032,41.38545],[2.117073,41.385451],[2.117113,41.385459],[2.118715,41.38589],[2.122073,41.386745],[2.123468,41.387096],[2.125899,41.387714],[2.126898,41.387961],[2.127254,41.388045],[2.128921,41.388467],[2.132496,41.389376],[2.133378,41.389603],[2.140296,41.391365],[2.142821,41.39205],[2.143837,41.392305],[2.143985,41.392332],[2.144126,41.392345],[2.144274,41.392352],[2.144376,41.392353],[2.144534,41.392365],[2.144611,41.392375],[2.144685,41.392392],[2.144756,41.392416],[2.144822,41.392446],[2.144883,41.392483],[2.144918,41.392508],[2.144955,41.392544],[2.144984,41.392584],[2.145,41.392618],[2.145053,41.392746],[2.145077,41.39278],[2.145108,41.392809],[2.145147,41.392834],[2.145191,41.392853],[2.145213,41.39286],[2.146435,41.393168],[2.14921,41.393874],[2.154306,41.395163],[2.155972,41.395578],[2.158531,41.396224],[2.159221,41.396403],[2.159287,41.396412],[2.159337,41.396413],[2.159364,41.396412],[2.159391,41.396409],[2.159421,41.396403],[2.159446,41.3964],[2.15949,41.396398],[2.159517,41.396399],[2.159547,41.396401],[2.159579,41.396406],[2.159612,41.396415],[2.159645,41.396426],[2.160051,41.396609],[2.160136,41.396638],[2.16275,41.397288],[2.164716,41.397781],[2.164754,41.397789],[2.16478,41.397792],[2.164809,41.397793],[2.164841,41.397792],[2.164874,41.397788],[2.164909,41.39778],[2.164943,41.397767],[2.164958,41.397763],[2.165024,41.397751],[2.165083,41.397746],[2.165114,41.397747],[2.165145,41.397751],[2.16562,41.397867],[2.166415,41.398066],[2.168349,41.398544],[2.168375,41.398548],[2.168401,41.398545],[2.168428,41.398533],[2.168797,41.398247],[2.169551,41.397675],[2.169592,41.39765],[2.169638,41.397631],[2.169688,41.397618],[2.169741,41.397613],[2.169793,41.397614],[2.169845,41.397623],[2.169893,41.397639],[2.169937,41.397661],[2.169975,41.397688],[2.171236,41.398636],[2.174028,41.400707],[2.177387,41.403232],[2.179371,41.404713],[2.182439,41.40701],[2.183222,41.407595],[2.18325,41.40761],[2.183824,41.408036],[2.18449,41.408543],[2.185044,41.408957],[2.185701,41.409458],[2.186903,41.410369],[2.187569,41.410888],[2.188058,41.411251],[2.189836,41.412559],[2.189896,41.412596],[2.189962,41.412627],[2.190033,41.412653],[2.190107,41.412671],[2.190184,41.412683],[2.19023,41.412686],[2.190268,41.412681],[2.190304,41.41267],[2.190335,41.412652],[2.190352,41.412637],[2.190929,41.412197],[2.191264,41.41195],[2.191279,41.411942],[2.1913,41.411934],[2.191326,41.411928],[2.191356,41.411926],[2.191391,41.411929],[2.19143,41.411938],[2.191473,41.411956],[2.191519,41.411985],[2.191727,41.412148],[2.192027,41.412367],[2.194619,41.414319],[2.195014,41.414609],[2.196638,41.415832],[2.19978,41.418174],[2.200265,41.418538],[2.200425,41.41868],[2.200614,41.41884],[2.201271,41.41934],[2.201449,41.419472],[2.201483,41.419503],[2.201509,41.419537],[2.201526,41.419575],[2.201534,41.419614],[2.201533,41.419653],[2.201522,41.419692],[2.201502,41.419729],[2.201493,41.41974],[2.201148,41.419999],[2.199809,41.421033],[2.19954,41.421229]]},"properties":{"kind":"route","mode":"bus","surface":true,"route_id":"2.33.2846","short_name":"33","long_name":"Zona Universit\u00e0ria / Verneda","colour":"#DA291C","clipped":false,"inside_km":8.56}},{"type":"Feature","geometry":{"type":"LineString","coordinates":[[2.125278,41.391981],[2.125493,41.391509],[2.125573,41.391365],[2.125816,41.390839],[2.126791,41.388657],[2.12704,41.388106],[2.127058,41.388081],[2.127083,41.38806],[2.127115,41.388044],[2.127151,41.388034],[2.127189,41.388032],[2.127227,41.388036],[2.127254,41.388045],[2.128921,41.388467],[2.132496,41.389376],[2.133378,41.389603],[2.140296,41.391365],[2.142821,41.39205],[2.143837,41.392305],[2.143985,41.392332],[2.144126,41.392345],[2.144274,41.392352],[2.144376,41.392353],[2.144534,41.392365],[2.144611,41.392375],[2.144685,41.392392],[2.144756,41.392416],[2.144822,41.392446],[2.144883,41.392483],[2.144918,41.392508],[2.144955,41.392544],[2.144984,41.392584],[2.145,41.392618],[2.145053,41.392746],[2.145077,41.39278],[2.145108,41.392809],[2.145147,41.392834],[2.145191,41.392853],[2.145213,41.39286],[2.146435,41.393168],[2.14921,41.393874],[2.154306,41.395163],[2.155972,41.395578],[2.158531,41.396224],[2.159221,41.396403],[2.159287,41.396412],[2.159337,41.396413],[2.159364,41.396412],[2.159391,41.396409],[2.159421,41.396403],[2.159446,41.3964],[2.15949,41.396398],[2.159517,41.396399],[2.159547,41.396401],[2.159579,41.396406],[2.159612,41.396415],[2.159645,41.396426],[2.160051,41.396609],[2.160136,41.396638],[2.16275,41.397288],[2.164716,41.397781],[2.164754,41.397789],[2.16478,41.397792],[2.164809,41.397793],[2.164841,41.397792],[2.164874,41.397788],[2.164909,41.39778],[2.164943,41.397767],[2.164958,41.397763],[2.165024,41.397751],[2.165083,41.397746],[2.165114,41.397747],[2.165145,41.397751],[2.16562,41.397867],[2.166415,41.398066],[2.168349,41.398544],[2.168375,41.398548],[2.168401,41.398545],[2.168428,41.398533],[2.168797,41.398247],[2.169551,41.397675],[2.169592,41.39765],[2.169638,41.397631],[2.169688,41.397618],[2.169741,41.397613],[2.169793,41.397614],[2.169845,41.397623],[2.169893,41.397639],[2.169937,41.397661],[2.171236,41.398636],[2.174028,41.400707],[2.177387,41.403232],[2.179371,41.404713],[2.182439,41.40701],[2.183222,41.407595],[2.18325,41.40761],[2.183824,41.408036],[2.18449,41.408543],[2.185044,41.408957],[2.185701,41.409458],[2.186903,41.410369],[2.187569,41.410888],[2.188058,41.411251],[2.189836,41.412559],[2.189927,41.412638],[2.190012,41.412722],[2.190088,41.41281],[2.190156,41.412902],[2.190216,41.412998],[2.190267,41.413096],[2.19028,41.413125],[2.19054,41.413887],[2.190976,41.415105],[2.19119,41.415583],[2.191447,41.416591],[2.19148,41.416997],[2.19147,41.417266],[2.19144,41.417658],[2.191383,41.418696],[2.191357,41.419352],[2.191267,41.421229]]},"properties":{"kind":"route","mode":"bus","surface":true,"route_id":"2.34.2847","short_name":"34","long_name":"Pg. Manuel Girona / Pl. Virrei Amat","colour":"#DA291C","clipped":false,"inside_km":7.04}},{"type":"Feature","geometry":{"type":"LineString","coordinates":[[2.172931,41.421229],[2.172964,41.420907],[2.173044,41.420166],[2.173039,41.420129],[2.173025,41.420093],[2.173014,41.420074],[2.171969,41.418569],[2.171017,41.417136],[2.170981,41.417099],[2.170941,41.417068],[2.17029,41.416591],[2.170199,41.416522],[2.170153,41.416483],[2.170101,41.416442],[2.170056,41.416397],[2.169634,41.41592],[2.169587,41.41587],[2.169531,41.415826],[2.16947,41.415787],[2.169402,41.415753],[2.16933,41.415726],[2.169254,41.415705],[2.169175,41.415691],[2.169095,41.415685],[2.169014,41.415685],[2.168934,41.415693],[2.168383,41.415784],[2.168303,41.415799],[2.168221,41.415807],[2.168138,41.415808],[2.168056,41.415802],[2.167976,41.415788],[2.167898,41.415768],[2.167871,41.415759],[2.167786,41.415726],[2.167353,41.415538],[2.167157,41.41545],[2.167033,41.415389],[2.166902,41.415317],[2.166835,41.415287],[2.166762,41.415262],[2.166687,41.415245],[2.166609,41.415234],[2.166563,41.415231],[2.166474,41.415219],[2.166387,41.4152],[2.166303,41.415174],[2.166168,41.41512],[2.166094,41.415081],[2.166026,41.415037],[2.165965,41.414987],[2.165938,41.414962],[2.165908,41.414938],[2.165872,41.414919],[2.165831,41.414907],[2.165802,41.414903],[2.16532,41.414852],[2.165017,41.414816],[2.164715,41.414772],[2.164415,41.414722],[2.164117,41.414664],[2.163822,41.4146],[2.16357,41.41454],[2.163321,41.414474],[2.163045,41.414391],[2.162312,41.414149],[2.162197,41.414104],[2.161536,41.413802],[2.161447,41.413753],[2.161363,41.413699],[2.161333,41.413676],[2.161304,41.413646],[2.161283,41.413612],[2.161271,41.413575],[2.161269,41.413538],[2.161276,41.4135],[2.161293,41.413465],[2.161318,41.413433],[2.161804,41.412863],[2.162146,41.412495],[2.16236,41.412245],[2.162931,41.411586],[2.162986,41.411512],[2.163091,41.411337],[2.163221,41.411172],[2.163359,41.41101],[2.163436,41.410915],[2.16352,41.410824],[2.163616,41.410733],[2.163719,41.410646],[2.163797,41.410587],[2.163819,41.410566],[2.163832,41.410542],[2.163837,41.410516],[2.163832,41.410491],[2.163817,41.410467],[2.163795,41.410447],[2.16378,41.410438],[2.162692,41.409871],[2.162537,41.409771],[2.161236,41.409089],[2.160212,41.408554],[2.158617,41.407717],[2.158209,41.407486],[2.158134,41.407439],[2.1571,41.406754],[2.156454,41.406331],[2.156014,41.406036],[2.155411,41.405638],[2.154985,41.405354],[2.154542,41.405067],[2.154331,41.404924],[2.154258,41.404868],[2.154243,41.404845],[2.154237,41.40482],[2.154241,41.404795],[2.154254,41.404771],[2.154269,41.404755],[2.154896,41.404193],[2.155185,41.403929],[2.155237,41.403892],[2.155759,41.403402],[2.156315,41.402894],[2.156707,41.402512],[2.156964,41.402273],[2.157922,41.401482],[2.157949,41.401466],[2.157982,41.401456],[2.157995,41.401455],[2.158024,41.401446],[2.158222,41.401318],[2.158388,41.401201],[2.158598,41.401045],[2.158743,41.400926],[2.159628,41.400092],[2.159649,41.400057],[2.159684,41.400012],[2.159926,41.399785],[2.160357,41.399346],[2.160726,41.398976],[2.161469,41.398262],[2.161484,41.398246],[2.16149,41.398226],[2.161487,41.398206],[2.161474,41.398188],[2.160815,41.397682],[2.160786,41.397656],[2.160764,41.397627],[2.160752,41.397594],[2.160749,41.397561],[2.160756,41.397528],[2.160771,41.397496],[2.160796,41.397468],[2.161159,41.397187],[2.161886,41.396642],[2.162092,41.396481],[2.163887,41.395133],[2.16463,41.394563],[2.166128,41.393431],[2.166792,41.392933],[2.168417,41.391709],[2.169602,41.390805],[2.170057,41.39046],[2.170915,41.389815],[2.171416,41.389446],[2.171986,41.389023],[2.172453,41.388679],[2.172586,41.388567],[2.172626,41.388542],[2.172672,41.388523],[2.172721,41.388511],[2.172773,41.388506],[2.172825,41.388508],[2.172876,41.388517],[2.172923,41.388533],[2.172972,41.388558],[2.173046,41.388628],[2.173111,41.388702],[2.173169,41.388778],[2.173227,41.388845],[2.173293,41.388908],[2.173382,41.388977],[2.173436,41.38903],[2.173482,41.389087],[2.17352,41.389148],[2.173549,41.389211],[2.173567,41.389268],[2.173578,41.389308],[2.17358,41.389351],[2.173575,41.389386],[2.17357,41.389406],[2.173564,41.389421],[2.173547,41.389453],[2.173531,41.389474],[2.173516,41.389486],[2.173494,41.389499],[2.173459,41.389516],[2.173429,41.389528],[2.173381,41.389539],[2.17333,41.389548],[2.173277,41.389549],[2.173226,41.389543],[2.173176,41.38953],[2.173131,41.38951],[2.173091,41.389485],[2.172873,41.389321]]},"properties":{"kind":"route","mode":"bus","surface":true,"route_id":"2.39.3075","short_name":"39","long_name":"Pl. Urquinaona / Pl. Catalana","colour":"#DA291C","clipped":false,"inside_km":4.99}},{"type":"Feature","geometry":{"type":"LineString","coordinates":[[2.152561,41.374852],[2.153272,41.37485],[2.153291,41.374851],[2.153309,41.374855],[2.153334,41.374867],[2.153347,41.374877],[2.153357,41.374889],[2.153364,41.374903],[2.153367,41.375022],[2.153365,41.37504],[2.153353,41.375055],[2.153335,41.375066],[2.153312,41.375071],[2.152147,41.375075],[2.152018,41.375086],[2.15189,41.375104],[2.15181,41.37512],[2.151391,41.37516],[2.149952,41.37516],[2.149879,41.375168],[2.149807,41.375182],[2.149739,41.375204],[2.149674,41.375232],[2.149616,41.375266],[2.149563,41.375305],[2.149539,41.375328],[2.149487,41.375367],[2.149429,41.375401],[2.149366,41.375429],[2.149298,41.375451],[2.149228,41.375466],[2.149155,41.375474],[2.149081,41.375475],[2.149008,41.375469],[2.148937,41.375455],[2.148868,41.375435],[2.148804,41.375408],[2.148745,41.375375],[2.148692,41.375337],[2.148639,41.375288],[2.1486,41.37524],[2.148571,41.37519],[2.14855,41.375136],[2.148541,41.375091],[2.148523,41.374933],[2.148511,41.374854],[2.148494,41.374799],[2.148478,41.374758],[2.148445,41.374717],[2.148247,41.374552],[2.148129,41.374457],[2.14807,41.374407],[2.147684,41.374117],[2.147166,41.37372],[2.147094,41.373657],[2.147043,41.373606],[2.147021,41.37358],[2.146985,41.37353],[2.146955,41.373492],[2.146909,41.373444],[2.14688,41.373419],[2.146847,41.373393],[2.14681,41.373368],[2.146726,41.373302],[2.14492,41.371919],[2.142655,41.370203],[2.13964,41.367945],[2.138851,41.36732],[2.138743,41.367274],[2.138596,41.367225],[2.138494,41.367174],[2.13651,41.365737],[2.136177,41.365483],[2.135916,41.365289],[2.135802,41.365206],[2.135691,41.36514],[2.135546,41.365093],[2.135476,41.365083],[2.135369,41.365081],[2.135266,41.36507],[2.135176,41.365043],[2.135106,41.365009],[2.135061,41.364982],[2.135003,41.364933],[2.13494,41.364862],[2.13491,41.364786],[2.13489,41.364695],[2.134893,41.364629],[2.134898,41.364593],[2.134898,41.364564],[2.134897,41.36454],[2.134883,41.364516],[2.134863,41.364492],[2.134766,41.364412],[2.134547,41.364253],[2.133885,41.363813],[2.133495,41.363514],[2.133457,41.363485]]},"properties":{"kind":"route","mode":"bus","surface":true,"route_id":"2.46.2975","short_name":"46","long_name":"Pl. Espanya / Aeroport BCN","colour":"#DA291C","clipped":false,"inside_km":2.15}},{"type":"Feature","geometry":{"type":"LineString","coordinates":[[2.196483,41.385828],[2.19673,41.385641],[2.196749,41.385619],[2.19676,41.385594],[2.196761,41.385568],[2.196753,41.385543],[2.196736,41.38552],[2.196721,41.385507],[2.196392,41.385261],[2.195986,41.384961],[2.195805,41.384824],[2.195758,41.384794],[2.195678,41.384754],[2.195634,41.384724],[2.195598,41.384693],[2.19558,41.384676],[2.195565,41.384656],[2.195449,41.384476],[2.194971,41.383691],[2.194638,41.383158],[2.193003,41.380505],[2.192082,41.378998],[2.192059,41.378967],[2.192029,41.37894],[2.191992,41.378918],[2.19195,41.378903],[2.19166,41.37884],[2.188257,41.378085],[2.188226,41.378081],[2.188196,41.378084],[2.188168,41.378094],[2.188145,41.37811],[2.18813,41.37813],[2.188128,41.378136],[2.187005,41.380967],[2.186894,41.381268],[2.186757,41.381617],[2.186706,41.381721],[2.186646,41.381823],[2.186589,41.381889],[2.186524,41.381951],[2.186497,41.381974],[2.186457,41.382014],[2.18641,41.382048],[2.186279,41.382116],[2.186202,41.382147],[2.186121,41.382171],[2.18602,41.382191],[2.185935,41.382201],[2.185814,41.382209],[2.18571,41.382224],[2.185558,41.382255],[2.185475,41.382278],[2.185395,41.382309],[2.185385,41.382313],[2.185351,41.382334],[2.185321,41.382364],[2.18529,41.382389],[2.185253,41.382408],[2.184498,41.382763],[2.183934,41.383032],[2.183789,41.383104],[2.183745,41.383122],[2.183698,41.383133],[2.183649,41.383137],[2.1836,41.383133],[2.183553,41.383123],[2.183509,41.383106],[2.18347,41.383083],[2.183181,41.382726],[2.183154,41.382684],[2.183136,41.382639],[2.18313,41.382614],[2.183109,41.382563],[2.183079,41.382514],[2.182245,41.381512],[2.182217,41.381494],[2.182184,41.381482],[2.182148,41.381477],[2.182112,41.381479],[2.182077,41.381488],[2.182051,41.3815],[2.181148,41.382187],[2.179241,41.383611],[2.178697,41.384037],[2.178062,41.384525],[2.177522,41.384934],[2.17703,41.385303],[2.176862,41.385437],[2.176488,41.385712],[2.176238,41.385904],[2.175797,41.38623],[2.175229,41.386663],[2.173092,41.38828],[2.172903,41.388432],[2.172902,41.388451],[2.172906,41.38848],[2.172911,41.388496],[2.172919,41.388513],[2.172932,41.38853],[2.172949,41.388546],[2.172972,41.38856],[2.172972,41.388558],[2.173046,41.388628],[2.173111,41.388702],[2.173169,41.388778],[2.173227,41.388845],[2.173293,41.388908],[2.173382,41.388977],[2.173436,41.38903],[2.173482,41.389087],[2.17352,41.389148],[2.173549,41.389211],[2.173567,41.389268],[2.173578,41.389308],[2.17358,41.389351],[2.173575,41.389386],[2.17357,41.389406],[2.173564,41.389421],[2.173547,41.389453],[2.173438,41.38962],[2.173376,41.389699],[2.173307,41.389775],[2.173229,41.389846],[2.170669,41.391791],[2.170402,41.391993],[2.169821,41.39242],[2.169588,41.392599],[2.1679,41.39388],[2.166598,41.394865],[2.16622,41.395139],[2.165676,41.395551],[2.163918,41.396875],[2.163307,41.397344],[2.163261,41.397385],[2.163223,41.39743],[2.163193,41.397479],[2.163185,41.397497],[2.163169,41.397542],[2.163163,41.397589],[2.163166,41.397636],[2.163172,41.397663],[2.163191,41.397698],[2.163217,41.397729],[2.163712,41.398099],[2.164331,41.398569],[2.165796,41.399659],[2.165976,41.399787],[2.167566,41.400983],[2.167593,41.401013],[2.167605,41.401042],[2.167611,41.401074],[2.167608,41.401107],[2.167595,41.401139],[2.167574,41.401168],[2.167562,41.401179],[2.167062,41.401556],[2.16655,41.401928],[2.165576,41.402682],[2.165555,41.40271],[2.165543,41.402741],[2.165541,41.402773],[2.165548,41.402805],[2.165564,41.402835],[2.165588,41.402861],[2.165851,41.403071],[2.168554,41.405119],[2.169075,41.405503],[2.171249,41.407145],[2.17128,41.407174],[2.173075,41.408521],[2.174199,41.409358],[2.176399,41.41102],[2.178192,41.412424],[2.179345,41.413351],[2.179877,41.413787],[2.180688,41.414397],[2.180787,41.414476],[2.180809,41.414495],[2.180824,41.414512],[2.18084,41.414534],[2.180854,41.414559],[2.180865,41.414589],[2.180872,41.414624],[2.180872,41.414662],[2.180829,41.41486],[2.180821,41.414884],[2.180719,41.415258],[2.180657,41.415444],[2.180601,41.415633],[2.180572,41.415739],[2.180545,41.415848],[2.180521,41.415957],[2.180503,41.416061],[2.180501,41.416062],[2.180497,41.416107],[2.180482,41.41636],[2.180479,41.416442],[2.180456,41.417401],[2.180479,41.41768],[2.180514,41.418054],[2.180549,41.418331],[2.180563,41.418428],[2.180698,41.419034],[2.180834,41.419556],[2.180928,41.419877],[2.180939,41.41995],[2.18094,41.420022],[2.180932,41.420095],[2.180914,41.420166],[2.180887,41.420236],[2.180846,41.420326],[2.180797,41.420411],[2.180739,41.420492],[2.180673,41.42057],[2.18006,41.421229]]},"properties":{"kind":"route","mode":"bus","surface":true,"route_id":"2.47.3083","short_name":"47","long_name":"Pg. Mar\u00edtim / Canyelles","colour":"#DA291C","clipped":false,"inside_km":7.06}},{"type":"Feature","geometry":{"type":"LineString","coordinates":[[2.121525,41.376054],[2.12153,41.37603],[2.121552,41.375963],[2.121584,41.375899],[2.121625,41.375838],[2.121642,41.375816],[2.121683,41.375774],[2.121732,41.375736],[2.121788,41.375703],[2.121849,41.375676],[2.121914,41.375656],[2.121969,41.375645],[2.125513,41.375575],[2.127889,41.375535],[2.130191,41.375482],[2.131353,41.37546],[2.131889,41.375454],[2.134326,41.375402],[2.135918,41.375361],[2.1382,41.375312],[2.139662,41.375286],[2.143921,41.375197],[2.144897,41.375182],[2.145581,41.375164],[2.147019,41.375142],[2.147509,41.37513],[2.147992,41.375114],[2.148102,41.37509],[2.148208,41.375059],[2.148311,41.375022],[2.14841,41.374978],[2.148456,41.374947],[2.148498,41.37491],[2.14853,41.374871],[2.148563,41.374823],[2.148591,41.374771],[2.148616,41.374729],[2.148648,41.374694],[2.148683,41.374664],[2.148715,41.374643],[2.14875,41.374623],[2.148806,41.374597],[2.148845,41.37458],[2.148901,41.37456],[2.148968,41.374539],[2.149015,41.374534],[2.149068,41.374537],[2.149126,41.374545],[2.149183,41.374557],[2.14928,41.374586],[2.149372,41.374623],[2.149459,41.374664],[2.149585,41.374731],[2.149671,41.374772],[2.149791,41.374826],[2.149934,41.374876],[2.15004,41.3749],[2.150147,41.374912],[2.150201,41.374915],[2.150369,41.37493],[2.150489,41.374937],[2.150989,41.374938],[2.151159,41.374934],[2.154385,41.37492],[2.155198,41.374923],[2.155888,41.374922],[2.155934,41.37493],[2.155985,41.374944],[2.156015,41.374955],[2.156048,41.37497],[2.156083,41.374988],[2.156123,41.375011],[2.156253,41.375097],[2.15635,41.375171],[2.156367,41.375186],[2.156377,41.375197],[2.156386,41.375211],[2.156392,41.375227],[2.156393,41.375245],[2.156388,41.375263],[2.156375,41.375282],[2.156237,41.375392],[2.155927,41.375627],[2.155492,41.375945],[2.154791,41.376487],[2.153923,41.377134],[2.153042,41.377817],[2.153026,41.377836],[2.153018,41.377858],[2.153019,41.377881],[2.15303,41.377902],[2.153047,41.377918],[2.158185,41.381793],[2.161458,41.384249],[2.163977,41.386124],[2.166394,41.387959],[2.166793,41.388257],[2.16686,41.3883],[2.166932,41.388338],[2.16701,41.38837],[2.167091,41.388395],[2.167185,41.388421],[2.167279,41.388459],[2.16731,41.388475],[2.167387,41.388525],[2.167423,41.388554],[2.168232,41.389164],[2.168263,41.389184],[2.168299,41.389199],[2.168339,41.389206],[2.168379,41.389207],[2.168419,41.3892],[2.168456,41.389187],[2.168468,41.38918],[2.169323,41.388499],[2.169354,41.388482],[2.16938,41.388472],[2.169414,41.388467],[2.169454,41.388467],[2.1695,41.388475],[2.169552,41.388495],[2.16961,41.388528],[2.169674,41.388578],[2.171082,41.389616],[2.171091,41.389621],[2.171112,41.389628],[2.171131,41.389631],[2.171151,41.389629],[2.171171,41.389623],[2.171187,41.389614],[2.171416,41.389446],[2.171986,41.389023],[2.172014,41.388989],[2.172033,41.388952],[2.172043,41.388913],[2.172044,41.388873],[2.172035,41.388833],[2.172017,41.388796],[2.171991,41.388761],[2.171956,41.388731],[2.171942,41.388721],[2.171471,41.388543]]},"properties":{"kind":"route","mode":"bus","surface":true,"route_id":"2.52.3054","short_name":"52","long_name":"Pl. Catalunya / Collblanc","colour":"#DA291C","clipped":false,"inside_km":5.45}},{"type":"Feature","geometry":{"type":"MultiLineString","coordinates":[[[2.181849,41.394345],[2.181364,41.393984],[2.180345,41.393219],[2.179181,41.39234],[2.179157,41.392325],[2.179141,41.392318],[2.179121,41.392314],[2.179099,41.392313],[2.179075,41.392318],[2.179049,41.392329],[2.179022,41.392347],[2.178769,41.39254],[2.17787,41.393218],[2.176348,41.394359],[2.176335,41.394373],[2.17632,41.394396],[2.176303,41.394427],[2.176285,41.39447],[2.176269,41.394526],[2.176255,41.394596],[2.176245,41.394681],[2.176235,41.394874],[2.17624,41.394955],[2.176232,41.395008],[2.176214,41.395059],[2.176187,41.395108],[2.176152,41.395154],[2.176077,41.395232],[2.176025,41.395274],[2.175966,41.395311],[2.175902,41.395342],[2.175825,41.39537],[2.175744,41.395392],[2.17566,41.395407],[2.175583,41.395414],[2.175502,41.395414],[2.175422,41.395406],[2.175343,41.395391],[2.175267,41.39537],[2.175195,41.395342],[2.175128,41.395307],[2.175067,41.395267],[2.174998,41.395216],[2.174948,41.395168],[2.174905,41.395116],[2.174871,41.39506],[2.174846,41.395002],[2.174832,41.394952],[2.174834,41.394861],[2.174826,41.394769],[2.174809,41.394679],[2.174794,41.394624],[2.174756,41.394535],[2.174709,41.394448],[2.174654,41.394364],[2.174619,41.394319],[2.174578,41.394286],[2.174531,41.394257],[2.174478,41.394235],[2.174421,41.394219],[2.174403,41.394216],[2.17432,41.394185],[2.174242,41.394149],[2.174169,41.394106],[2.174102,41.394058],[2.172071,41.392534],[2.169844,41.390851],[2.169099,41.390286],[2.168402,41.389768],[2.165361,41.387494],[2.165308,41.387456],[2.165262,41.387413],[2.165219,41.387358],[2.165105,41.387241],[2.164982,41.387128],[2.164861,41.387026],[2.163109,41.38572],[2.163079,41.385704],[2.163045,41.385695],[2.163009,41.385693],[2.162973,41.385697],[2.162941,41.385709],[2.162919,41.385722],[2.161535,41.386749],[2.160327,41.387678],[2.159336,41.388423],[2.158682,41.388918],[2.158293,41.389205],[2.15639,41.390647],[2.156041,41.390917],[2.155287,41.391479],[2.154367,41.392173],[2.154153,41.39233],[2.154115,41.392357],[2.154071,41.392379],[2.154023,41.392394],[2.153972,41.392402],[2.15392,41.392403],[2.153868,41.392397],[2.153819,41.392384],[2.153774,41.392364],[2.153735,41.392338],[2.153717,41.392323],[2.153554,41.392203],[2.151878,41.390934],[2.150063,41.389576],[2.1496,41.389219],[2.149562,41.389196],[2.149518,41.389178],[2.149471,41.389168],[2.149422,41.389164],[2.149373,41.389168],[2.149326,41.389178],[2.149282,41.389196],[2.149249,41.389215],[2.148548,41.389744],[2.148492,41.389782],[2.14843,41.389814],[2.148362,41.38984],[2.148291,41.389859],[2.148222,41.389871],[2.147891,41.389905],[2.14771,41.389922],[2.147528,41.389932],[2.147346,41.389935],[2.14717,41.389931],[2.147015,41.389938],[2.14686,41.389951],[2.146707,41.389972],[2.146639,41.389984],[2.146329,41.390026],[2.146276,41.39003],[2.146223,41.390026],[2.146172,41.390015],[2.146124,41.389998],[2.146081,41.389974],[2.144063,41.388453],[2.143564,41.38808],[2.1435,41.388007],[2.143463,41.38796],[2.143431,41.387932],[2.143149,41.38774],[2.143087,41.387707],[2.143019,41.387681],[2.142831,41.387632],[2.142793,41.387616],[2.142761,41.387594],[2.142735,41.387567],[2.142718,41.387537],[2.14271,41.387504],[2.142678,41.387344],[2.142605,41.386949],[2.142533,41.38648],[2.142471,41.386013],[2.142435,41.385724],[2.142421,41.385672],[2.142397,41.385623],[2.142364,41.385576],[2.142324,41.385533],[2.142276,41.385494],[2.142221,41.385461],[2.142154,41.385428],[2.142092,41.385407],[2.142027,41.385393],[2.14196,41.385386],[2.139349,41.38538],[2.139095,41.385369],[2.138842,41.385351],[2.13859,41.385325],[2.13834,41.385292],[2.138079,41.385253],[2.137852,41.385212],[2.137627,41.385163],[2.137405,41.385108],[2.137266,41.385069],[2.136725,41.384936],[2.136528,41.384894],[2.136385,41.384869],[2.136241,41.384852],[2.136193,41.384847],[2.135247,41.384778],[2.134991,41.384762],[2.134891,41.384749],[2.134792,41.384728],[2.133795,41.384461],[2.133766,41.384445],[2.133744,41.384424],[2.13373,41.384399],[2.133725,41.384373],[2.13373,41.384346],[2.133744,41.384322],[2.133897,41.384091],[2.134018,41.383923],[2.134289,41.383528],[2.135387,41.381896],[2.135396,41.381877],[2.135395,41.381857],[2.135386,41.381838],[2.135368,41.381823],[2.13536,41.381819],[2.135021,41.3817],[2.134685,41.38158],[2.134346,41.381467],[2.134003,41.381361],[2.133656,41.381261],[2.132,41.380799],[2.131733,41.380716],[2.131474,41.380625],[2.13122,41.380527],[2.13097,41.380423],[2.130725,41.380312],[2.13067,41.380286],[2.130538,41.380219],[2.13032,41.380103],[2.130179,41.380026],[2.129839,41.379836],[2.129646,41.379724],[2.129459,41.379619],[2.128843,41.379286],[2.128124,41.378902],[2.126867,41.378203],[2.125633,41.377489],[2.124821,41.376997],[2.124795,41.376984],[2.124768,41.376976],[2.124752,41.376975],[2.124737,41.376976],[2.124722,41.37698],[2.124707,41.376989],[2.124699,41.376997],[2.124671,41.377027],[2.124647,41.377057],[2.123661,41.378561],[2.123321,41.379071],[2.123298,41.379094],[2.123268,41.379113],[2.123233,41.379125],[2.123195,41.37913],[2.123156,41.379129],[2.123119,41.37912],[2.123086,41.379105],[2.121608,41.378132],[2.121085,41.377766],[2.119831,41.377023],[2.11797,41.375906],[2.117912,41.375874],[2.117849,41.375848],[2.117781,41.375828],[2.117711,41.375816],[2.117642,41.375811],[2.117119,41.375836],[2.114709,41.375885],[2.114249,41.375891],[2.114194,41.375896],[2.114173,41.3759]],[[2.114173,41.376845],[2.114186,41.376857],[2.11428,41.376935],[2.11438,41.377008],[2.114486,41.377075],[2.114599,41.377137],[2.116088,41.377882],[2.117145,41.378414]]]},"properties":{"kind":"route","mode":"bus","surface":true,"route_id":"2.54.3086","short_name":"54","long_name":"Estaci\u00f3 del Nord / Cardenal Reig","colour":"#DA291C","clipped":true,"inside_km":7.71}},{"type":"Feature","geometry":{"type":"LineString","coordinates":[[2.172564,41.389086],[2.172343,41.388915],[2.172247,41.388856],[2.172146,41.388803],[2.172039,41.388757],[2.170607,41.388216],[2.169741,41.387894],[2.168582,41.38746],[2.168277,41.38734],[2.166487,41.386669],[2.166387,41.38663],[2.166282,41.386596],[2.166136,41.38656],[2.166043,41.38653],[2.165979,41.386504],[2.165075,41.386162],[2.16498,41.386118],[2.164891,41.386068],[2.164808,41.386012],[2.164755,41.385971],[2.164693,41.385929],[2.164625,41.385875],[2.164013,41.385413],[2.163978,41.385381],[2.163952,41.385345],[2.163934,41.385306],[2.163926,41.385265],[2.163925,41.385239],[2.163767,41.384215],[2.163764,41.384191],[2.163753,41.384168],[2.163733,41.384149],[2.163005,41.383615],[2.161082,41.382167],[2.161051,41.38214],[2.161032,41.382118],[2.161014,41.382091],[2.161002,41.38206],[2.160998,41.382027],[2.161007,41.381991],[2.161031,41.381954],[2.161074,41.381915],[2.161868,41.381315],[2.163075,41.380413],[2.163121,41.380378],[2.16316,41.380338],[2.16319,41.380294],[2.163212,41.380248],[2.163225,41.380199],[2.163227,41.380176],[2.163062,41.378881],[2.163017,41.378591],[2.163005,41.378552],[2.162984,41.378516],[2.162954,41.378482],[2.162944,41.378473],[2.161859,41.377656],[2.161097,41.377086],[2.160711,41.376801],[2.159978,41.376246],[2.159933,41.376225],[2.159884,41.376211],[2.159832,41.376204],[2.159779,41.376205],[2.159727,41.376212],[2.159678,41.376226],[2.159627,41.37625],[2.159117,41.376635],[2.158517,41.377079],[2.157385,41.377935],[2.1566,41.378534],[2.156558,41.378556],[2.156511,41.378573],[2.15646,41.378582],[2.156408,41.378585],[2.156357,41.37858],[2.156307,41.378569],[2.156261,41.37855],[2.156221,41.378526],[2.155998,41.37836],[2.155443,41.377942],[2.155075,41.377655],[2.154328,41.377086],[2.153955,41.376813],[2.153216,41.376252],[2.153183,41.37622],[2.153157,41.376184],[2.15314,41.376146],[2.153132,41.376105],[2.153134,41.376064],[2.153145,41.376025],[2.153166,41.375987],[2.153195,41.375952],[2.153931,41.375397],[2.153949,41.375368],[2.153959,41.375335],[2.15396,41.375314],[2.153965,41.375086],[2.153975,41.375025],[2.153994,41.374966],[2.154022,41.374908],[2.154205,41.374576],[2.154362,41.374283],[2.155062,41.373016],[2.15552,41.372175],[2.155539,41.372146],[2.155565,41.372121],[2.155599,41.3721],[2.155637,41.372086],[2.155679,41.372078],[2.155722,41.372078],[2.155903,41.372094],[2.159497,41.372186],[2.159832,41.372192],[2.159916,41.372191],[2.159999,41.372182],[2.160376,41.37211],[2.160972,41.371985],[2.160992,41.371976],[2.161006,41.371961],[2.161012,41.371944],[2.161008,41.371926],[2.161002,41.371917],[2.160888,41.371603],[2.160876,41.371576],[2.160854,41.371553],[2.160826,41.371535],[2.160792,41.371522],[2.160755,41.371516],[2.160738,41.371516],[2.160586,41.371505],[2.160441,41.371489],[2.160298,41.371465],[2.160126,41.371423],[2.159958,41.371374],[2.159793,41.371319],[2.159633,41.371257],[2.159503,41.371197],[2.159379,41.371132],[2.15926,41.371061],[2.159033,41.370907],[2.15893,41.37082],[2.158833,41.370729],[2.158744,41.370633],[2.158663,41.370534],[2.158591,41.37043],[2.158527,41.370324],[2.158481,41.370235],[2.158381,41.369935],[2.158319,41.369732],[2.158289,41.369642],[2.158269,41.36955],[2.158258,41.369457],[2.158256,41.369398],[2.158261,41.369008],[2.158264,41.368943],[2.158259,41.368879],[2.158243,41.368815],[2.158219,41.368753],[2.158185,41.368693],[2.158143,41.368636],[2.158119,41.36861],[2.157983,41.368492],[2.157939,41.368461],[2.157888,41.368435],[2.157833,41.368415],[2.157775,41.368402],[2.157714,41.368396],[2.157653,41.368398],[2.157593,41.368406],[2.157563,41.368413],[2.157489,41.368437],[2.15742,41.368468],[2.15736,41.368501],[2.157107,41.368666],[2.156847,41.368825],[2.156741,41.368887],[2.156608,41.368953],[2.15647,41.369013],[2.156327,41.369067],[2.156181,41.369114],[2.156134,41.369127],[2.156085,41.36914],[2.156035,41.369146],[2.155984,41.369144],[2.155934,41.369136],[2.155887,41.36912],[2.155845,41.369098],[2.155809,41.369071],[2.15578,41.369039],[2.155743,41.368971],[2.155735,41.368937],[2.155737,41.368902],[2.155749,41.368869],[2.155769,41.368838],[2.155798,41.36881],[2.155954,41.368703],[2.156084,41.368603],[2.156208,41.368499],[2.156299,41.368414],[2.156434,41.368293],[2.156562,41.368167],[2.156682,41.368037],[2.156721,41.367993],[2.156787,41.367894],[2.156844,41.367793],[2.156879,41.367726],[2.156914,41.367679],[2.156957,41.367636],[2.157167,41.367478],[2.157253,41.367432],[2.157344,41.367392],[2.157439,41.367357],[2.157538,41.36733],[2.15764,41.36731],[2.157742,41.367296],[2.157842,41.367286],[2.157942,41.367283],[2.158043,41.367287],[2.158142,41.367299],[2.15824,41.367317],[2.158333,41.367342],[2.158693,41.367451],[2.158727,41.367454],[2.158762,41.36745],[2.158793,41.36744],[2.158819,41.367423],[2.158839,41.367401],[2.158849,41.367376],[2.158851,41.36735],[2.158843,41.367325],[2.158826,41.367302],[2.158797,41.367281],[2.158112,41.366914],[2.157848,41.366796],[2.15758,41.366685],[2.157251,41.36656],[2.156868,41.366447],[2.156489,41.366343],[2.156456,41.36632],[2.156431,41.366293],[2.156413,41.366262],[2.156405,41.366229],[2.156407,41.366195],[2.156417,41.366163],[2.156437,41.366133],[2.156468,41.366105],[2.156502,41.366085],[2.156541,41.366071],[2.156583,41.366064],[2.156627,41.366065],[2.156669,41.366072],[2.156708,41.366086],[2.156741,41.366107],[2.156768,41.366132],[2.156788,41.366161],[2.156798,41.366193],[2.156805,41.366232],[2.156821,41.36627],[2.156846,41.366305],[2.156879,41.366335],[2.156919,41.366361],[2.156964,41.366381],[2.157154,41.366442],[2.157339,41.366509],[2.157536,41.366578],[2.157726,41.366652],[2.157753,41.366657],[2.157781,41.366655],[2.157807,41.366646],[2.157827,41.366631],[2.157881,41.366578],[2.157941,41.36653],[2.158008,41.366487],[2.158081,41.366451],[2.158159,41.36642],[2.15824,41.366396],[2.158325,41.366378],[2.158412,41.366368],[2.1585,41.366365],[2.158587,41.366369],[2.158674,41.36638],[2.158758,41.366398],[2.158839,41.366423],[2.158917,41.366455],[2.158989,41.366492],[2.159055,41.366536],[2.159115,41.366584],[2.159167,41.366637],[2.159211,41.366694],[2.159247,41.366755],[2.159274,41.366818],[2.159292,41.366883],[2.1593,41.366948],[2.159299,41.366985],[2.159299,41.367014],[2.159288,41.36708],[2.159268,41.367144],[2.159238,41.367207],[2.1592,41.367266],[2.159122,41.367358],[2.159118,41.367376],[2.159124,41.367394],[2.159139,41.367409],[2.159381,41.367567],[2.159752,41.367797],[2.160224,41.368097],[2.1605,41.368256],[2.160781,41.368409],[2.161098,41.368572],[2.161246,41.368634],[2.161399,41.36869],[2.161556,41.36874],[2.161716,41.368783],[2.161879,41.368819],[2.162045,41.368848],[2.162256,41.36888],[2.16241,41.368896],[2.162564,41.368904],[2.162718,41.368905],[2.162925,41.368911],[2.163333,41.368906],[2.163834,41.368892],[2.164582,41.368882],[2.164624,41.368881],[2.164671,41.36887],[2.164714,41.368853],[2.164752,41.36883],[2.164783,41.368801],[2.164806,41.368769],[2.164815,41.36875],[2.164822,41.368717],[2.164837,41.368686],[2.164862,41.368659],[2.164893,41.368636],[2.164931,41.368618],[2.164973,41.368607],[2.165016,41.368604],[2.16506,41.368607],[2.165102,41.368617],[2.16514,41.368634],[2.165174,41.368659]]},"properties":{"kind":"route","mode":"bus","surface":true,"route_id":"2.55.3084","short_name":"55","long_name":"Pl. Urquinaona / Parc de Montju\u00efc","colour":"#DA291C","clipped":false,"inside_km":5.62}},{"type":"Feature","geometry":{"type":"LineString","coordinates":[[2.20198,41.394154],[2.202075,41.394083],[2.202095,41.394063],[2.202107,41.394039],[2.20211,41.394014],[2.202104,41.393988],[2.202091,41.393969],[2.201928,41.39384],[2.201894,41.393829],[2.201858,41.393824],[2.201821,41.393827],[2.201786,41.393836],[2.201755,41.393853],[2.201482,41.394064],[2.20095,41.394472],[2.200914,41.394496],[2.200873,41.394514],[2.200828,41.394526],[2.200781,41.39453],[2.200733,41.394528],[2.200687,41.394518],[2.200645,41.394502],[2.200607,41.394479],[2.199186,41.393244],[2.197892,41.392115],[2.196587,41.390989],[2.195352,41.389927],[2.194528,41.389214],[2.194475,41.389158],[2.194442,41.389115],[2.194407,41.389059],[2.194363,41.389005],[2.194311,41.388956],[2.194285,41.388935],[2.193557,41.388304],[2.19353,41.38827],[2.193512,41.388233],[2.193503,41.388194],[2.193503,41.388154],[2.193513,41.388115],[2.193532,41.388078],[2.193559,41.388044],[2.193595,41.388015],[2.193624,41.387997],[2.194652,41.387217],[2.194714,41.387178],[2.194782,41.387145],[2.194869,41.387106],[2.19493,41.38707],[2.195258,41.38682],[2.195302,41.386781],[2.195339,41.386738],[2.195357,41.38671],[2.195403,41.386655],[2.195457,41.386604],[2.195477,41.386587],[2.195873,41.38629],[2.19673,41.385641],[2.196749,41.385619],[2.19676,41.385594],[2.196761,41.385568],[2.196753,41.385543],[2.196736,41.38552],[2.196721,41.385507],[2.196392,41.385261],[2.195986,41.384961],[2.195805,41.384824],[2.195758,41.384794],[2.195678,41.384754],[2.195634,41.384724],[2.195598,41.384693],[2.19558,41.384676],[2.195565,41.384656],[2.195449,41.384476],[2.194971,41.383691],[2.194638,41.383158],[2.193003,41.380505],[2.192082,41.378998],[2.192059,41.378967],[2.192029,41.37894],[2.191992,41.378918],[2.19195,41.378903],[2.191921,41.378896],[2.19166,41.37884],[2.188257,41.378085],[2.188226,41.378081],[2.188196,41.378084],[2.188168,41.378094],[2.188145,41.37811],[2.18813,41.37813],[2.188128,41.378136],[2.187005,41.380967],[2.186894,41.381268],[2.186757,41.381617],[2.186706,41.381721],[2.186646,41.381823],[2.186589,41.381889],[2.186524,41.381951],[2.186497,41.381974],[2.186457,41.382014],[2.18641,41.382048],[2.186279,41.382116],[2.186202,41.382147],[2.186121,41.382171],[2.18602,41.382191],[2.185935,41.382201],[2.185814,41.382209],[2.18571,41.382224],[2.185558,41.382255],[2.185475,41.382278],[2.185395,41.382309],[2.185385,41.382313],[2.185351,41.382334],[2.185321,41.382364],[2.18529,41.382389],[2.185253,41.382408],[2.184498,41.382763],[2.183934,41.383032],[2.183789,41.383104],[2.183745,41.383122],[2.183698,41.383133],[2.183649,41.383137],[2.1836,41.383133],[2.183553,41.383123],[2.183509,41.383106],[2.18347,41.383083],[2.183181,41.382726],[2.183154,41.382684],[2.183136,41.382639],[2.18313,41.382614],[2.183109,41.382563],[2.183079,41.382514],[2.182245,41.381512],[2.182217,41.381494],[2.182184,41.381482],[2.182148,41.381477],[2.182112,41.381479],[2.182077,41.381488],[2.182051,41.3815],[2.181148,41.382187],[2.179241,41.383611],[2.178697,41.384037],[2.178062,41.384525],[2.177522,41.384934],[2.17703,41.385303],[2.176862,41.385437],[2.176488,41.385712],[2.176238,41.385904],[2.175797,41.38623],[2.175229,41.386663],[2.173092,41.38828],[2.17251,41.38875],[2.172486,41.388766],[2.172443,41.388788],[2.172417,41.388799],[2.172387,41.388808],[2.172356,41.388813],[2.172324,41.388814],[2.172289,41.388809],[2.172245,41.388801],[2.172114,41.388771],[2.171986,41.388735],[2.171942,41.388721],[2.170607,41.388216],[2.169741,41.387894],[2.168582,41.38746],[2.168277,41.38734],[2.166487,41.386669],[2.166387,41.38663],[2.166282,41.386596],[2.166136,41.38656],[2.166043,41.38653],[2.165979,41.386504],[2.164895,41.386094],[2.164706,41.38602],[2.164669,41.38601],[2.164629,41.386006],[2.16459,41.38601],[2.164553,41.386021],[2.164522,41.386036],[2.164096,41.386355],[2.164073,41.386369],[2.164046,41.386377],[2.164017,41.386378],[2.16399,41.386372],[2.163966,41.386359],[2.163109,41.38572],[2.163064,41.385688],[2.163013,41.385662],[2.162957,41.385642],[2.162935,41.385636],[2.162873,41.385611],[2.162816,41.38558],[2.162765,41.385544],[2.161319,41.38446],[2.160835,41.384094],[2.1608,41.384073],[2.160761,41.384059],[2.160718,41.384051],[2.160674,41.38405],[2.16063,41.384057],[2.16059,41.38407],[2.160555,41.38409],[2.159792,41.384658],[2.157992,41.386019],[2.154591,41.38857],[2.15413,41.388922],[2.154087,41.388963],[2.154052,41.389007],[2.153994,41.389108],[2.153967,41.38915],[2.153937,41.389192],[2.153791,41.389364],[2.15366,41.389505],[2.153528,41.389642],[2.153337,41.389817],[2.15323,41.389909],[2.153135,41.389985],[2.152947,41.390129],[2.152769,41.390254],[2.152653,41.390332],[2.152534,41.390407],[2.152307,41.39054],[2.152166,41.390611],[2.151898,41.390741],[2.15185,41.390757],[2.151793,41.390767],[2.151751,41.390768],[2.151706,41.390764],[2.151662,41.390753],[2.151619,41.390736],[2.151587,41.390716],[2.150063,41.389576],[2.1496,41.389219],[2.149562,41.389196],[2.149518,41.389178],[2.149471,41.389168],[2.149422,41.389164],[2.149373,41.389168],[2.149326,41.389178],[2.149282,41.389196],[2.149249,41.389215],[2.148548,41.389744],[2.148492,41.389782],[2.14843,41.389814],[2.148362,41.38984],[2.148291,41.389859],[2.148222,41.389871],[2.147891,41.389905],[2.14695,41.390044],[2.146466,41.390118],[2.143339,41.390586],[2.142637,41.390688],[2.142427,41.390713],[2.142215,41.39073],[2.142105,41.390736],[2.141971,41.390731],[2.141837,41.390733],[2.141704,41.390743],[2.141572,41.390759],[2.141494,41.390774],[2.141469,41.390777],[2.141443,41.390779],[2.14141,41.390779],[2.141374,41.390776],[2.141337,41.390768],[2.141302,41.390755],[2.141272,41.390735],[2.141249,41.390706],[2.141236,41.390668],[2.14117,41.390444],[2.141159,41.390419],[2.141135,41.390381],[2.141117,41.390358],[2.141094,41.390334],[2.141067,41.39031],[2.141034,41.390286],[2.140996,41.390263],[2.140667,41.390081],[2.138714,41.388989],[2.137299,41.388148],[2.135914,41.387349],[2.135259,41.386968],[2.13458,41.3866],[2.133952,41.386266],[2.133682,41.386107],[2.133418,41.385943],[2.13316,41.385773],[2.132928,41.385612],[2.131023,41.384356],[2.129924,41.383662],[2.128518,41.382728],[2.128485,41.38271],[2.128448,41.382698],[2.128408,41.382693],[2.128368,41.382695],[2.128329,41.382704],[2.128295,41.38272],[2.128266,41.382741],[2.128242,41.38277],[2.127904,41.383775],[2.127847,41.38395],[2.12767,41.38455],[2.127593,41.384823],[2.127457,41.385446],[2.127383,41.386041],[2.127367,41.386227],[2.12736,41.386413],[2.127363,41.386599],[2.127375,41.386785],[2.127384,41.38687],[2.127388,41.387013],[2.127401,41.387156],[2.127424,41.387298],[2.127436,41.387355],[2.127434,41.387419],[2.127418,41.387522],[2.127422,41.387567],[2.12745,41.387717],[2.127449,41.387747],[2.127439,41.387776],[2.12742,41.387802],[2.127394,41.387824],[2.127361,41.387841],[2.127318,41.387852],[2.12727,41.387855],[2.127222,41.387851],[2.127176,41.387841],[2.127134,41.387823],[2.127098,41.3878],[2.127063,41.387771],[2.127042,41.387744],[2.127029,41.387712],[2.126969,41.387398],[2.126938,41.387169],[2.126918,41.386939],[2.126914,41.386862]]},"properties":{"kind":"route","mode":"bus","surface":true,"route_id":"2.59.2860","short_name":"59","long_name":"Poblenou / Pl. Reina Maria Cristina","colour":"#DA291C","clipped":false,"inside_km":9.12}},{"type":"Feature","geometry":{"type":"LineString","coordinates":[[2.140369,41.421229],[2.140092,41.42065],[2.140058,41.420546],[2.140052,41.420523],[2.140053,41.420494],[2.140064,41.420465],[2.140066,41.420459],[2.140083,41.420438],[2.140118,41.420424],[2.140155,41.420418],[2.140192,41.420419],[2.140229,41.420427],[2.140239,41.420431],[2.140267,41.420445],[2.140289,41.420465],[2.140295,41.420474],[2.140322,41.42052],[2.14058,41.421056],[2.140668,41.421229]]},"properties":{"kind":"route","mode":"bus","surface":true,"route_id":"2.60.3085","short_name":"60","long_name":"Bes\u00f2s Verneda / Vall d'Hebron","colour":"#DA291C","clipped":false,"inside_km":0.17}},{"type":"Feature","geometry":{"type":"LineString","coordinates":[[2.187092,41.410184],[2.187093,41.410257],[2.187086,41.410341],[2.187071,41.410424],[2.187045,41.410505],[2.187002,41.410606],[2.186986,41.410668],[2.186978,41.410731],[2.186978,41.410749],[2.186993,41.412814],[2.186991,41.41288],[2.187019,41.416293],[2.18703,41.42071],[2.187034,41.421229]]},"properties":{"kind":"route","mode":"bus","surface":true,"route_id":"2.62.3431","short_name":"62","long_name":"<M> Clot / Ciutat Meridiana","colour":"#DA291C","clipped":false,"inside_km":0.94}},{"type":"Feature","geometry":{"type":"LineString","coordinates":[[2.114173,41.393731],[2.115251,41.392896],[2.116598,41.391859],[2.117151,41.391424],[2.119516,41.389588],[2.120086,41.389175],[2.122024,41.387678],[2.122055,41.387643],[2.122078,41.387605],[2.122091,41.387565],[2.122095,41.387523],[2.122094,41.387501],[2.122052,41.38741],[2.12202,41.387316],[2.122009,41.387263],[2.121997,41.387105],[2.122,41.387057],[2.122013,41.387009],[2.122035,41.386964],[2.122065,41.386921],[2.122104,41.386883],[2.122149,41.386857],[2.122199,41.386839],[2.122253,41.386826],[2.122309,41.386821],[2.122365,41.386823],[2.122414,41.386831],[2.123468,41.387096],[2.125899,41.387714],[2.126898,41.387961],[2.127254,41.388045],[2.128921,41.388467],[2.132496,41.389376],[2.133378,41.389603],[2.140296,41.391365],[2.142821,41.39205],[2.143837,41.392305],[2.143947,41.392321],[2.144059,41.392329],[2.144137,41.392331],[2.144182,41.392324],[2.144225,41.392311],[2.144279,41.39229],[2.144335,41.392276],[2.144353,41.392273],[2.144374,41.392267],[2.144388,41.392261],[2.144402,41.392252],[2.144415,41.392239],[2.144424,41.392224],[2.144428,41.392204],[2.144424,41.39218],[2.144088,41.391404],[2.144083,41.391381],[2.144084,41.391365],[2.144087,41.391345],[2.144095,41.391323],[2.14411,41.391298],[2.144131,41.391271],[2.144162,41.391244],[2.144203,41.391216],[2.144289,41.391147],[2.144589,41.390923],[2.144629,41.390895],[2.144675,41.390873],[2.144725,41.390857],[2.144779,41.390848],[2.144833,41.390846],[2.144887,41.390852],[2.144939,41.390864],[2.144987,41.390883],[2.14503,41.390908],[2.145755,41.391439],[2.146213,41.391767],[2.146995,41.392338],[2.147035,41.392356],[2.147079,41.392368],[2.147126,41.392373],[2.147173,41.392371],[2.147218,41.392361],[2.14726,41.392345],[2.147297,41.392323],[2.147625,41.392072],[2.148074,41.39174],[2.148454,41.391442],[2.14958,41.390604],[2.151163,41.389406],[2.154869,41.386612],[2.154911,41.386588],[2.154959,41.38657],[2.15501,41.38656],[2.155062,41.386556],[2.155115,41.386559],[2.155166,41.386569],[2.155214,41.386587],[2.155265,41.386616],[2.155577,41.386857],[2.157198,41.388067],[2.157862,41.388569],[2.159431,41.38975],[2.16005,41.39022],[2.160538,41.390584],[2.160563,41.390595],[2.160589,41.390605],[2.160617,41.390613],[2.160645,41.390618],[2.160674,41.390622],[2.160704,41.390622],[2.160733,41.390621],[2.160762,41.390617],[2.16079,41.390611],[2.160817,41.390603],[2.160843,41.390593],[2.160864,41.390583],[2.162302,41.389493],[2.163891,41.388295],[2.166024,41.386676],[2.166033,41.386664],[2.166048,41.386635],[2.166053,41.386616],[2.166054,41.386594],[2.166049,41.386571],[2.166037,41.386548],[2.166014,41.386526],[2.165979,41.386504],[2.164895,41.386094],[2.164784,41.386039],[2.164679,41.385979],[2.16458,41.385913],[2.164336,41.38573]]},"properties":{"kind":"route","mode":"bus","surface":true,"route_id":"2.63.4083","short_name":"63","long_name":"Pl.Universitat / Sant Joan Desp\u00ed","colour":"#DA291C","clipped":false,"inside_km":5.43}},{"type":"Feature","geometry":{"type":"LineString","coordinates":[[2.153056,41.374851],[2.153281,41.37485],[2.1533,41.374853],[2.153318,41.374858],[2.153341,41.374871],[2.153357,41.374889],[2.153364,41.374904],[2.153367,41.375022],[2.153365,41.37504],[2.153353,41.375055],[2.153335,41.375066],[2.153312,41.375071],[2.152147,41.375075],[2.152018,41.375086],[2.15189,41.375104],[2.15181,41.37512],[2.151391,41.37516],[2.149952,41.37516],[2.149879,41.375168],[2.149807,41.375182],[2.149739,41.375204],[2.149674,41.375232],[2.149616,41.375266],[2.149563,41.375305],[2.149539,41.375328],[2.149487,41.375367],[2.149429,41.375401],[2.149366,41.375429],[2.149298,41.375451],[2.149228,41.375466],[2.149155,41.375474],[2.149081,41.375475],[2.149008,41.375469],[2.148937,41.375455],[2.148868,41.375435],[2.148804,41.375408],[2.148745,41.375375],[2.148692,41.375337],[2.148639,41.375288],[2.1486,41.37524],[2.148571,41.37519],[2.14855,41.375136],[2.148541,41.375091],[2.148523,41.374933],[2.148511,41.374854],[2.148494,41.374799],[2.148478,41.374758],[2.148445,41.374717],[2.148247,41.374552],[2.148129,41.374457],[2.14807,41.374407],[2.147684,41.374117],[2.147166,41.37372],[2.147094,41.373657],[2.147043,41.373606],[2.147021,41.37358],[2.146985,41.37353],[2.146955,41.373492],[2.146909,41.373444],[2.14688,41.373419],[2.146847,41.373393],[2.14681,41.373368],[2.146726,41.373302],[2.14492,41.371919],[2.142655,41.370203],[2.13964,41.367945],[2.138851,41.36732],[2.138743,41.367274],[2.138596,41.367225],[2.138494,41.367174],[2.13651,41.365737],[2.136177,41.365483],[2.135916,41.365289],[2.135802,41.365206],[2.135691,41.36514],[2.135546,41.365093],[2.135476,41.365083],[2.135369,41.365081],[2.135266,41.36507],[2.135176,41.365043],[2.135106,41.365009],[2.135061,41.364982],[2.135003,41.364933],[2.13494,41.364862],[2.13491,41.364786],[2.13489,41.364695],[2.134893,41.364629],[2.134898,41.364593],[2.134898,41.364564],[2.134897,41.36454],[2.134883,41.364516],[2.134863,41.364492],[2.134766,41.364412],[2.134547,41.364253],[2.133885,41.363813],[2.133495,41.363514],[2.133457,41.363485]]},"properties":{"kind":"route","mode":"bus","surface":true,"route_id":"2.65.2865","short_name":"65","long_name":"Pl. Espanya / El Prat","colour":"#DA291C","clipped":false,"inside_km":2.11}},{"type":"Feature","geometry":{"type":"LineString","coordinates":[[2.114173,41.384705],[2.117113,41.385459],[2.118715,41.38589],[2.122073,41.386745],[2.123468,41.387096],[2.125899,41.387714],[2.126898,41.387961],[2.127254,41.388045],[2.128921,41.388467],[2.132496,41.389376],[2.133378,41.389603],[2.140296,41.391365],[2.142821,41.39205],[2.143837,41.392305],[2.143947,41.392321],[2.144059,41.392329],[2.144137,41.392331],[2.144182,41.392324],[2.144225,41.392311],[2.144279,41.39229],[2.144335,41.392276],[2.144353,41.392273],[2.144374,41.392267],[2.144388,41.392261],[2.144402,41.392252],[2.144415,41.392239],[2.144424,41.392224],[2.144428,41.392204],[2.144424,41.39218],[2.144088,41.391404],[2.144083,41.391381],[2.144084,41.391365],[2.144087,41.391345],[2.144095,41.391323],[2.14411,41.391298],[2.144131,41.391271],[2.144162,41.391244],[2.144203,41.391216],[2.144289,41.391147],[2.144589,41.390923],[2.144629,41.390895],[2.144675,41.390873],[2.144725,41.390857],[2.144779,41.390848],[2.144833,41.390846],[2.144887,41.390852],[2.144939,41.390864],[2.144987,41.390883],[2.14503,41.390908],[2.145755,41.391439],[2.146213,41.391767],[2.146995,41.392338],[2.147035,41.392356],[2.147079,41.392368],[2.147126,41.392373],[2.147173,41.392371],[2.147218,41.392361],[2.14726,41.392345],[2.147297,41.392323],[2.147625,41.392072],[2.148074,41.39174],[2.148454,41.391442],[2.149204,41.390883],[2.149247,41.390857],[2.149296,41.390838],[2.149348,41.390825],[2.149402,41.390819],[2.149457,41.390821],[2.149511,41.390829],[2.149562,41.390845],[2.149609,41.390866],[2.149645,41.39089],[2.151506,41.392289],[2.15268,41.393182],[2.153098,41.393494],[2.153623,41.393894],[2.155032,41.394945],[2.155054,41.394955],[2.15508,41.394959],[2.155105,41.394955],[2.155127,41.394945],[2.155396,41.394738],[2.156,41.394279],[2.157808,41.392892],[2.160112,41.391158],[2.160494,41.390863],[2.161592,41.39003],[2.163891,41.388295],[2.163952,41.388256],[2.164018,41.388223],[2.164089,41.388196],[2.164171,41.388171],[2.164234,41.388145],[2.164291,41.388112],[2.164327,41.388087],[2.16517,41.387455],[2.16522,41.387426],[2.165275,41.387403],[2.165334,41.387387],[2.165396,41.387377],[2.16546,41.387375],[2.165523,41.387379],[2.165584,41.387391],[2.165642,41.38741],[2.165696,41.387435],[2.165744,41.387466],[2.166394,41.387959],[2.166793,41.388257],[2.16686,41.3883],[2.166932,41.388338],[2.16701,41.38837],[2.167091,41.388395],[2.167185,41.388421],[2.167279,41.388459],[2.16731,41.388475],[2.167387,41.388525],[2.167423,41.388554],[2.168232,41.389164],[2.168263,41.389184],[2.168299,41.389199],[2.168339,41.389206],[2.168379,41.389207],[2.168419,41.3892],[2.168456,41.389187],[2.168468,41.38918],[2.169323,41.388499],[2.169354,41.388482],[2.16938,41.388472],[2.169414,41.388467],[2.169454,41.388467],[2.1695,41.388475],[2.169552,41.388495],[2.16961,41.388528],[2.169674,41.388578],[2.171082,41.389616],[2.171091,41.389621],[2.171112,41.389628],[2.171131,41.389631],[2.171151,41.389629],[2.171171,41.389623],[2.171187,41.389614],[2.171416,41.389446],[2.171986,41.389023],[2.172014,41.388989],[2.172033,41.388952],[2.172043,41.388913],[2.172044,41.388873],[2.172035,41.388833],[2.172017,41.388796],[2.171991,41.388761],[2.171956,41.388731],[2.171942,41.388721],[2.170659,41.388236]]},"properties":{"kind":"route","mode":"bus","surface":true,"route_id":"2.67.2902","short_name":"67","long_name":"Pl. Catalunya / Cornell\u00e0","colour":"#DA291C","clipped":false,"inside_km":5.8}},{"type":"Feature","geometry":{"type":"LineString","coordinates":[[2.154574,41.389557],[2.154122,41.389215],[2.154101,41.389202],[2.15407,41.38919],[2.154036,41.389185],[2.153995,41.389186],[2.153958,41.389196],[2.153926,41.389212],[2.153902,41.389233],[2.153791,41.389364],[2.15366,41.389505],[2.153528,41.389642],[2.153337,41.389817],[2.15323,41.389909],[2.153135,41.389985],[2.152947,41.390129],[2.152769,41.390254],[2.152653,41.390332],[2.152534,41.390407],[2.152307,41.39054],[2.152166,41.390611],[2.151898,41.390741],[2.151825,41.39077],[2.151724,41.390806],[2.151675,41.390826],[2.151612,41.390855],[2.15155,41.39089],[2.151506,41.390919],[2.150769,41.391479],[2.150375,41.391771],[2.149629,41.392338],[2.149254,41.392627],[2.148266,41.393376],[2.148058,41.393515],[2.146983,41.394345],[2.146959,41.394368],[2.146943,41.394396],[2.146937,41.394425],[2.14694,41.394454],[2.146953,41.394482],[2.146974,41.394507],[2.147019,41.39454],[2.147043,41.394566],[2.147059,41.394595],[2.147065,41.394626],[2.147062,41.394658],[2.14705,41.394688],[2.147029,41.394715],[2.147013,41.394729],[2.146168,41.395396],[2.146127,41.39542],[2.146089,41.395439],[2.146064,41.395457],[2.144162,41.396959],[2.142418,41.398332],[2.142389,41.398363],[2.142352,41.398388],[2.14231,41.398408],[2.142264,41.398421],[2.142215,41.398428],[2.142165,41.398427],[2.142117,41.398419],[2.142094,41.398413],[2.141827,41.398322],[2.141556,41.398238],[2.141282,41.398161],[2.141005,41.398091],[2.140772,41.398037],[2.140531,41.397988],[2.140288,41.397946],[2.140043,41.39791],[2.139796,41.397882],[2.139549,41.397861],[2.1393,41.397847],[2.13905,41.39784],[2.134471,41.397822],[2.131553,41.397813],[2.130274,41.397814],[2.129955,41.397817],[2.129894,41.397813],[2.128529,41.397803],[2.127942,41.39782],[2.127408,41.397848],[2.127262,41.397858],[2.127117,41.397876],[2.126975,41.397902],[2.126834,41.397934],[2.126697,41.397972],[2.126563,41.398018],[2.126434,41.39807],[2.12631,41.398128],[2.126231,41.398174],[2.126159,41.398226],[2.1254,41.398796],[2.1251,41.399024],[2.124472,41.399516],[2.124202,41.399755],[2.123902,41.400027],[2.123466,41.400433],[2.123203,41.400693],[2.123096,41.400788],[2.123071,41.400803],[2.123041,41.400812],[2.123009,41.400813],[2.122978,41.400807],[2.122951,41.400795],[2.122722,41.400672],[2.122698,41.40066],[2.122681,41.400644],[2.122672,41.400625],[2.12265,41.400601],[2.122621,41.400581],[2.121898,41.400157],[2.121772,41.40009],[2.121696,41.400053],[2.121625,41.400031],[2.121525,41.400011],[2.121428,41.399984],[2.121349,41.399957],[2.120805,41.399783],[2.120569,41.399704],[2.120515,41.399677],[2.120399,41.399615],[2.120192,41.399506],[2.120048,41.399425],[2.11977,41.399269],[2.119488,41.399106],[2.118966,41.398774],[2.118353,41.39838],[2.118055,41.398193],[2.117909,41.39811],[2.117799,41.398056],[2.117626,41.397974],[2.117508,41.397925],[2.117275,41.397846],[2.11719,41.397819],[2.117019,41.397768],[2.116912,41.397739],[2.116806,41.397713],[2.116565,41.397667],[2.116459,41.397649],[2.116251,41.397599],[2.116196,41.397579],[2.116174,41.397568],[2.116101,41.397528],[2.116033,41.397483],[2.115849,41.397331],[2.115313,41.396869],[2.114843,41.396458],[2.114476,41.396129],[2.114173,41.395868]]},"properties":{"kind":"route","mode":"bus","surface":true,"route_id":"2.68.2903","short_name":"68","long_name":"Hospital Cl\u00ednic / Cornell\u00e0","colour":"#DA291C","clipped":false,"inside_km":3.95}},{"type":"Feature","geometry":{"type":"LineString","coordinates":[[2.13106,41.373495],[2.131131,41.373317],[2.131142,41.373303],[2.13115,41.373297],[2.13116,41.373293],[2.131173,41.373292],[2.131187,41.373294],[2.131352,41.373362],[2.131362,41.373368],[2.131373,41.373377],[2.131378,41.373389],[2.131377,41.373396],[2.131372,41.373404],[2.130953,41.374535],[2.130817,41.374894],[2.13076,41.375105],[2.130644,41.375659],[2.130589,41.375934],[2.130525,41.376158],[2.130461,41.376353],[2.130401,41.376521],[2.130332,41.37669],[2.130182,41.377017],[2.130059,41.377317],[2.129963,41.37759],[2.129642,41.378479],[2.129553,41.378807],[2.129438,41.379207],[2.129398,41.379333],[2.129338,41.379478],[2.129317,41.379531],[2.129275,41.379705],[2.129217,41.379903],[2.12881,41.381101],[2.128736,41.38128],[2.128561,41.381813],[2.128242,41.382771],[2.127904,41.383775],[2.127847,41.38395],[2.12767,41.38455],[2.127593,41.384823],[2.127457,41.385446],[2.127383,41.386041],[2.127367,41.386227],[2.12736,41.386413],[2.127363,41.386599],[2.127375,41.386785],[2.127384,41.38687],[2.127388,41.387013],[2.127401,41.387156],[2.127424,41.387298],[2.127436,41.387355],[2.127465,41.38756],[2.127532,41.387838],[2.127537,41.387876],[2.127561,41.387899],[2.127592,41.387916],[2.127627,41.387927],[2.127669,41.387931],[2.127707,41.387937],[2.128157,41.388049],[2.128193,41.388066],[2.128224,41.388088],[2.128247,41.388115],[2.128262,41.388146],[2.128267,41.388178],[2.128267,41.388187],[2.128274,41.388212],[2.128271,41.388238],[2.127977,41.388962],[2.12796,41.38902],[2.127953,41.389079],[2.127955,41.389139],[2.127969,41.389237],[2.128171,41.389803],[2.128316,41.390125],[2.12847,41.390444],[2.128625,41.390746],[2.128762,41.390981],[2.128907,41.391213],[2.128965,41.391302],[2.129217,41.391698],[2.12937,41.391928],[2.129424,41.391994],[2.129487,41.392046],[2.12958,41.392097],[2.129652,41.392132],[2.129709,41.392157],[2.129741,41.39217],[2.129892,41.392218],[2.129989,41.392237],[2.130035,41.39225],[2.130079,41.392269],[2.130113,41.392289],[2.130145,41.392311],[2.130168,41.392333],[2.130199,41.39237],[2.130214,41.392394],[2.130226,41.392421],[2.130236,41.392465],[2.130256,41.392509],[2.130271,41.392534],[2.130302,41.392577],[2.130322,41.392598],[2.130361,41.392634],[2.130389,41.392655],[2.130421,41.392676],[2.131425,41.393198],[2.131749,41.39336],[2.132066,41.393521],[2.132244,41.393617],[2.132395,41.393711],[2.132527,41.393796],[2.13266,41.393886],[2.132776,41.393972],[2.132941,41.394119],[2.133411,41.39458],[2.133914,41.395086],[2.134001,41.395168],[2.134011,41.395175],[2.134058,41.395201],[2.134298,41.395326],[2.134561,41.395457],[2.136385,41.396284],[2.136411,41.396305],[2.13643,41.396329],[2.13644,41.396357],[2.136441,41.396385],[2.136432,41.396413],[2.136414,41.396438],[2.135252,41.397963],[2.134874,41.398456],[2.132634,41.401338],[2.130286,41.404376],[2.130082,41.40465],[2.130072,41.404668],[2.130071,41.404688],[2.130079,41.404707],[2.130096,41.404722],[2.13131,41.4054],[2.131337,41.405406],[2.131365,41.405405],[2.131391,41.405397],[2.131413,41.405383],[2.131422,41.405374],[2.131763,41.405063],[2.133172,41.403782]]},"properties":{"kind":"route","mode":"bus","surface":true,"route_id":"2.70.2882","short_name":"70","long_name":"Rambla de Badal / Bonanova","colour":"#DA291C","clipped":false,"inside_km":3.69}},{"type":"Feature","geometry":{"type":"LineString","coordinates":[[2.139319,41.378106],[2.139257,41.378147],[2.138755,41.3786],[2.138742,41.37861],[2.138706,41.378632],[2.138681,41.378642],[2.138654,41.378649],[2.138624,41.37865],[2.138593,41.378645],[2.138562,41.378631],[2.13853,41.378606],[2.138516,41.378587],[2.138392,41.378442],[2.138346,41.378382],[2.138314,41.378334],[2.138286,41.378281],[2.138162,41.377992],[2.138146,41.37794],[2.138139,41.377896],[2.138138,41.37787],[2.13814,41.377823],[2.138143,41.377802],[2.13815,41.377776],[2.138166,41.377739],[2.138179,41.377718],[2.138202,41.377688],[2.138238,41.377655],[2.138287,41.377622],[2.138353,41.377594],[2.138437,41.377575],[2.13854,41.377571],[2.138664,41.377586],[2.138811,41.377624],[2.138884,41.377646],[2.139952,41.377958],[2.140012,41.377977],[2.140113,41.378014],[2.140174,41.378039],[2.140239,41.378068],[2.140306,41.378101],[2.140373,41.378138],[2.141338,41.378743],[2.141404,41.378788],[2.141457,41.378826],[2.141519,41.378876],[2.141589,41.378935],[2.141664,41.379005],[2.141742,41.379086],[2.14182,41.379176],[2.141896,41.379276],[2.141956,41.37935],[2.142115,41.379553],[2.142164,41.37962],[2.142222,41.379683],[2.142273,41.379729],[2.142771,41.380105],[2.142922,41.380223],[2.142986,41.380265],[2.143056,41.380302],[2.14313,41.380333],[2.143369,41.380414],[2.143742,41.380557],[2.144239,41.380773],[2.144275,41.380792],[2.144304,41.380816],[2.144326,41.380844],[2.144344,41.380874],[2.144353,41.380906],[2.144353,41.380938],[2.144343,41.38097],[2.144324,41.380999],[2.144309,41.381015],[2.144144,41.381131],[2.143983,41.381249],[2.142852,41.382098],[2.142543,41.382326],[2.142514,41.382346],[2.140458,41.383872],[2.140259,41.384027],[2.138929,41.385181],[2.137645,41.386289],[2.137637,41.386298],[2.137628,41.386316],[2.137626,41.386328],[2.137628,41.386341],[2.137635,41.386355],[2.137647,41.386371],[2.139655,41.388146],[2.139677,41.38817],[2.139687,41.388186],[2.139695,41.388204],[2.139699,41.388224],[2.139697,41.388245],[2.139687,41.388267],[2.139664,41.388291],[2.138979,41.388965],[2.138758,41.389257],[2.138559,41.389477],[2.13725,41.390755],[2.137209,41.390784],[2.137162,41.390808],[2.13711,41.390825],[2.137055,41.390835],[2.136999,41.390839],[2.136943,41.390835],[2.136888,41.390824],[2.132804,41.389783],[2.127476,41.388436],[2.123458,41.387422],[2.123419,41.387414],[2.123379,41.387413],[2.12334,41.387419],[2.123304,41.387432],[2.123278,41.387447],[2.123106,41.38759],[2.123065,41.387627],[2.123018,41.387659],[2.122965,41.387686],[2.122934,41.387697],[2.122829,41.38772],[2.122721,41.387735],[2.122611,41.387743],[2.122501,41.387745],[2.122377,41.387737],[2.122294,41.387735],[2.12221,41.38774],[2.122086,41.387759],[2.122025,41.387776],[2.121969,41.3878],[2.121918,41.38783],[2.1206,41.388844],[2.119044,41.390058],[2.116303,41.392165],[2.114173,41.39381]]},"properties":{"kind":"route","mode":"bus","surface":true,"route_id":"2.78.2870","short_name":"78","long_name":"Estaci\u00f3 de Sants / Sant Joan Desp\u00ed","colour":"#DA291C","clipped":false,"inside_km":4.24}},{"type":"Feature","geometry":{"type":"LineString","coordinates":[[2.16033,41.376512],[2.159978,41.376246],[2.159933,41.376225],[2.159884,41.376211],[2.159832,41.376204],[2.159779,41.376205],[2.159727,41.376212],[2.159678,41.376226],[2.159633,41.376247],[2.159117,41.376635],[2.158517,41.377079],[2.157385,41.377935],[2.1566,41.378534],[2.156558,41.378556],[2.156511,41.378573],[2.15646,41.378582],[2.156408,41.378585],[2.156357,41.37858],[2.156307,41.378569],[2.156261,41.37855],[2.156221,41.378526],[2.155443,41.377942],[2.155075,41.377655],[2.154328,41.377086],[2.153955,41.376813],[2.153216,41.376252],[2.152829,41.375968],[2.152111,41.375423],[2.151756,41.375165],[2.151741,41.375156],[2.151715,41.375147],[2.151697,41.375143],[2.15165,41.375138],[2.151621,41.375138],[2.151391,41.37516],[2.150026,41.375159],[2.149952,41.37516],[2.149879,41.375168],[2.149807,41.375182],[2.149739,41.375204],[2.149674,41.375232],[2.149616,41.375266],[2.149563,41.375305],[2.149539,41.375328],[2.149487,41.375367],[2.149429,41.375401],[2.149366,41.375429],[2.149298,41.375451],[2.149228,41.375466],[2.149155,41.375474],[2.149081,41.375475],[2.149008,41.375469],[2.148937,41.375455],[2.148868,41.375435],[2.148804,41.375408],[2.148745,41.375375],[2.148684,41.375331],[2.148639,41.375288],[2.1486,41.37524],[2.148571,41.37519],[2.14855,41.375136],[2.148541,41.375091],[2.148523,41.374933],[2.148511,41.374854],[2.148494,41.374799],[2.148478,41.374758],[2.148445,41.374717],[2.148247,41.374552],[2.148129,41.374457],[2.14807,41.374407],[2.147684,41.374117],[2.147655,41.374103],[2.147605,41.374087],[2.147564,41.374076],[2.147427,41.374043],[2.146553,41.373823],[2.145712,41.373616],[2.144946,41.373445],[2.144724,41.373392],[2.144505,41.373332],[2.14429,41.373264],[2.143924,41.373156],[2.142557,41.372735],[2.142519,41.372721],[2.142485,41.3727],[2.142459,41.372674],[2.14244,41.372645],[2.142433,41.372624],[2.142431,41.372608],[2.142399,41.371622],[2.142368,41.370279],[2.142368,41.370137],[2.142366,41.370124],[2.142359,41.370105],[2.142345,41.37008],[2.142323,41.370056],[2.139433,41.367881],[2.139413,41.367868],[2.138494,41.367174],[2.137647,41.366561],[2.137623,41.366547],[2.137588,41.366533],[2.137566,41.366528],[2.137543,41.366526],[2.137519,41.366528],[2.137494,41.366536],[2.137471,41.36655],[2.137281,41.366707],[2.137249,41.366726],[2.13722,41.366737],[2.137181,41.366747],[2.137132,41.366754],[2.137072,41.366755],[2.137001,41.36675],[2.136917,41.366735],[2.136821,41.36671],[2.134997,41.366201],[2.134975,41.366197],[2.134938,41.366194],[2.134917,41.366196],[2.134896,41.366201],[2.134875,41.36621],[2.134856,41.366224],[2.134839,41.366243],[2.134576,41.366607],[2.134224,41.367102],[2.134154,41.367197],[2.133982,41.367454],[2.133918,41.367553],[2.133831,41.367681],[2.133605,41.36805],[2.133469,41.368291],[2.133341,41.368537],[2.13325,41.368737],[2.133142,41.369005],[2.133143,41.369012],[2.133149,41.369022],[2.133162,41.369033],[2.133172,41.369039],[2.133819,41.369343],[2.134535,41.369535],[2.134874,41.369621],[2.135225,41.369688],[2.135552,41.36974],[2.136404,41.3698],[2.136872,41.369815],[2.136986,41.369814],[2.137101,41.36982],[2.137214,41.369834],[2.137316,41.369852],[2.137637,41.36992],[2.137735,41.369953]]},"properties":{"kind":"route","mode":"bus","surface":true,"route_id":"2.91.2871","short_name":"91","long_name":"Manso / La Bordeta","colour":"#DA291C","clipped":false,"inside_km":3.42}},{"type":"Feature","geometry":{"type":"LineString","coordinates":[[2.13674,41.363485],[2.136666,41.363589],[2.136552,41.363744],[2.136031,41.364481],[2.135976,41.364553],[2.135949,41.364606],[2.135939,41.364652],[2.135932,41.364717],[2.135936,41.36486],[2.135939,41.364881],[2.135952,41.364906],[2.135998,41.364953],[2.136167,41.365084],[2.136219,41.36512],[2.137269,41.3659],[2.137653,41.366192],[2.137702,41.366231],[2.137732,41.36626],[2.137759,41.366288],[2.137825,41.366353],[2.137905,41.366428],[2.137957,41.366473],[2.138019,41.366531],[2.138533,41.366927],[2.138751,41.3671],[2.138952,41.367298],[2.139331,41.367578],[2.142373,41.369861],[2.144916,41.37178],[2.146041,41.372612],[2.146124,41.37267],[2.146225,41.37273],[2.146324,41.372783],[2.146434,41.372836],[2.146569,41.372908],[2.146659,41.372965],[2.147361,41.373465],[2.1475,41.373579],[2.148324,41.374185],[2.148532,41.374333],[2.148632,41.374411],[2.14867,41.374435],[2.148706,41.374453],[2.148745,41.374468],[2.148788,41.37448],[2.148839,41.374487],[2.148915,41.374488],[2.14901,41.374495],[2.149106,41.37451],[2.149181,41.374531],[2.149328,41.374593],[2.14939,41.374622],[2.149427,41.374643],[2.149459,41.374664],[2.149598,41.374776],[2.149638,41.37482],[2.14967,41.374868],[2.149693,41.374919],[2.149706,41.374972],[2.149709,41.375001],[2.149703,41.37506],[2.149689,41.375118],[2.149665,41.375175],[2.149632,41.375228],[2.14959,41.375279],[2.149546,41.375321],[2.149273,41.375564],[2.149204,41.375601],[2.148333,41.376256],[2.148294,41.376277],[2.148255,41.376292],[2.148233,41.376298],[2.148203,41.376303],[2.148167,41.376303],[2.148144,41.376305],[2.148105,41.376312],[2.148081,41.376318],[2.148055,41.376327],[2.148028,41.376338],[2.148,41.376353],[2.147972,41.376372],[2.146066,41.377807],[2.143859,41.379475],[2.142956,41.38015],[2.142943,41.380161],[2.142936,41.380171],[2.14293,41.380182],[2.142928,41.380196],[2.14293,41.380211],[2.14294,41.380227],[2.142957,41.380245],[2.142986,41.380265],[2.143056,41.380302],[2.14313,41.380333],[2.143369,41.380414],[2.143742,41.380557],[2.144239,41.380773],[2.144645,41.380956],[2.145775,41.38145],[2.145801,41.381461],[2.14583,41.381465],[2.145859,41.381461],[2.145885,41.381451],[2.146436,41.381031],[2.146934,41.380659],[2.146981,41.380634],[2.147032,41.380615],[2.147087,41.380603],[2.147144,41.380599],[2.1472,41.380601],[2.147256,41.380611],[2.147309,41.380627],[2.147357,41.38065],[2.147378,41.380663],[2.147922,41.381067],[2.149658,41.382391],[2.150697,41.383156],[2.151272,41.383599],[2.15183,41.384017],[2.152987,41.384876],[2.154028,41.385678],[2.154559,41.386079],[2.154894,41.386329],[2.155577,41.386857],[2.156081,41.387233],[2.156107,41.387256],[2.156123,41.387276],[2.156137,41.387299],[2.156147,41.387325],[2.156148,41.387355],[2.156139,41.387387],[2.156117,41.38742],[2.156078,41.387455],[2.154591,41.38857],[2.154125,41.388927],[2.154083,41.388953],[2.154049,41.38897],[2.154008,41.388984],[2.15396,41.388993],[2.153907,41.388994],[2.153849,41.388984],[2.153788,41.38896],[2.153724,41.38892],[2.153051,41.388417]]},"properties":{"kind":"route","mode":"bus","surface":true,"route_id":"2.109.2877","short_name":"109","long_name":"Hospital Cl\u00ednic / Pol\u00edgon Zona Franca","colour":"#DA291C","clipped":false,"inside_km":4.02}},{"type":"Feature","geometry":{"type":"MultiLineString","coordinates":[[[2.114173,41.416021],[2.114219,41.416011],[2.11431,41.415998],[2.11446,41.415988],[2.114531,41.41599],[2.1146,41.415999],[2.114731,41.416025],[2.114824,41.41605],[2.114913,41.416083],[2.114949,41.416098],[2.115024,41.416143],[2.115093,41.416194],[2.115129,41.416225],[2.115195,41.416292],[2.115253,41.416363],[2.11548,41.416661],[2.115559,41.416777],[2.115614,41.416842],[2.115677,41.416902],[2.115794,41.416996],[2.115919,41.417084],[2.116299,41.417334],[2.116373,41.417386],[2.11644,41.417443],[2.116495,41.4175],[2.116557,41.417573],[2.116611,41.41765],[2.116656,41.41773],[2.116692,41.417813],[2.116713,41.417879],[2.116742,41.418013],[2.116773,41.418183],[2.116786,41.418241],[2.116797,41.418275],[2.116818,41.418306],[2.11688,41.418365],[2.116931,41.418401],[2.116972,41.418424],[2.117034,41.418456],[2.117641,41.418722],[2.117906,41.418841],[2.118203,41.418971],[2.118267,41.418997],[2.118336,41.419017],[2.118407,41.41903],[2.118463,41.419035],[2.118855,41.419062],[2.118961,41.419071],[2.119071,41.419088],[2.119125,41.419105],[2.119174,41.419127],[2.119218,41.419155],[2.119292,41.419219],[2.119325,41.419258],[2.11934,41.41928],[2.119482,41.419477],[2.119586,41.419629],[2.11964,41.419717],[2.119685,41.419808],[2.119742,41.419943],[2.119775,41.420045],[2.119824,41.420165],[2.119851,41.420222],[2.119896,41.420281],[2.119948,41.420337],[2.120008,41.420388],[2.120077,41.420436],[2.120132,41.420464],[2.120192,41.420486],[2.120209,41.420491],[2.121024,41.420656],[2.121142,41.420688],[2.121239,41.42072],[2.121334,41.420761],[2.121542,41.420865],[2.121563,41.420893],[2.121575,41.420924],[2.121577,41.420956],[2.121551,41.421073],[2.12152,41.421161],[2.121489,41.421229]],[[2.119218,41.421229],[2.119218,41.421225],[2.119216,41.421208],[2.119206,41.421201],[2.119193,41.421201],[2.119127,41.421229]],[[2.118934,41.421229],[2.118934,41.421229],[2.118926,41.421202],[2.118925,41.421183],[2.11893,41.421161],[2.118943,41.421141],[2.11896,41.421128],[2.118988,41.42111],[2.119061,41.421084],[2.119143,41.421059],[2.119229,41.421041],[2.119269,41.421035],[2.11932,41.421032],[2.11937,41.421036],[2.119401,41.421042],[2.119476,41.421061],[2.119549,41.421087],[2.119579,41.421101],[2.119601,41.421118],[2.119616,41.421125],[2.119634,41.421126],[2.119649,41.421119],[2.119658,41.421108],[2.119658,41.421095],[2.119652,41.421087],[2.119545,41.421001],[2.119492,41.420951],[2.119446,41.420897],[2.119405,41.420856],[2.119084,41.420509],[2.119066,41.42048],[2.119055,41.420454],[2.119047,41.420421],[2.119044,41.42038]]]},"properties":{"kind":"route","mode":"bus","surface":true,"route_id":"2.111.2888","short_name":"111","long_name":"Tibidabo","colour":"#DA291C","clipped":true,"inside_km":1.0}},{"type":"Feature","geometry":{"type":"LineString","coordinates":[[2.114173,41.381591],[2.114383,41.381463],[2.114904,41.381179],[2.115098,41.381099],[2.115304,41.381037],[2.115526,41.380991],[2.115727,41.380963],[2.116248,41.380913],[2.116799,41.380862],[2.11801,41.380743],[2.118138,41.380727],[2.118234,41.380713],[2.118329,41.380694],[2.118424,41.380667],[2.118553,41.380621],[2.118589,41.380605],[2.11867,41.380584],[2.118735,41.380574],[2.118792,41.380571],[2.118846,41.380577],[2.118903,41.380594],[2.11894,41.380614],[2.118974,41.380638],[2.119008,41.380664],[2.11907,41.380725],[2.119125,41.38079],[2.119169,41.380856],[2.119221,41.380918],[2.119307,41.381],[2.119398,41.38107],[2.119491,41.381123],[2.119608,41.381171],[2.119736,41.381205],[2.119848,41.381222],[2.119962,41.381228],[2.120106,41.381232],[2.120313,41.381232],[2.120528,41.381227],[2.120628,41.381232],[2.120756,41.38125],[2.120884,41.381285],[2.12097,41.381323],[2.121082,41.381389],[2.121163,41.38144],[2.121238,41.381497],[2.121305,41.381558],[2.122269,41.382514],[2.122353,41.382596],[2.122363,41.382604],[2.122389,41.382634],[2.122405,41.38266],[2.122422,41.382693],[2.122438,41.382736],[2.122453,41.382789],[2.122465,41.382854],[2.122474,41.38293],[2.122371,41.384245],[2.122377,41.384272],[2.122394,41.384311],[2.122408,41.384333],[2.122427,41.384355],[2.122451,41.384376],[2.122481,41.384395],[2.122521,41.384412],[2.122551,41.38443],[2.122576,41.384454],[2.122586,41.384469],[2.122593,41.384486],[2.122596,41.384506],[2.122556,41.384751],[2.122555,41.384817],[2.12254,41.38512],[2.122543,41.385372],[2.12257,41.385638],[2.122681,41.386486],[2.122712,41.386533],[2.122752,41.386576],[2.122799,41.386615],[2.122853,41.386649],[2.122912,41.386676],[2.122962,41.386694],[2.123022,41.386706],[2.12308,41.386725],[2.123132,41.386751],[2.12318,41.386782],[2.12322,41.386818],[2.123252,41.386859],[2.123297,41.386926],[2.12332,41.386974],[2.123333,41.387025],[2.123337,41.387076],[2.123332,41.387127],[2.123329,41.387141],[2.123326,41.387179],[2.12332,41.387198],[2.123211,41.387452],[2.12319,41.387491],[2.12316,41.387535],[2.123142,41.387557],[2.12312,41.387578],[2.123065,41.387627],[2.123018,41.387659],[2.122965,41.387686],[2.122934,41.387697],[2.122829,41.38772],[2.122721,41.387735],[2.122611,41.387743],[2.12252,41.387744]]},"properties":{"kind":"route","mode":"bus","surface":true,"route_id":"2.113.2916","short_name":"113","long_name":"La Merc\u00e8","colour":"#DA291C","clipped":false,"inside_km":1.3}},{"type":"Feature","geometry":{"type":"LineString","coordinates":[[2.162172,41.40644],[2.160643,41.40806],[2.16063,41.408077],[2.160626,41.408096],[2.160632,41.408114],[2.160646,41.40813],[2.160666,41.408141],[2.161618,41.408553],[2.161642,41.40856],[2.161668,41.408561],[2.161693,41.408554],[2.161712,41.408541],[2.163257,41.406906],[2.163276,41.406889],[2.163301,41.406872],[2.163328,41.406858],[2.163357,41.406851],[2.163387,41.406854],[2.163415,41.406871],[2.16344,41.406907],[2.16346,41.406963],[2.163555,41.407306],[2.163586,41.407435],[2.163822,41.40828],[2.164237,41.409802],[2.164363,41.410295],[2.16463,41.411285],[2.164687,41.411562],[2.164686,41.411585],[2.164679,41.411621],[2.164671,41.411642],[2.16466,41.411665],[2.16358,41.413356],[2.163572,41.413372],[2.163568,41.413385],[2.163567,41.413401],[2.163568,41.413418],[2.163575,41.413437],[2.163588,41.413457],[2.163608,41.413478],[2.163637,41.413498],[2.164584,41.414027],[2.165695,41.41459],[2.165882,41.414675],[2.165942,41.414699],[2.166006,41.414716],[2.166158,41.414741],[2.166247,41.414763],[2.166333,41.414792],[2.166415,41.414827],[2.166491,41.414868],[2.166541,41.414901],[2.16661,41.414955],[2.166636,41.414979],[2.166653,41.415023],[2.166678,41.415064],[2.166712,41.415101],[2.166728,41.415124],[2.166736,41.41514],[2.16677,41.41517],[2.166814,41.415198],[2.166948,41.415266],[2.167196,41.415387],[2.167226,41.415403],[2.167249,41.415425],[2.167265,41.41545],[2.167271,41.415477],[2.167268,41.415505],[2.167255,41.415531],[2.166498,41.416309],[2.166215,41.416602],[2.166197,41.416624],[2.166187,41.41665],[2.166187,41.416676],[2.166196,41.416701],[2.166215,41.416723],[2.16624,41.416741],[2.166678,41.416978],[2.166796,41.417044],[2.166829,41.417068],[2.167295,41.417428],[2.167544,41.417615],[2.167583,41.417655],[2.167614,41.4177],[2.167636,41.417747],[2.167649,41.417796],[2.167652,41.417846],[2.16765,41.417873],[2.167646,41.418053],[2.167648,41.418088],[2.167659,41.418122],[2.16768,41.418153],[2.167708,41.418181],[2.167744,41.418204],[2.167785,41.418221],[2.16791,41.418255],[2.167977,41.418276],[2.168039,41.418304],[2.168086,41.41833],[2.168103,41.418344],[2.168247,41.41857],[2.168379,41.418705],[2.168404,41.418728],[2.168436,41.418746],[2.168473,41.418757],[2.168513,41.418762],[2.168552,41.418759],[2.168579,41.418753],[2.169047,41.418595],[2.16906,41.418566],[2.169082,41.418541],[2.169112,41.41852],[2.169155,41.4185],[2.169184,41.418496],[2.169213,41.418498],[2.169239,41.418508],[2.16926,41.418523],[2.169274,41.418543],[2.169278,41.418564],[2.169273,41.418586],[2.169259,41.418605],[2.169237,41.41862],[2.169218,41.418628],[2.169189,41.418631],[2.169145,41.418625],[2.169129,41.418629],[2.168616,41.418808],[2.168568,41.418818],[2.168519,41.41882],[2.16847,41.418815],[2.168423,41.418803],[2.16838,41.418784],[2.168365,41.418775],[2.168343,41.418756],[2.168161,41.418527],[2.168071,41.418405],[2.168041,41.418372],[2.168003,41.418344],[2.167959,41.418322],[2.16791,41.418306],[2.167789,41.418274],[2.167739,41.418256],[2.167694,41.418232],[2.167655,41.418203],[2.167624,41.418168],[2.1676,41.418131],[2.167586,41.418091],[2.167581,41.418059],[2.167588,41.417844],[2.167591,41.417802],[2.167585,41.41776],[2.167569,41.417719],[2.167545,41.417682],[2.167512,41.417647],[2.167011,41.417274],[2.16679,41.417099],[2.166732,41.417058],[2.166225,41.416785],[2.166189,41.416767],[2.166158,41.416743],[2.166135,41.416714],[2.166121,41.416683],[2.166116,41.41665],[2.16612,41.416617],[2.166134,41.416586],[2.166157,41.416557],[2.166172,41.416544],[2.166707,41.416008],[2.167172,41.415523],[2.167186,41.415508],[2.167191,41.415491],[2.167186,41.415473],[2.167173,41.415458],[2.167033,41.415389],[2.166902,41.415317],[2.166835,41.415287],[2.166762,41.415262],[2.166687,41.415245],[2.166609,41.415234],[2.166563,41.415231],[2.166474,41.415219],[2.166387,41.4152],[2.166303,41.415174],[2.166168,41.41512],[2.166094,41.415081],[2.166026,41.415037],[2.165965,41.414987],[2.165938,41.414962],[2.165908,41.414938],[2.165872,41.414919],[2.165831,41.414907],[2.165802,41.414903],[2.16532,41.414852],[2.165017,41.414816],[2.164715,41.414772],[2.164415,41.414722],[2.164117,41.414664],[2.163822,41.4146],[2.16357,41.41454],[2.163321,41.414474],[2.163075,41.4144],[2.162998,41.414375],[2.16297,41.414375],[2.162931,41.414379],[2.16291,41.414384],[2.162889,41.414391],[2.162871,41.4144],[2.162857,41.414413],[2.162545,41.414911],[2.162538,41.414928],[2.162535,41.414941],[2.162535,41.414958],[2.162537,41.414976],[2.162544,41.414996],[2.162557,41.415016],[2.162577,41.415037],[2.162606,41.415057],[2.163228,41.415467],[2.163254,41.415479],[2.163292,41.41549],[2.163315,41.415494],[2.163339,41.415496],[2.163364,41.415493],[2.163387,41.415487],[2.16341,41.415474],[2.163776,41.415447],[2.164264,41.415383],[2.164284,41.415395],[2.164311,41.415416],[2.164339,41.415444],[2.164352,41.415461],[2.164362,41.41548],[2.16437,41.4155],[2.16305,41.416533],[2.163036,41.416548],[2.163026,41.416563],[2.163023,41.416571],[2.163023,41.416578],[2.163026,41.416586],[2.163038,41.416595],[2.163065,41.416605],[2.163097,41.416609],[2.163117,41.416608],[2.16314,41.416606],[2.163165,41.4166],[2.163867,41.416357],[2.1639,41.41635],[2.163943,41.416343],[2.163966,41.416341],[2.163987,41.416342],[2.164005,41.416346],[2.164018,41.416354],[2.164025,41.416374],[2.164025,41.416403],[2.164018,41.416429],[2.164012,41.416442],[2.164002,41.416455],[2.16397,41.416486],[2.162851,41.41725],[2.162818,41.417262],[2.162781,41.417268],[2.162737,41.417265],[2.16147,41.416786],[2.161154,41.416659],[2.160003,41.416016],[2.159974,41.415998],[2.159953,41.415975],[2.15994,41.415949],[2.159937,41.415921],[2.159943,41.415894],[2.159957,41.41587],[2.160872,41.415131],[2.1609,41.415118],[2.160933,41.415111],[2.160967,41.415112],[2.161,41.415119],[2.161028,41.415133],[2.161042,41.415144],[2.162041,41.416239],[2.162061,41.416248],[2.162083,41.416249],[2.162106,41.416243],[2.162174,41.416229],[2.162243,41.416223],[2.162289,41.416223]]},"properties":{"kind":"route","mode":"bus","surface":true,"route_id":"2.114.2942","short_name":"114","long_name":"Gr\u00e0cia / Can Bar\u00f3","colour":"#DA291C","clipped":false,"inside_km":3.98}},{"type":"Feature","geometry":{"type":"LineString","coordinates":[[2.133022,41.368262],[2.133172,41.367996],[2.13318,41.367975],[2.133433,41.367569],[2.133578,41.367345],[2.133593,41.367329],[2.133614,41.367319],[2.133639,41.367315],[2.133664,41.367318],[2.133678,41.367324],[2.133875,41.367429],[2.133883,41.367436],[2.133902,41.367453],[2.133913,41.367465],[2.133922,41.36748],[2.133928,41.367496],[2.133931,41.367514],[2.133928,41.367533],[2.133919,41.367553],[2.133885,41.367599],[2.133831,41.367681],[2.133605,41.36805],[2.133469,41.368291],[2.133341,41.368537],[2.13325,41.368737],[2.133192,41.368882],[2.133142,41.369002],[2.133145,41.369016],[2.133154,41.369027],[2.133162,41.369033],[2.133209,41.369058],[2.133819,41.369343],[2.134535,41.369535],[2.134874,41.369621],[2.135225,41.369688],[2.135552,41.36974],[2.136404,41.3698],[2.136872,41.369815],[2.136986,41.369814],[2.137101,41.36982],[2.137214,41.369834],[2.13734,41.369857],[2.137388,41.369871],[2.137408,41.36988],[2.137463,41.369912],[2.137507,41.369931],[2.137715,41.369998],[2.137742,41.370009],[2.137773,41.370026],[2.137786,41.370037],[2.137796,41.37005],[2.1378,41.370065],[2.137797,41.370082],[2.137379,41.371059],[2.137158,41.371594],[2.137016,41.371927],[2.136664,41.372783],[2.136586,41.372961],[2.136565,41.373046],[2.136449,41.37375],[2.136372,41.374063],[2.136339,41.374232],[2.136254,41.374733],[2.136249,41.374863],[2.136181,41.375308],[2.136089,41.375857],[2.136095,41.375879],[2.13611,41.375898],[2.13627,41.376044],[2.136749,41.376468],[2.137236,41.376869],[2.137391,41.376987],[2.137546,41.377097],[2.137663,41.37717],[2.137755,41.377221],[2.137998,41.377342],[2.138081,41.377376],[2.138229,41.377434],[2.138422,41.377505],[2.138529,41.377541],[2.138641,41.377576],[2.139976,41.377965],[2.140058,41.377993],[2.140174,41.378039],[2.140239,41.378068],[2.140306,41.378101],[2.140373,41.378138],[2.141338,41.378743],[2.141404,41.378788],[2.141457,41.378826],[2.141519,41.378876],[2.141589,41.378935],[2.141664,41.379005],[2.141742,41.379086],[2.14182,41.379176],[2.141896,41.379276],[2.141956,41.37935],[2.142115,41.379553],[2.142164,41.37962],[2.142222,41.379683],[2.142273,41.379729],[2.142771,41.380105],[2.142922,41.380223],[2.142986,41.380265],[2.143056,41.380302],[2.14313,41.380333],[2.143369,41.380414],[2.143742,41.380557],[2.144239,41.380773],[2.144275,41.380792],[2.144304,41.380816],[2.144326,41.380844],[2.144344,41.380874],[2.144353,41.380906],[2.144353,41.380938],[2.144343,41.38097],[2.144324,41.380999],[2.144309,41.381015],[2.144144,41.381131],[2.143983,41.381249],[2.142852,41.382098],[2.142543,41.382326],[2.142511,41.382348],[2.142474,41.382363],[2.142432,41.382373],[2.142389,41.382375],[2.142347,41.38237],[2.142307,41.382358],[2.142271,41.382339],[2.142242,41.382316],[2.14222,41.382288],[2.142207,41.382257],[2.142203,41.382228],[2.142119,41.380984],[2.142104,41.380928],[2.14208,41.380874],[2.142047,41.380822],[2.142005,41.380774],[2.141956,41.38073],[2.141895,41.380694],[2.141837,41.380663],[2.141774,41.380634],[2.141743,41.380622],[2.141547,41.380565],[2.141114,41.38051],[2.140828,41.380464],[2.140799,41.380464],[2.140781,41.380466],[2.140761,41.380472],[2.140741,41.380481],[2.140721,41.380494],[2.140703,41.380513],[2.140688,41.380539],[2.140558,41.380817],[2.140169,41.381564]]},"properties":{"kind":"route","mode":"bus","surface":true,"route_id":"2.115.2917","short_name":"115","long_name":"La Bordeta","colour":"#DA291C","clipped":false,"inside_km":2.62}},{"type":"Feature","geometry":{"type":"MultiLineString","coordinates":[[[2.169067,41.421229],[2.169067,41.421229],[2.169104,41.421202],[2.169147,41.42118],[2.169195,41.421165],[2.169245,41.421157],[2.169297,41.421156],[2.169865,41.421192],[2.170228,41.421213],[2.170285,41.421211],[2.170341,41.421201],[2.170394,41.421184],[2.170442,41.421161],[2.170485,41.421132],[2.170521,41.421099],[2.170549,41.421061],[2.170568,41.42102],[2.170578,41.420978],[2.170579,41.420934],[2.170577,41.420918],[2.170466,41.420501],[2.170423,41.42033],[2.170417,41.420291],[2.170424,41.420237],[2.170438,41.420197],[2.170462,41.420158],[2.17073,41.419753],[2.170789,41.419672],[2.170833,41.419638],[2.171309,41.419403],[2.172113,41.419001],[2.172151,41.418986],[2.172192,41.418978],[2.172235,41.418978],[2.172257,41.418981]],[[2.172257,41.418981],[2.172276,41.418984],[2.172315,41.418997],[2.172349,41.419017],[2.172376,41.419041],[2.172387,41.419056],[2.17274,41.419564],[2.172978,41.419901],[2.173019,41.41997],[2.173051,41.420041],[2.173074,41.420114],[2.173081,41.420145],[2.173081,41.420165]],[[2.173081,41.420165],[2.173079,41.420245],[2.173039,41.420575],[2.172972,41.421229]],[[2.173837,41.421229],[2.173267,41.42042],[2.173081,41.420165]],[[2.173081,41.420165],[2.173014,41.420074],[2.17229,41.419032],[2.172257,41.418981]],[[2.172257,41.418981],[2.172241,41.418956],[2.172214,41.418908],[2.172195,41.418865],[2.172178,41.418812],[2.172178,41.418785],[2.172187,41.418758],[2.172206,41.418734],[2.172239,41.41871],[2.172679,41.418643],[2.173138,41.418585],[2.174068,41.418477],[2.174096,41.418481],[2.17412,41.418492],[2.174139,41.418508],[2.174149,41.418528],[2.174149,41.41855],[2.174048,41.419294],[2.174053,41.419333],[2.174067,41.419371],[2.17409,41.419406],[2.174121,41.419438],[2.174158,41.419463],[2.174726,41.41981],[2.174868,41.419898],[2.17517,41.420065],[2.175368,41.420178],[2.176772,41.421003],[2.17684,41.421037],[2.176903,41.421076],[2.176958,41.42112],[2.177007,41.42117],[2.177047,41.421223],[2.177051,41.421229]],[[2.179906,41.421229],[2.180162,41.420952],[2.18017,41.420942],[2.180178,41.420924],[2.180181,41.420913],[2.18018,41.420901],[2.180176,41.420888],[2.180167,41.420875],[2.180153,41.420862],[2.17964,41.420521],[2.179624,41.420513],[2.1796,41.420506],[2.179586,41.420505],[2.17957,41.420507],[2.179555,41.420513],[2.179538,41.420523],[2.179487,41.420578],[2.179472,41.420589],[2.179454,41.420595],[2.179444,41.420595],[2.179433,41.420592],[2.179421,41.420587],[2.177676,41.419341],[2.176668,41.418596],[2.17666,41.418588],[2.176645,41.418568],[2.176638,41.418555],[2.176636,41.41854],[2.176638,41.418524],[2.176648,41.418507],[2.176666,41.41849],[2.176695,41.418474],[2.177211,41.418282],[2.177229,41.418272],[2.177249,41.418255],[2.177258,41.418244],[2.177264,41.418231],[2.177266,41.418216],[2.177262,41.4182],[2.177252,41.418182],[2.176736,41.41746],[2.176728,41.417442],[2.176728,41.417431],[2.176732,41.417419],[2.176741,41.417407],[2.176757,41.417396],[2.17678,41.417385],[2.178477,41.416881],[2.178593,41.416842],[2.18029,41.416337],[2.180313,41.416322],[2.180328,41.416304],[2.180334,41.416285],[2.180385,41.415907],[2.180384,41.41586],[2.180374,41.415814],[2.180355,41.415769],[2.180327,41.415728],[2.18029,41.41569],[2.180247,41.415656],[2.180217,41.415639],[2.179699,41.415244],[2.177007,41.413238],[2.176488,41.412846],[2.176178,41.412616],[2.175601,41.412175],[2.17557,41.412139],[2.17555,41.412102],[2.175539,41.412063],[2.175537,41.412023],[2.175545,41.411984],[2.175562,41.411946],[2.175588,41.411912],[2.175622,41.411881],[2.176007,41.41159],[2.17697,41.410853]]]},"properties":{"kind":"route","mode":"bus","surface":true,"route_id":"2.117.2914","short_name":"117","long_name":"Guinard\u00f3","colour":"#DA291C","clipped":true,"inside_km":3.01}},{"type":"Feature","geometry":{"type":"MultiLineString","coordinates":[[[2.165418,41.419078],[2.165492,41.41909],[2.165538,41.419101],[2.165588,41.419114],[2.16564,41.41913],[2.165693,41.41915],[2.165758,41.419186],[2.165801,41.419215],[2.16585,41.419251],[2.165902,41.419296],[2.165955,41.419348],[2.166005,41.419409],[2.166049,41.419478],[2.166085,41.419556],[2.166195,41.419969],[2.166188,41.420007],[2.16618,41.420032],[2.166167,41.42006],[2.166149,41.420089],[2.166124,41.420118],[2.166091,41.420144],[2.166049,41.420166],[2.165998,41.420182],[2.165988,41.420183],[2.165941,41.420186],[2.165887,41.420185],[2.165853,41.420183],[2.1655,41.420146],[2.165034,41.420118],[2.164821,41.420098],[2.164743,41.420098],[2.164656,41.420114],[2.164459,41.420171],[2.164123,41.420251],[2.163865,41.420305],[2.163753,41.420326],[2.16367,41.420333],[2.163237,41.420344],[2.163145,41.420354],[2.163073,41.420367],[2.1629,41.420412],[2.161979,41.420753],[2.161938,41.420765],[2.161803,41.420796],[2.16178,41.420799],[2.161759,41.4208],[2.161733,41.420798],[2.161706,41.42079],[2.161683,41.420779],[2.161635,41.420741],[2.16159,41.420698],[2.161572,41.420686],[2.161532,41.420665],[2.161518,41.420662],[2.161418,41.420628],[2.161321,41.420586],[2.161274,41.420563],[2.160756,41.420323],[2.159408,41.419703],[2.158203,41.41913],[2.157686,41.418906],[2.157384,41.418768],[2.157363,41.418764],[2.157342,41.418767],[2.157325,41.418777],[2.157315,41.418792],[2.157295,41.419012],[2.157248,41.419323],[2.157191,41.419639],[2.157032,41.420293],[2.157009,41.420349],[2.156986,41.420385],[2.156817,41.420621],[2.156788,41.420651],[2.156752,41.420678],[2.15671,41.420698],[2.156664,41.420712],[2.156437,41.420756],[2.156309,41.420783],[2.156188,41.420803],[2.156032,41.420822],[2.15589,41.420831],[2.15571,41.42083],[2.15553,41.420822],[2.155441,41.420816],[2.155385,41.420807],[2.155329,41.420806],[2.155275,41.420812],[2.155222,41.420825],[2.155173,41.420845],[2.15513,41.42087],[2.155116,41.42088],[2.15472,41.421229]],[[2.150325,41.421229],[2.150121,41.421125],[2.149858,41.420999],[2.14981,41.420975],[2.149771,41.42095],[2.149738,41.420927],[2.149574,41.420764],[2.149561,41.420754],[2.149544,41.42075],[2.149526,41.420754],[2.149513,41.420763],[2.149509,41.420776],[2.149503,41.421229]],[[2.143914,41.421229],[2.143828,41.421191],[2.143674,41.421114],[2.143594,41.42107],[2.14341,41.420977],[2.143369,41.420963],[2.143325,41.420957],[2.143279,41.420957],[2.143236,41.420964],[2.143195,41.420979],[2.143158,41.421],[2.143131,41.421026],[2.143111,41.421055],[2.143019,41.421219],[2.143015,41.421229]],[[2.140369,41.421229],[2.140092,41.42065],[2.140072,41.420626],[2.140044,41.420606],[2.140011,41.420592],[2.139974,41.420585],[2.139936,41.420585],[2.139899,41.420593],[2.139869,41.420605],[2.13876,41.421016],[2.138709,41.421045],[2.138664,41.421079],[2.138627,41.421118],[2.138598,41.421161],[2.138578,41.421206],[2.138572,41.421229]],[[2.137679,41.421229],[2.137675,41.421223],[2.137657,41.421181],[2.137648,41.421136],[2.137648,41.421092],[2.137658,41.421047],[2.137677,41.421005],[2.137705,41.420965],[2.137741,41.42093],[2.137784,41.420899],[2.137822,41.420879],[2.138612,41.420639],[2.138791,41.420579],[2.138843,41.420554],[2.138888,41.420523],[2.138926,41.420486],[2.138957,41.420446],[2.138979,41.420403],[2.138991,41.420357],[2.139002,41.420305],[2.139,41.420262],[2.138675,41.419347],[2.138655,41.419269],[2.138645,41.419189],[2.138636,41.419063],[2.13864,41.418705],[2.138659,41.418486],[2.138655,41.418432],[2.138642,41.41838],[2.138619,41.41833],[2.138404,41.417975],[2.13837,41.417907],[2.138364,41.417871],[2.138366,41.417835],[2.138379,41.4178],[2.1384,41.417767],[2.138521,41.417643],[2.138548,41.41762],[2.138567,41.417593],[2.138576,41.417564],[2.138579,41.417547],[2.138594,41.417515],[2.138618,41.417486],[2.138649,41.417461],[2.138687,41.417442],[2.138729,41.417429],[2.138773,41.417423],[2.138819,41.417424],[2.138863,41.417432],[2.138904,41.417447],[2.138939,41.417468],[2.138969,41.417494],[2.13899,41.417524],[2.139097,41.417806],[2.139166,41.417972],[2.139181,41.417989],[2.139203,41.418001],[2.13923,41.418006],[2.139257,41.418005],[2.139267,41.418002],[2.139563,41.41788],[2.139988,41.417718],[2.140611,41.417477]]]},"properties":{"kind":"route","mode":"bus","surface":true,"route_id":"2.119.2931","short_name":"119","long_name":"La Teixonera","colour":"#DA291C","clipped":true,"inside_km":2.32}},{"type":"Feature","geometry":{"type":"MultiLineString","coordinates":[[[2.160513,41.376651],[2.159978,41.376246],[2.159933,41.376225],[2.159884,41.376211],[2.159832,41.376204],[2.159779,41.376205],[2.159727,41.376212],[2.159678,41.376226],[2.159627,41.37625],[2.159117,41.376635],[2.158517,41.377079],[2.157764,41.377649],[2.157732,41.377682],[2.157716,41.377705],[2.157701,41.377733],[2.15769,41.377764],[2.157688,41.377799],[2.157696,41.377836],[2.157717,41.377874],[2.157758,41.377916],[2.158511,41.378486],[2.158887,41.378763],[2.159252,41.379036],[2.161419,41.380673],[2.161934,41.381059],[2.161963,41.381078],[2.161987,41.381089],[2.162015,41.381099],[2.162048,41.381106],[2.162085,41.381107],[2.162124,41.381102],[2.162166,41.381087],[2.162209,41.381061],[2.16311,41.380386],[2.163128,41.380376],[2.163156,41.380362],[2.163193,41.380351],[2.163215,41.380347],[2.163239,41.380344],[2.163425,41.38034],[2.163938,41.380368],[2.166035,41.380474],[2.167055,41.380536],[2.167077,41.380536],[2.167107,41.380534],[2.167137,41.380528],[2.167151,41.380523],[2.167162,41.380515],[2.168004,41.379802],[2.168022,41.379785],[2.168033,41.379771],[2.168044,41.379753],[2.168052,41.379733],[2.168057,41.37971],[2.168055,41.379685],[2.168032,41.379618],[2.168028,41.379592],[2.168028,41.379575],[2.16803,41.379556],[2.168036,41.379536],[2.168046,41.379516],[2.168061,41.379496],[2.169391,41.378374],[2.170183,41.377712],[2.170214,41.377695],[2.170248,41.377683],[2.170269,41.377679],[2.170292,41.377677],[2.170316,41.377679],[2.170364,41.377691],[2.17038,41.377693],[2.170401,41.377695],[2.170425,41.377694],[2.170452,41.377691],[2.170483,41.377685],[2.170517,41.377674],[2.170553,41.377657],[2.170684,41.377597],[2.171318,41.377296],[2.171989,41.376982],[2.17201,41.376965],[2.172023,41.376944],[2.172029,41.376913],[2.172037,41.376891],[2.172053,41.376872],[2.172077,41.376858],[2.172093,41.376852],[2.17294,41.376681],[2.176098,41.376057],[2.176193,41.376043],[2.176277,41.376026],[2.176336,41.376009],[2.176362,41.375998],[2.177227,41.375722],[2.177251,41.375707],[2.177275,41.375687],[2.177302,41.375654],[2.177331,41.37561],[2.177359,41.375576],[2.177394,41.375546],[2.177435,41.375521],[2.177482,41.375503],[2.177533,41.375491],[2.177586,41.375486],[2.177638,41.375488],[2.177694,41.375499],[2.177765,41.375522],[2.17783,41.375551],[2.177891,41.375586],[2.177945,41.375627],[2.177992,41.375672],[2.178003,41.375685],[2.178037,41.375732],[2.178062,41.375782],[2.178078,41.375835],[2.178084,41.375888],[2.178091,41.37604],[2.178089,41.376088],[2.178096,41.376136],[2.178112,41.376182],[2.178138,41.376226],[2.178524,41.376707],[2.17928,41.377641],[2.180257,41.378859],[2.181928,41.380926],[2.18227,41.381339]],[[2.18227,41.381339],[2.182366,41.381455],[2.183209,41.382442],[2.183233,41.382461],[2.183264,41.382474],[2.183297,41.382481],[2.183332,41.382481],[2.183366,41.382473],[2.184149,41.382104],[2.184743,41.381844],[2.184802,41.381816],[2.18482,41.381803],[2.18483,41.381787],[2.18483,41.381769],[2.184822,41.381752],[2.184814,41.381744],[2.184691,41.381643],[2.184293,41.381264],[2.184205,41.381214],[2.184111,41.38117],[2.184045,41.381144],[2.183869,41.381083],[2.183689,41.381028],[2.183449,41.380964],[2.183338,41.380943],[2.183225,41.380928],[2.183111,41.380921],[2.182991,41.380921],[2.182928,41.380931],[2.182866,41.380947],[2.182809,41.38097],[2.182715,41.381013],[2.182645,41.381054],[2.182595,41.381088],[2.182437,41.381217],[2.18227,41.381339]],[[2.18227,41.381339],[2.182051,41.3815],[2.181148,41.382187],[2.179241,41.383611],[2.178697,41.384037],[2.178062,41.384525],[2.177522,41.384934],[2.177038,41.385297],[2.177031,41.385313],[2.177033,41.385329],[2.177053,41.385372],[2.177063,41.385415],[2.177064,41.385458],[2.177055,41.385502],[2.177053,41.385509],[2.177007,41.38556],[2.176954,41.385608],[2.176928,41.385626],[2.176921,41.385634],[2.176916,41.385645],[2.176917,41.385661],[2.176921,41.38567],[2.176929,41.38568],[2.176941,41.38569],[2.177443,41.386061],[2.177766,41.386305],[2.177857,41.38638],[2.178807,41.387083],[2.178831,41.387097],[2.178877,41.387115],[2.178908,41.387124],[2.178944,41.387131],[2.178985,41.387135],[2.179031,41.387135],[2.179081,41.38713],[2.179101,41.38713],[2.179126,41.387131],[2.179159,41.387135],[2.1792,41.387143],[2.179248,41.387156],[2.179303,41.387176],[2.179364,41.387205],[2.179431,41.387242],[2.179501,41.38729],[2.180132,41.387807],[2.180142,41.387819],[2.180151,41.387834],[2.180157,41.387851],[2.180157,41.38787],[2.180151,41.38789],[2.180135,41.387912],[2.180109,41.387934],[2.180069,41.387958],[2.180046,41.387976],[2.180023,41.387998],[2.180004,41.388024],[2.179991,41.388053],[2.179987,41.388084],[2.179996,41.388118],[2.18002,41.388154],[2.180092,41.388277],[2.180109,41.388296],[2.180121,41.388306],[2.180137,41.388315],[2.180155,41.388323],[2.180177,41.388326],[2.1802,41.388324],[2.180227,41.388315],[2.180534,41.388123],[2.180545,41.388119],[2.180557,41.388117],[2.180571,41.388118],[2.180585,41.388123],[2.180599,41.388134],[2.180613,41.388152],[2.180625,41.388178],[2.180719,41.388661],[2.180761,41.388848],[2.180804,41.389004],[2.18083,41.389085],[2.180859,41.389165],[2.180891,41.389288],[2.180918,41.389417],[2.18093,41.389491],[2.18094,41.389567],[2.180944,41.389617]]]},"properties":{"kind":"route","mode":"bus","surface":true,"route_id":"2.120.2918","short_name":"120","long_name":"Ciutat Vella","colour":"#DA291C","clipped":true,"inside_km":4.58}},{"type":"Feature","geometry":{"type":"LineString","coordinates":[[2.161411,41.377321],[2.161097,41.377086],[2.160711,41.376801],[2.159978,41.376246],[2.159597,41.375961],[2.158712,41.375289],[2.158699,41.375277],[2.158688,41.375261],[2.15868,41.375238],[2.158678,41.375223],[2.158677,41.375122],[2.158661,41.375077],[2.158641,41.375036],[2.158626,41.375011],[2.158578,41.37494],[2.15854,41.37488],[2.158506,41.37482],[2.158471,41.374751],[2.15802,41.373731],[2.157769,41.373154],[2.157757,41.373122],[2.157746,41.373101],[2.157731,41.373078],[2.15771,41.373055],[2.157684,41.373034],[2.157652,41.373016],[2.157613,41.373003],[2.157567,41.372998],[2.156879,41.372978],[2.156042,41.372957],[2.156009,41.372951],[2.155979,41.372938],[2.155955,41.37292],[2.155938,41.372897],[2.15593,41.372872],[2.155955,41.372223],[2.155961,41.372193],[2.155976,41.372165],[2.155999,41.37214],[2.15603,41.372121],[2.156066,41.372107],[2.156105,41.3721],[2.156124,41.372099],[2.159497,41.372186],[2.159832,41.372192],[2.159903,41.372191],[2.160268,41.372201],[2.160336,41.372201],[2.16037,41.372209],[2.160399,41.372223],[2.160423,41.372242],[2.16044,41.372272],[2.160558,41.372608],[2.161001,41.373823],[2.161017,41.37384],[2.161039,41.373852],[2.161065,41.373857],[2.16109,41.373856],[2.161492,41.373767],[2.16158,41.373749],[2.161665,41.373725],[2.161746,41.373693],[2.161799,41.373668],[2.162676,41.373298],[2.162814,41.373245],[2.162926,41.373208],[2.165076,41.372545],[2.165887,41.372289],[2.165911,41.37228],[2.165929,41.372265],[2.16594,41.372246],[2.165941,41.372226],[2.165933,41.372206],[2.16562,41.371724],[2.165617,41.371703],[2.165623,41.371682],[2.165638,41.371665],[2.165661,41.371652],[2.165687,41.371645],[2.166311,41.371515],[2.166349,41.371509],[2.166387,41.37151],[2.166424,41.371518],[2.166457,41.371533],[2.166484,41.371553],[2.166495,41.371565],[2.166929,41.371982],[2.166944,41.371993],[2.166954,41.371998],[2.166966,41.372002],[2.166981,41.372004],[2.166997,41.372003],[2.167015,41.371999],[2.167992,41.37154],[2.168024,41.371528],[2.168049,41.371523],[2.168075,41.371522],[2.169151,41.37169],[2.170631,41.372155],[2.170836,41.3722],[2.170972,41.372228],[2.171127,41.372258],[2.171294,41.372288],[2.171462,41.372313],[2.171625,41.372333],[2.171772,41.372343],[2.171897,41.372341],[2.171916,41.372344],[2.171923,41.372349],[2.171925,41.372353],[2.171926,41.372357],[2.172299,41.373057],[2.172315,41.373077],[2.172329,41.373087],[2.172346,41.373096],[2.172368,41.373103],[2.172395,41.373105],[2.172428,41.373101],[2.172466,41.373091],[2.17292,41.372958]]},"properties":{"kind":"route","mode":"bus","surface":true,"route_id":"2.121.2932","short_name":"121","long_name":"Poble Sec","colour":"#DA291C","clipped":false,"inside_km":2.43}},{"type":"Feature","geometry":{"type":"LineString","coordinates":[[2.126425,41.403935],[2.126138,41.403796],[2.126116,41.403789],[2.126093,41.40379],[2.126072,41.403797],[2.126058,41.403809],[2.125866,41.404016],[2.124829,41.405087],[2.124339,41.405589],[2.124328,41.405603],[2.124325,41.405619],[2.124333,41.405635],[2.124344,41.405644],[2.124872,41.406011],[2.125246,41.406264],[2.125337,41.406316],[2.125419,41.406355],[2.126204,41.406783],[2.127389,41.407421],[2.128283,41.407905],[2.128313,41.407922],[2.128336,41.407945],[2.128351,41.407971],[2.128357,41.407999],[2.128353,41.408027],[2.128339,41.408054],[2.128318,41.408077],[2.128191,41.408195],[2.128018,41.408343],[2.127769,41.408507],[2.127725,41.408539],[2.127676,41.408565],[2.127385,41.408708],[2.127318,41.40874],[2.127246,41.408765],[2.127186,41.40878],[2.126912,41.40883],[2.126831,41.40885],[2.126752,41.408876],[2.126679,41.40891],[2.126533,41.408991],[2.12646,41.40904],[2.126394,41.409094],[2.126336,41.409152],[2.126285,41.409215],[2.126242,41.409281],[2.126218,41.409329],[2.126206,41.409368],[2.1262,41.409435],[2.126202,41.409488],[2.126225,41.409611],[2.126227,41.409662],[2.126218,41.409712],[2.126201,41.409761],[2.126184,41.409792],[2.125952,41.410118],[2.125937,41.410144],[2.125931,41.410171],[2.125935,41.410198],[2.125947,41.410224],[2.125969,41.410247],[2.125997,41.410265],[2.126075,41.410308],[2.126488,41.410513],[2.126804,41.410661],[2.127236,41.410874],[2.127485,41.411001],[2.127659,41.411102],[2.127894,41.41125],[2.128142,41.411423],[2.128328,41.41156],[2.128344,41.411569],[2.128362,41.411571],[2.129116,41.411618],[2.129543,41.411637],[2.129581,41.411646],[2.129615,41.411661],[2.129682,41.411712],[2.129705,41.41172],[2.12973,41.411722],[2.129755,41.411717],[2.129769,41.41171],[2.130138,41.411472],[2.130491,41.411236],[2.130846,41.411008],[2.130871,41.410986],[2.130883,41.410972],[2.130893,41.410955],[2.130896,41.410938],[2.130892,41.41092],[2.130876,41.410902],[2.130846,41.410887],[2.1308,41.410873],[2.129978,41.410723],[2.129944,41.410713],[2.129909,41.4107],[2.129868,41.410682],[2.129825,41.410656],[2.129784,41.410624],[2.129751,41.410584],[2.12973,41.410536],[2.129725,41.41048],[2.129741,41.410414],[2.129979,41.40974],[2.129987,41.409722],[2.129999,41.409698],[2.130019,41.409672],[2.130045,41.409649],[2.130079,41.409633],[2.130121,41.409628],[2.130172,41.409639],[2.130233,41.409671],[2.130304,41.409729],[2.131353,41.410601],[2.131376,41.410617],[2.131392,41.410625],[2.13141,41.410632],[2.13143,41.410635],[2.131452,41.410634],[2.131474,41.410627],[2.131578,41.410566],[2.132009,41.410291],[2.134306,41.408796],[2.134343,41.408779],[2.134383,41.408769],[2.134426,41.408766],[2.134468,41.40877],[2.134509,41.408781],[2.134545,41.408799],[2.13457,41.408818],[2.134645,41.408895],[2.1348,41.409036],[2.135304,41.40952],[2.135462,41.409657],[2.13553,41.409727],[2.135596,41.409782],[2.135669,41.409832],[2.135759,41.409873],[2.135819,41.409898],[2.135898,41.409923],[2.13598,41.409942],[2.13641,41.410023],[2.136498,41.410043],[2.136588,41.410056],[2.136685,41.410062],[2.136794,41.410075],[2.1369,41.410096],[2.137004,41.410123],[2.137035,41.410133],[2.137056,41.410143],[2.137081,41.410158],[2.137093,41.410168],[2.137102,41.410179],[2.137107,41.410192],[2.137109,41.410206],[2.137105,41.410229],[2.137097,41.410252],[2.137082,41.410274],[2.137072,41.410285],[2.13706,41.410293],[2.137015,41.410309],[2.136984,41.410316],[2.136961,41.410329],[2.136945,41.410347],[2.136938,41.410369],[2.136941,41.410401],[2.136935,41.410433],[2.136929,41.410448],[2.136053,41.411614],[2.134592,41.413592],[2.134062,41.414324],[2.134046,41.414349],[2.13404,41.414376],[2.134044,41.414404],[2.134056,41.414429],[2.134077,41.414452],[2.134105,41.41447],[2.134139,41.414481],[2.134506,41.414536],[2.134744,41.414588],[2.135187,41.414701],[2.135514,41.414811],[2.135817,41.414922],[2.136106,41.415031],[2.136153,41.415042],[2.136201,41.415045],[2.136249,41.415041],[2.136296,41.41503],[2.136338,41.415012],[2.136352,41.415004],[2.136702,41.414688],[2.136902,41.414509],[2.136969,41.414456],[2.137043,41.414408],[2.137104,41.414374],[2.137193,41.414345],[2.137285,41.414321],[2.137379,41.414305],[2.137476,41.414296],[2.137573,41.414294],[2.13767,41.414299],[2.137766,41.414312],[2.137859,41.414331],[2.13795,41.414357],[2.138002,41.414376],[2.138106,41.414435],[2.138168,41.414485],[2.138223,41.414539],[2.138269,41.414598],[2.138308,41.414659],[2.138337,41.414724],[2.138357,41.41479],[2.138368,41.414858],[2.138369,41.414926],[2.138367,41.414952],[2.138345,41.415027],[2.138314,41.4151],[2.138274,41.41517],[2.138225,41.415238],[2.138166,41.415303],[2.137757,41.415656],[2.13773,41.41568],[2.137711,41.415709],[2.137701,41.415741],[2.1377,41.415773],[2.137709,41.415804],[2.137726,41.415834],[2.137753,41.415859],[2.137957,41.416019],[2.138123,41.416157],[2.138238,41.416263],[2.138346,41.416374],[2.138446,41.416489],[2.138517,41.416579],[2.138678,41.416815],[2.138725,41.4169],[2.138796,41.417036],[2.138858,41.417175],[2.139097,41.417806],[2.139166,41.417972],[2.139181,41.417989],[2.139203,41.418001],[2.13923,41.418006],[2.139257,41.418005],[2.139267,41.418002],[2.139563,41.41788],[2.139988,41.417718],[2.140884,41.417371]]},"properties":{"kind":"route","mode":"bus","surface":true,"route_id":"2.123.2936","short_name":"123","long_name":"Bonanova Alta","colour":"#DA291C","clipped":false,"inside_km":3.69}},{"type":"Feature","geometry":{"type":"MultiLineString","coordinates":[[[2.130845,41.418252],[2.130953,41.418229],[2.131017,41.418217],[2.131079,41.418208],[2.131178,41.41821],[2.131333,41.418232],[2.131476,41.418265],[2.131626,41.418311],[2.131752,41.418366],[2.131868,41.418422],[2.132074,41.418533],[2.132103,41.418546],[2.132121,41.418551],[2.132166,41.41856],[2.132219,41.418566],[2.13225,41.418566],[2.132283,41.418564],[2.132315,41.418558],[2.132347,41.418548],[2.132379,41.41853],[2.132408,41.418511],[2.13245,41.418477],[2.132471,41.418455],[2.132487,41.418425],[2.132498,41.418385],[2.132503,41.418339],[2.132511,41.418319],[2.132519,41.418307],[2.13253,41.418295],[2.132545,41.418283],[2.132564,41.418272],[2.132603,41.418258],[2.132629,41.418253],[2.132647,41.418252],[2.132668,41.418253],[2.132693,41.418256],[2.132737,41.418265],[2.132754,41.418266],[2.132776,41.418264],[2.1328,41.418259],[2.132983,41.418195],[2.132991,41.418194],[2.133013,41.418194],[2.133042,41.418196],[2.133058,41.4182],[2.133073,41.418206],[2.133087,41.418215],[2.133313,41.418439],[2.133529,41.418645],[2.133711,41.418804],[2.133949,41.419004],[2.134034,41.419087],[2.134079,41.419163],[2.134166,41.419319],[2.134197,41.419399],[2.134221,41.419496],[2.134216,41.419515],[2.134205,41.419543],[2.134184,41.419579],[2.134169,41.419599],[2.134151,41.419619],[2.134129,41.419638],[2.13411,41.41965],[2.134077,41.419666],[2.134055,41.419674],[2.134029,41.419682],[2.134,41.419689],[2.133967,41.419693],[2.133928,41.419696],[2.133908,41.419695],[2.133873,41.41969],[2.133851,41.419685],[2.133827,41.419678],[2.133801,41.419668],[2.133775,41.419654],[2.133748,41.419637],[2.133726,41.419619],[2.133707,41.41961],[2.133696,41.419606],[2.133684,41.419605],[2.13365,41.419608],[2.133632,41.419613],[2.133617,41.419622],[2.133613,41.41963],[2.133468,41.420107],[2.133406,41.420317],[2.133405,41.420323],[2.133408,41.420342],[2.133419,41.420372],[2.133444,41.420411],[2.133462,41.420434],[2.133486,41.420458],[2.133714,41.420673],[2.133817,41.420786],[2.133961,41.420967],[2.133975,41.420981],[2.133999,41.420998],[2.134017,41.421005],[2.134038,41.421011],[2.134063,41.421014],[2.134093,41.421014],[2.134123,41.421007],[2.134153,41.420996],[2.134186,41.420978],[2.134202,41.420966],[2.134216,41.420952],[2.134266,41.420885],[2.134302,41.420809],[2.134343,41.420744],[2.134358,41.420724],[2.134371,41.42071],[2.134409,41.420679],[2.134434,41.420662],[2.134465,41.420645],[2.13454,41.42061],[2.134578,41.420586],[2.134622,41.420554],[2.134644,41.420534],[2.134665,41.420511],[2.134899,41.420201],[2.134992,41.420074],[2.135006,41.420058],[2.135031,41.420037],[2.13507,41.420013],[2.135225,41.419939],[2.135249,41.419926],[2.135288,41.419898],[2.135316,41.419871],[2.135561,41.419548],[2.135813,41.419259],[2.135924,41.419127],[2.135949,41.419076],[2.135967,41.419017],[2.136013,41.418822],[2.136019,41.41881],[2.136032,41.418788],[2.136054,41.418762],[2.136069,41.418748],[2.136088,41.418735],[2.136109,41.418722],[2.136336,41.418572],[2.137633,41.417622],[2.138167,41.41724],[2.138176,41.417231],[2.138187,41.417215],[2.138193,41.417191],[2.138192,41.417176],[2.138187,41.41716],[2.138178,41.417141],[2.138114,41.417052],[2.138024,41.416952],[2.13791,41.416848],[2.137812,41.416774],[2.137702,41.416704],[2.137565,41.41663],[2.137471,41.416583],[2.137306,41.416513],[2.137131,41.416433],[2.137106,41.416417],[2.137085,41.4164],[2.137067,41.416381],[2.13705,41.416356],[2.137025,41.416331],[2.136997,41.416311],[2.13698,41.416301],[2.136516,41.416095],[2.136436,41.416062],[2.136361,41.416024],[2.136292,41.415979],[2.136229,41.415929],[2.136174,41.415875],[2.136126,41.415816],[2.136089,41.415757],[2.136062,41.415688],[2.136044,41.415617],[2.136036,41.415546],[2.136037,41.415474],[2.136048,41.415402],[2.136073,41.415317],[2.136108,41.415253],[2.136152,41.415192],[2.136171,41.41517],[2.136233,41.415104],[2.136303,41.415042],[2.136352,41.415004],[2.136702,41.414688],[2.136902,41.414509],[2.136969,41.414456],[2.137043,41.414408],[2.137104,41.414374],[2.137342,41.414264],[2.137541,41.414175],[2.137629,41.414133],[2.137724,41.414085]],[[2.137724,41.414085],[2.137768,41.414063],[2.137871,41.414006],[2.13792,41.413976],[2.1387,41.413379],[2.139484,41.412767],[2.139791,41.412529],[2.139814,41.4125],[2.139827,41.412481],[2.139839,41.412459],[2.139849,41.412436],[2.139854,41.412412],[2.139853,41.412389],[2.139844,41.412368],[2.139825,41.41235],[2.139288,41.411964],[2.138494,41.41139],[2.138477,41.411382],[2.13845,41.411373],[2.138417,41.411369],[2.138399,41.411369],[2.138381,41.411373],[2.138363,41.411381],[2.138339,41.411397],[2.138319,41.411416],[2.138309,41.411427],[2.138301,41.41144],[2.138294,41.411453],[2.138283,41.411526],[2.138248,41.41171],[2.138049,41.412485],[2.137766,41.413597],[2.137677,41.413885],[2.137675,41.413907],[2.137678,41.413946],[2.137683,41.413973],[2.137691,41.414005],[2.137704,41.414041],[2.137722,41.414082],[2.137724,41.414085]],[[2.137724,41.414085],[2.137745,41.414128],[2.137783,41.414178],[2.137832,41.414233],[2.137866,41.414265],[2.137905,41.4143],[2.13795,41.414337],[2.138002,41.414376],[2.138106,41.414435],[2.138168,41.414485],[2.138223,41.414539],[2.138269,41.414598],[2.138308,41.414659],[2.138337,41.414724],[2.138357,41.41479],[2.138368,41.414858],[2.138369,41.414926],[2.138367,41.414952],[2.138345,41.415027],[2.138314,41.4151],[2.138274,41.41517],[2.138225,41.415238],[2.138166,41.415303],[2.137757,41.415656],[2.13773,41.41568],[2.137711,41.415709],[2.137701,41.415741],[2.1377,41.415773],[2.137709,41.415804],[2.137726,41.415834],[2.137753,41.415859],[2.137957,41.416019],[2.138123,41.416157],[2.138238,41.416263],[2.138346,41.416374],[2.138446,41.416489],[2.138517,41.416579],[2.138678,41.416815],[2.138725,41.4169],[2.138796,41.417036],[2.138858,41.417175],[2.139097,41.417806],[2.139166,41.417972],[2.139181,41.417989],[2.139203,41.418001],[2.13923,41.418006],[2.139257,41.418005],[2.139267,41.418002],[2.139563,41.41788],[2.139988,41.417718],[2.140724,41.417433]]]},"properties":{"kind":"route","mode":"bus","surface":true,"route_id":"2.124.2937","short_name":"124","long_name":"Penitents","colour":"#DA291C","clipped":true,"inside_km":2.68}},{"type":"Feature","geometry":{"type":"MultiLineString","coordinates":[[[2.141178,41.363485],[2.141123,41.363514],[2.141008,41.363566],[2.140898,41.363624],[2.140794,41.363688],[2.140664,41.363777],[2.140576,41.363847],[2.140495,41.363922],[2.140421,41.364002],[2.140382,41.36405],[2.140304,41.364167],[2.140235,41.364288],[2.140186,41.364384],[2.140162,41.364452],[2.140148,41.364522],[2.140138,41.36461],[2.140135,41.364663],[2.14014,41.364724],[2.140155,41.364784],[2.140191,41.364871],[2.140216,41.364916],[2.140263,41.364995],[2.140306,41.365059],[2.140349,41.365112],[2.140381,41.365148],[2.140418,41.365177],[2.14048,41.365207],[2.141021,41.365441],[2.141046,41.365453],[2.141075,41.365459],[2.141105,41.365458],[2.141118,41.365456],[2.141298,41.365431],[2.141359,41.365417],[2.141516,41.365379],[2.141559,41.365367],[2.141662,41.36533],[2.141791,41.365278],[2.14183,41.365259],[2.141857,41.365244],[2.14237,41.36492],[2.14261,41.364771],[2.142719,41.364715],[2.142954,41.364617],[2.143094,41.364554],[2.143165,41.364517],[2.143225,41.36448],[2.143278,41.364443],[2.14335,41.364389],[2.143438,41.364315],[2.143819,41.363977],[2.143918,41.363904],[2.144039,41.363821],[2.144145,41.363758],[2.144257,41.363702],[2.144762,41.363485]],[[2.146111,41.363485],[2.146111,41.363489],[2.146127,41.363557],[2.146147,41.363609],[2.146178,41.363731],[2.1462,41.363855],[2.146214,41.364003],[2.146208,41.364146],[2.146192,41.364288],[2.146167,41.36443],[2.146148,41.364511],[2.146028,41.364989],[2.146021,41.365051],[2.146025,41.365114],[2.146037,41.365176],[2.146056,41.365229],[2.146087,41.365274],[2.146137,41.365324],[2.146183,41.365355],[2.146234,41.365381],[2.146289,41.365401],[2.146348,41.365413],[2.146409,41.365419],[2.146612,41.365413],[2.14665,41.365413],[2.146815,41.365422],[2.146978,41.365439],[2.14714,41.365462],[2.1473,41.365493],[2.147457,41.365531],[2.147518,41.365547],[2.14768,41.365602],[2.147838,41.365663],[2.148058,41.365756],[2.1482,41.365826],[2.148338,41.365902],[2.148474,41.365986],[2.148714,41.366124],[2.14896,41.366256],[2.149077,41.366316],[2.149183,41.36636],[2.149294,41.366399],[2.149408,41.366431],[2.149525,41.366456],[2.149566,41.366463],[2.149729,41.366498],[2.149895,41.366527],[2.150062,41.366548],[2.150231,41.366563],[2.150401,41.36657],[2.150571,41.36657],[2.150773,41.366565],[2.15095,41.366554],[2.151126,41.366536],[2.151301,41.36651],[2.151461,41.366481],[2.151778,41.36641],[2.152706,41.366193],[2.152999,41.366136],[2.153156,41.366119],[2.153426,41.366087],[2.153657,41.366067],[2.153735,41.366062],[2.154151,41.366044],[2.154537,41.366035],[2.154772,41.366032],[2.155007,41.366037],[2.155241,41.366049],[2.155475,41.366068],[2.155615,41.366083],[2.155929,41.366131],[2.156025,41.366138],[2.156122,41.366139],[2.156218,41.366132],[2.156314,41.366118],[2.156406,41.366097],[2.156496,41.366069],[2.156585,41.366033],[2.15661,41.366024],[2.156731,41.365967],[2.156848,41.365903],[2.156958,41.365833],[2.157024,41.365787],[2.157117,41.365713],[2.157203,41.365635],[2.157281,41.365552],[2.157351,41.365466],[2.157413,41.365375],[2.157466,41.365282],[2.157494,41.365224],[2.157534,41.365121],[2.157565,41.365017],[2.157587,41.364911],[2.157599,41.364804],[2.157602,41.364697],[2.157595,41.36459],[2.157578,41.364484],[2.157556,41.364359],[2.157526,41.364241],[2.157487,41.364124],[2.157438,41.36401],[2.15738,41.363898],[2.157314,41.363788],[2.157151,41.363559],[2.157092,41.363485]]]},"properties":{"kind":"route","mode":"bus","surface":true,"route_id":"2.125.2938","short_name":"125","long_name":"La Marina","colour":"#DA291C","clipped":true,"inside_km":1.95}},{"type":"Feature","geometry":{"type":"LineString","coordinates":[[2.151004,41.418998],[2.150462,41.418216],[2.150078,41.417652],[2.150063,41.417639],[2.150043,41.417626],[2.150032,41.417622],[2.15002,41.417621],[2.15001,41.417625],[2.15,41.417634],[2.149993,41.41765],[2.149954,41.418166],[2.149954,41.418191],[2.149959,41.418226],[2.149966,41.418246],[2.149974,41.418265],[2.149987,41.418285],[2.150003,41.418303],[2.150337,41.418857],[2.150361,41.418902],[2.150379,41.418943],[2.150391,41.418984],[2.150392,41.419003],[2.150422,41.419179],[2.150421,41.419189],[2.150415,41.419203],[2.150401,41.419219],[2.150389,41.419226],[2.150373,41.419232],[2.150352,41.419236],[2.149727,41.419316],[2.14971,41.419316],[2.149687,41.419312],[2.149675,41.419308],[2.149663,41.419301],[2.149652,41.419293],[2.149643,41.419281],[2.147894,41.416165],[2.147862,41.416098],[2.147823,41.416001],[2.147803,41.415945],[2.147786,41.415886],[2.147772,41.415826],[2.147763,41.415767],[2.147638,41.415246],[2.147626,41.415207],[2.147607,41.415155],[2.147594,41.415129],[2.147579,41.415103],[2.147561,41.415081],[2.147518,41.415045],[2.147144,41.414745],[2.147063,41.41469],[2.144969,41.41345],[2.144952,41.413442],[2.144938,41.413438],[2.144923,41.413435],[2.144907,41.413434],[2.14489,41.413437],[2.144874,41.413445],[2.144859,41.413459],[2.144847,41.413479],[2.144832,41.413542],[2.144741,41.414009],[2.14472,41.41413],[2.144717,41.414186],[2.144723,41.414242],[2.144746,41.414396],[2.144762,41.414455],[2.144787,41.414512],[2.144816,41.414559],[2.144853,41.414614],[2.144898,41.414665],[2.144951,41.414712],[2.144984,41.414737],[2.145113,41.414825],[2.145208,41.414884],[2.14522,41.414893],[2.145247,41.414918],[2.145262,41.414936],[2.145276,41.414957],[2.145287,41.414981],[2.145294,41.415006],[2.145294,41.415033],[2.145288,41.415061],[2.145263,41.415121],[2.145253,41.415154],[2.145247,41.415181],[2.145242,41.415219],[2.14523,41.415263],[2.145206,41.415323],[2.145188,41.415358],[2.145166,41.415396],[2.145119,41.415458],[2.145051,41.415526],[2.14497,41.415599],[2.144862,41.415693],[2.144809,41.415747],[2.144555,41.416033],[2.144466,41.41615],[2.144408,41.416237],[2.144328,41.416386],[2.144285,41.416449],[2.144246,41.416498],[2.144196,41.416555],[2.144137,41.416614],[2.144082,41.416663],[2.143996,41.416729],[2.143941,41.416767],[2.143878,41.416807],[2.143806,41.416849],[2.143606,41.416929],[2.14333,41.417031],[2.143272,41.417056],[2.143182,41.417101],[2.143128,41.417132],[2.143069,41.417168],[2.143005,41.417211],[2.142922,41.417273],[2.142881,41.41731],[2.142853,41.417339],[2.14282,41.417375],[2.142784,41.417419],[2.142746,41.417471],[2.142705,41.417531],[2.142663,41.417599],[2.142654,41.417619],[2.14263,41.417674],[2.142617,41.417714],[2.142603,41.41776],[2.142592,41.417813],[2.142583,41.417873],[2.142578,41.417937],[2.142578,41.418006],[2.142591,41.418082],[2.142615,41.41815],[2.142618,41.418162],[2.142619,41.418183],[2.142613,41.418207],[2.142607,41.41822],[2.142597,41.418233],[2.14258,41.418248],[2.142567,41.418257],[2.142542,41.418265],[2.142524,41.418268],[2.142503,41.418269],[2.142478,41.418268],[2.142448,41.418264],[2.142387,41.418248],[2.142284,41.418229],[2.142217,41.41822],[2.14214,41.418212],[2.142053,41.418208],[2.141959,41.418207],[2.141835,41.418213],[2.141774,41.418219],[2.141731,41.418227],[2.14168,41.418239],[2.141621,41.418255],[2.141556,41.418276],[2.141485,41.418304],[2.141409,41.418338],[2.141353,41.418369],[2.141128,41.41853],[2.141113,41.418544],[2.141096,41.418564],[2.141069,41.418606],[2.141052,41.418624],[2.141002,41.418666],[2.140967,41.418692],[2.140926,41.418718],[2.140879,41.418742],[2.140826,41.418763],[2.140769,41.418778],[2.140695,41.418786],[2.140676,41.418785],[2.140656,41.418782],[2.140636,41.418775],[2.140618,41.418764],[2.140603,41.418747],[2.140141,41.417736],[2.140136,41.417716],[2.140135,41.417703],[2.140138,41.41769],[2.140144,41.417676],[2.140155,41.417662],[2.140173,41.417648],[2.140198,41.417637],[2.14093,41.417353],[2.140951,41.417346],[2.141131,41.417274],[2.141161,41.41726],[2.141186,41.41724],[2.1412,41.417223],[2.141218,41.417182],[2.141278,41.417064],[2.142034,41.415893],[2.14204,41.415879],[2.142041,41.415859],[2.142037,41.415847],[2.142029,41.415835],[2.142014,41.415822],[2.141993,41.415811],[2.141759,41.415719],[2.141734,41.415703],[2.141717,41.415683],[2.141711,41.415671],[2.141708,41.415656],[2.14171,41.41564],[2.141718,41.415623],[2.14173,41.415609],[2.141751,41.415593],[2.141765,41.415586],[2.141782,41.41558],[2.141802,41.415577],[2.141824,41.415578],[2.141874,41.415588],[2.141894,41.415595],[2.141916,41.415605],[2.141928,41.415611],[2.141939,41.41562],[2.141955,41.415637],[2.141972,41.41566],[2.14198,41.415675],[2.141988,41.415695]]},"properties":{"kind":"route","mode":"bus","surface":true,"route_id":"2.129.2968","short_name":"129","long_name":"El Coll","colour":"#DA291C","clipped":false,"inside_km":2.15}},{"type":"Feature","geometry":{"type":"LineString","coordinates":[[2.12559,41.395546],[2.125609,41.395627],[2.125619,41.395662],[2.125616,41.395682],[2.125604,41.395701],[2.125584,41.395716],[2.125561,41.395724],[2.125155,41.395811],[2.123136,41.396221],[2.123019,41.396251],[2.122967,41.396277],[2.12292,41.396308],[2.12288,41.396345],[2.122734,41.396506],[2.122596,41.396671],[2.122476,41.396828],[2.122232,41.396978],[2.122161,41.397037],[2.122097,41.397102],[2.122043,41.397166],[2.121804,41.397435],[2.121787,41.397448],[2.121764,41.397455],[2.121739,41.397456],[2.121714,41.397449],[2.121351,41.397263],[2.12081,41.397012],[2.120435,41.396919],[2.120414,41.396916],[2.120401,41.396916],[2.120386,41.396917],[2.120371,41.396922],[2.120357,41.39693],[2.120343,41.396942],[2.120331,41.396958],[2.120326,41.396971],[2.120293,41.397026],[2.120251,41.397077],[2.120235,41.397093],[2.120106,41.39718],[2.119925,41.397317],[2.119777,41.397444],[2.119435,41.397826],[2.118975,41.398299],[2.118779,41.398486],[2.11853,41.398698],[2.118446,41.398762],[2.118356,41.398821],[2.11826,41.398875],[2.118159,41.398923],[2.118052,41.398964],[2.117942,41.398999],[2.117714,41.399058],[2.117557,41.399107],[2.117403,41.399162],[2.117196,41.399246],[2.117168,41.399259],[2.117156,41.399266],[2.117133,41.399287],[2.117122,41.399301],[2.117115,41.399318],[2.117114,41.399337],[2.117121,41.399358],[2.117138,41.39938],[2.117167,41.399404],[2.117203,41.399426],[2.117516,41.399598],[2.117721,41.399705],[2.118013,41.399847],[2.11818,41.399924],[2.11828,41.399969],[2.118508,41.400077],[2.119247,41.400465],[2.119345,41.400521],[2.120275,41.400978],[2.120289,41.400986],[2.120307,41.401002],[2.120314,41.401012],[2.120319,41.401024],[2.12032,41.401037],[2.120317,41.401052],[2.120307,41.401067],[2.120105,41.401319],[2.120056,41.401386],[2.120028,41.401471],[2.11999,41.401554],[2.119944,41.401634],[2.119868,41.401744],[2.119813,41.401806],[2.11975,41.401865],[2.119729,41.401882],[2.11923,41.402258],[2.119009,41.402422],[2.118781,41.402581],[2.118547,41.402734],[2.11815,41.40298],[2.117957,41.403094],[2.117703,41.403197],[2.1172,41.40341],[2.116788,41.403586],[2.116534,41.403659],[2.115257,41.403815],[2.114915,41.403866],[2.114706,41.403887],[2.114583,41.403886],[2.114297,41.40388],[2.114271,41.403877],[2.114248,41.403867],[2.114231,41.403851],[2.114223,41.403832],[2.114224,41.403813],[2.114234,41.403794],[2.114253,41.40378],[2.114257,41.403778],[2.114283,41.403771],[2.114311,41.403772],[2.114337,41.40378],[2.114357,41.403793],[2.114371,41.403812],[2.114388,41.403828],[2.114412,41.40384],[2.114436,41.403845],[2.11459,41.403857],[2.114671,41.40386],[2.114752,41.403856],[2.115468,41.403768],[2.115493,41.403756],[2.115512,41.403738],[2.115524,41.403717],[2.115525,41.403695],[2.11539,41.40306],[2.115366,41.40299],[2.11534,41.402935],[2.115209,41.402681],[2.115158,41.402589],[2.115098,41.4025],[2.115057,41.402445],[2.114173,41.401599]]},"properties":{"kind":"route","mode":"bus","surface":true,"route_id":"2.130.2969","short_name":"130","long_name":"Can Caralleu","colour":"#DA291C","clipped":false,"inside_km":2.12}},{"type":"Feature","geometry":{"type":"LineString","coordinates":[[2.139233,41.415283],[2.139276,41.415271],[2.139319,41.415256],[2.139369,41.415236],[2.139424,41.415211],[2.139481,41.415179],[2.139537,41.415142],[2.13959,41.415098],[2.139741,41.41494],[2.139753,41.414931],[2.139776,41.41492],[2.139792,41.414915],[2.139809,41.414913],[2.139829,41.414912],[2.139851,41.414916],[2.14003,41.414979],[2.140048,41.414988],[2.140057,41.414997],[2.140065,41.415007],[2.14007,41.41502],[2.140071,41.415036],[2.140065,41.415055],[2.140053,41.415078],[2.139954,41.415232],[2.139944,41.415242],[2.139936,41.415248],[2.139925,41.415253],[2.139911,41.415258],[2.139893,41.415261],[2.139872,41.415262],[2.139847,41.41526],[2.139697,41.415223],[2.139671,41.415221],[2.139636,41.415224],[2.139617,41.415229],[2.139597,41.415236],[2.1395,41.415293],[2.139422,41.41533],[2.13934,41.41536],[2.139253,41.415384],[2.139164,41.415401],[2.139073,41.415411],[2.138981,41.415414],[2.138889,41.41541],[2.138817,41.415402],[2.138424,41.415338],[2.138357,41.415333],[2.138289,41.415335],[2.138223,41.415345],[2.138159,41.415361],[2.138099,41.415384],[2.138044,41.415413],[2.138019,41.41543],[2.137428,41.41594],[2.137364,41.415986],[2.137293,41.416028],[2.137218,41.416063],[2.137137,41.416092],[2.137053,41.416114],[2.136966,41.416129],[2.136878,41.416137],[2.136789,41.416138],[2.1367,41.416132],[2.136613,41.416119],[2.136516,41.416095],[2.136436,41.416062],[2.136361,41.416024],[2.136292,41.415979],[2.136229,41.415929],[2.136174,41.415875],[2.136126,41.415816],[2.136089,41.415757],[2.136062,41.415688],[2.136044,41.415617],[2.136036,41.415546],[2.136037,41.415474],[2.136048,41.415402],[2.136073,41.415317],[2.136108,41.415253],[2.136152,41.415192],[2.136171,41.41517],[2.136233,41.415104],[2.136303,41.415042],[2.136352,41.415004],[2.136702,41.414688],[2.136902,41.414509],[2.136969,41.414456],[2.137043,41.414408],[2.137104,41.414374],[2.137342,41.414264],[2.137541,41.414175],[2.137629,41.414133],[2.137768,41.414063],[2.137871,41.414006],[2.13792,41.413976],[2.1387,41.413379],[2.139484,41.412767],[2.139791,41.412529],[2.140069,41.412283],[2.14064,41.411835],[2.140714,41.411788],[2.140794,41.411746],[2.140874,41.41171],[2.14092,41.411696],[2.140934,41.411688],[2.140945,41.411677],[2.140956,41.411661],[2.141342,41.41099],[2.141349,41.410981],[2.141363,41.410972],[2.141385,41.410963],[2.141418,41.410957],[2.14325,41.410755],[2.143275,41.410749],[2.143296,41.410739],[2.143308,41.410731],[2.143334,41.41071],[2.146598,41.407616],[2.146606,41.407611],[2.146624,41.4076],[2.146649,41.407591],[2.146662,41.407589],[2.146676,41.407591],[2.146688,41.407596],[2.146699,41.407606],[2.146701,41.407605],[2.147354,41.408184],[2.147383,41.408191],[2.14741,41.408194],[2.147426,41.408193],[2.147441,41.408189],[2.147455,41.408181],[2.147467,41.408168],[2.147477,41.40815],[2.147482,41.408148],[2.147546,41.408071],[2.147635,41.40798],[2.147718,41.407905],[2.149149,41.406773],[2.149342,41.406602],[2.149352,41.406591],[2.149357,41.406582],[2.149362,41.406571],[2.149363,41.406558],[2.149361,41.406543],[2.149354,41.406525],[2.14934,41.406507],[2.14928,41.406452],[2.149239,41.406422],[2.149199,41.406398],[2.14915,41.40638],[2.14905,41.406354],[2.148956,41.406336],[2.148883,41.406327],[2.148814,41.406316],[2.148743,41.406299],[2.148712,41.406289],[2.148685,41.406277],[2.148513,41.406191],[2.148332,41.406108],[2.148229,41.406065],[2.148121,41.406023],[2.14801,41.405985],[2.147877,41.405945],[2.147853,41.405942],[2.147817,41.405942],[2.147795,41.405945],[2.147771,41.40595],[2.147747,41.405959],[2.147723,41.405971],[2.147699,41.405987],[2.146109,41.407166],[2.145225,41.407832],[2.14499,41.408015],[2.14498,41.408021],[2.144963,41.408026],[2.14494,41.408028],[2.144927,41.408025],[2.144913,41.40802],[2.144188,41.407579],[2.144171,41.407566],[2.144162,41.407553],[2.144156,41.407536],[2.144037,41.406591],[2.144033,41.406566],[2.144022,41.406523],[2.144002,41.406467],[2.143987,41.406436],[2.14397,41.406404],[2.143948,41.406372],[2.14345,41.405938],[2.143443,41.405931],[2.143439,41.405919],[2.143442,41.405902],[2.143448,41.405892],[2.143458,41.405881],[2.143728,41.405699]]},"properties":{"kind":"route","mode":"bus","surface":true,"route_id":"2.131.2970","short_name":"131","long_name":"El Putxet","colour":"#DA291C","clipped":false,"inside_km":2.67}},{"type":"Feature","geometry":{"type":"MultiLineString","coordinates":[[[2.195227,41.385166],[2.195177,41.385194],[2.19514,41.385221],[2.194402,41.385781],[2.194376,41.385805],[2.194358,41.385833],[2.194348,41.385863],[2.194348,41.385894],[2.194358,41.385924],[2.194376,41.385952],[2.1944,41.385974],[2.196501,41.387539],[2.196547,41.387571],[2.196585,41.387608],[2.196616,41.387649],[2.196638,41.387693],[2.19665,41.387738],[2.196653,41.387785],[2.196647,41.387832],[2.196631,41.387877],[2.196606,41.38792],[2.196573,41.38796],[2.196532,41.387995],[2.196512,41.388009],[2.196464,41.38804],[2.196409,41.388065],[2.196351,41.388083],[2.196289,41.388095],[2.196226,41.3881],[2.195961,41.388095],[2.19592,41.388101],[2.195881,41.388114],[2.195848,41.388133],[2.195827,41.388151],[2.195562,41.388349],[2.194755,41.38896],[2.194367,41.38925],[2.192145,41.390929],[2.190496,41.392171],[2.190461,41.3922],[2.19044,41.392223],[2.19042,41.39225],[2.190405,41.392281],[2.190398,41.392313],[2.190404,41.392347],[2.190425,41.39238],[2.190466,41.392413],[2.192689,41.394003],[2.195496,41.396046],[2.198158,41.39799],[2.198886,41.398506],[2.199339,41.398833],[2.199743,41.399155],[2.200426,41.399663],[2.200844,41.399976],[2.200991,41.400089],[2.201583,41.400531],[2.201607,41.40054],[2.201633,41.400541],[2.201772,41.400538],[2.201799,41.400544],[2.201823,41.400555],[2.20184,41.400573],[2.201933,41.400642],[2.201953,41.400667],[2.201965,41.400695],[2.201968,41.400725],[2.201966,41.400739],[2.201965,41.400799],[2.201973,41.400815],[2.201987,41.400825],[2.202136,41.400934],[2.202814,41.401452],[2.203528,41.402003],[2.204956,41.403091],[2.205389,41.403423],[2.206053,41.403927],[2.206452,41.40421],[2.207575,41.405071],[2.208451,41.40574],[2.208855,41.406045],[2.20946,41.406496],[2.210116,41.406975],[2.210676,41.407397]],[[2.210676,41.418067],[2.210039,41.418548],[2.209807,41.418719],[2.209632,41.418926],[2.209157,41.419458],[2.20912,41.419507],[2.209074,41.419551],[2.208504,41.419971],[2.208438,41.420028],[2.208365,41.420079],[2.20835,41.420088],[2.207459,41.420576],[2.207275,41.420698],[2.207162,41.420786],[2.20657,41.421229]]]},"properties":{"kind":"route","mode":"bus","surface":true,"route_id":"2.136.3026","short_name":"136","long_name":"Pg. Mar\u00edtim / Verneda","colour":"#DA291C","clipped":true,"inside_km":3.62}},{"type":"Feature","geometry":{"type":"LineString","coordinates":[[2.144798,41.390367],[2.143983,41.390489],[2.143952,41.390498],[2.143935,41.390507],[2.143919,41.390519],[2.143905,41.390535],[2.143896,41.390555],[2.143893,41.39058],[2.143897,41.390611],[2.144063,41.391125],[2.144079,41.391149],[2.144102,41.391168],[2.144132,41.391182],[2.144165,41.391189],[2.1442,41.391189],[2.144234,41.391182],[2.144263,41.391168],[2.144289,41.391147],[2.144589,41.390923],[2.144629,41.390895],[2.144675,41.390873],[2.144725,41.390857],[2.144779,41.390848],[2.144833,41.390846],[2.144887,41.390852],[2.144939,41.390864],[2.144987,41.390883],[2.14503,41.390908],[2.145755,41.391439],[2.146213,41.391767],[2.146995,41.392338],[2.147035,41.392356],[2.147079,41.392368],[2.147126,41.392373],[2.147173,41.392371],[2.147218,41.392361],[2.14726,41.392345],[2.147297,41.392323],[2.147625,41.392072],[2.148074,41.39174],[2.148454,41.391442],[2.14958,41.390604],[2.151163,41.389406],[2.154588,41.386824],[2.159235,41.383315],[2.159567,41.383063],[2.159817,41.382868],[2.161868,41.381315],[2.163075,41.380413],[2.163121,41.380378],[2.16316,41.380338],[2.16319,41.380294],[2.163212,41.380248],[2.163225,41.380199],[2.163227,41.380176],[2.163062,41.378881],[2.163017,41.378591],[2.163005,41.378552],[2.162984,41.378516],[2.162954,41.378482],[2.162944,41.378473],[2.161693,41.377532]]},"properties":{"kind":"route","mode":"bus","surface":true,"route_id":"2.141.3333","short_name":"141","long_name":"Esq. de l'Eixample","colour":"#DA291C","clipped":false,"inside_km":2.44}},{"type":"Feature","geometry":{"type":"MultiLineString","coordinates":[[[2.150188,41.373589],[2.150029,41.373832],[2.149615,41.374433],[2.149596,41.374473],[2.149595,41.37448],[2.149597,41.374512],[2.149608,41.374544],[2.149628,41.374572],[2.149656,41.374597],[2.149922,41.37481],[2.149991,41.374847],[2.150066,41.374878],[2.150144,41.374902],[2.150201,41.374915],[2.150369,41.37493],[2.150489,41.374937],[2.150989,41.374938],[2.151159,41.374934],[2.153942,41.374921],[2.153977,41.374913],[2.154008,41.374899],[2.154034,41.374879],[2.154051,41.374855],[2.154205,41.374576],[2.154362,41.374283],[2.155021,41.373089],[2.155022,41.37307],[2.155014,41.373052],[2.154997,41.373037],[2.154976,41.373028],[2.154125,41.372707],[2.15369,41.372535],[2.153634,41.372523],[2.153576,41.372518],[2.153507,41.372515],[2.153458,41.372504],[2.153417,41.37249],[2.15175,41.371847],[2.151214,41.37165],[2.150858,41.37151],[2.150432,41.371347],[2.15034,41.371319],[2.150251,41.371285],[2.150154,41.371236],[2.149979,41.37117],[2.149835,41.37111],[2.149724,41.37105],[2.14962,41.370973],[2.149565,41.370922],[2.149518,41.370868],[2.14948,41.370809],[2.14945,41.370748],[2.149431,41.370691],[2.149312,41.370118],[2.149291,41.370044],[2.149261,41.369973],[2.149222,41.369903],[2.149175,41.369837],[2.149119,41.369775],[2.149056,41.369717],[2.148985,41.369663],[2.148909,41.369615],[2.148826,41.369573],[2.148738,41.369537],[2.148647,41.369508],[2.148552,41.369485],[2.148454,41.369469],[2.148355,41.36946],[2.148255,41.369458],[2.148176,41.369462],[2.147542,41.369535],[2.147402,41.369546],[2.147261,41.36955],[2.14712,41.369547],[2.14698,41.369536],[2.146841,41.369519],[2.146704,41.369494],[2.14657,41.369462],[2.146439,41.369424],[2.146275,41.369372],[2.146234,41.369359],[2.146117,41.369316],[2.146004,41.369266],[2.145896,41.369211],[2.145794,41.36915],[2.145698,41.369083],[2.145609,41.369011],[2.145527,41.368935],[2.145453,41.368854],[2.145387,41.368769],[2.145329,41.368681],[2.145313,41.368653],[2.145179,41.368316],[2.145085,41.368055],[2.144906,41.36764],[2.144865,41.367564],[2.144833,41.367486],[2.144819,41.367437],[2.144795,41.367381],[2.144762,41.367328],[2.144721,41.367278],[2.144672,41.367232],[2.144609,41.367185],[2.144577,41.367151],[2.144552,41.367114],[2.144537,41.367074],[2.14453,41.367032],[2.144534,41.36699],[2.144547,41.36695],[2.144568,41.366911],[2.144599,41.366876],[2.144636,41.366845],[2.14468,41.366816],[2.144698,41.366794],[2.144708,41.366769],[2.144709,41.366742],[2.144705,41.366725],[2.144705,41.36665],[2.144714,41.366581],[2.144742,41.366448],[2.1448,41.36633],[2.144848,41.366241],[2.144905,41.366156],[2.14497,41.366073],[2.145057,41.365973],[2.145127,41.365905],[2.145204,41.365841],[2.145288,41.365783],[2.145378,41.365731],[2.145572,41.365635],[2.145688,41.365586],[2.145808,41.365543],[2.145932,41.365508],[2.146059,41.365479],[2.146226,41.365446],[2.146354,41.365428],[2.146483,41.365416],[2.146612,41.365413],[2.14665,41.365413],[2.146815,41.365422],[2.146978,41.365439],[2.14714,41.365462],[2.1473,41.365493],[2.147457,41.365531],[2.147518,41.365547],[2.14768,41.365602],[2.147838,41.365663],[2.148058,41.365756],[2.1482,41.365826],[2.148338,41.365902],[2.148474,41.365986],[2.148714,41.366124],[2.14896,41.366256],[2.149077,41.366316],[2.149183,41.36636],[2.149294,41.366399],[2.149408,41.366431],[2.149525,41.366456],[2.149566,41.366463],[2.149729,41.366498],[2.149895,41.366527],[2.150062,41.366548],[2.150231,41.366563],[2.150401,41.36657],[2.150571,41.36657],[2.150773,41.366565],[2.15095,41.366554],[2.151126,41.366536],[2.151301,41.36651],[2.151461,41.366481],[2.151778,41.36641],[2.152706,41.366193],[2.152999,41.366136],[2.153156,41.366119],[2.153426,41.366087],[2.153657,41.366067],[2.153735,41.366062],[2.154151,41.366044],[2.154537,41.366035],[2.154772,41.366032],[2.155007,41.366037],[2.155241,41.366049],[2.155475,41.366068],[2.155615,41.366083],[2.155841,41.366117],[2.156065,41.366159],[2.156287,41.366207],[2.156505,41.366263],[2.156609,41.366291],[2.156794,41.366335],[2.156976,41.366385],[2.157154,41.366442],[2.157339,41.366509],[2.157536,41.366578],[2.157726,41.366652],[2.157753,41.366657],[2.157781,41.366655],[2.157807,41.366646],[2.157827,41.366631],[2.157881,41.366578],[2.157941,41.36653],[2.158008,41.366487],[2.158024,41.366479],[2.158081,41.366451],[2.158159,41.36642],[2.15824,41.366396],[2.158325,41.366378],[2.158412,41.366368],[2.1585,41.366365],[2.158587,41.366369],[2.158674,41.36638],[2.158758,41.366398],[2.158839,41.366423],[2.158917,41.366455],[2.158989,41.366492],[2.159055,41.366536],[2.159115,41.366584],[2.159167,41.366637],[2.159211,41.366694],[2.159247,41.366755],[2.159274,41.366818],[2.159292,41.366883],[2.1593,41.366948],[2.159299,41.367014],[2.159288,41.36708],[2.159268,41.367144],[2.159238,41.367207],[2.1592,41.367266],[2.159122,41.367358],[2.159118,41.367376],[2.159124,41.367394],[2.159139,41.367409],[2.159381,41.367567],[2.159752,41.367797],[2.160224,41.368097],[2.1605,41.368256],[2.160781,41.368409],[2.161098,41.368572],[2.161246,41.368634],[2.161399,41.36869],[2.161556,41.36874],[2.161716,41.368783],[2.161879,41.368819],[2.162045,41.368848],[2.162256,41.36888],[2.16241,41.368896],[2.162564,41.368904],[2.162718,41.368905],[2.162925,41.368911],[2.163345,41.368906],[2.163432,41.368894],[2.163516,41.368876],[2.163597,41.368851],[2.163674,41.368819],[2.163746,41.368781],[2.164924,41.368067],[2.165024,41.367998],[2.165118,41.367923],[2.165205,41.367844],[2.165284,41.367761],[2.165355,41.367673],[2.165418,41.367582],[2.165472,41.367488],[2.165517,41.367391],[2.165553,41.367293],[2.16558,41.367192],[2.165599,41.367073],[2.165602,41.366956],[2.165595,41.36684],[2.165579,41.366724],[2.165548,41.366588],[2.165542,41.366555],[2.165507,41.366496],[2.165464,41.366442],[2.165413,41.366391],[2.165355,41.366344],[2.165291,41.366303],[2.16522,41.366268],[2.165145,41.366239],[2.165065,41.366216],[2.164983,41.366201],[2.1649,41.366192],[2.164815,41.366191],[2.164731,41.366196],[2.164648,41.366209],[2.164567,41.366229],[2.16449,41.366256],[2.164418,41.366289],[2.164351,41.366328],[2.16429,41.366372],[2.164236,41.366421],[2.16419,41.366475],[2.164162,41.366514],[2.163882,41.367001],[2.163842,41.367054],[2.163795,41.367103],[2.16374,41.367148],[2.163678,41.367187],[2.163611,41.367221],[2.163539,41.367248],[2.163463,41.367269],[2.163384,41.367283],[2.163304,41.36729],[2.163223,41.36729],[2.163063,41.367276],[2.162963,41.36726],[2.162865,41.367237],[2.162511,41.367137],[2.162291,41.367067],[2.162076,41.36699],[2.161865,41.366906],[2.161755,41.36686],[2.161495,41.366738],[2.161412,41.366697],[2.161335,41.36665],[2.161264,41.366598],[2.161199,41.366541],[2.161163,41.366502],[2.161083,41.366426],[2.161012,41.366345],[2.160949,41.366261],[2.160584,41.365822],[2.160487,41.365735],[2.160343,41.36561],[2.160103,41.365436],[2.159927,41.365314],[2.159737,41.365173],[2.159723,41.365153],[2.159719,41.36513],[2.159724,41.365108],[2.159737,41.365087],[2.159756,41.365073],[2.159863,41.365057],[2.15991,41.365043],[2.159952,41.365022],[2.159989,41.364996],[2.160018,41.364965],[2.16004,41.36493],[2.160052,41.364893],[2.160055,41.364869],[2.160075,41.364784],[2.160221,41.364314],[2.160358,41.363955],[2.160576,41.363485]],[[2.161293,41.363485],[2.161288,41.363557],[2.161292,41.363637],[2.161305,41.363717],[2.161327,41.363795],[2.161359,41.363872],[2.1614,41.363946],[2.161449,41.364017],[2.161507,41.364084],[2.161572,41.364148],[2.161645,41.364206],[2.161693,41.36424],[2.161797,41.364288],[2.161905,41.36433],[2.162017,41.364366],[2.162133,41.364395],[2.162251,41.364416],[2.162372,41.364431],[2.162463,41.364438],[2.163838,41.364556],[2.163941,41.364558],[2.164044,41.364552],[2.164145,41.364538],[2.164176,41.364533],[2.164556,41.364488],[2.164643,41.36448],[2.164731,41.364478],[2.164818,41.364484],[2.164885,41.364493],[2.165502,41.364564],[2.165613,41.364579],[2.165721,41.364602],[2.165827,41.364632],[2.165929,41.364668],[2.167006,41.365094]]]},"properties":{"kind":"route","mode":"bus","surface":true,"route_id":"2.150.2993","short_name":"150","long_name":"Pl. Espanya / Castell de Montju\u00efc","colour":"#DA291C","clipped":true,"inside_km":5.21}},{"type":"Feature","geometry":{"type":"LineString","coordinates":[[2.114173,41.375811],[2.11465,41.375804],[2.114933,41.375793],[2.115376,41.375781],[2.116395,41.375762],[2.117507,41.375736],[2.11893,41.375712],[2.11992,41.375691],[2.120075,41.375695],[2.12028,41.375705],[2.120443,41.375716],[2.120547,41.375729],[2.120629,41.375736],[2.120774,41.375745],[2.120887,41.375743],[2.121059,41.375737],[2.12157,41.375714],[2.121599,41.375715],[2.121635,41.375719],[2.121672,41.375727],[2.121709,41.375742],[2.121741,41.375764],[2.121766,41.375796],[2.121779,41.375839],[2.121777,41.375894],[2.121771,41.375936],[2.121762,41.375972],[2.121758,41.376008],[2.121759,41.376008],[2.121775,41.37644],[2.121785,41.376801]]},"properties":{"kind":"route","mode":"bus","surface":true,"route_id":"2.157.2880","short_name":"157","long_name":"Collblanc / Sant Joan Desp\u00ed","colour":"#DA291C","clipped":false,"inside_km":0.73}},{"type":"Feature","geometry":{"type":"LineString","coordinates":[[2.121497,41.37732],[2.1215,41.377088],[2.121481,41.376422],[2.121486,41.376343],[2.1215,41.376264],[2.121512,41.376166],[2.121516,41.376097],[2.12153,41.37603],[2.121552,41.375963],[2.121584,41.375899],[2.121625,41.375838],[2.121642,41.375816],[2.121683,41.375774],[2.121732,41.375736],[2.121788,41.375703],[2.121849,41.375676],[2.121914,41.375656],[2.121969,41.375645],[2.122544,41.375634],[2.122629,41.375638],[2.122713,41.375649],[2.122794,41.375667],[2.122855,41.375688],[2.122913,41.375714],[2.122977,41.375749],[2.123218,41.375891],[2.124659,41.376767],[2.12525,41.377124],[2.125589,41.377331],[2.126364,41.37779],[2.127529,41.378457],[2.128832,41.379157],[2.129275,41.379385],[2.129299,41.379398],[2.129323,41.379422],[2.129333,41.379452],[2.129324,41.379505],[2.129275,41.379705],[2.129217,41.379903],[2.12881,41.381101],[2.128736,41.38128],[2.128561,41.381813],[2.128242,41.382771],[2.127904,41.383775],[2.127847,41.38395],[2.12767,41.38455],[2.127593,41.384823],[2.127457,41.385446],[2.127383,41.386041],[2.127367,41.386227],[2.12736,41.386413],[2.127363,41.386599],[2.127375,41.386785],[2.127384,41.38687],[2.127388,41.387013],[2.127401,41.387156],[2.127424,41.387298],[2.127436,41.387355],[2.127465,41.38756],[2.127532,41.387838],[2.127536,41.387874],[2.12755,41.387909],[2.127572,41.387942],[2.127603,41.387971],[2.127644,41.387996],[2.127975,41.388073],[2.12819,41.388131],[2.128214,41.388145],[2.128231,41.388164],[2.128239,41.388186],[2.128237,41.388209],[2.12815,41.388428],[2.128132,41.38846],[2.128106,41.388488],[2.128072,41.388511],[2.128033,41.388529],[2.12799,41.38854],[2.127945,41.388544],[2.127899,41.388541],[2.127872,41.388536],[2.123458,41.387422],[2.121564,41.386933],[2.118838,41.386241],[2.116145,41.385561],[2.114173,41.38506]]},"properties":{"kind":"route","mode":"bus","surface":true,"route_id":"2.175.3332","short_name":"175","long_name":"Les Corts","colour":"#DA291C","clipped":false,"inside_km":2.93}},{"type":"Feature","geometry":{"type":"MultiLineString","coordinates":[[[2.173461,41.415154],[2.173479,41.415176],[2.173486,41.41519],[2.17349,41.415204],[2.173489,41.415218],[2.173483,41.415233],[2.173469,41.415247],[2.173295,41.415381],[2.173227,41.415432]],[[2.173227,41.415432],[2.173047,41.415568],[2.173019,41.415581],[2.172999,41.415586],[2.172976,41.415589],[2.172949,41.415587],[2.17292,41.41558],[2.172889,41.415566],[2.172856,41.415544],[2.170816,41.414035],[2.17079,41.414021],[2.170771,41.414013],[2.170749,41.414007],[2.170724,41.414002],[2.170697,41.414001],[2.170669,41.414005],[2.170641,41.414015],[2.170613,41.414032],[2.170614,41.414033],[2.170225,41.414334],[2.169723,41.414711],[2.169597,41.414813],[2.169526,41.414882],[2.169463,41.414955],[2.169415,41.41502],[2.169386,41.415091],[2.169365,41.415164],[2.169354,41.415239],[2.169352,41.415314],[2.169359,41.415378],[2.169368,41.415432],[2.169387,41.415485],[2.1694,41.415516],[2.169405,41.415548],[2.169399,41.41558],[2.169385,41.415611],[2.169361,41.415639],[2.169331,41.415662],[2.169294,41.415679],[2.169253,41.41569],[2.16921,41.415694],[2.169095,41.415685],[2.169014,41.415685],[2.168934,41.415693],[2.168383,41.415784],[2.168303,41.415799],[2.168221,41.415807],[2.168138,41.415808],[2.168056,41.415802],[2.167976,41.415788],[2.167898,41.415768],[2.167871,41.415759],[2.167786,41.415726],[2.167353,41.415538],[2.167157,41.41545],[2.167033,41.415389],[2.166902,41.415317],[2.166835,41.415287],[2.166762,41.415262],[2.166687,41.415245],[2.166609,41.415234],[2.166563,41.415231],[2.166474,41.415219],[2.166387,41.4152],[2.166303,41.415174],[2.166247,41.415153],[2.166168,41.41512],[2.166094,41.415081],[2.166026,41.415037],[2.165965,41.414987],[2.165938,41.414962],[2.165908,41.414938],[2.165872,41.414919],[2.165831,41.414907],[2.165802,41.414903],[2.16532,41.414852],[2.165017,41.414816],[2.164715,41.414772],[2.164415,41.414722],[2.164117,41.414664],[2.163822,41.4146],[2.16357,41.41454],[2.163321,41.414474],[2.163045,41.414391],[2.162312,41.414149],[2.162197,41.414104],[2.161536,41.413802],[2.161447,41.413753],[2.161363,41.413699],[2.161333,41.413676],[2.161304,41.413646],[2.161283,41.413612],[2.161271,41.413575],[2.161269,41.413538],[2.161276,41.4135],[2.161293,41.413465],[2.161318,41.413433],[2.161804,41.412863],[2.162146,41.412495],[2.162189,41.412446],[2.162247,41.412392],[2.162313,41.412344],[2.162378,41.412304],[2.162436,41.412272],[2.162498,41.412245],[2.162691,41.412184],[2.163236,41.412005],[2.163855,41.411806],[2.164024,41.411768],[2.164227,41.411731],[2.16424,41.411727],[2.164326,41.411708],[2.164536,41.411682],[2.164639,41.411675],[2.164749,41.411676],[2.164785,41.411682],[2.164969,41.411702],[2.165351,41.411745],[2.165605,41.411785],[2.165857,41.411832],[2.166107,41.411886],[2.166354,41.411946],[2.166534,41.411995],[2.166902,41.412099],[2.167182,41.412169],[2.16746,41.412246],[2.167734,41.412329],[2.168052,41.412436],[2.168394,41.41257],[2.1687,41.412699],[2.169001,41.412835],[2.16945,41.413051],[2.170132,41.413423],[2.170485,41.413621],[2.170509,41.413632],[2.170567,41.413655],[2.170614,41.413669],[2.170637,41.413674],[2.170823,41.413694],[2.170849,41.4137],[2.170891,41.413713],[2.170918,41.413724],[2.170949,41.413739],[2.170982,41.413757],[2.171018,41.413781],[2.172047,41.414544],[2.173227,41.415432]],[[2.173227,41.415432],[2.173294,41.415483],[2.173308,41.415496],[2.174026,41.416031],[2.174081,41.416078],[2.174129,41.416124],[2.174185,41.416186],[2.174233,41.416242],[2.174247,41.416253],[2.174263,41.416263],[2.174284,41.41627],[2.174307,41.416272],[2.174334,41.416268],[2.174363,41.416256],[2.174395,41.416234],[2.174738,41.415982],[2.175236,41.415609],[2.177519,41.413889],[2.17859,41.413074],[2.178613,41.41306],[2.17864,41.413046],[2.178675,41.413032],[2.178718,41.413019],[2.178767,41.413011],[2.178821,41.41301],[2.178878,41.413018],[2.178939,41.413039],[2.179002,41.413076],[2.179345,41.413351],[2.179877,41.413787],[2.180688,41.414397],[2.180787,41.414476],[2.180809,41.414495],[2.180824,41.414512],[2.18084,41.414534],[2.180854,41.414559],[2.180865,41.414589],[2.180872,41.414624],[2.180872,41.414662],[2.180829,41.41486],[2.180821,41.414884],[2.180719,41.415258],[2.180657,41.415444],[2.180601,41.415633],[2.180572,41.415739],[2.180545,41.415848],[2.180521,41.415957],[2.180503,41.416061],[2.180501,41.416062],[2.180497,41.416107],[2.180482,41.41636],[2.180479,41.416442],[2.180456,41.417401],[2.180479,41.41768],[2.180514,41.418054],[2.180549,41.418331],[2.180563,41.418428],[2.180698,41.419034],[2.180785,41.419368],[2.180797,41.419394],[2.180821,41.419421],[2.18135,41.419812],[2.181602,41.420003],[2.181732,41.420099],[2.182094,41.420373],[2.182433,41.420622],[2.183246,41.421229]]]},"properties":{"kind":"route","mode":"bus","surface":true,"route_id":"2.191.3091","short_name":"191","long_name":"Pl. Congr\u00e9s / Can Bar\u00f3","colour":"#DA291C","clipped":true,"inside_km":3.86}},{"type":"Feature","geometry":{"type":"LineString","coordinates":[[2.19889,41.400331],[2.196799,41.398757],[2.196179,41.398283],[2.196149,41.398262],[2.196114,41.398248],[2.196075,41.39824],[2.196035,41.398239],[2.195995,41.398245],[2.195958,41.398258],[2.195927,41.398277],[2.195812,41.398365],[2.194872,41.399071],[2.193916,41.399813],[2.192887,41.400586],[2.191364,41.401727],[2.190247,41.402582],[2.188996,41.403543],[2.187273,41.40486],[2.187235,41.404887],[2.187185,41.404931],[2.187159,41.404959],[2.187135,41.404989],[2.187116,41.405021],[2.187103,41.405054],[2.187098,41.405089],[2.187085,41.406421],[2.187074,41.407176],[2.187082,41.408344],[2.187085,41.409496],[2.187093,41.410257],[2.187086,41.410341],[2.187071,41.410424],[2.187045,41.410505],[2.187002,41.410606],[2.186986,41.410668],[2.186978,41.410731],[2.186993,41.412814],[2.186991,41.41288],[2.186999,41.413756],[2.186996,41.413777],[2.186989,41.413803],[2.186974,41.413832],[2.186949,41.413863],[2.186912,41.413893],[2.18686,41.413921],[2.186792,41.413944],[2.186704,41.413962],[2.18626,41.414088],[2.186217,41.414105],[2.18617,41.414131],[2.184788,41.415164],[2.184398,41.415463],[2.183951,41.415825],[2.182959,41.416579],[2.182423,41.41698],[2.182399,41.416994],[2.182372,41.417008],[2.182336,41.417022],[2.182292,41.417034],[2.182241,41.417041],[2.182185,41.417041],[2.182126,41.417031],[2.182063,41.417009],[2.181998,41.416971],[2.181323,41.41646],[2.180667,41.41598],[2.180247,41.415656],[2.180217,41.415639],[2.179699,41.415244],[2.177007,41.413238],[2.176488,41.412846],[2.176178,41.412616],[2.175601,41.412175],[2.17452,41.411363],[2.174481,41.411339],[2.174436,41.41132],[2.174388,41.411308],[2.174337,41.411303],[2.174287,41.411305],[2.174237,41.411314],[2.174191,41.41133],[2.174149,41.411352],[2.173583,41.411777],[2.172697,41.41245],[2.172131,41.412872],[2.171353,41.41346],[2.171338,41.413478],[2.171331,41.413491],[2.171325,41.413507],[2.171324,41.413526],[2.171327,41.413547],[2.171338,41.413569],[2.171358,41.413593],[2.171386,41.413616],[2.173177,41.414942]]},"properties":{"kind":"route","mode":"bus","surface":true,"route_id":"2.192.3076","short_name":"192","long_name":"Poblenou / Hospital de Sant Pau","colour":"#DA291C","clipped":false,"inside_km":3.85}},{"type":"Feature","geometry":{"type":"LineString","coordinates":[[2.136551,41.410951],[2.136053,41.411614],[2.134592,41.413592],[2.133898,41.41455],[2.133635,41.414908],[2.133616,41.414925],[2.13359,41.414966],[2.133555,41.415003],[2.133514,41.415036],[2.133465,41.415064],[2.133387,41.415101],[2.133312,41.415127],[2.133233,41.415148],[2.133152,41.415161],[2.133069,41.415167],[2.133006,41.415167],[2.132797,41.41513],[2.132666,41.415103],[2.132552,41.415093],[2.132438,41.415091],[2.132324,41.415096],[2.132211,41.415108],[2.132202,41.415109],[2.131976,41.415169],[2.1316,41.415274],[2.131193,41.415375],[2.131106,41.415388],[2.131018,41.415395],[2.130929,41.415394],[2.130884,41.415391],[2.130797,41.415391],[2.130711,41.415383],[2.130626,41.415369],[2.130544,41.415347],[2.130465,41.415319],[2.130398,41.415288],[2.130335,41.41525],[2.13028,41.415208],[2.130231,41.41516],[2.13019,41.415109],[2.130158,41.415054],[2.130119,41.414973],[2.130083,41.414923],[2.13004,41.414878],[2.129989,41.414837],[2.129982,41.414832],[2.129929,41.414811],[2.129872,41.414797],[2.129813,41.414791],[2.129753,41.414791],[2.129694,41.414798],[2.129637,41.414813],[2.129584,41.414834],[2.129537,41.414861],[2.129495,41.414894],[2.129454,41.414933],[2.129423,41.414975],[2.1294,41.41502],[2.129387,41.415067],[2.129383,41.415115],[2.129388,41.415163],[2.129403,41.41521],[2.129427,41.415254],[2.129622,41.415528],[2.129677,41.415599],[2.129723,41.415673],[2.12976,41.41575],[2.129788,41.415829],[2.129807,41.415909],[2.129815,41.415982],[2.129826,41.416047],[2.129846,41.41611],[2.129875,41.416171],[2.129912,41.416229],[2.129967,41.416293],[2.130024,41.416326],[2.130086,41.416352],[2.130152,41.416371],[2.13022,41.416384],[2.130291,41.41639],[2.130362,41.416389],[2.130432,41.41638],[2.130499,41.416364],[2.131306,41.41609],[2.131328,41.416083],[2.131351,41.416084],[2.131373,41.416091],[2.131388,41.416105],[2.131396,41.416122],[2.131394,41.416139],[2.131383,41.416155],[2.131364,41.416166],[2.131062,41.416273],[2.130752,41.416411],[2.130653,41.416433],[2.130552,41.416449],[2.130449,41.416457],[2.130346,41.416459],[2.130243,41.416453],[2.130183,41.416446],[2.130112,41.416424],[2.130045,41.416396],[2.129983,41.416361],[2.129927,41.416321],[2.129878,41.416277],[2.129837,41.416227],[2.129804,41.416175],[2.129799,41.416165],[2.129751,41.416007],[2.129713,41.415847],[2.129704,41.415789],[2.129686,41.415733],[2.129659,41.415679],[2.129624,41.415628],[2.129584,41.415585],[2.129449,41.415398],[2.129403,41.415351],[2.129364,41.415299],[2.129335,41.415244],[2.129314,41.415187],[2.129303,41.415129],[2.129301,41.415083],[2.129307,41.415033],[2.129322,41.414984],[2.129346,41.414937],[2.129379,41.414894],[2.12942,41.414854],[2.129468,41.414819],[2.129522,41.414789],[2.129581,41.414766],[2.129665,41.41474],[2.129725,41.414729],[2.129786,41.414726],[2.129847,41.414729],[2.129907,41.41474],[2.129964,41.414757],[2.130016,41.414781],[2.130058,41.414807],[2.130115,41.41487],[2.130163,41.414936],[2.130203,41.415006],[2.130221,41.415044],[2.130254,41.415096],[2.130295,41.415144],[2.130344,41.415189],[2.1304,41.415228],[2.130462,41.415262],[2.130529,41.41529],[2.1306,41.415311],[2.130653,41.415322],[2.130763,41.415337],[2.130874,41.415345],[2.130985,41.415345],[2.131096,41.415339],[2.131206,41.415325],[2.131312,41.415305],[2.131756,41.41518],[2.132025,41.415107],[2.13211,41.415083],[2.132198,41.415065],[2.132288,41.415054],[2.132378,41.415051],[2.132536,41.415057],[2.132573,41.415061],[2.132592,41.41506],[2.132617,41.415057],[2.132641,41.415049],[2.132651,41.415043],[2.132658,41.415035],[2.132661,41.415024],[2.132661,41.415009],[2.132654,41.414986],[2.132642,41.414971],[2.132632,41.414964],[2.131636,41.414377],[2.131078,41.414049],[2.130937,41.413958],[2.130804,41.413861],[2.130677,41.413759],[2.130565,41.41366],[2.130295,41.413256],[2.130177,41.413125],[2.129858,41.41287],[2.128263,41.411667],[2.127754,41.411312],[2.127452,41.41113],[2.126699,41.410743],[2.126178,41.410478],[2.126128,41.410458],[2.126075,41.410445],[2.126019,41.41044],[2.125963,41.410441],[2.125909,41.410449],[2.125765,41.410511],[2.125708,41.410523],[2.12565,41.410528],[2.12559,41.410526],[2.125532,41.410517],[2.125485,41.410503],[2.125474,41.410502],[2.125447,41.410505],[2.12543,41.410511],[2.125411,41.410521],[2.125392,41.410536],[2.125372,41.410558],[2.125355,41.410588],[2.125339,41.410627],[2.125029,41.411172],[2.125016,41.411193],[2.124995,41.41122],[2.124966,41.411252],[2.124928,41.411288],[2.12488,41.411327],[2.124821,41.411368],[2.12475,41.41141],[2.124666,41.411451],[2.124517,41.411516],[2.12437,41.411585],[2.124209,41.411666],[2.124131,41.41171],[2.124059,41.411753],[2.12402,41.411778],[2.124001,41.411788],[2.12398,41.411795],[2.123958,41.4118],[2.123935,41.411802],[2.123912,41.411797],[2.12388,41.411782],[2.123852,41.411763],[2.123696,41.411645]]},"properties":{"kind":"route","mode":"bus","surface":true,"route_id":"2.196.2971","short_name":"196","long_name":"Pl. Kennedy / Bellesguard","colour":"#DA291C","clipped":false,"inside_km":2.59}},{"type":"Feature","geometry":{"type":"MultiLineString","coordinates":[[[2.138187,41.378051],[2.138162,41.377992],[2.138151,41.377959],[2.138142,41.377919],[2.138138,41.37787],[2.13814,41.377823],[2.138146,41.377789],[2.138155,41.377762],[2.138186,41.377701],[2.138199,41.377661],[2.138201,41.377645],[2.138184,41.377596],[2.13812,41.377535],[2.138054,41.377485],[2.137646,41.377263],[2.137314,41.377049],[2.136697,41.376539],[2.136356,41.376239],[2.135948,41.375858],[2.135587,41.375527],[2.135563,41.375499],[2.135552,41.37548],[2.135543,41.375459],[2.13554,41.375438],[2.135544,41.375416],[2.135558,41.375397],[2.135585,41.375381],[2.135629,41.375369],[2.136574,41.375346],[2.1382,41.375312],[2.139662,41.375286],[2.142472,41.375227],[2.142498,41.37522],[2.14252,41.375206],[2.142534,41.375188],[2.142539,41.375162],[2.142491,41.37392],[2.142431,41.372608],[2.142399,41.371622],[2.142368,41.370279],[2.142367,41.370131],[2.142363,41.370115],[2.142353,41.370093],[2.142345,41.37008],[2.142323,41.370056],[2.139433,41.367881],[2.139413,41.367868],[2.138494,41.367174],[2.13651,41.365737],[2.136177,41.365483],[2.135883,41.365265],[2.135865,41.365253],[2.135837,41.365238],[2.135801,41.365223],[2.135758,41.365211],[2.13571,41.365207],[2.135659,41.365213],[2.135606,41.365233],[2.135553,41.365271],[2.135501,41.365329],[2.135442,41.365407],[2.134576,41.366607],[2.134224,41.367102],[2.134154,41.367197],[2.133982,41.367454],[2.133918,41.367553],[2.133831,41.367681],[2.133605,41.36805],[2.133469,41.368291],[2.133341,41.368537],[2.13325,41.368737],[2.133192,41.368882],[2.133128,41.369034],[2.133118,41.369046],[2.133095,41.369064],[2.133078,41.369073],[2.133058,41.369082],[2.133033,41.369088],[2.133005,41.369093],[2.132971,41.369094],[2.132943,41.369088],[2.132901,41.369076],[2.132851,41.369055],[2.132825,41.36904],[2.132799,41.369022],[2.132776,41.369001],[2.132747,41.368969],[2.132732,41.368944],[2.132722,41.368916],[2.132719,41.368876],[2.132707,41.368849],[2.132687,41.368827],[2.132659,41.368809],[2.131592,41.36827],[2.131504,41.368238],[2.131393,41.368208],[2.131357,41.368196],[2.13131,41.368178],[2.130898,41.367973],[2.130801,41.36793],[2.130727,41.3679],[2.130023,41.367658],[2.129814,41.367582],[2.129709,41.36754],[2.129623,41.367509],[2.129537,41.367481],[2.129287,41.367413],[2.1289,41.367342],[2.128334,41.367242],[2.127101,41.367103],[2.126158,41.367004],[2.125481,41.366931],[2.124967,41.366865],[2.124402,41.36676],[2.123818,41.366632],[2.121513,41.366081],[2.120271,41.365799],[2.120257,41.365797],[2.120232,41.365797],[2.120199,41.365803],[2.12018,41.365809],[2.120161,41.365819],[2.120141,41.365831],[2.120135,41.365833],[2.120095,41.365845],[2.120063,41.36585],[2.120027,41.365853],[2.119988,41.365852],[2.119947,41.365844],[2.119906,41.365829],[2.119867,41.365804],[2.119804,41.365734],[2.119776,41.365714],[2.119759,41.365705],[2.11974,41.365697],[2.119719,41.365691],[2.119257,41.365606],[2.118559,41.365483],[2.118433,41.365462],[2.117216,41.365106],[2.116727,41.364959],[2.116317,41.364795]],[[2.116317,41.364795],[2.115447,41.364448],[2.114173,41.363975]],[[2.114173,41.363527],[2.114269,41.363485]],[[2.115857,41.363485],[2.115857,41.363502],[2.11588,41.363595],[2.115968,41.36379],[2.116116,41.364152],[2.116233,41.364426],[2.116279,41.364568],[2.116317,41.364795]],[[2.116317,41.364795],[2.11646,41.36564],[2.116558,41.365972],[2.116691,41.366395],[2.116766,41.366641],[2.116787,41.366773],[2.116784,41.367104],[2.116763,41.367564],[2.116751,41.36771],[2.116734,41.367816],[2.116696,41.367952],[2.116673,41.368109],[2.116618,41.369172],[2.116623,41.3692],[2.116633,41.36922],[2.116651,41.369239],[2.116686,41.36926],[2.116708,41.369276],[2.116724,41.369297],[2.116736,41.369324],[2.116742,41.36935],[2.116743,41.369376],[2.116739,41.369399],[2.116728,41.369426],[2.116692,41.369465],[2.116666,41.369483],[2.116636,41.369495],[2.1166,41.369502],[2.116563,41.369503],[2.116514,41.369494],[2.116481,41.36948],[2.116447,41.369457],[2.116382,41.369406],[2.116346,41.369383],[2.11632,41.36937],[2.1163,41.369365],[2.116289,41.369364],[2.115587,41.36934],[2.114173,41.369301]]]},"properties":{"kind":"route","mode":"bus","surface":true,"route_id":"2.1.4094","short_name":"M1","long_name":"<M> Especial L1 Pla\u00e7a Sants-Florida","colour":"#937500","clipped":true,"inside_km":4.9}},{"type":"Feature","geometry":{"type":"Point","coordinates":[2.116594,41.368396]},"properties":{"kind":"stop","stop_id":"1.117","name":"Torrassa"}},{"type":"Feature","geometry":{"type":"Point","coordinates":[2.115756,41.368223]},"properties":{"kind":"stop","stop_id":"1.915","name":"Torrassa"}},{"type":"Feature","geometry":{"type":"Point","coordinates":[2.116201,41.368587]},"properties":{"kind":"stop","stop_id":"E.11711","name":"Av. Catalunya"}},{"type":"Feature","geometry":{"type":"Point","coordinates":[2.116527,41.368628]},"properties":{"kind":"stop","stop_id":"E.1011711","name":"Ascensor - Av. Catalunya"}},{"type":"Feature","geometry":{"type":"Point","coordinates":[2.116833,41.36809]},"properties":{"kind":"stop","stop_id":"E.11712","name":"Rosal\u00eda de Castro"}},{"type":"Feature","geometry":{"type":"Point","coordinates":[2.115756,41.368223]},"properties":{"kind":"stop","stop_id":"P.6660117","name":"Torrassa"}},{"type":"Feature","geometry":{"type":"Point","coordinates":[2.128617,41.368816]},"properties":{"kind":"stop","stop_id":"1.118","name":"Santa Eul\u00e0lia"}},{"type":"Feature","geometry":{"type":"Point","coordinates":[2.127757,41.368434]},"properties":{"kind":"stop","stop_id":"E.11801","name":"Pont de la Torrassa"}},{"type":"Feature","geometry":{"type":"Point","coordinates":[2.130231,41.369742]},"properties":{"kind":"stop","stop_id":"E.11811","name":"Riera Blanca"}},{"type":"Feature","geometry":{"type":"Point","coordinates":[2.128617,41.368816]},"properties":{"kind":"stop","stop_id":"P.6660118","name":"Santa Eul\u00e0lia"}},{"type":"Feature","geometry":{"type":"Point","coordinates":[2.133536,41.373003]},"properties":{"kind":"stop","stop_id":"1.119","name":"Mercat Nou"}},{"type":"Feature","geometry":{"type":"Point","coordinates":[2.133236,41.372529]},"properties":{"kind":"stop","stop_id":"E.11901","name":"Riera de Tena"}},{"type":"Feature","geometry":{"type":"Point","coordinates":[2.133536,41.373003]},"properties":{"kind":"stop","stop_id":"P.6660119","name":"Mercat Nou"}},{"type":"Feature","geometry":{"type":"Point","coordinates":[2.138154,41.375353]},"properties":{"kind":"stop","stop_id":"1.120","name":"Pla\u00e7a de Sants"}},{"type":"Feature","geometry":{"type":"Point","coordinates":[2.135159,41.375727]},"properties":{"kind":"stop","stop_id":"1.517","name":"Pla\u00e7a de Sants"}},{"type":"Feature","geometry":{"type":"Point","coordinates":[2.137077,41.375457]},"properties":{"kind":"stop","stop_id":"E.12001","name":"Alcolea (escala mec\u00e0nica)"}},{"type":"Feature","geometry":{"type":"Point","coordinates":[2.137426,41.375433]},"properties":{"kind":"stop","stop_id":"E.12002","name":"Alcolea"}},{"type":"Feature","geometry":{"type":"Point","coordinates":[2.137156,41.375293]},"properties":{"kind":"stop","stop_id":"E.12003","name":"Olzinelles"}},{"type":"Feature","geometry":{"type":"Point","coordinates":[2.13856,41.375271]},"properties":{"kind":"stop","stop_id":"E.12011","name":"Cros"}},{"type":"Feature","geometry":{"type":"Point","coordinates":[2.138559,41.375412]},"properties":{"kind":"stop","stop_id":"E.12012","name":"Riego"}},{"type":"Feature","geometry":{"type":"Point","coordinates":[2.135071,41.37565]},"properties":{"kind":"stop","stop_id":"E.51701","name":"Pla\u00e7a de Sants"}},{"type":"Feature","geometry":{"type":"Point","coordinates":[2.135832,41.375514]},"properties":{"kind":"stop","stop_id":"E.51702","name":"Galileu"}},{"type":"Feature","geometry":{"type":"Point","coordinates":[2.138154,41.375353]},"properties":{"kind":"stop","stop_id":"P.6660120","name":"Pla\u00e7a de Sants"}},{"type":"Feature","geometry":{"type":"Point","coordinates":[2.143291,41.375254]},"properties":{"kind":"stop","stop_id":"1.121","name":"Hostafrancs"}},{"type":"Feature","geometry":{"type":"Point","coordinates":[2.143737,41.375494]},"properties":{"kind":"stop","stop_id":"E.12101","name":"Consell de Cent / Mercat"}},{"type":"Feature","geometry":{"type":"Point","coordinates":[2.143816,41.375347]},"properties":{"kind":"stop","stop_id":"E.1012101","name":"Ascensor - Consell de Cent / Mercat"}},{"type":"Feature","geometry":{"type":"Point","coordinates":[2.144252,41.375082]},"properties":{"kind":"stop","stop_id":"E.12111","name":"Hostafrancs"}},{"type":"Feature","geometry":{"type":"Point","coordinates":[2.142275,41.375197]},"properties":{"kind":"stop","stop_id":"E.12121","name":"Moian\u00e8s"}},{"type":"Feature","geometry":{"type":"Point","coordinates":[2.143214,41.375382]},"properties":{"kind":"stop","stop_id":"E.12131","name":"Consell de Cent"}},{"type":"Feature","geometry":{"type":"Point","coordinates":[2.143291,41.375254]},"properties":{"kind":"stop","stop_id":"P.6660121","name":"Hostafrancs"}},{"type":"Feature","geometry":{"type":"Point","coordinates":[2.149382,41.37551]},"properties":{"kind":"stop","stop_id":"1.122","name":"Espanya"}},{"type":"Feature","geometry":{"type":"Point","coordinates":[2.151555,41.375018]},"properties":{"kind":"stop","stop_id":"1.321","name":"Espanya"}},{"type":"Feature","geometry":{"type":"Point","coordinates":[2.148773,41.375551]},"properties":{"kind":"stop","stop_id":"E.1012201","name":"Ascensor - Creu Coberta"}},{"type":"Feature","geometry":{"type":"Point","coordinates":[2.148291,41.375268]},"properties":{"kind":"stop","stop_id":"E.12201","name":"Creu Coberta"}},{"type":"Feature","geometry":{"type":"Point","coordinates":[2.14921,41.375714]},"properties":{"kind":"stop","stop_id":"E.12202","name":"Tarragona"}},{"type":"Feature","geometry":{"type":"Point","coordinates":[2.149817,41.374421]},"properties":{"kind":"stop","stop_id":"E.12211","name":"Exposici\u00f3 / Paral\u00b7lel"}},{"type":"Feature","geometry":{"type":"Point","coordinates":[2.149363,41.374245]},"properties":{"kind":"stop","stop_id":"E.12212","name":"Exposici\u00f3 / Gran Via"}},{"type":"Feature","geometry":{"type":"Point","coordinates":[2.150164,41.375239]},"properties":{"kind":"stop","stop_id":"E.32101","name":"Avinguda Paral\u00b7lel"}},{"type":"Feature","geometry":{"type":"Point","coordinates":[2.150254,41.375183]},"properties":{"kind":"stop","stop_id":"E.1032101","name":"Ascensor - Avinguda Paral\u00b7lel"}},{"type":"Feature","geometry":{"type":"Point","coordinates":[2.150045,41.374813]},"properties":{"kind":"stop","stop_id":"E.32102","name":"Exposici\u00f3"}},{"type":"Feature","geometry":{"type":"Point","coordinates":[2.151555,41.375018]},"properties":{"kind":"stop","stop_id":"P.6660122","name":"Espanya"}},{"type":"Feature","geometry":{"type":"Point","coordinates":[2.154562,41.379232]},"properties":{"kind":"stop","stop_id":"1.123","name":"Rocafort"}},{"type":"Feature","geometry":{"type":"Point","coordinates":[2.153829,41.378993]},"properties":{"kind":"stop","stop_id":"E.12301","name":"Rocafort / Diputaci\u00f3"}},{"type":"Feature","geometry":{"type":"Point","coordinates":[2.153885,41.37899]},"properties":{"kind":"stop","stop_id":"E.1012301","name":"Ascensor - Rocafort / Diputaci\u00f3"}},{"type":"Feature","geometry":{"type":"Point","coordinates":[2.154395,41.378583]},"properties":{"kind":"stop","stop_id":"E.12302","name":"Rocafort / Sep\u00falveda"}},{"type":"Feature","geometry":{"type":"Point","coordinates":[2.15481,41.379659]},"properties":{"kind":"stop","stop_id":"E.12311","name":"Cal\u00e0bria / Diputaci\u00f3"}},{"type":"Feature","geometry":{"type":"Point","coordinates":[2.15537,41.379312]},"properties":{"kind":"stop","stop_id":"E.12312","name":"Cal\u00e0bria / Sep\u00falveda"}},{"type":"Feature","geometry":{"type":"Point","coordinates":[2.154562,41.379232]},"properties":{"kind":"stop","stop_id":"P.6660123","name":"Rocafort"}},{"type":"Feature","geometry":{"type":"Point","coordinates":[2.158891,41.382487]},"properties":{"kind":"stop","stop_id":"1.124","name":"Urgell"}},{"type":"Feature","geometry":{"type":"Point","coordinates":[2.158245,41.382196]},"properties":{"kind":"stop","stop_id":"E.1012401","name":"Ascensor - Comte d'Urgell"}},{"type":"Feature","geometry":{"type":"Point","coordinates":[2.158228,41.38202]},"properties":{"kind":"stop","stop_id":"E.12401","name":"Comte d'Urgell"}},{"type":"Feature","geometry":{"type":"Point","coordinates":[2.159535,41.382995]},"properties":{"kind":"stop","stop_id":"E.12411","name":"Villarroel / Diputaci\u00f3"}},{"type":"Feature","geometry":{"type":"Point","coordinates":[2.159912,41.382729]},"properties":{"kind":"stop","stop_id":"E.12412","name":"Villarroel / Sep\u00falveda"}},{"type":"Feature","geometry":{"type":"Point","coordinates":[2.158891,41.382487]},"properties":{"kind":"stop","stop_id":"P.6660124","name":"Urgell"}},{"type":"Feature","geometry":{"type":"Point","coordinates":[2.164284,41.385815]},"properties":{"kind":"stop","stop_id":"1.125","name":"Universitat"}},{"type":"Feature","geometry":{"type":"Point","coordinates":[2.163913,41.384768]},"properties":{"kind":"stop","stop_id":"1.212","name":"Universitat"}},{"type":"Feature","geometry":{"type":"Point","coordinates":[2.165253,41.385992]},"properties":{"kind":"stop","stop_id":"E.12501","name":"Ronda Universitat"}},{"type":"Feature","geometry":{"type":"Point","coordinates":[2.164657,41.385735]},"properties":{"kind":"stop","stop_id":"E.12502","name":"Pelai"}},{"type":"Feature","geometry":{"type":"Point","coordinates":[2.163703,41.385403]},"properties":{"kind":"stop","stop_id":"E.21201","name":"Pla\u00e7a Universitat"}},{"type":"Feature","geometry":{"type":"Point","coordinates":[2.163673,41.385582]},"properties":{"kind":"stop","stop_id":"E.1021201","name":"Ascensor - Pla\u00e7a Universitat"}},{"type":"Feature","geometry":{"type":"Point","coordinates":[2.163796,41.384775]},"properties":{"kind":"stop","stop_id":"E.21211","name":"Ronda Sant Antoni"}},{"type":"Feature","geometry":{"type":"Point","coordinates":[2.163913,41.384768]},"properties":{"kind":"stop","stop_id":"P.6660125","name":"Universitat"}},{"type":"Feature","geometry":{"type":"Point","coordinates":[2.168995,41.387489]},"properties":{"kind":"stop","stop_id":"1.126","name":"Catalunya"}},{"type":"Feature","geometry":{"type":"Point","coordinates":[2.170092,41.386322]},"properties":{"kind":"stop","stop_id":"1.326","name":"Catalunya"}},{"type":"Feature","geometry":{"type":"Point","coordinates":[2.168318,41.387608]},"properties":{"kind":"stop","stop_id":"E.12601","name":"Rambla Catalunya"}},{"type":"Feature","geometry":{"type":"Point","coordinates":[2.168432,41.387166]},"properties":{"kind":"stop","stop_id":"E.12602","name":"Ronda Universitat"}},{"type":"Feature","geometry":{"type":"Point","coordinates":[2.168665,41.387115]},"properties":{"kind":"stop","stop_id":"E.1012602","name":"Ascensor - Ronda Universitat"}},{"type":"Feature","geometry":{"type":"Point","coordinates":[2.169645,41.388057]},"properties":{"kind":"stop","stop_id":"E.12611","name":"Passeig de Gr\u00e0cia"}},{"type":"Feature","geometry":{"type":"Point","coordinates":[2.170569,41.387791]},"properties":{"kind":"stop","stop_id":"E.12612","name":"Ronda Sant Pere"}},{"type":"Feature","geometry":{"type":"Point","coordinates":[2.169507,41.387515]},"properties":{"kind":"stop","stop_id":"E.12613","name":"Centre Pla\u00e7a"}},{"type":"Feature","geometry":{"type":"Point","coordinates":[2.17012,41.385401]},"properties":{"kind":"stop","stop_id":"E.32601","name":"La Rambla"}},{"type":"Feature","geometry":{"type":"Point","coordinates":[2.169531,41.385464]},"properties":{"kind":"stop","stop_id":"E.32603","name":"Pelai"}},{"type":"Feature","geometry":{"type":"Point","coordinates":[2.169689,41.385481]},"properties":{"kind":"stop","stop_id":"E.1032603","name":"Ascensor - Pelai"}},{"type":"Feature","geometry":{"type":"Point","coordinates":[2.169642,41.385756]},"properties":{"kind":"stop","stop_id":"E.32604","name":"Bergara"}},{"type":"Feature","geometry":{"type":"Point","coordinates":[2.170092,41.386322]},"properties":{"kind":"stop","stop_id":"P.6660126","name":"Catalunya"}},{"type":"Feature","geometry":{"type":"Point","coordinates":[2.174567,41.389636]},"properties":{"kind":"stop","stop_id":"1.127","name":"Urquinaona"}},{"type":"Feature","geometry":{"type":"Point","coordinates":[2.173445,41.387961]},"properties":{"kind":"stop","stop_id":"1.424","name":"Urquinaona"}},{"type":"Feature","geometry":{"type":"Point","coordinates":[2.173399,41.389358]},"properties":{"kind":"stop","stop_id":"E.12701","name":"Pla\u00e7a Urquinaona"}},{"type":"Feature","geometry":{"type":"Point","coordinates":[2.173829,41.389091]},"properties":{"kind":"stop","stop_id":"E.12711","name":"Trafalgar"}},{"type":"Feature","geometry":{"type":"Point","coordinates":[2.174995,41.389928]},"properties":{"kind":"stop","stop_id":"E.12721","name":"Bruc"}},{"type":"Feature","geometry":{"type":"Point","coordinates":[2.172765,41.388812]},"properties":{"kind":"stop","stop_id":"E.42401","name":"Pla\u00e7a Urquinaona"}},{"type":"Feature","geometry":{"type":"Point","coordinates":[2.174284,41.387605]},"properties":{"kind":"stop","stop_id":"E.42411","name":"Jonqueres"}},{"type":"Feature","geometry":{"type":"Point","coordinates":[2.174567,41.389636]},"properties":{"kind":"stop","stop_id":"P.6660127","name":"Urquinaona"}},{"type":"Feature","geometry":{"type":"Point","coordinates":[2.181165,41.392337]},"properties":{"kind":"stop","stop_id":"1.128","name":"Arc de Triomf"}},{"type":"Feature","geometry":{"type":"Point","coordinates":[2.180571,41.391853]},"properties":{"kind":"stop","stop_id":"E.12801","name":"Avda. Vilanova"}},{"type":"Feature","geometry":{"type":"Point","coordinates":[2.180596,41.391907]},"properties":{"kind":"stop","stop_id":"E.1012801","name":"Ascensor - Avda. Vilanova"}},{"type":"Feature","geometry":{"type":"Point","coordinates":[2.181915,41.392968]},"properties":{"kind":"stop","stop_id":"E.12811","name":"N\u00e0pols"}},{"type":"Feature","geometry":{"type":"Point","coordinates":[2.18133,41.392477]},"properties":{"kind":"stop","stop_id":"E.12812","name":"Roger de Flor"}},{"type":"Feature","geometry":{"type":"Point","coordinates":[2.181165,41.392337]},"properties":{"kind":"stop","stop_id":"P.6660128","name":"Arc de Triomf"}},{"type":"Feature","geometry":{"type":"Point","coordinates":[2.185801,41.394725]},"properties":{"kind":"stop","stop_id":"1.129","name":"Marina"}},{"type":"Feature","geometry":{"type":"Point","coordinates":[2.186638,41.395614]},"properties":{"kind":"stop","stop_id":"E.12901","name":"L'Auditori"}},{"type":"Feature","geometry":{"type":"Point","coordinates":[2.186552,41.395451]},"properties":{"kind":"stop","stop_id":"E.1012901","name":"Ascensor - L'Auditori"}},{"type":"Feature","geometry":{"type":"Point","coordinates":[2.187104,41.395211]},"properties":{"kind":"stop","stop_id":"E.12902","name":"Almog\u00e0vers"}},{"type":"Feature","geometry":{"type":"Point","coordinates":[2.185801,41.394725]},"properties":{"kind":"stop","stop_id":"P.6660129","name":"Marina"}},{"type":"Feature","geometry":{"type":"Point","coordinates":[2.187537,41.402277]},"properties":{"kind":"stop","stop_id":"1.130","name":"Gl\u00f2ries"}},{"type":"Feature","geometry":{"type":"Point","coordinates":[2.187149,41.402881]},"properties":{"kind":"stop","stop_id":"E.13001","name":"Pla\u00e7a de les Gl\u00f2ries Catalanes"}},{"type":"Feature","geometry":{"type":"Point","coordinates":[2.188386,41.403007]},"properties":{"kind":"stop","stop_id":"E.13002","name":"Badajoz"}},{"type":"Feature","geometry":{"type":"Point","coordinates":[2.187121,41.40198]},"properties":{"kind":"stop","stop_id":"E.13011","name":"Avda. Meridiana"}},{"type":"Feature","geometry":{"type":"Point","coordinates":[2.187346,41.401666]},"properties":{"kind":"stop","stop_id":"E.1013011","name":"Ascensor - Avda. Meridiana"}},{"type":"Feature","geometry":{"type":"Point","coordinates":[2.187537,41.402277]},"properties":{"kind":"stop","stop_id":"P.6660130","name":"Gl\u00f2ries"}},{"type":"Feature","geometry":{"type":"Point","coordinates":[2.187003,41.410163]},"properties":{"kind":"stop","stop_id":"1.131","name":"Clot"}},{"type":"Feature","geometry":{"type":"Point","coordinates":[2.186835,41.410358]},"properties":{"kind":"stop","stop_id":"1.218","name":"Clot"}},{"type":"Feature","geometry":{"type":"Point","coordinates":[2.187208,41.409348]},"properties":{"kind":"stop","stop_id":"E.13101","name":"Arag\u00f3 / Meridiana"}},{"type":"Feature","geometry":{"type":"Point","coordinates":[2.187362,41.40924]},"properties":{"kind":"stop","stop_id":"E.1013101","name":"Ascensor - Arag\u00f3 / Meridiana"}},{"type":"Feature","geometry":{"type":"Point","coordinates":[2.187423,41.410883]},"properties":{"kind":"stop","stop_id":"E.13111","name":"Val\u00e8ncia"}},{"type":"Feature","geometry":{"type":"Point","coordinates":[2.186169,41.410268]},"properties":{"kind":"stop","stop_id":"E.21801","name":"Sibelius"}},{"type":"Feature","geometry":{"type":"Point","coordinates":[2.186387,41.410162]},"properties":{"kind":"stop","stop_id":"E.1021801","name":"Ascensor - Sibelius"}},{"type":"Feature","geometry":{"type":"Point","coordinates":[2.186835,41.410358]},"properties":{"kind":"stop","stop_id":"P.6660131","name":"Clot"}},{"type":"Feature","geometry":{"type":"Point","coordinates":[2.187057,41.416187]},"properties":{"kind":"stop","stop_id":"1.132","name":"Navas"}},{"type":"Feature","geometry":{"type":"Point","coordinates":[2.187142,41.415512]},"properties":{"kind":"stop","stop_id":"E.13201","name":"Navas de Tolosa"}},{"type":"Feature","geometry":{"type":"Point","coordinates":[2.187254,41.415694]},"properties":{"kind":"stop","stop_id":"E.1013201","name":"Ascensor - Navas de Tolosa"}},{"type":"Feature","geometry":{"type":"Point","coordinates":[2.187133,41.416877]},"properties":{"kind":"stop","stop_id":"E.13211","name":"Biscaia"}},{"type":"Feature","geometry":{"type":"Point","coordinates":[2.187057,41.416187]},"properties":{"kind":"stop","stop_id":"P.6660132","name":"Navas"}},{"type":"Feature","geometry":{"type":"Point","coordinates":[2.186723,41.420494]},"properties":{"kind":"stop","stop_id":"1.930","name":"La Sagrera"}},{"type":"Feature","geometry":{"type":"Point","coordinates":[2.186561,41.420411]},"properties":{"kind":"stop","stop_id":"E.52611","name":"Felip II"}},{"type":"Feature","geometry":{"type":"Point","coordinates":[2.186452,41.420637]},"properties":{"kind":"stop","stop_id":"E.1052611","name":"Ascensor - Felip II"}},{"type":"Feature","geometry":{"type":"Point","coordinates":[2.186723,41.420494]},"properties":{"kind":"stop","stop_id":"P.6660133","name":"La Sagrera"}},{"type":"Feature","geometry":{"type":"Point","coordinates":[2.169117,41.375004]},"properties":{"kind":"stop","stop_id":"1.210","name":"Paral\u00b7lel"}},{"type":"Feature","geometry":{"type":"Point","coordinates":[2.169118,41.374892]},"properties":{"kind":"stop","stop_id":"1.323","name":"Paral\u00b7lel"}},{"type":"Feature","geometry":{"type":"Point","coordinates":[2.168853,41.373847]},"properties":{"kind":"stop","stop_id":"1.9901","name":"Paral\u00b7lel"}},{"type":"Feature","geometry":{"type":"Point","coordinates":[2.17039,41.375064]},"properties":{"kind":"stop","stop_id":"E.21001","name":"Nou de la Rambla"}},{"type":"Feature","geometry":{"type":"Point","coordinates":[2.170019,41.374805]},"properties":{"kind":"stop","stop_id":"E.1021002","name":"Ascensor - Avinguda Paral\u00b7lel"}},{"type":"Feature","geometry":{"type":"Point","coordinates":[2.170248,41.374816]},"properties":{"kind":"stop","stop_id":"E.21002","name":"Avinguda Paral\u00b7lel"}},{"type":"Feature","geometry":{"type":"Point","coordinates":[2.167815,41.374827]},"properties":{"kind":"stop","stop_id":"E.21011","name":"Fontrodona"}},{"type":"Feature","geometry":{"type":"Point","coordinates":[2.168133,41.375088]},"properties":{"kind":"stop","stop_id":"E.21012","name":"Ronda Sant Pau"}},{"type":"Feature","geometry":{"type":"Point","coordinates":[2.168853,41.373847]},"properties":{"kind":"stop","stop_id":"P.6660210","name":"Paral\u00b7lel"}},{"type":"Feature","geometry":{"type":"Point","coordinates":[2.163241,41.379833]},"properties":{"kind":"stop","stop_id":"1.211","name":"Sant Antoni"}},{"type":"Feature","geometry":{"type":"Point","coordinates":[2.163204,41.380447]},"properties":{"kind":"stop","stop_id":"E.1021101","name":"Ascensor - Villarroel"}},{"type":"Feature","geometry":{"type":"Point","coordinates":[2.163245,41.380656]},"properties":{"kind":"stop","stop_id":"E.21101","name":"Villarroel"}},{"type":"Feature","geometry":{"type":"Point","coordinates":[2.163249,41.378989]},"properties":{"kind":"stop","stop_id":"E.21111","name":"Sant Antoni Abat"}},{"type":"Feature","geometry":{"type":"Point","coordinates":[2.163017,41.378987]},"properties":{"kind":"stop","stop_id":"E.21112","name":"Urgell"}},{"type":"Feature","geometry":{"type":"Point","coordinates":[2.163241,41.379833]},"properties":{"kind":"stop","stop_id":"P.6660211","name":"Sant Antoni"}},{"type":"Feature","geometry":{"type":"Point","coordinates":[2.168243,41.389416]},"properties":{"kind":"stop","stop_id":"1.213","name":"Passeig de Gr\u00e0cia"}},{"type":"Feature","geometry":{"type":"Point","coordinates":[2.165347,41.391603]},"properties":{"kind":"stop","stop_id":"1.327","name":"Passeig de Gr\u00e0cia"}},{"type":"Feature","geometry":{"type":"Point","coordinates":[2.167846,41.390057]},"properties":{"kind":"stop","stop_id":"1.425","name":"Passeig de Gr\u00e0cia"}},{"type":"Feature","geometry":{"type":"Point","coordinates":[2.167614,41.388924]},"properties":{"kind":"stop","stop_id":"E.21301","name":"Rbla. Catalunya"}},{"type":"Feature","geometry":{"type":"Point","coordinates":[2.167819,41.389081]},"properties":{"kind":"stop","stop_id":"E.1021301","name":"Ascensor - Rbla. Catalunya"}},{"type":"Feature","geometry":{"type":"Point","coordinates":[2.168787,41.389678]},"properties":{"kind":"stop","stop_id":"E.21311","name":"Pau Claris"}},{"type":"Feature","geometry":{"type":"Point","coordinates":[2.165236,41.392162]},"properties":{"kind":"stop","stop_id":"E.1032701","name":"Ascensor - Arag\u00f3 / Pau Claris"}},{"type":"Feature","geometry":{"type":"Point","coordinates":[2.165424,41.392]},"properties":{"kind":"stop","stop_id":"E.32701","name":"Arag\u00f3 / Pau Claris"}},{"type":"Feature","geometry":{"type":"Point","coordinates":[2.165009,41.391836]},"properties":{"kind":"stop","stop_id":"E.32702","name":"Arag\u00f3 / Rambla Catalunya"}},{"type":"Feature","geometry":{"type":"Point","coordinates":[2.165493,41.391529]},"properties":{"kind":"stop","stop_id":"E.32711","name":"Consell de Cent"}},{"type":"Feature","geometry":{"type":"Point","coordinates":[2.167728,41.38963]},"properties":{"kind":"stop","stop_id":"E.1042501","name":"Ascensor - Passeig de Gr\u00e0cia / Gran Via"}},{"type":"Feature","geometry":{"type":"Point","coordinates":[2.167631,41.389767]},"properties":{"kind":"stop","stop_id":"E.42501","name":"Passeig de Gr\u00e0cia / Gran Via"}},{"type":"Feature","geometry":{"type":"Point","coordinates":[2.167846,41.390057]},"properties":{"kind":"stop","stop_id":"P.6660213","name":"Passeig de Gr\u00e0cia"}},{"type":"Feature","geometry":{"type":"Point","coordinates":[2.175559,41.394887]},"properties":{"kind":"stop","stop_id":"1.214","name":"Tetuan"}},{"type":"Feature","geometry":{"type":"Point","coordinates":[2.174781,41.394837]},"properties":{"kind":"stop","stop_id":"E.21401","name":"Diputaci\u00f3 / Passeig de Sant Joan"}},{"type":"Feature","geometry":{"type":"Point","coordinates":[2.175429,41.394318]},"properties":{"kind":"stop","stop_id":"E.21402","name":"Casp / Passeig de Sant Joan"}},{"type":"Feature","geometry":{"type":"Point","coordinates":[2.174987,41.394469]},"properties":{"kind":"stop","stop_id":"E.1021402","name":"Ascensor - Casp / Passeig de Sant Joan"}},{"type":"Feature","geometry":{"type":"Point","coordinates":[2.175559,41.394887]},"properties":{"kind":"stop","stop_id":"P.6660214","name":"Tetuan"}},{"type":"Feature","geometry":{"type":"Point","coordinates":[2.179462,41.400524]},"properties":{"kind":"stop","stop_id":"1.215","name":"Monumental"}},{"type":"Feature","geometry":{"type":"Point","coordinates":[2.179652,41.400186]},"properties":{"kind":"stop","stop_id":"E.1021501","name":"Ascensor - Marina"}},{"type":"Feature","geometry":{"type":"Point","coordinates":[2.179443,41.400346]},"properties":{"kind":"stop","stop_id":"E.21501","name":"Marina"}},{"type":"Feature","geometry":{"type":"Point","coordinates":[2.179625,41.400488]},"properties":{"kind":"stop","stop_id":"E.21502","name":"Marina / Pla\u00e7a de Toros"}},{"type":"Feature","geometry":{"type":"Point","coordinates":[2.179462,41.400524]},"properties":{"kind":"stop","stop_id":"P.6660215","name":"Monumental"}},{"type":"Feature","geometry":{"type":"Point","coordinates":[2.175106,41.403985]},"properties":{"kind":"stop","stop_id":"1.216","name":"Sagrada Fam\u00edlia"}},{"type":"Feature","geometry":{"type":"Point","coordinates":[2.173618,41.403835]},"properties":{"kind":"stop","stop_id":"1.523","name":"Sagrada Fam\u00edlia"}},{"type":"Feature","geometry":{"type":"Point","coordinates":[2.175745,41.403871]},"properties":{"kind":"stop","stop_id":"E.21601","name":"Mallorca - Marina"}},{"type":"Feature","geometry":{"type":"Point","coordinates":[2.175515,41.403886]},"properties":{"kind":"stop","stop_id":"E.1021601","name":"Ascensor - Mallorca - Marina"}},{"type":"Feature","geometry":{"type":"Point","coordinates":[2.174284,41.404494]},"properties":{"kind":"stop","stop_id":"E.1052301","name":"Ascensor - Proven\u00e7a / Avinguda Gaud\u00ed"}},{"type":"Feature","geometry":{"type":"Point","coordinates":[2.174222,41.404497]},"properties":{"kind":"stop","stop_id":"E.52301","name":"Proven\u00e7a / Avinguda Gaud\u00ed"}},{"type":"Feature","geometry":{"type":"Point","coordinates":[2.173068,41.40369]},"properties":{"kind":"stop","stop_id":"E.52311","name":"Sardenya"}},{"type":"Feature","geometry":{"type":"Point","coordinates":[2.173408,41.403429]},"properties":{"kind":"stop","stop_id":"E.52312","name":"Pla\u00e7a de la Sagrada Fam\u00edlia"}},{"type":"Feature","geometry":{"type":"Point","coordinates":[2.175106,41.403985]},"properties":{"kind":"stop","stop_id":"P.6660216","name":"Sagrada Fam\u00edlia"}},{"type":"Feature","geometry":{"type":"Point","coordinates":[2.1827,41.407236]},"properties":{"kind":"stop","stop_id":"1.217","name":"Encants"}},{"type":"Feature","geometry":{"type":"Point","coordinates":[2.182131,41.407065]},"properties":{"kind":"stop","stop_id":"E.21701","name":"Val\u00e8ncia / Mallorca"}},{"type":"Feature","geometry":{"type":"Point","coordinates":[2.182467,41.406828]},"properties":{"kind":"stop","stop_id":"E.21702","name":"Val\u00e8ncia / Arag\u00f3"}},{"type":"Feature","geometry":{"type":"Point","coordinates":[2.182477,41.406984]},"properties":{"kind":"stop","stop_id":"E.1021702","name":"Ascensor - Val\u00e8ncia / Arag\u00f3"}},{"type":"Feature","geometry":{"type":"Point","coordinates":[2.1827,41.407236]},"properties":{"kind":"stop","stop_id":"P.6660217","name":"Encants"}},{"type":"Feature","geometry":{"type":"Point","coordinates":[2.195503,41.415162]},"properties":{"kind":"stop","stop_id":"1.219","name":"Bac de Roda"}},{"type":"Feature","geometry":{"type":"Point","coordinates":[2.196103,41.415609]},"properties":{"kind":"stop","stop_id":"E.1021901","name":"Ascensor - Fluvi\u00e0"}},{"type":"Feature","geometry":{"type":"Point","coordinates":[2.196254,41.415717]},"properties":{"kind":"stop","stop_id":"E.21901","name":"Fluvi\u00e0"}},{"type":"Feature","geometry":{"type":"Point","coordinates":[2.195079,41.414843]},"properties":{"kind":"stop","stop_id":"E.21911","name":"Bac de Roda"}},{"type":"Feature","geometry":{"type":"Point","coordinates":[2.195503,41.415162]},"properties":{"kind":"stop","stop_id":"P.6660219","name":"Bac de Roda"}},{"type":"Feature","geometry":{"type":"Point","coordinates":[2.200724,41.419064]},"properties":{"kind":"stop","stop_id":"1.220","name":"Sant Mart\u00ed"}},{"type":"Feature","geometry":{"type":"Point","coordinates":[2.200152,41.418642]},"properties":{"kind":"stop","stop_id":"E.1022001","name":"Ascensor - Agricultura"}},{"type":"Feature","geometry":{"type":"Point","coordinates":[2.199981,41.418519]},"properties":{"kind":"stop","stop_id":"E.22001","name":"Agricultura"}},{"type":"Feature","geometry":{"type":"Point","coordinates":[2.201155,41.419397]},"properties":{"kind":"stop","stop_id":"E.22011","name":"Cant\u00e0bria"}},{"type":"Feature","geometry":{"type":"Point","coordinates":[2.200724,41.419064]},"properties":{"kind":"stop","stop_id":"P.6660220","name":"Sant Mart\u00ed"}},{"type":"Feature","geometry":{"type":"Point","coordinates":[2.118538,41.38598]},"properties":{"kind":"stop","stop_id":"1.315","name":"Palau Reial"}},{"type":"Feature","geometry":{"type":"Point","coordinates":[2.11829,41.385725]},"properties":{"kind":"stop","stop_id":"E.1031501","name":"Ascensor - Facultat de Ci\u00e8ncies"}},{"type":"Feature","geometry":{"type":"Point","coordinates":[2.118081,41.385593]},"properties":{"kind":"stop","stop_id":"E.31501","name":"Facultat de Ci\u00e8ncies"}},{"type":"Feature","geometry":{"type":"Point","coordinates":[2.117721,41.38607]},"properties":{"kind":"stop","stop_id":"E.31503","name":"Avda. Diagonal"}},{"type":"Feature","geometry":{"type":"Point","coordinates":[2.117957,41.386128]},"properties":{"kind":"stop","stop_id":"E.31504","name":"Palau de Pedralbes"}},{"type":"Feature","geometry":{"type":"Point","coordinates":[2.118538,41.38598]},"properties":{"kind":"stop","stop_id":"P.6660315","name":"Palau Reial"}},{"type":"Feature","geometry":{"type":"Point","coordinates":[2.125791,41.387816]},"properties":{"kind":"stop","stop_id":"1.316","name":"Maria Cristina"}},{"type":"Feature","geometry":{"type":"Point","coordinates":[2.126267,41.388232]},"properties":{"kind":"stop","stop_id":"E.31602","name":"Av. Diagonal / Doctor Ferran"}},{"type":"Feature","geometry":{"type":"Point","coordinates":[2.126796,41.387787]},"properties":{"kind":"stop","stop_id":"E.31603","name":"Gran Via Carles III"}},{"type":"Feature","geometry":{"type":"Point","coordinates":[2.126623,41.387772]},"properties":{"kind":"stop","stop_id":"E.1031603","name":"Ascensor - Gran Via Carles III"}},{"type":"Feature","geometry":{"type":"Point","coordinates":[2.126507,41.388294]},"properties":{"kind":"stop","stop_id":"E.31604","name":"Capit\u00e0 Arenas"}},{"type":"Feature","geometry":{"type":"Point","coordinates":[2.125791,41.387816]},"properties":{"kind":"stop","stop_id":"P.6660316","name":"Maria Cristina"}},{"type":"Feature","geometry":{"type":"Point","coordinates":[2.130871,41.38412]},"properties":{"kind":"stop","stop_id":"1.317","name":"Les Corts"}},{"type":"Feature","geometry":{"type":"Point","coordinates":[2.130616,41.383898]},"properties":{"kind":"stop","stop_id":"E.31701","name":"Travessera de les Corts"}},{"type":"Feature","geometry":{"type":"Point","coordinates":[2.130844,41.383939]},"properties":{"kind":"stop","stop_id":"E.1031701","name":"Ascensor - Travessera de les Corts"}},{"type":"Feature","geometry":{"type":"Point","coordinates":[2.130637,41.384391]},"properties":{"kind":"stop","stop_id":"E.31702","name":"Joan G\u00fcell"}},{"type":"Feature","geometry":{"type":"Point","coordinates":[2.130871,41.38412]},"properties":{"kind":"stop","stop_id":"P.6660317","name":"Les Corts"}},{"type":"Feature","geometry":{"type":"Point","coordinates":[2.135884,41.381922]},"properties":{"kind":"stop","stop_id":"1.318","name":"Pla\u00e7a del Centre"}},{"type":"Feature","geometry":{"type":"Point","coordinates":[2.135925,41.38167]},"properties":{"kind":"stop","stop_id":"E.31801","name":"Pla\u00e7a del Centre (mar)"}},{"type":"Feature","geometry":{"type":"Point","coordinates":[2.135831,41.381738]},"properties":{"kind":"stop","stop_id":"E.1031801","name":"Ascensor - Pla\u00e7a del Centre (mar)"}},{"type":"Feature","geometry":{"type":"Point","coordinates":[2.135628,41.382112]},"properties":{"kind":"stop","stop_id":"E.31802","name":"Pla\u00e7a del Centre (muntanya)"}},{"type":"Feature","geometry":{"type":"Point","coordinates":[2.135884,41.381922]},"properties":{"kind":"stop","stop_id":"P.6660318","name":"Pla\u00e7a del Centre"}},{"type":"Feature","geometry":{"type":"Point","coordinates":[2.140992,41.381598]},"properties":{"kind":"stop","stop_id":"1.319","name":"Sants Estaci\u00f3"}},{"type":"Feature","geometry":{"type":"Point","coordinates":[2.140398,41.379955]},"properties":{"kind":"stop","stop_id":"1.518","name":"Sants Estaci\u00f3"}},{"type":"Feature","geometry":{"type":"Point","coordinates":[2.141664,41.380946]},"properties":{"kind":"stop","stop_id":"E.31901","name":"Pl. Pa\u00efsos Catalans / Num\u00e0ncia / Ambulatori"}},{"type":"Feature","geometry":{"type":"Point","coordinates":[2.14173,41.380815]},"properties":{"kind":"stop","stop_id":"E.1031901","name":"Ascensor - Pl. Pa\u00efsos Catalans / Num\u00e0ncia / Ambulatori"}},{"type":"Feature","geometry":{"type":"Point","coordinates":[2.14198,41.381082]},"properties":{"kind":"stop","stop_id":"E.31902","name":"Av. Josep Tarradellas"}},{"type":"Feature","geometry":{"type":"Point","coordinates":[2.140153,41.382392]},"properties":{"kind":"stop","stop_id":"E.31911","name":"Num\u00e0ncia"}},{"type":"Feature","geometry":{"type":"Point","coordinates":[2.139964,41.382072]},"properties":{"kind":"stop","stop_id":"E.31912","name":"Dolors Batlle i Sunyer"}},{"type":"Feature","geometry":{"type":"Point","coordinates":[2.139573,41.37951]},"properties":{"kind":"stop","stop_id":"E.51801","name":"Estaci\u00f3 RENFE / Pl. Joan Peir\u00f3"}},{"type":"Feature","geometry":{"type":"Point","coordinates":[2.139723,41.379563]},"properties":{"kind":"stop","stop_id":"E.1051802","name":"Ascensor - Estaci\u00f3 RENFE / Pl. Pa\u00efsos Catalans"}},{"type":"Feature","geometry":{"type":"Point","coordinates":[2.139923,41.37972]},"properties":{"kind":"stop","stop_id":"E.51802","name":"Estaci\u00f3 RENFE / Pl. Pa\u00efsos Catalans"}},{"type":"Feature","geometry":{"type":"Point","coordinates":[2.140992,41.381598]},"properties":{"kind":"stop","stop_id":"P.6660319","name":"Sants Estaci\u00f3"}},{"type":"Feature","geometry":{"type":"Point","coordinates":[2.145336,41.378493]},"properties":{"kind":"stop","stop_id":"1.320","name":"Tarragona"}},{"type":"Feature","geometry":{"type":"Point","coordinates":[2.144759,41.378615]},"properties":{"kind":"stop","stop_id":"E.32001","name":"Elisi"}},{"type":"Feature","geometry":{"type":"Point","coordinates":[2.145125,41.378898]},"properties":{"kind":"stop","stop_id":"E.32002","name":"Val\u00e8ncia"}},{"type":"Feature","geometry":{"type":"Point","coordinates":[2.145762,41.377859]},"properties":{"kind":"stop","stop_id":"E.32003","name":"Tarragona"}},{"type":"Feature","geometry":{"type":"Point","coordinates":[2.145858,41.378255]},"properties":{"kind":"stop","stop_id":"E.1032004","name":"Ascensor - Arag\u00f3"}},{"type":"Feature","geometry":{"type":"Point","coordinates":[2.146084,41.378245]},"properties":{"kind":"stop","stop_id":"E.32004","name":"Arag\u00f3"}},{"type":"Feature","geometry":{"type":"Point","coordinates":[2.145336,41.378493]},"properties":{"kind":"stop","stop_id":"P.6660320","name":"Tarragona"}},{"type":"Feature","geometry":{"type":"Point","coordinates":[2.160245,41.374996]},"properties":{"kind":"stop","stop_id":"1.322","name":"Poble Sec"}},{"type":"Feature","geometry":{"type":"Point","coordinates":[2.158911,41.375149]},"properties":{"kind":"stop","stop_id":"E.32201","name":"Manso"}},{"type":"Feature","geometry":{"type":"Point","coordinates":[2.159321,41.375121]},"properties":{"kind":"stop","stop_id":"E.1032201","name":"Ascensor - Manso"}},{"type":"Feature","geometry":{"type":"Point","coordinates":[2.158953,41.374874]},"properties":{"kind":"stop","stop_id":"E.32202","name":"Teodor Bonaplata"}},{"type":"Feature","geometry":{"type":"Point","coordinates":[2.161354,41.375117]},"properties":{"kind":"stop","stop_id":"E.32211","name":"Parlament"}},{"type":"Feature","geometry":{"type":"Point","coordinates":[2.160245,41.374996]},"properties":{"kind":"stop","stop_id":"P.6660322","name":"Poble Sec"}},{"type":"Feature","geometry":{"type":"Point","coordinates":[2.175664,41.376538]},"properties":{"kind":"stop","stop_id":"1.324","name":"Drassanes"}},{"type":"Feature","geometry":{"type":"Point","coordinates":[2.176522,41.376946]},"properties":{"kind":"stop","stop_id":"E.32401","name":"La Rambla"}},{"type":"Feature","geometry":{"type":"Point","coordinates":[2.176358,41.377108]},"properties":{"kind":"stop","stop_id":"E.1032401","name":"Ascensor - La Rambla"}},{"type":"Feature","geometry":{"type":"Point","coordinates":[2.175961,41.37708]},"properties":{"kind":"stop","stop_id":"E.32403","name":"Santa Madrona"}},{"type":"Feature","geometry":{"type":"Point","coordinates":[2.175559,41.376587]},"properties":{"kind":"stop","stop_id":"E.32411","name":"Drassanes"}},{"type":"Feature","geometry":{"type":"Point","coordinates":[2.175651,41.376745]},"properties":{"kind":"stop","stop_id":"E.1032411","name":"Ascensor - Drassanes"}},{"type":"Feature","geometry":{"type":"Point","coordinates":[2.175664,41.376538]},"properties":{"kind":"stop","stop_id":"P.6660324","name":"Drassanes"}},{"type":"Feature","geometry":{"type":"Point","coordinates":[2.17303,41.381445]},"properties":{"kind":"stop","stop_id":"1.325","name":"Liceu"}},{"type":"Feature","geometry":{"type":"Point","coordinates":[2.172469,41.38202]},"properties":{"kind":"stop","stop_id":"E.32501","name":"La Rambla / Mercat de la Boqueria"}},{"type":"Feature","geometry":{"type":"Point","coordinates":[2.172621,41.382015]},"properties":{"kind":"stop","stop_id":"E.32511","name":"La Rambla / Mercat de la Boqueria"}},{"type":"Feature","geometry":{"type":"Point","coordinates":[2.17344,41.381059]},"properties":{"kind":"stop","stop_id":"E.1032521","name":"Ascensor - La Rambla / Teatre Liceu"}},{"type":"Feature","geometry":{"type":"Point","coordinates":[2.173559,41.380925]},"properties":{"kind":"stop","stop_id":"E.32521","name":"La Rambla / Teatre Liceu"}},{"type":"Feature","geometry":{"type":"Point","coordinates":[2.173445,41.380864]},"properties":{"kind":"stop","stop_id":"E.32531","name":"La Rambla / Teatre Liceu"}},{"type":"Feature","geometry":{"type":"Point","coordinates":[2.173328,41.381004]},"properties":{"kind":"stop","stop_id":"E.1032531","name":"Ascensor - La Rambla / Teatre Liceu"}},{"type":"Feature","geometry":{"type":"Point","coordinates":[2.17303,41.381445]},"properties":{"kind":"stop","stop_id":"P.6660325","name":"Liceu"}},{"type":"Feature","geometry":{"type":"Point","coordinates":[2.160047,41.395888]},"properties":{"kind":"stop","stop_id":"1.328","name":"Diagonal"}},{"type":"Feature","geometry":{"type":"Point","coordinates":[2.15883,41.394435]},"properties":{"kind":"stop","stop_id":"1.521","name":"Diagonal"}},{"type":"Feature","geometry":{"type":"Point","coordinates":[2.160638,41.395436]},"properties":{"kind":"stop","stop_id":"E.32801","name":"Pg. de Gr\u00e0cia / Rambla Catalunya"}},{"type":"Feature","geometry":{"type":"Point","coordinates":[2.160451,41.395478]},"properties":{"kind":"stop","stop_id":"E.1032801","name":"Ascensor - Pg. de Gr\u00e0cia / Rambla Catalunya"}},{"type":"Feature","geometry":{"type":"Point","coordinates":[2.160807,41.395636]},"properties":{"kind":"stop","stop_id":"E.32802","name":"Pg. de Gr\u00e0cia / Pau Claris"}},{"type":"Feature","geometry":{"type":"Point","coordinates":[2.160571,41.39536]},"properties":{"kind":"stop","stop_id":"E.32803","name":"Pg. de Gr\u00e0cia (escala mec\u00e0nica)"}},{"type":"Feature","geometry":{"type":"Point","coordinates":[2.159861,41.396072]},"properties":{"kind":"stop","stop_id":"E.32811","name":"Diagonal / Rambla Catalunya"}},{"type":"Feature","geometry":{"type":"Point","coordinates":[2.160104,41.396216]},"properties":{"kind":"stop","stop_id":"E.32812","name":"Diagonal / Pau Claris"}},{"type":"Feature","geometry":{"type":"Point","coordinates":[2.159097,41.394424]},"properties":{"kind":"stop","stop_id":"E.52101","name":"Rambla Catalunya"}},{"type":"Feature","geometry":{"type":"Point","coordinates":[2.158839,41.394645]},"properties":{"kind":"stop","stop_id":"E.1052101","name":"Ascensor - Rambla Catalunya"}},{"type":"Feature","geometry":{"type":"Point","coordinates":[2.158861,41.394246]},"properties":{"kind":"stop","stop_id":"E.52111","name":"Rossell\u00f3 / FGC"}},{"type":"Feature","geometry":{"type":"Point","coordinates":[2.160047,41.395888]},"properties":{"kind":"stop","stop_id":"P.6660328","name":"Diagonal"}},{"type":"Feature","geometry":{"type":"Point","coordinates":[2.153022,41.402009]},"properties":{"kind":"stop","stop_id":"1.329","name":"Fontana"}},{"type":"Feature","geometry":{"type":"Point","coordinates":[2.152678,41.402585]},"properties":{"kind":"stop","stop_id":"E.32901","name":"Gran de Gr\u00e0cia / Ast\u00faries"}},{"type":"Feature","geometry":{"type":"Point","coordinates":[2.153022,41.402009]},"properties":{"kind":"stop","stop_id":"P.6660329","name":"Fontana"}},{"type":"Feature","geometry":{"type":"Point","coordinates":[2.150407,41.405738]},"properties":{"kind":"stop","stop_id":"1.330","name":"Lesseps"}},{"type":"Feature","geometry":{"type":"Point","coordinates":[2.149611,41.406206]},"properties":{"kind":"stop","stop_id":"E.33001","name":"Septim\u00e0nia"}},{"type":"Feature","geometry":{"type":"Point","coordinates":[2.149916,41.406554]},"properties":{"kind":"stop","stop_id":"E.1033011","name":"Ascensor - Pla\u00e7a Lesseps"}},{"type":"Feature","geometry":{"type":"Point","coordinates":[2.150221,41.406674]},"properties":{"kind":"stop","stop_id":"E.33011","name":"Pla\u00e7a Lesseps"}},{"type":"Feature","geometry":{"type":"Point","coordinates":[2.150407,41.405738]},"properties":{"kind":"stop","stop_id":"P.6660330","name":"Lesseps"}},{"type":"Feature","geometry":{"type":"Point","coordinates":[2.144337,41.411975]},"properties":{"kind":"stop","stop_id":"1.331","name":"Vallcarca"}},{"type":"Feature","geometry":{"type":"Point","coordinates":[2.145043,41.41141]},"properties":{"kind":"stop","stop_id":"E.33101","name":"Avinguda Rep\u00fablica Argentina"}},{"type":"Feature","geometry":{"type":"Point","coordinates":[2.144766,41.411616]},"properties":{"kind":"stop","stop_id":"E.1033101","name":"Ascensor - Avinguda Rep\u00fablica Argentina"}},{"type":"Feature","geometry":{"type":"Point","coordinates":[2.144553,41.411782]},"properties":{"kind":"stop","stop_id":"E.33102","name":"Gomis"}},{"type":"Feature","geometry":{"type":"Point","coordinates":[2.145265,41.411696]},"properties":{"kind":"stop","stop_id":"E.33103","name":"Avinguda Vallcarca + Parc G\u00fcell"}},{"type":"Feature","geometry":{"type":"Point","coordinates":[2.144337,41.411975]},"properties":{"kind":"stop","stop_id":"P.6660331","name":"Vallcarca"}},{"type":"Feature","geometry":{"type":"Point","coordinates":[2.140972,41.418279]},"properties":{"kind":"stop","stop_id":"1.332","name":"Penitents"}},{"type":"Feature","geometry":{"type":"Point","coordinates":[2.141275,41.417503]},"properties":{"kind":"stop","stop_id":"E.33201","name":"Avinguda Vallcarca"}},{"type":"Feature","geometry":{"type":"Point","coordinates":[2.140955,41.417387]},"properties":{"kind":"stop","stop_id":"E.33202","name":"Anna Piferrer"}},{"type":"Feature","geometry":{"type":"Point","coordinates":[2.141028,41.417375]},"properties":{"kind":"stop","stop_id":"E.1033202","name":"Ascensor - Anna Piferrer"}},{"type":"Feature","geometry":{"type":"Point","coordinates":[2.140972,41.418279]},"properties":{"kind":"stop","stop_id":"P.6660332","name":"Penitents"}},{"type":"Feature","geometry":{"type":"Point","coordinates":[2.210231,41.419901]},"properties":{"kind":"stop","stop_id":"1.414","name":"Bes\u00f2s"}},{"type":"Feature","geometry":{"type":"Point","coordinates":[2.210283,41.42034]},"properties":{"kind":"stop","stop_id":"E.41401","name":"Gran Via de les Corts Catalanes"}},{"type":"Feature","geometry":{"type":"Point","coordinates":[2.209848,41.420264]},"properties":{"kind":"stop","stop_id":"E.41402","name":"Tram Bes\u00f2s"}},{"type":"Feature","geometry":{"type":"Point","coordinates":[2.209764,41.420148]},"properties":{"kind":"stop","stop_id":"E.1041402","name":"Ascensor - Tram Bes\u00f2s"}},{"type":"Feature","geometry":{"type":"Point","coordinates":[2.210231,41.419901]},"properties":{"kind":"stop","stop_id":"P.6660414","name":"Bes\u00f2s"}},{"type":"Feature","geometry":{"type":"Point","coordinates":[2.209122,41.408001]},"properties":{"kind":"stop","stop_id":"1.417","name":"Selva de Mar"}},{"type":"Feature","geometry":{"type":"Point","coordinates":[2.209567,41.408214]},"properties":{"kind":"stop","stop_id":"E.41701","name":"Selva de Mar"}},{"type":"Feature","geometry":{"type":"Point","coordinates":[2.208358,41.407773]},"properties":{"kind":"stop","stop_id":"E.41711","name":"Proven\u00e7als"}},{"type":"Feature","geometry":{"type":"Point","coordinates":[2.208479,41.407815]},"properties":{"kind":"stop","stop_id":"E.1041711","name":"Ascensor - Proven\u00e7als"}},{"type":"Feature","geometry":{"type":"Point","coordinates":[2.209122,41.408001]},"properties":{"kind":"stop","stop_id":"P.6660417","name":"Selva de Mar"}},{"type":"Feature","geometry":{"type":"Point","coordinates":[2.203371,41.403716]},"properties":{"kind":"stop","stop_id":"1.418","name":"Poblenou"}},{"type":"Feature","geometry":{"type":"Point","coordinates":[2.202941,41.403511]},"properties":{"kind":"stop","stop_id":"E.41801","name":"Pujades / Bilbao"}},{"type":"Feature","geometry":{"type":"Point","coordinates":[2.202743,41.403513]},"properties":{"kind":"stop","stop_id":"E.1041801","name":"Ascensor - Pujades / Bilbao"}},{"type":"Feature","geometry":{"type":"Point","coordinates":[2.203371,41.403716]},"properties":{"kind":"stop","stop_id":"P.6660418","name":"Poblenou"}},{"type":"Feature","geometry":{"type":"Point","coordinates":[2.197712,41.399425]},"properties":{"kind":"stop","stop_id":"1.419","name":"Llacuna"}},{"type":"Feature","geometry":{"type":"Point","coordinates":[2.197267,41.399208]},"properties":{"kind":"stop","stop_id":"E.41901","name":"Pujades / Ciutat de Granada"}},{"type":"Feature","geometry":{"type":"Point","coordinates":[2.197076,41.399202]},"properties":{"kind":"stop","stop_id":"E.1041901","name":"Ascensor - Pujades / Ciutat de Granada"}},{"type":"Feature","geometry":{"type":"Point","coordinates":[2.197712,41.399425]},"properties":{"kind":"stop","stop_id":"P.6660419","name":"Llacuna"}},{"type":"Feature","geometry":{"type":"Point","coordinates":[2.192012,41.395107]},"properties":{"kind":"stop","stop_id":"1.420","name":"Bogatell"}},{"type":"Feature","geometry":{"type":"Point","coordinates":[2.191566,41.394884]},"properties":{"kind":"stop","stop_id":"E.42001","name":"Pujades / Pere IV"}},{"type":"Feature","geometry":{"type":"Point","coordinates":[2.192628,41.395487]},"properties":{"kind":"stop","stop_id":"E.42011","name":"Pujades"}},{"type":"Feature","geometry":{"type":"Point","coordinates":[2.192832,41.395497]},"properties":{"kind":"stop","stop_id":"E.1042011","name":"Ascensor - Pujades"}},{"type":"Feature","geometry":{"type":"Point","coordinates":[2.192012,41.395107]},"properties":{"kind":"stop","stop_id":"P.6660420","name":"Bogatell"}},{"type":"Feature","geometry":{"type":"Point","coordinates":[2.192991,41.386687]},"properties":{"kind":"stop","stop_id":"1.421","name":"Ciutadella | Vila Ol\u00edmpica"}},{"type":"Feature","geometry":{"type":"Point","coordinates":[2.19359,41.387853]},"properties":{"kind":"stop","stop_id":"E.1042101","name":"Ascensor - Avinguda Ic\u00e0ria"}},{"type":"Feature","geometry":{"type":"Point","coordinates":[2.193414,41.387903]},"properties":{"kind":"stop","stop_id":"E.42101","name":"Avinguda Ic\u00e0ria"}},{"type":"Feature","geometry":{"type":"Point","coordinates":[2.193054,41.388155]},"properties":{"kind":"stop","stop_id":"E.42102","name":"Zoo"}},{"type":"Feature","geometry":{"type":"Point","coordinates":[2.192991,41.386687]},"properties":{"kind":"stop","stop_id":"P.6660421","name":"Ciutadella | Vila Ol\u00edmpica"}},{"type":"Feature","geometry":{"type":"Point","coordinates":[2.184787,41.381811]},"properties":{"kind":"stop","stop_id":"1.422","name":"Barceloneta"}},{"type":"Feature","geometry":{"type":"Point","coordinates":[2.185819,41.382368]},"properties":{"kind":"stop","stop_id":"E.42201","name":"Pla\u00e7a Pau Vila"}},{"type":"Feature","geometry":{"type":"Point","coordinates":[2.185409,41.382173]},"properties":{"kind":"stop","stop_id":"E.1042201","name":"Ascensor - Pla\u00e7a Pau Vila"}},{"type":"Feature","geometry":{"type":"Point","coordinates":[2.184787,41.381811]},"properties":{"kind":"stop","stop_id":"P.6660422","name":"Barceloneta"}},{"type":"Feature","geometry":{"type":"Point","coordinates":[2.178531,41.384126]},"properties":{"kind":"stop","stop_id":"1.423","name":"Jaume I"}},{"type":"Feature","geometry":{"type":"Point","coordinates":[2.178473,41.383873]},"properties":{"kind":"stop","stop_id":"E.1042301","name":"Ascensor - Pla\u00e7a de l'\u00c0ngel"}},{"type":"Feature","geometry":{"type":"Point","coordinates":[2.178427,41.383828]},"properties":{"kind":"stop","stop_id":"E.42301","name":"Pla\u00e7a de l'\u00c0ngel"}},{"type":"Feature","geometry":{"type":"Point","coordinates":[2.179177,41.383781]},"properties":{"kind":"stop","stop_id":"E.1042311","name":"Ascensor - Argenteria"}},{"type":"Feature","geometry":{"type":"Point","coordinates":[2.179246,41.383823]},"properties":{"kind":"stop","stop_id":"E.42311","name":"Argenteria"}},{"type":"Feature","geometry":{"type":"Point","coordinates":[2.178531,41.384126]},"properties":{"kind":"stop","stop_id":"P.6660423","name":"Jaume I"}},{"type":"Feature","geometry":{"type":"Point","coordinates":[2.170825,41.39492]},"properties":{"kind":"stop","stop_id":"1.426","name":"Girona"}},{"type":"Feature","geometry":{"type":"Point","coordinates":[2.170924,41.394875]},"properties":{"kind":"stop","stop_id":"E.1042601","name":"Ascensor - Consell de Cent"}},{"type":"Feature","geometry":{"type":"Point","coordinates":[2.170834,41.394835]},"properties":{"kind":"stop","stop_id":"E.42601","name":"Consell de Cent"}},{"type":"Feature","geometry":{"type":"Point","coordinates":[2.171437,41.394666]},"properties":{"kind":"stop","stop_id":"E.42602","name":"Girona"}},{"type":"Feature","geometry":{"type":"Point","coordinates":[2.170825,41.39492]},"properties":{"kind":"stop","stop_id":"P.6660426","name":"Girona"}},{"type":"Feature","geometry":{"type":"Point","coordinates":[2.16806,41.400365]},"properties":{"kind":"stop","stop_id":"1.427","name":"Verdaguer"}},{"type":"Feature","geometry":{"type":"Point","coordinates":[2.167089,41.398952]},"properties":{"kind":"stop","stop_id":"1.522","name":"Verdaguer"}},{"type":"Feature","geometry":{"type":"Point","coordinates":[2.168743,41.399897]},"properties":{"kind":"stop","stop_id":"E.42701","name":"Passeig Sant Joan"}},{"type":"Feature","geometry":{"type":"Point","coordinates":[2.167444,41.399079]},"properties":{"kind":"stop","stop_id":"E.52201","name":"Bail\u00e8n"}},{"type":"Feature","geometry":{"type":"Point","coordinates":[2.166191,41.398461]},"properties":{"kind":"stop","stop_id":"E.52211","name":"Avinguda Diagonal"}},{"type":"Feature","geometry":{"type":"Point","coordinates":[2.166127,41.398684]},"properties":{"kind":"stop","stop_id":"E.52212","name":"Girona"}},{"type":"Feature","geometry":{"type":"Point","coordinates":[2.16806,41.400365]},"properties":{"kind":"stop","stop_id":"P.6660427","name":"Verdaguer"}},{"type":"Feature","geometry":{"type":"Point","coordinates":[2.163225,41.406427]},"properties":{"kind":"stop","stop_id":"1.428","name":"Joanic"}},{"type":"Feature","geometry":{"type":"Point","coordinates":[2.1627,41.40591]},"properties":{"kind":"stop","stop_id":"E.1042801","name":"Ascensor - Escorial"}},{"type":"Feature","geometry":{"type":"Point","coordinates":[2.162898,41.406025]},"properties":{"kind":"stop","stop_id":"E.42801","name":"Escorial"}},{"type":"Feature","geometry":{"type":"Point","coordinates":[2.163178,41.405736]},"properties":{"kind":"stop","stop_id":"E.42802","name":"Pi i Margall"}},{"type":"Feature","geometry":{"type":"Point","coordinates":[2.163225,41.406427]},"properties":{"kind":"stop","stop_id":"P.6660428","name":"Joanic"}},{"type":"Feature","geometry":{"type":"Point","coordinates":[2.166382,41.412377]},"properties":{"kind":"stop","stop_id":"1.429","name":"Alfons X"}},{"type":"Feature","geometry":{"type":"Point","coordinates":[2.165993,41.412216]},"properties":{"kind":"stop","stop_id":"E.1042901","name":"Ascensor - Ronda Guinard\u00f3"}},{"type":"Feature","geometry":{"type":"Point","coordinates":[2.166512,41.412396]},"properties":{"kind":"stop","stop_id":"E.42901","name":"Ronda Guinard\u00f3"}},{"type":"Feature","geometry":{"type":"Point","coordinates":[2.166927,41.411948]},"properties":{"kind":"stop","stop_id":"E.42902","name":"Lepant"}},{"type":"Feature","geometry":{"type":"Point","coordinates":[2.165087,41.412068]},"properties":{"kind":"stop","stop_id":"E.42903","name":"Pla\u00e7a Alfons el Savi"}},{"type":"Feature","geometry":{"type":"Point","coordinates":[2.166382,41.412377]},"properties":{"kind":"stop","stop_id":"P.6660429","name":"Alfons X"}},{"type":"Feature","geometry":{"type":"Point","coordinates":[2.173989,41.415962]},"properties":{"kind":"stop","stop_id":"1.430","name":"Guinard\u00f3 | Hospital de Sant Pau"}},{"type":"Feature","geometry":{"type":"Point","coordinates":[2.174486,41.41602]},"properties":{"kind":"stop","stop_id":"E.43001","name":"Sant Quint\u00ed"}},{"type":"Feature","geometry":{"type":"Point","coordinates":[2.174237,41.415827]},"properties":{"kind":"stop","stop_id":"E.1043001","name":"Ascensor - Sant Quint\u00ed"}},{"type":"Feature","geometry":{"type":"Point","coordinates":[2.174418,41.415769]},"properties":{"kind":"stop","stop_id":"E.43012","name":"Hospital de Sant Pau"}},{"type":"Feature","geometry":{"type":"Point","coordinates":[2.173989,41.415962]},"properties":{"kind":"stop","stop_id":"P.6660430","name":"Guinard\u00f3 | Hospital de Sant Pau"}},{"type":"Feature","geometry":{"type":"Point","coordinates":[2.119195,41.375743]},"properties":{"kind":"stop","stop_id":"1.515","name":"Collblanc"}},{"type":"Feature","geometry":{"type":"Point","coordinates":[2.118397,41.376056]},"properties":{"kind":"stop","stop_id":"1.916","name":"Collblanc"}},{"type":"Feature","geometry":{"type":"Point","coordinates":[2.120434,41.37584]},"properties":{"kind":"stop","stop_id":"E.51501","name":"Travessera de les Corts"}},{"type":"Feature","geometry":{"type":"Point","coordinates":[2.120625,41.375653]},"properties":{"kind":"stop","stop_id":"E.51502","name":"Doctor Mart\u00ed i Juli\u00e0"}},{"type":"Feature","geometry":{"type":"Point","coordinates":[2.118369,41.375806]},"properties":{"kind":"stop","stop_id":"E.51511","name":"Sant Ramon"}},{"type":"Feature","geometry":{"type":"Point","coordinates":[2.118124,41.37585]},"properties":{"kind":"stop","stop_id":"E.1091601","name":"Ascensor - Av. Sant Ramon"}},{"type":"Feature","geometry":{"type":"Point","coordinates":[2.118448,41.375869]},"properties":{"kind":"stop","stop_id":"E.91601","name":"Av. Sant Ramon"}},{"type":"Feature","geometry":{"type":"Point","coordinates":[2.118397,41.376056]},"properties":{"kind":"stop","stop_id":"P.6660515","name":"Collblanc"}},{"type":"Feature","geometry":{"type":"Point","coordinates":[2.127402,41.375581]},"properties":{"kind":"stop","stop_id":"1.516","name":"Badal"}},{"type":"Feature","geometry":{"type":"Point","coordinates":[2.128636,41.375618]},"properties":{"kind":"stop","stop_id":"E.51601","name":"Carrer de Sants"}},{"type":"Feature","geometry":{"type":"Point","coordinates":[2.126221,41.375438]},"properties":{"kind":"stop","stop_id":"E.51602","name":"Carreras i Candi"}},{"type":"Feature","geometry":{"type":"Point","coordinates":[2.126525,41.375698]},"properties":{"kind":"stop","stop_id":"E.1051611","name":"Ascensor - Carrer de Sants / Arizala"}},{"type":"Feature","geometry":{"type":"Point","coordinates":[2.126032,41.375672]},"properties":{"kind":"stop","stop_id":"E.51611","name":"Carrer de Sants / Arizala"}},{"type":"Feature","geometry":{"type":"Point","coordinates":[2.127402,41.375581]},"properties":{"kind":"stop","stop_id":"P.6660516","name":"Badal"}},{"type":"Feature","geometry":{"type":"Point","coordinates":[2.145619,41.384467]},"properties":{"kind":"stop","stop_id":"1.519","name":"Enten\u00e7a"}},{"type":"Feature","geometry":{"type":"Point","coordinates":[2.146111,41.384964]},"properties":{"kind":"stop","stop_id":"E.51901","name":"Rocafort"}},{"type":"Feature","geometry":{"type":"Point","coordinates":[2.14582,41.384778]},"properties":{"kind":"stop","stop_id":"E.1051901","name":"Ascensor - Rocafort"}},{"type":"Feature","geometry":{"type":"Point","coordinates":[2.145048,41.384122]},"properties":{"kind":"stop","stop_id":"E.51911","name":"Enten\u00e7a"}},{"type":"Feature","geometry":{"type":"Point","coordinates":[2.145619,41.384467]},"properties":{"kind":"stop","stop_id":"P.6660519","name":"Enten\u00e7a"}},{"type":"Feature","geometry":{"type":"Point","coordinates":[2.151081,41.388608]},"properties":{"kind":"stop","stop_id":"1.520","name":"Hospital Cl\u00ednic"}},{"type":"Feature","geometry":{"type":"Point","coordinates":[2.151606,41.388867]},"properties":{"kind":"stop","stop_id":"E.52001","name":"Villarroel"}},{"type":"Feature","geometry":{"type":"Point","coordinates":[2.150448,41.388395]},"properties":{"kind":"stop","stop_id":"E.1052012","name":"Ascensor - Rossell\u00f3"}},{"type":"Feature","geometry":{"type":"Point","coordinates":[2.150619,41.388395]},"properties":{"kind":"stop","stop_id":"E.52012","name":"Rossell\u00f3"}},{"type":"Feature","geometry":{"type":"Point","coordinates":[2.151081,41.388608]},"properties":{"kind":"stop","stop_id":"P.6660520","name":"Hospital Cl\u00ednic"}},{"type":"Feature","geometry":{"type":"Point","coordinates":[2.176016,41.410753]},"properties":{"kind":"stop","stop_id":"1.524","name":"Sant Pau | Dos de Maig"}},{"type":"Feature","geometry":{"type":"Point","coordinates":[2.176609,41.411354]},"properties":{"kind":"stop","stop_id":"E.1052401","name":"Ascensor - Dos de Maig"}},{"type":"Feature","geometry":{"type":"Point","coordinates":[2.176365,41.411141]},"properties":{"kind":"stop","stop_id":"E.52401","name":"Dos de Maig"}},{"type":"Feature","geometry":{"type":"Point","coordinates":[2.175706,41.410041]},"properties":{"kind":"stop","stop_id":"E.52411","name":"Cartagena"}},{"type":"Feature","geometry":{"type":"Point","coordinates":[2.176016,41.410753]},"properties":{"kind":"stop","stop_id":"P.6660524","name":"Sant Pau | Dos de Maig"}},{"type":"Feature","geometry":{"type":"Point","coordinates":[2.181497,41.41506]},"properties":{"kind":"stop","stop_id":"1.525","name":"Camp de l'Arpa"}},{"type":"Feature","geometry":{"type":"Point","coordinates":[2.180955,41.414755]},"properties":{"kind":"stop","stop_id":"E.52501","name":"Passeig Maragall"}},{"type":"Feature","geometry":{"type":"Point","coordinates":[2.180959,41.414836]},"properties":{"kind":"stop","stop_id":"E.1052501","name":"Ascensor - Passeig Maragall"}},{"type":"Feature","geometry":{"type":"Point","coordinates":[2.1817,41.415282]},"properties":{"kind":"stop","stop_id":"E.52511","name":"Ind\u00fastria"}},{"type":"Feature","geometry":{"type":"Point","coordinates":[2.181497,41.41506]},"properties":{"kind":"stop","stop_id":"P.6660525","name":"Camp de l'Arpa"}},{"type":"Feature","geometry":{"type":"Point","coordinates":[2.149944,41.4208]},"properties":{"kind":"stop","stop_id":"E.1053301","name":"Ascensor - Passeig Mare de D\u00e9u del Coll"}},{"type":"Feature","geometry":{"type":"Point","coordinates":[2.150303,41.420999]},"properties":{"kind":"stop","stop_id":"E.53301","name":"Passeig Mare de D\u00e9u del Coll"}},{"type":"Feature","geometry":{"type":"Point","coordinates":[2.149433,41.419762]},"properties":{"kind":"stop","stop_id":"E.53302","name":"Beat Almat\u00f3"}},{"type":"Feature","geometry":{"type":"Point","coordinates":[2.163269,41.368956]},"properties":{"kind":"stop","stop_id":"1.9902","name":"Parc de Montju\u00efc"}},{"type":"Feature","geometry":{"type":"Point","coordinates":[2.163038,41.368868]},"properties":{"kind":"stop","stop_id":"E.990201","name":"Avinguda Miramar"}},{"type":"Feature","geometry":{"type":"Point","coordinates":[2.163269,41.368956]},"properties":{"kind":"stop","stop_id":"P.6669902","name":"Parc de Montju\u00efc"}},{"type":"Feature","geometry":{"type":"Point","coordinates":[2.198985,41.393104]},"properties":{"kind":"stop","stop_id":"2.2.680249","name":"Av Ic\u00e0ria - \u00c0laba"}},{"type":"Feature","geometry":{"type":"Point","coordinates":[2.157891,41.388546]},"properties":{"kind":"stop","stop_id":"2.3.674788","name":"Val\u00e8ncia - Muntaner"}},{"type":"Feature","geometry":{"type":"Point","coordinates":[2.158732,41.391021]},"properties":{"kind":"stop","stop_id":"2.4.689821","name":"Mallorca - Balmes"}},{"type":"Feature","geometry":{"type":"Point","coordinates":[2.16331,41.385907]},"properties":{"kind":"stop","stop_id":"2.7.674433","name":"Pl Universitat"}},{"type":"Feature","geometry":{"type":"Point","coordinates":[2.150118,41.371045]},"properties":{"kind":"stop","stop_id":"2.8.674595","name":"Pl de Carles Bu\u00efgas"}},{"type":"Feature","geometry":{"type":"Point","coordinates":[2.116137,41.385593]},"properties":{"kind":"stop","stop_id":"2.21.674475","name":"Palau Reial"}},{"type":"Feature","geometry":{"type":"Point","coordinates":[2.143973,41.411365]},"properties":{"kind":"stop","stop_id":"2.22.674825","name":"Av Rep\u00fablica Argentina - Vallcarca"}},{"type":"Feature","geometry":{"type":"Point","coordinates":[2.187549,41.394436]},"properties":{"kind":"stop","stop_id":"2.27.690647","name":"Metro Marina"}},{"type":"Feature","geometry":{"type":"Point","coordinates":[2.19552,41.39602]},"properties":{"kind":"stop","stop_id":"2.31.675259","name":"Llull - \u00c0laba"}},{"type":"Feature","geometry":{"type":"Point","coordinates":[2.188084,41.40302]},"properties":{"kind":"stop","stop_id":"2.32.699579","name":"Metro Gl\u00f2ries"}},{"type":"Feature","geometry":{"type":"Point","coordinates":[2.199318,41.393025]},"properties":{"kind":"stop","stop_id":"2.34.690823","name":"Av Ic\u00e0ria - Av Bogatell"}},{"type":"Feature","geometry":{"type":"Point","coordinates":[2.187545,41.394153]},"properties":{"kind":"stop","stop_id":"2.36.690645","name":"Metro Marina"}},{"type":"Feature","geometry":{"type":"Point","coordinates":[2.182932,41.397709]},"properties":{"kind":"stop","stop_id":"2.38.676833","name":"Marina - Ribes"}},{"type":"Feature","geometry":{"type":"Point","coordinates":[2.178787,41.392553]},"properties":{"kind":"stop","stop_id":"2.39.693539","name":"Pg de Sant Joan - Al\u00ed-Bei"}},{"type":"Feature","geometry":{"type":"Point","coordinates":[2.136322,41.39071]},"properties":{"kind":"stop","stop_id":"2.41.674471","name":"Diagonal - Doctor Fleming"}},{"type":"Feature","geometry":{"type":"Point","coordinates":[2.13359,41.389623]},"properties":{"kind":"stop","stop_id":"2.42.676832","name":"Diagonal - L'Illa Diagonal"}},{"type":"Feature","geometry":{"type":"Point","coordinates":[2.141929,41.416267]},"properties":{"kind":"stop","stop_id":"2.47.691820","name":"Parc Sanitari Pere Virgili"}},{"type":"Feature","geometry":{"type":"Point","coordinates":[2.155467,41.384574]},"properties":{"kind":"stop","stop_id":"2.54.676582","name":"Comte d'Urgell - Arag\u00f3"}},{"type":"Feature","geometry":{"type":"Point","coordinates":[2.165503,41.3918]},"properties":{"kind":"stop","stop_id":"2.55.687729","name":"Pg de Gr\u00e0cia - Arag\u00f3"}},{"type":"Feature","geometry":{"type":"Point","coordinates":[2.158017,41.386039]},"properties":{"kind":"stop","stop_id":"2.56.674585","name":"Casanova - Arag\u00f3"}},{"type":"Feature","geometry":{"type":"Point","coordinates":[2.160079,41.387899]},"properties":{"kind":"stop","stop_id":"2.58.676818","name":"Aribau - Arag\u00f3"}},{"type":"Feature","geometry":{"type":"Point","coordinates":[2.150088,41.380083]},"properties":{"kind":"stop","stop_id":"2.59.674898","name":"Enten\u00e7a - Consell de Cent"}},{"type":"Feature","geometry":{"type":"Point","coordinates":[2.167925,41.393898]},"properties":{"kind":"stop","stop_id":"2.60.675058","name":"Ll\u00faria - Arag\u00f3"}},{"type":"Feature","geometry":{"type":"Point","coordinates":[2.18503,41.40661]},"properties":{"kind":"stop","stop_id":"2.61.695673","name":"Independ\u00e8ncia - Consell de Cent"}},{"type":"Feature","geometry":{"type":"Point","coordinates":[2.172391,41.397386]},"properties":{"kind":"stop","stop_id":"2.63.690907","name":"Pg de Sant Joan - Arag\u00f3"}},{"type":"Feature","geometry":{"type":"Point","coordinates":[2.143749,41.391603]},"properties":{"kind":"stop","stop_id":"2.65.691710","name":"Josep Tarradellas - Francesc Maci\u00e0"}},{"type":"Feature","geometry":{"type":"Point","coordinates":[2.13819,41.412101]},"properties":{"kind":"stop","stop_id":"2.69.685621","name":"Pg Sant Gervasi - Mas Yebra"}},{"type":"Feature","geometry":{"type":"Point","coordinates":[2.120596,41.406002]},"properties":{"kind":"stop","stop_id":"2.70.675830","name":"Terr\u00e9 - Pl de Benet XV"}},{"type":"Feature","geometry":{"type":"Point","coordinates":[2.126513,41.410479]},"properties":{"kind":"stop","stop_id":"2.71.675439","name":"Ronda de Dalt - Bellesguard"}},{"type":"Feature","geometry":{"type":"Point","coordinates":[2.135586,41.415725]},"properties":{"kind":"stop","stop_id":"2.73.675440","name":"Josep Gar\u00ed - Collserola"}},{"type":"Feature","geometry":{"type":"Point","coordinates":[2.124256,41.408844]},"properties":{"kind":"stop","stop_id":"2.74.675415","name":"Benedetti - Ronda de Dalt"}},{"type":"Feature","geometry":{"type":"Point","coordinates":[2.16559,41.412004]},"properties":{"kind":"stop","stop_id":"2.78.699853","name":"Ronda Guinard\u00f3 - Parc de les Aig\u00fces"}},{"type":"Feature","geometry":{"type":"Point","coordinates":[2.155382,41.395404]},"properties":{"kind":"stop","stop_id":"2.94.691306","name":"Diagonal - Balmes"}},{"type":"Feature","geometry":{"type":"Point","coordinates":[2.166329,41.388247]},"properties":{"kind":"stop","stop_id":"2.95.700606","name":"Gran Via - Balmes"}},{"type":"Feature","geometry":{"type":"Point","coordinates":[2.138465,41.403095]},"properties":{"kind":"stop","stop_id":"2.96.691794","name":"Mitre - Muntaner"}},{"type":"Feature","geometry":{"type":"Point","coordinates":[2.13521,41.40938]},"properties":{"kind":"stop","stop_id":"2.97.676515","name":"Pg Sant Gervasi - Folgueroles"}},{"type":"Feature","geometry":{"type":"Point","coordinates":[2.160081,41.390198]},"properties":{"kind":"stop","stop_id":"2.98.674789","name":"Val\u00e8ncia - Balmes"}},{"type":"Feature","geometry":{"type":"Point","coordinates":[2.14347,41.405398]},"properties":{"kind":"stop","stop_id":"2.99.685834","name":"Mitre - Saragossa"}},{"type":"Feature","geometry":{"type":"Point","coordinates":[2.153392,41.393679]},"properties":{"kind":"stop","stop_id":"2.100.696632","name":"Par\u00eds - Enric Granados"}},{"type":"Feature","geometry":{"type":"Point","coordinates":[2.114509,41.396058]},"properties":{"kind":"stop","stop_id":"2.103.675404","name":"Bisbe Catal\u00e0 - Pl Pedralbes"}},{"type":"Feature","geometry":{"type":"Point","coordinates":[2.195547,41.41497]},"properties":{"kind":"stop","stop_id":"2.105.689762","name":"Guip\u00fascoa - Bac de Roda"}},{"type":"Feature","geometry":{"type":"Point","coordinates":[2.195057,41.415047]},"properties":{"kind":"stop","stop_id":"2.106.676815","name":"Guip\u00fascoa - Bac de Roda"}},{"type":"Feature","geometry":{"type":"Point","coordinates":[2.147176,41.373762]},"properties":{"kind":"stop","stop_id":"2.108.698907","name":"Pl Espanya - FGC"}},{"type":"Feature","geometry":{"type":"Point","coordinates":[2.137456,41.384607]},"properties":{"kind":"stop","stop_id":"2.109.674688","name":"Num\u00e0ncia - Marqu\u00e8s de Sentmenat"}},{"type":"Feature","geometry":{"type":"Point","coordinates":[2.141836,41.382902]},"properties":{"kind":"stop","stop_id":"2.110.688004","name":"Nicaragua - Josep Tarradellas"}},{"type":"Feature","geometry":{"type":"Point","coordinates":[2.147712,41.409254]},"properties":{"kind":"stop","stop_id":"2.118.689793","name":"Bol\u00edvar - Ballester"}},{"type":"Feature","geometry":{"type":"Point","coordinates":[2.148951,41.408598]},"properties":{"kind":"stop","stop_id":"2.119.692730","name":"Av de Vallcarca - Pl Lesseps"}},{"type":"Feature","geometry":{"type":"Point","coordinates":[2.15123,41.401525]},"properties":{"kind":"stop","stop_id":"2.120.674630","name":"Av Riera de Cassoles - Rambla de Prat"}},{"type":"Feature","geometry":{"type":"Point","coordinates":[2.178718,41.391274]},"properties":{"kind":"stop","stop_id":"2.123.677959","name":"Arc de Triomf"}},{"type":"Feature","geometry":{"type":"Point","coordinates":[2.174219,41.39379]},"properties":{"kind":"stop","stop_id":"2.125.674376","name":"Metro Tetuan"}},{"type":"Feature","geometry":{"type":"Point","coordinates":[2.169109,41.396988]},"properties":{"kind":"stop","stop_id":"2.126.675094","name":"Mercat de la Concepci\u00f3"}},{"type":"Feature","geometry":{"type":"Point","coordinates":[2.147586,41.409658]},"properties":{"kind":"stop","stop_id":"2.129.699542","name":"Av de Vallcarca - Ballester"}},{"type":"Feature","geometry":{"type":"Point","coordinates":[2.183528,41.389501]},"properties":{"kind":"stop","stop_id":"2.130.675030","name":"Pg Llu\u00eds Companys - Parc de la Ciutadella"}},{"type":"Feature","geometry":{"type":"Point","coordinates":[2.125934,41.398431]},"properties":{"kind":"stop","stop_id":"2.133.675317","name":"Via Augusta - Pau Alcover"}},{"type":"Feature","geometry":{"type":"Point","coordinates":[2.124038,41.399943]},"properties":{"kind":"stop","stop_id":"2.134.675835","name":"Pg Bonanova"}},{"type":"Feature","geometry":{"type":"Point","coordinates":[2.144053,41.390958]},"properties":{"kind":"stop","stop_id":"2.136.674707","name":"Josep Tarradellas - Av de Sarri\u00e0"}},{"type":"Feature","geometry":{"type":"Point","coordinates":[2.158158,41.378171]},"properties":{"kind":"stop","stop_id":"2.137.690549","name":"Floridablanca - Viladomat"}},{"type":"Feature","geometry":{"type":"Point","coordinates":[2.154537,41.38602]},"properties":{"kind":"stop","stop_id":"2.138.692546","name":"Val\u00e8ncia - Comte d'Urgell"}},{"type":"Feature","geometry":{"type":"Point","coordinates":[2.153119,41.386791]},"properties":{"kind":"stop","stop_id":"2.139.692544","name":"Mallorca - Comte d'Urgell"}},{"type":"Feature","geometry":{"type":"Point","coordinates":[2.167171,41.375061]},"properties":{"kind":"stop","stop_id":"2.140.691760","name":"Paral\u00b7lel - Ronda Sant Pau"}},{"type":"Feature","geometry":{"type":"Point","coordinates":[2.163744,41.398075]},"properties":{"kind":"stop","stop_id":"2.146.674792","name":"Rossell\u00f3 - Bruc"}},{"type":"Feature","geometry":{"type":"Point","coordinates":[2.175962,41.390249]},"properties":{"kind":"stop","stop_id":"2.148.677961","name":"Ronda Sant Pere - Girona"}},{"type":"Feature","geometry":{"type":"Point","coordinates":[2.171675,41.39187]},"properties":{"kind":"stop","stop_id":"2.149.674375","name":"Gran Via - Ll\u00faria"}},{"type":"Feature","geometry":{"type":"Point","coordinates":[2.188244,41.417606]},"properties":{"kind":"stop","stop_id":"2.156.675349","name":"Espronceda - Pl Isl\u00e0ndia"}},{"type":"Feature","geometry":{"type":"Point","coordinates":[2.131036,41.373489]},"properties":{"kind":"stop","stop_id":"2.160.692083","name":"Badal - Canalejas - Final de trajecte"}},{"type":"Feature","geometry":{"type":"Point","coordinates":[2.130456,41.375049]},"properties":{"kind":"stop","stop_id":"2.161.675281","name":"Badal - Caster\u00e0s"}},{"type":"Feature","geometry":{"type":"Point","coordinates":[2.191488,41.417652]},"properties":{"kind":"stop","stop_id":"2.162.674952","name":"Sagrera - M\u00farcia"}},{"type":"Feature","geometry":{"type":"Point","coordinates":[2.155608,41.386831]},"properties":{"kind":"stop","stop_id":"2.165.674787","name":"Val\u00e8ncia - Villarroel"}},{"type":"Feature","geometry":{"type":"Point","coordinates":[2.156721,41.389512]},"properties":{"kind":"stop","stop_id":"2.166.692548","name":"Mallorca - Muntaner"}},{"type":"Feature","geometry":{"type":"Point","coordinates":[2.160999,41.38425]},"properties":{"kind":"stop","stop_id":"2.167.688173","name":"Gran Via - Casanova"}},{"type":"Feature","geometry":{"type":"Point","coordinates":[2.146355,41.393118]},"properties":{"kind":"stop","stop_id":"2.168.691340","name":"Diagonal - Francesc Maci\u00e0"}},{"type":"Feature","geometry":{"type":"Point","coordinates":[2.149974,41.391101]},"properties":{"kind":"stop","stop_id":"2.171.675630","name":"Par\u00eds - Casanova"}},{"type":"Feature","geometry":{"type":"Point","coordinates":[2.115241,41.393054]},"properties":{"kind":"stop","stop_id":"2.172.694027","name":"Av Pedralbes - Cavallers"}},{"type":"Feature","geometry":{"type":"Point","coordinates":[2.156551,41.385291]},"properties":{"kind":"stop","stop_id":"2.173.674614","name":"Villarroel - Arag\u00f3"}},{"type":"Feature","geometry":{"type":"Point","coordinates":[2.166989,41.392751]},"properties":{"kind":"stop","stop_id":"2.174.692851","name":"Pau Claris - Arag\u00f3"}},{"type":"Feature","geometry":{"type":"Point","coordinates":[2.1624,41.38938]},"properties":{"kind":"stop","stop_id":"2.175.690780","name":"Balmes - Arag\u00f3"}},{"type":"Feature","geometry":{"type":"Point","coordinates":[2.139662,41.375257]},"properties":{"kind":"stop","stop_id":"2.179.675175","name":"Sants - Gayarre"}},{"type":"Feature","geometry":{"type":"Point","coordinates":[2.147537,41.375222]},"properties":{"kind":"stop","stop_id":"2.180.674931","name":"Creu Coberta - Pl Espanya"}},{"type":"Feature","geometry":{"type":"Point","coordinates":[2.144563,41.375281]},"properties":{"kind":"stop","stop_id":"2.181.678600","name":"Metro Hostafrancs"}},{"type":"Feature","geometry":{"type":"Point","coordinates":[2.16543,41.391615]},"properties":{"kind":"stop","stop_id":"2.182.674834","name":"Pg de Gr\u00e0cia - Consell de Cent"}},{"type":"Feature","geometry":{"type":"Point","coordinates":[2.13656,41.365826]},"properties":{"kind":"stop","stop_id":"2.183.695524","name":"Gran Via - Ildefons Cerd\u00e0"}},{"type":"Feature","geometry":{"type":"Point","coordinates":[2.159031,41.409804]},"properties":{"kind":"stop","stop_id":"2.187.675067","name":"Escorial - Cl\u00ednica Nostra Senyora del Remei"}},{"type":"Feature","geometry":{"type":"Point","coordinates":[2.203269,41.408152]},"properties":{"kind":"stop","stop_id":"2.191.675254","name":"Bac de Roda - Crist\u00f3bal de Moura"}},{"type":"Feature","geometry":{"type":"Point","coordinates":[2.114363,41.401837]},"properties":{"kind":"stop","stop_id":"2.198.675405","name":"Cam\u00ed de Can Caralleu - Ronda de Dalt"}},{"type":"Feature","geometry":{"type":"Point","coordinates":[2.156056,41.376577]},"properties":{"kind":"stop","stop_id":"2.204.690547","name":"Floridablanca - Av Mistral"}},{"type":"Feature","geometry":{"type":"Point","coordinates":[2.157088,41.378211]},"properties":{"kind":"stop","stop_id":"2.205.696826","name":"Cal\u00e0bria - Floridablanca"}},{"type":"Feature","geometry":{"type":"Point","coordinates":[2.155512,41.38012]},"properties":{"kind":"stop","stop_id":"2.206.688225","name":"Gran Via - Cal\u00e0bria"}},{"type":"Feature","geometry":{"type":"Point","coordinates":[2.150058,41.384497]},"properties":{"kind":"stop","stop_id":"2.207.675132","name":"Mallorca - Viladomat"}},{"type":"Feature","geometry":{"type":"Point","coordinates":[2.145493,41.387722]},"properties":{"kind":"stop","stop_id":"2.208.696833","name":"Par\u00eds - Viladomat"}},{"type":"Feature","geometry":{"type":"Point","coordinates":[2.16372,41.375096]},"properties":{"kind":"stop","stop_id":"2.209.691013","name":"Paral\u00b7lel - Marqu\u00e8s de Campo Sagrado"}},{"type":"Feature","geometry":{"type":"Point","coordinates":[2.174463,41.387092]},"properties":{"kind":"stop","stop_id":"2.211.690030","name":"Via Laietana - Comtal"}},{"type":"Feature","geometry":{"type":"Point","coordinates":[2.178475,41.412607]},"properties":{"kind":"stop","stop_id":"2.212.689764","name":"Ind\u00fastria - Independ\u00e8ncia"}},{"type":"Feature","geometry":{"type":"Point","coordinates":[2.165948,41.402428]},"properties":{"kind":"stop","stop_id":"2.213.699757","name":"Pg de Sant Joan - C\u00f2rsega"}},{"type":"Feature","geometry":{"type":"Point","coordinates":[2.152571,41.390439]},"properties":{"kind":"stop","stop_id":"2.214.676830","name":"Casanova - Hospital Cl\u00ednic"}},{"type":"Feature","geometry":{"type":"Point","coordinates":[2.176224,41.406497]},"properties":{"kind":"stop","stop_id":"2.216.699736","name":"Padilla - Proven\u00e7a"}},{"type":"Feature","geometry":{"type":"Point","coordinates":[2.142701,41.382888]},"properties":{"kind":"stop","stop_id":"2.217.674706","name":"Josep Tarradellas - Rossell\u00f3"}},{"type":"Feature","geometry":{"type":"Point","coordinates":[2.158727,41.400915]},"properties":{"kind":"stop","stop_id":"2.218.675118","name":"Torrent de l'Olla - Pened\u00e8s"}},{"type":"Feature","geometry":{"type":"Point","coordinates":[2.160995,41.398688]},"properties":{"kind":"stop","stop_id":"2.219.675119","name":"Torrent de l'Olla - C\u00f2rsega"}},{"type":"Feature","geometry":{"type":"Point","coordinates":[2.179503,41.410809]},"properties":{"kind":"stop","stop_id":"2.220.674385","name":"Independ\u00e8ncia - Freser"}},{"type":"Feature","geometry":{"type":"Point","coordinates":[2.156883,41.39356]},"properties":{"kind":"stop","stop_id":"2.221.690728","name":"Balmes - Rossell\u00f3"}},{"type":"Feature","geometry":{"type":"Point","coordinates":[2.154319,41.392249]},"properties":{"kind":"stop","stop_id":"2.222.692489","name":"Aribau - C\u00f2rsega"}},{"type":"Feature","geometry":{"type":"Point","coordinates":[2.176939,41.41083]},"properties":{"kind":"stop","stop_id":"2.224.683097","name":"Dos de Maig - Ind\u00fastria"}},{"type":"Feature","geometry":{"type":"Point","coordinates":[2.169374,41.390946]},"properties":{"kind":"stop","stop_id":"2.226.689795","name":"Pau Claris - Gran Via"}},{"type":"Feature","geometry":{"type":"Point","coordinates":[2.184323,41.396903]},"properties":{"kind":"stop","stop_id":"2.227.700442","name":"Marina - Ausi\u00e0s Marc"}},{"type":"Feature","geometry":{"type":"Point","coordinates":[2.172837,41.390187]},"properties":{"kind":"stop","stop_id":"2.230.675033","name":"Ll\u00faria - Urquinaona"}},{"type":"Feature","geometry":{"type":"Point","coordinates":[2.176982,41.413257]},"properties":{"kind":"stop","stop_id":"2.233.674421","name":"Sant Antoni Maria Claret - Independ\u00e8ncia"}},{"type":"Feature","geometry":{"type":"Point","coordinates":[2.180417,41.407311]},"properties":{"kind":"stop","stop_id":"2.234.674424","name":"Mallorca - Dos de Maig"}},{"type":"Feature","geometry":{"type":"Point","coordinates":[2.182955,41.405834]},"properties":{"kind":"stop","stop_id":"2.236.685297","name":"Arag\u00f3 - Enamorats"}},{"type":"Feature","geometry":{"type":"Point","coordinates":[2.127386,41.388444]},"properties":{"kind":"stop","stop_id":"2.237.679518","name":"Diagonal - Pl Reina Maria Cristina"}},{"type":"Feature","geometry":{"type":"Point","coordinates":[2.128123,41.392127]},"properties":{"kind":"stop","stop_id":"2.239.674465","name":"Manuel Girona - Carles III"}},{"type":"Feature","geometry":{"type":"Point","coordinates":[2.17348,41.41062]},"properties":{"kind":"stop","stop_id":"2.243.674666","name":"Av Gaud\u00ed - Castillejos"}},{"type":"Feature","geometry":{"type":"Point","coordinates":[2.179403,41.404688]},"properties":{"kind":"stop","stop_id":"2.244.674382","name":"Val\u00e8ncia - Padilla"}},{"type":"Feature","geometry":{"type":"Point","coordinates":[2.166882,41.415164]},"properties":{"kind":"stop","stop_id":"2.245.674639","name":"Pl de la Font Castellana"}},{"type":"Feature","geometry":{"type":"Point","coordinates":[2.164368,41.413864]},"properties":{"kind":"stop","stop_id":"2.246.687727","name":"Cam\u00e8lies - Abd el-Kader"}},{"type":"Feature","geometry":{"type":"Point","coordinates":[2.187093,41.402431]},"properties":{"kind":"stop","stop_id":"2.247.699788","name":"Metro Gl\u00f2ries"}},{"type":"Feature","geometry":{"type":"Point","coordinates":[2.178541,41.376695]},"properties":{"kind":"stop","stop_id":"2.252.674577","name":"Portal de la Pau"}},{"type":"Feature","geometry":{"type":"Point","coordinates":[2.180278,41.378845]},"properties":{"kind":"stop","stop_id":"2.253.674575","name":"Moll de la Fusta"}},{"type":"Feature","geometry":{"type":"Point","coordinates":[2.181921,41.380887]},"properties":{"kind":"stop","stop_id":"2.254.700352","name":"Pg Colom - Via Laietana"}},{"type":"Feature","geometry":{"type":"Point","coordinates":[2.181715,41.380746]},"properties":{"kind":"stop","stop_id":"2.255.700350","name":"Pg Colom - Via Laietana"}},{"type":"Feature","geometry":{"type":"Point","coordinates":[2.180379,41.379098]},"properties":{"kind":"stop","stop_id":"2.256.674574","name":"Moll de la Fusta"}},{"type":"Feature","geometry":{"type":"Point","coordinates":[2.178442,41.3767]},"properties":{"kind":"stop","stop_id":"2.257.674576","name":"Portal de la Pau"}},{"type":"Feature","geometry":{"type":"Point","coordinates":[2.137659,41.410353]},"properties":{"kind":"stop","stop_id":"2.261.674751","name":"Pg Sant Gervasi - Pl Kennedy"}},{"type":"Feature","geometry":{"type":"Point","coordinates":[2.142436,41.411609]},"properties":{"kind":"stop","stop_id":"2.262.693284","name":"Av Rep\u00fablica Argentina - Baixada Gomis"}},{"type":"Feature","geometry":{"type":"Point","coordinates":[2.125151,41.377042]},"properties":{"kind":"stop","stop_id":"2.263.689819","name":"Av Madrid - Arizala"}},{"type":"Feature","geometry":{"type":"Point","coordinates":[2.149875,41.371168]},"properties":{"kind":"stop","stop_id":"2.264.674565","name":"Av Ferrer i Gu\u00e0rdia - M\u00e8xic"}},{"type":"Feature","geometry":{"type":"Point","coordinates":[2.146283,41.369413]},"properties":{"kind":"stop","stop_id":"2.265.679658","name":"Poble Espanyol"}},{"type":"Feature","geometry":{"type":"Point","coordinates":[2.158198,41.419148]},"properties":{"kind":"stop","stop_id":"2.266.674928","name":"Gran Vista - Doctor Bov\u00e9"}},{"type":"Feature","geometry":{"type":"Point","coordinates":[2.162704,41.421063]},"properties":{"kind":"stop","stop_id":"2.267.682426","name":"Doctor Bov\u00e9 - Penyal"}},{"type":"Feature","geometry":{"type":"Point","coordinates":[2.158382,41.419353]},"properties":{"kind":"stop","stop_id":"2.268.674848","name":"Doctor Bov\u00e9 - Gran Vista"}},{"type":"Feature","geometry":{"type":"Point","coordinates":[2.160419,41.420652]},"properties":{"kind":"stop","stop_id":"2.269.682105","name":"Doctor Bov\u00e9 - Ptge de la Cadernera"}},{"type":"Feature","geometry":{"type":"Point","coordinates":[2.160178,41.420639]},"properties":{"kind":"stop","stop_id":"2.270.682222","name":"Doctor Bov\u00e9 - Baixada Passerell"}},{"type":"Feature","geometry":{"type":"Point","coordinates":[2.157833,41.419021]},"properties":{"kind":"stop","stop_id":"2.271.674857","name":"Doctor Bov\u00e9 - Conca de Tremp"}},{"type":"Feature","geometry":{"type":"Point","coordinates":[2.163092,41.420911]},"properties":{"kind":"stop","stop_id":"2.272.674851","name":"Dr Bov\u00e9 - Pg Font la Mulassa - Final de trajecte"}},{"type":"Feature","geometry":{"type":"Point","coordinates":[2.195021,41.38358]},"properties":{"kind":"stop","stop_id":"2.273.679131","name":"Hospital del Mar"}},{"type":"Feature","geometry":{"type":"Point","coordinates":[2.160474,41.371526]},"properties":{"kind":"stop","stop_id":"2.278.675643","name":"Poble Sec"}},{"type":"Feature","geometry":{"type":"Point","coordinates":[2.159497,41.372163]},"properties":{"kind":"stop","stop_id":"2.279.675642","name":"Fran\u00e7a Xica - Conc\u00f2rdia"}},{"type":"Feature","geometry":{"type":"Point","coordinates":[2.156342,41.372081]},"properties":{"kind":"stop","stop_id":"2.280.675641","name":"Fran\u00e7a Xica - Grases"}},{"type":"Feature","geometry":{"type":"Point","coordinates":[2.160125,41.39614]},"properties":{"kind":"stop","stop_id":"2.281.691078","name":"Pg de Gr\u00e0cia - Diagonal"}},{"type":"Feature","geometry":{"type":"Point","coordinates":[2.148577,41.393181]},"properties":{"kind":"stop","stop_id":"2.282.692564","name":"Casanova - Diagonal"}},{"type":"Feature","geometry":{"type":"Point","coordinates":[2.179261,41.40242]},"properties":{"kind":"stop","stop_id":"2.284.674518","name":"Lepant - Diagonal"}},{"type":"Feature","geometry":{"type":"Point","coordinates":[2.148915,41.394474]},"properties":{"kind":"stop","stop_id":"2.285.675331","name":"Muntaner - Diagonal"}},{"type":"Feature","geometry":{"type":"Point","coordinates":[2.155036,41.396421]},"properties":{"kind":"stop","stop_id":"2.286.693860","name":"Via Augusta - Diagonal"}},{"type":"Feature","geometry":{"type":"Point","coordinates":[2.144983,41.39346]},"properties":{"kind":"stop","stop_id":"2.287.691215","name":"Calvet - Diagonal"}},{"type":"Feature","geometry":{"type":"Point","coordinates":[2.154022,41.395776]},"properties":{"kind":"stop","stop_id":"2.289.690878","name":"Balmes - Diagonal"}},{"type":"Feature","geometry":{"type":"Point","coordinates":[2.127519,41.38524]},"properties":{"kind":"stop","stop_id":"2.291.689805","name":"Carles III - Mej\u00eda Lequerica"}},{"type":"Feature","geometry":{"type":"Point","coordinates":[2.122614,41.385641]},"properties":{"kind":"stop","stop_id":"2.293.675301","name":"Av Joan XXIII - Pl Pius XII"}},{"type":"Feature","geometry":{"type":"Point","coordinates":[2.118936,41.390002]},"properties":{"kind":"stop","stop_id":"2.297.694029","name":"Av Pedralbes - Pg Manuel Girona"}},{"type":"Feature","geometry":{"type":"Point","coordinates":[2.196767,41.39878]},"properties":{"kind":"stop","stop_id":"2.300.675261","name":"Pujades - Ciutat de Granada"}},{"type":"Feature","geometry":{"type":"Point","coordinates":[2.175154,41.410032]},"properties":{"kind":"stop","stop_id":"2.307.689827","name":"Av Gaud\u00ed"}},{"type":"Feature","geometry":{"type":"Point","coordinates":[2.181804,41.406488]},"properties":{"kind":"stop","stop_id":"2.308.674383","name":"Val\u00e8ncia - Dos de Maig"}},{"type":"Feature","geometry":{"type":"Point","coordinates":[2.157998,41.382668]},"properties":{"kind":"stop","stop_id":"2.312.686778","name":"Comte d'Urgell - Gran Via"}},{"type":"Feature","geometry":{"type":"Point","coordinates":[2.16756,41.390138]},"properties":{"kind":"stop","stop_id":"2.313.691074","name":"Pg de Gr\u00e0cia - Gran Via"}},{"type":"Feature","geometry":{"type":"Point","coordinates":[2.154744,41.379979]},"properties":{"kind":"stop","stop_id":"2.314.696828","name":"Cal\u00e0bria - Gran Via"}},{"type":"Feature","geometry":{"type":"Point","coordinates":[2.174671,41.395419]},"properties":{"kind":"stop","stop_id":"2.315.690407","name":"Pg de Sant Joan - Diputaci\u00f3"}},{"type":"Feature","geometry":{"type":"Point","coordinates":[2.162533,41.386042]},"properties":{"kind":"stop","stop_id":"2.316.683100","name":"Aribau - Gran Via"}},{"type":"Feature","geometry":{"type":"Point","coordinates":[2.175272,41.395471]},"properties":{"kind":"stop","stop_id":"2.317.690911","name":"Pl Tetuan - Pg de Sant Joan"}},{"type":"Feature","geometry":{"type":"Point","coordinates":[2.15235,41.378374]},"properties":{"kind":"stop","stop_id":"2.319.674897","name":"Enten\u00e7a - Gran Via"}},{"type":"Feature","geometry":{"type":"Point","coordinates":[2.147419,41.376704]},"properties":{"kind":"stop","stop_id":"2.320.674925","name":"Tarragona - Parc de Joan Mir\u00f3"}},{"type":"Feature","geometry":{"type":"Point","coordinates":[2.170423,41.392009]},"properties":{"kind":"stop","stop_id":"2.321.675034","name":"Ll\u00faria - Gran Via"}},{"type":"Feature","geometry":{"type":"Point","coordinates":[2.115349,41.403827]},"properties":{"kind":"stop","stop_id":"2.330.690436","name":"Pg de Santa Eul\u00e0lia - Can Caralleu"}},{"type":"Feature","geometry":{"type":"Point","coordinates":[2.147888,41.40086]},"properties":{"kind":"stop","stop_id":"2.336.690589","name":"Balmes - Via Augusta"}},{"type":"Feature","geometry":{"type":"Point","coordinates":[2.188089,41.411226]},"properties":{"kind":"stop","stop_id":"2.337.674937","name":"Val\u00e8ncia - Muntanya"}},{"type":"Feature","geometry":{"type":"Point","coordinates":[2.202388,41.394275]},"properties":{"kind":"stop","stop_id":"2.342.677955","name":"Cementiri de l'Est"}},{"type":"Feature","geometry":{"type":"Point","coordinates":[2.144752,41.366328]},"properties":{"kind":"stop","stop_id":"2.343.675198","name":"Pl de Sant Jordi"}},{"type":"Feature","geometry":{"type":"Point","coordinates":[2.151358,41.366472]},"properties":{"kind":"stop","stop_id":"2.344.676581","name":"Piscines Picornell - Museu Nacional"}},{"type":"Feature","geometry":{"type":"Point","coordinates":[2.154544,41.366002]},"properties":{"kind":"stop","stop_id":"2.345.675194","name":"Av de l'Estadi - Estadi Ol\u00edmpic"}},{"type":"Feature","geometry":{"type":"Point","coordinates":[2.155317,41.366164]},"properties":{"kind":"stop","stop_id":"2.346.675195","name":"Estadi Ol\u00edmpic"}},{"type":"Feature","geometry":{"type":"Point","coordinates":[2.151718,41.366539]},"properties":{"kind":"stop","stop_id":"2.347.675196","name":"Piscines Picornell - Museu Nacional"}},{"type":"Feature","geometry":{"type":"Point","coordinates":[2.147373,41.365477]},"properties":{"kind":"stop","stop_id":"2.348.676588","name":"Av Estadi - INEFC"}},{"type":"Feature","geometry":{"type":"Point","coordinates":[2.146807,41.36553]},"properties":{"kind":"stop","stop_id":"2.349.675197","name":"Av Estadi - INEFC"}},{"type":"Feature","geometry":{"type":"Point","coordinates":[2.14701,41.410385]},"properties":{"kind":"stop","stop_id":"2.350.686514","name":"Av de Vallcarca - Baixada de la Gl\u00f2ria"}},{"type":"Feature","geometry":{"type":"Point","coordinates":[2.156636,41.41046]},"properties":{"kind":"stop","stop_id":"2.368.693445","name":"Trav de Dalt - Torrent de les Flors"}},{"type":"Feature","geometry":{"type":"Point","coordinates":[2.163064,41.406304]},"properties":{"kind":"stop","stop_id":"2.369.699474","name":"Pi i Margall - Metro Joanic"}},{"type":"Feature","geometry":{"type":"Point","coordinates":[2.136405,41.390339]},"properties":{"kind":"stop","stop_id":"2.373.676779","name":"Diagonal - Enten\u00e7a"}},{"type":"Feature","geometry":{"type":"Point","coordinates":[2.143136,41.389507]},"properties":{"kind":"stop","stop_id":"2.375.693972","name":"Josep Tarradellas - Av Sarri\u00e0"}},{"type":"Feature","geometry":{"type":"Point","coordinates":[2.140634,41.390115]},"properties":{"kind":"stop","stop_id":"2.376.692695","name":"Les Corts - Pl Dr Ignasi Barraquer"}},{"type":"Feature","geometry":{"type":"Point","coordinates":[2.1594,41.375108]},"properties":{"kind":"stop","stop_id":"2.377.691503","name":"Paral\u00b7lel - Rocafort"}},{"type":"Feature","geometry":{"type":"Point","coordinates":[2.146274,41.382013]},"properties":{"kind":"stop","stop_id":"2.378.689780","name":"Av de Roma - Enten\u00e7a"}},{"type":"Feature","geometry":{"type":"Point","coordinates":[2.147948,41.381048]},"properties":{"kind":"stop","stop_id":"2.380.675091","name":"Val\u00e8ncia - Enten\u00e7a"}},{"type":"Feature","geometry":{"type":"Point","coordinates":[2.190631,41.413988]},"properties":{"kind":"stop","stop_id":"2.381.684674","name":"Clot - Biscaia"}},{"type":"Feature","geometry":{"type":"Point","coordinates":[2.205699,41.405583]},"properties":{"kind":"stop","stop_id":"2.382.698158","name":"Pujades - Espronceda"}},{"type":"Feature","geometry":{"type":"Point","coordinates":[2.197643,41.411677]},"properties":{"kind":"stop","stop_id":"2.383.680624","name":"Gran Via - Espronceda"}},{"type":"Feature","geometry":{"type":"Point","coordinates":[2.185972,41.419915]},"properties":{"kind":"stop","stop_id":"2.384.676957","name":"Sant Antoni Maria Claret - Espronceda"}},{"type":"Feature","geometry":{"type":"Point","coordinates":[2.190514,41.414917]},"properties":{"kind":"stop","stop_id":"2.387.689760","name":"Mallorca - Clot"}},{"type":"Feature","geometry":{"type":"Point","coordinates":[2.144895,41.375153]},"properties":{"kind":"stop","stop_id":"2.391.675181","name":"Metro Hostafrancs"}},{"type":"Feature","geometry":{"type":"Point","coordinates":[2.146854,41.37512]},"properties":{"kind":"stop","stop_id":"2.392.697238","name":"Creu Coberta - Pl Espanya"}},{"type":"Feature","geometry":{"type":"Point","coordinates":[2.150107,41.373821]},"properties":{"kind":"stop","stop_id":"2.393.697164","name":"Av Reina Maria Cristina - Pl Espanya"}},{"type":"Feature","geometry":{"type":"Point","coordinates":[2.148726,41.375706]},"properties":{"kind":"stop","stop_id":"2.394.688929","name":"Tarragona - Pl Espanya"}},{"type":"Feature","geometry":{"type":"Point","coordinates":[2.141561,41.385421]},"properties":{"kind":"stop","stop_id":"2.395.675333","name":"Marqu\u00e8s de Sentmenat - Equador"}},{"type":"Feature","geometry":{"type":"Point","coordinates":[2.140793,41.384129]},"properties":{"kind":"stop","stop_id":"2.396.696837","name":"Berl\u00edn - Nicaragua"}},{"type":"Feature","geometry":{"type":"Point","coordinates":[2.142477,41.386403]},"properties":{"kind":"stop","stop_id":"2.397.693970","name":"Josep Tarradellas - Enten\u00e7a"}},{"type":"Feature","geometry":{"type":"Point","coordinates":[2.19757,41.416481]},"properties":{"kind":"stop","stop_id":"2.398.679504","name":"Guip\u00fascoa - Juli\u00e1n Besteiro"}},{"type":"Feature","geometry":{"type":"Point","coordinates":[2.210207,41.407024]},"properties":{"kind":"stop","stop_id":"2.399.678128","name":"Llull - Selva de Mar"}},{"type":"Feature","geometry":{"type":"Point","coordinates":[2.142903,41.413423]},"properties":{"kind":"stop","stop_id":"2.400.674905","name":"Hospital Delfos"}},{"type":"Feature","geometry":{"type":"Point","coordinates":[2.128008,41.381833]},"properties":{"kind":"stop","stop_id":"2.412.675137","name":"Carles III - Les Corts"}},{"type":"Feature","geometry":{"type":"Point","coordinates":[2.194843,41.386258]},"properties":{"kind":"stop","stop_id":"2.413.690240","name":"Av Litoral - Trelawny"}},{"type":"Feature","geometry":{"type":"Point","coordinates":[2.14495,41.371993]},"properties":{"kind":"stop","stop_id":"2.421.690922","name":"Gran Via - Farell"}},{"type":"Feature","geometry":{"type":"Point","coordinates":[2.164008,41.420212]},"properties":{"kind":"stop","stop_id":"2.423.679731","name":"Gran Vista - Tur\u00f3 de la Rovira - Final de trajecte"}},{"type":"Feature","geometry":{"type":"Point","coordinates":[2.171943,41.41858]},"properties":{"kind":"stop","stop_id":"2.437.674644","name":"Pl del Nen de la Rutlla"}},{"type":"Feature","geometry":{"type":"Point","coordinates":[2.164919,41.420126]},"properties":{"kind":"stop","stop_id":"2.441.689789","name":"Gran Vista - Pl de la Mitja Lluna"}},{"type":"Feature","geometry":{"type":"Point","coordinates":[2.160363,41.380886]},"properties":{"kind":"stop","stop_id":"2.442.692577","name":"Comte d'Urgell - Floridablanca"}},{"type":"Feature","geometry":{"type":"Point","coordinates":[2.155956,41.37565]},"properties":{"kind":"stop","stop_id":"2.444.675202","name":"Enten\u00e7a - Floridablanca"}},{"type":"Feature","geometry":{"type":"Point","coordinates":[2.164891,41.41483]},"properties":{"kind":"stop","stop_id":"2.447.684672","name":"Av Mare de D\u00e9u de Montserrat - Fran\u00e7a"}},{"type":"Feature","geometry":{"type":"Point","coordinates":[2.121553,41.386964]},"properties":{"kind":"stop","stop_id":"2.458.674474","name":"Pl Pius XII"}},{"type":"Feature","geometry":{"type":"Point","coordinates":[2.170129,41.416499]},"properties":{"kind":"stop","stop_id":"2.459.674642","name":"Av Mare de D\u00e9u de Montserrat - G\u00e8nova"}},{"type":"Feature","geometry":{"type":"Point","coordinates":[2.16773,41.415726]},"properties":{"kind":"stop","stop_id":"2.460.674640","name":"Av Mare de D\u00e9u de Montserrat - Francesc Alegre"}},{"type":"Feature","geometry":{"type":"Point","coordinates":[2.197428,41.411085]},"properties":{"kind":"stop","stop_id":"2.464.681040","name":"Gran Via - Bac de Roda"}},{"type":"Feature","geometry":{"type":"Point","coordinates":[2.200618,41.413905]},"properties":{"kind":"stop","stop_id":"2.466.680622","name":"Gran Via - Pl dels Porxos"}},{"type":"Feature","geometry":{"type":"Point","coordinates":[2.143119,41.41401]},"properties":{"kind":"stop","stop_id":"2.478.674906","name":"Av Vallcarca - Hospital Delfos"}},{"type":"Feature","geometry":{"type":"Point","coordinates":[2.128468,41.378931]},"properties":{"kind":"stop","stop_id":"2.479.679806","name":"Av Madrid - Carles III"}},{"type":"Feature","geometry":{"type":"Point","coordinates":[2.128028,41.389326]},"properties":{"kind":"stop","stop_id":"2.481.679483","name":"Maria Cristina - Carles III"}},{"type":"Feature","geometry":{"type":"Point","coordinates":[2.126648,41.381215]},"properties":{"kind":"stop","stop_id":"2.482.678032","name":"Les Corts - Maternitat"}},{"type":"Feature","geometry":{"type":"Point","coordinates":[2.131617,41.389513]},"properties":{"kind":"stop","stop_id":"2.483.674472","name":"Diagonal - Num\u00e0ncia"}},{"type":"Feature","geometry":{"type":"Point","coordinates":[2.132725,41.385515]},"properties":{"kind":"stop","stop_id":"2.484.674676","name":"Les Corts - Vallespir"}},{"type":"Feature","geometry":{"type":"Point","coordinates":[2.129908,41.383691]},"properties":{"kind":"stop","stop_id":"2.485.674677","name":"Mercat de Les Corts"}},{"type":"Feature","geometry":{"type":"Point","coordinates":[2.131301,41.393274]},"properties":{"kind":"stop","stop_id":"2.487.674730","name":"Mitre - Prat de la Riba"}},{"type":"Feature","geometry":{"type":"Point","coordinates":[2.128122,41.388026]},"properties":{"kind":"stop","stop_id":"2.491.675295","name":"Diagonal - Joan G\u00fcell"}},{"type":"Feature","geometry":{"type":"Point","coordinates":[2.122985,41.386932]},"properties":{"kind":"stop","stop_id":"2.492.679465","name":"Diagonal - Av Joan XXIII"}},{"type":"Feature","geometry":{"type":"Point","coordinates":[2.125577,41.387589]},"properties":{"kind":"stop","stop_id":"2.493.683438","name":"Diagonal - Gran Via Carles III"}},{"type":"Feature","geometry":{"type":"Point","coordinates":[2.128934,41.388443]},"properties":{"kind":"stop","stop_id":"2.494.674437","name":"Diagonal - Gandesa"}},{"type":"Feature","geometry":{"type":"Point","coordinates":[2.169892,41.416051]},"properties":{"kind":"stop","stop_id":"2.495.685547","name":"Av Mare de D\u00e9u de Montserrat - Cartagena"}},{"type":"Feature","geometry":{"type":"Point","coordinates":[2.183267,41.400389]},"properties":{"kind":"stop","stop_id":"2.499.697568","name":"Gran Via - Padilla"}},{"type":"Feature","geometry":{"type":"Point","coordinates":[2.11903,41.42038]},"properties":{"kind":"stop","stop_id":"2.501.699107","name":"Col\u00f2nia Tibidabo"}},{"type":"Feature","geometry":{"type":"Point","coordinates":[2.173666,41.393762]},"properties":{"kind":"stop","stop_id":"2.503.688160","name":"Metro Tetuan"}},{"type":"Feature","geometry":{"type":"Point","coordinates":[2.167922,41.397948]},"properties":{"kind":"stop","stop_id":"2.504.696964","name":"Mallorca - Girona"}},{"type":"Feature","geometry":{"type":"Point","coordinates":[2.153526,41.408841]},"properties":{"kind":"stop","stop_id":"2.505.693450","name":"Trav de Dalt - La Granja"}},{"type":"Feature","geometry":{"type":"Point","coordinates":[2.132754,41.392242]},"properties":{"kind":"stop","stop_id":"2.512.676783","name":"Av de Sarri\u00e0 - Mestre Villa"}},{"type":"Feature","geometry":{"type":"Point","coordinates":[2.143907,41.403065]},"properties":{"kind":"stop","stop_id":"2.515.700866","name":"Balmes - P\u00e0dua"}},{"type":"Feature","geometry":{"type":"Point","coordinates":[2.129244,41.391686]},"properties":{"kind":"stop","stop_id":"2.516.674734","name":"Carles III - Num\u00e0ncia"}},{"type":"Feature","geometry":{"type":"Point","coordinates":[2.137263,41.409236]},"properties":{"kind":"stop","stop_id":"2.517.674765","name":"Balmes - Pl Kennedy"}},{"type":"Feature","geometry":{"type":"Point","coordinates":[2.139226,41.40544]},"properties":{"kind":"stop","stop_id":"2.519.688025","name":"Balmes - Pl Joaquim Folguera"}},{"type":"Feature","geometry":{"type":"Point","coordinates":[2.136995,41.391592]},"properties":{"kind":"stop","stop_id":"2.520.674464","name":"Av de Sarri\u00e0 - Diagonal"}},{"type":"Feature","geometry":{"type":"Point","coordinates":[2.128859,41.397685]},"properties":{"kind":"stop","stop_id":"2.522.698365","name":"Via Augusta - Pl Orient"}},{"type":"Feature","geometry":{"type":"Point","coordinates":[2.132077,41.397695]},"properties":{"kind":"stop","stop_id":"2.523.694720","name":"Via Augusta - Ronda General Mitre"}},{"type":"Feature","geometry":{"type":"Point","coordinates":[2.140023,41.39165]},"properties":{"kind":"stop","stop_id":"2.524.674463","name":"Diagonal - Ganduxer"}},{"type":"Feature","geometry":{"type":"Point","coordinates":[2.133574,41.400186]},"properties":{"kind":"stop","stop_id":"2.526.682637","name":"Ganduxer - Alacant"}},{"type":"Feature","geometry":{"type":"Point","coordinates":[2.131277,41.403153]},"properties":{"kind":"stop","stop_id":"2.527.692480","name":"Ganduxer - Emancipaci\u00f3"}},{"type":"Feature","geometry":{"type":"Point","coordinates":[2.133682,41.397699]},"properties":{"kind":"stop","stop_id":"2.528.674605","name":"Via Augusta - Alt de Gironella"}},{"type":"Feature","geometry":{"type":"Point","coordinates":[2.135367,41.40065]},"properties":{"kind":"stop","stop_id":"2.529.685987","name":"Mitre - Mandri"}},{"type":"Feature","geometry":{"type":"Point","coordinates":[2.123447,41.400977]},"properties":{"kind":"stop","stop_id":"2.531.692522","name":"Pg Bonanova - Angl\u00ed"}},{"type":"Feature","geometry":{"type":"Point","coordinates":[2.127723,41.403366]},"properties":{"kind":"stop","stop_id":"2.532.674823","name":"Pg Bonanova - Escoles Pies"}},{"type":"Feature","geometry":{"type":"Point","coordinates":[2.1444,41.411882]},"properties":{"kind":"stop","stop_id":"2.533.675346","name":"Av de Vallcarca - Gomis"}},{"type":"Feature","geometry":{"type":"Point","coordinates":[2.138262,41.414496]},"properties":{"kind":"stop","stop_id":"2.534.681503","name":"Pl Alfonso Com\u00edn - Av Rep\u00fablica Argentina"}},{"type":"Feature","geometry":{"type":"Point","coordinates":[2.20337,41.415968]},"properties":{"kind":"stop","stop_id":"2.540.680620","name":"Gran Via - Agricultura"}},{"type":"Feature","geometry":{"type":"Point","coordinates":[2.199804,41.41816]},"properties":{"kind":"stop","stop_id":"2.541.674941","name":"Guip\u00fascoa - Treball"}},{"type":"Feature","geometry":{"type":"Point","coordinates":[2.201754,41.420063]},"properties":{"kind":"stop","stop_id":"2.542.689756","name":"Guip\u00fascoa - Cant\u00e0bria"}},{"type":"Feature","geometry":{"type":"Point","coordinates":[2.158039,41.419004]},"properties":{"kind":"stop","stop_id":"2.544.674927","name":"Gran Vista - Doctor Bov\u00e9"}},{"type":"Feature","geometry":{"type":"Point","coordinates":[2.161667,41.420791]},"properties":{"kind":"stop","stop_id":"2.545.679739","name":"Gran Vista - IES Ferran Tallada"}},{"type":"Feature","geometry":{"type":"Point","coordinates":[2.161841,41.420692]},"properties":{"kind":"stop","stop_id":"2.546.679747","name":"IES Ferran Tallada"}},{"type":"Feature","geometry":{"type":"Point","coordinates":[2.149836,41.406118]},"properties":{"kind":"stop","stop_id":"2.557.694237","name":"Pl Lesseps - Av Riera de Cassoles"}},{"type":"Feature","geometry":{"type":"Point","coordinates":[2.147377,41.401407]},"properties":{"kind":"stop","stop_id":"2.559.692031","name":"Pl Molina"}},{"type":"Feature","geometry":{"type":"Point","coordinates":[2.159201,41.38329]},"properties":{"kind":"stop","stop_id":"2.560.674615","name":"Villarroel - Gran Via"}},{"type":"Feature","geometry":{"type":"Point","coordinates":[2.169251,41.388912]},"properties":{"kind":"stop","stop_id":"2.561.676020","name":"Pg de Gr\u00e0cia - Casp"}},{"type":"Feature","geometry":{"type":"Point","coordinates":[2.164736,41.387613]},"properties":{"kind":"stop","stop_id":"2.562.690784","name":"Balmes - Gran Via"}},{"type":"Feature","geometry":{"type":"Point","coordinates":[2.159951,41.38614]},"properties":{"kind":"stop","stop_id":"2.564.692568","name":"Muntaner - Diputaci\u00f3"}},{"type":"Feature","geometry":{"type":"Point","coordinates":[2.193883,41.409925]},"properties":{"kind":"stop","stop_id":"2.567.700525","name":"Bilbao - Andrade"}},{"type":"Feature","geometry":{"type":"Point","coordinates":[2.142975,41.371723]},"properties":{"kind":"stop","stop_id":"2.571.681291","name":"Sant Pere d'Abanto - Moian\u00e8s"}},{"type":"Feature","geometry":{"type":"Point","coordinates":[2.207257,41.42001]},"properties":{"kind":"stop","stop_id":"2.574.674977","name":"Rambla Prim - Andrade"}},{"type":"Feature","geometry":{"type":"Point","coordinates":[2.16752,41.389919]},"properties":{"kind":"stop","stop_id":"2.577.690788","name":"Metro Pg de Gr\u00e0cia"}},{"type":"Feature","geometry":{"type":"Point","coordinates":[2.201133,41.409763]},"properties":{"kind":"stop","stop_id":"2.578.693907","name":"Bac de Roda - Bol\u00edvia"}},{"type":"Feature","geometry":{"type":"Point","coordinates":[2.13681,41.375312]},"properties":{"kind":"stop","stop_id":"2.584.675844","name":"Metro Pl de Sants"}},{"type":"Feature","geometry":{"type":"Point","coordinates":[2.163356,41.406435]},"properties":{"kind":"stop","stop_id":"2.604.699490","name":"Pi i Margall - Metro Joanic"}},{"type":"Feature","geometry":{"type":"Point","coordinates":[2.139415,41.418432]},"properties":{"kind":"stop","stop_id":"2.605.697378","name":"Pg Vall d'Hebron - Av de Vallcarca"}},{"type":"Feature","geometry":{"type":"Point","coordinates":[2.140717,41.399791]},"properties":{"kind":"stop","stop_id":"2.610.675325","name":"Santal\u00f3 - Plat\u00f3"}},{"type":"Feature","geometry":{"type":"Point","coordinates":[2.13924,41.400995]},"properties":{"kind":"stop","stop_id":"2.611.675324","name":"Pl d'Adri\u00e0"}},{"type":"Feature","geometry":{"type":"Point","coordinates":[2.13417,41.405792]},"properties":{"kind":"stop","stop_id":"2.612.676561","name":"Muntaner - Pl Bonanova"}},{"type":"Feature","geometry":{"type":"Point","coordinates":[2.13754,41.403055]},"properties":{"kind":"stop","stop_id":"2.613.692494","name":"Muntaner - Mitre"}},{"type":"Feature","geometry":{"type":"Point","coordinates":[2.201162,41.42001]},"properties":{"kind":"stop","stop_id":"2.618.674942","name":"Cant\u00e0bria - Pl del Ram de l'Aigua"}},{"type":"Feature","geometry":{"type":"Point","coordinates":[2.194212,41.414991]},"properties":{"kind":"stop","stop_id":"2.621.675244","name":"Bac de Roda - Rambla de Guip\u00fascoa"}},{"type":"Feature","geometry":{"type":"Point","coordinates":[2.123345,41.399968]},"properties":{"kind":"stop","stop_id":"2.622.688172","name":"Pg Bonanova"}},{"type":"Feature","geometry":{"type":"Point","coordinates":[2.171696,41.417988]},"properties":{"kind":"stop","stop_id":"2.626.674643","name":"Av Mare de D\u00e9u de Montserrat - La Bisbal"}},{"type":"Feature","geometry":{"type":"Point","coordinates":[2.144036,41.388473]},"properties":{"kind":"stop","stop_id":"2.627.675334","name":"Londres - Cal\u00e0bria"}},{"type":"Feature","geometry":{"type":"Point","coordinates":[2.14319,41.385991]},"properties":{"kind":"stop","stop_id":"2.628.696835","name":"Par\u00eds - Josep Tarradellas"}},{"type":"Feature","geometry":{"type":"Point","coordinates":[2.139451,41.382759]},"properties":{"kind":"stop","stop_id":"2.629.675090","name":"Num\u00e0ncia - Berl\u00edn"}},{"type":"Feature","geometry":{"type":"Point","coordinates":[2.144807,41.390403]},"properties":{"kind":"stop","stop_id":"2.630.681507","name":"Av de Sarri\u00e0 - Josep Tarradellas"}},{"type":"Feature","geometry":{"type":"Point","coordinates":[2.17157,41.408205]},"properties":{"kind":"stop","stop_id":"2.634.674516","name":"Lepant - Sant Antoni Maria Claret"}},{"type":"Feature","geometry":{"type":"Point","coordinates":[2.175979,41.41157]},"properties":{"kind":"stop","stop_id":"2.635.674422","name":"Dos de Maig - Sant Antoni Maria Claret"}},{"type":"Feature","geometry":{"type":"Point","coordinates":[2.159774,41.36777]},"properties":{"kind":"stop","stop_id":"2.654.675192","name":"Av Miramar - Fundaci\u00f3 Joan Mir\u00f3"}},{"type":"Feature","geometry":{"type":"Point","coordinates":[2.162943,41.368876]},"properties":{"kind":"stop","stop_id":"2.655.683046","name":"Av Miramar - Estaci\u00f3 del Funicular"}},{"type":"Feature","geometry":{"type":"Point","coordinates":[2.161944,41.368937]},"properties":{"kind":"stop","stop_id":"2.656.675193","name":"Av Miramar - Escoles del Bosc"}},{"type":"Feature","geometry":{"type":"Point","coordinates":[2.159631,41.367861]},"properties":{"kind":"stop","stop_id":"2.657.675191","name":"Fundaci\u00f3 Joan Mir\u00f3 - Pl Nept\u00fa"}},{"type":"Feature","geometry":{"type":"Point","coordinates":[2.184862,41.407251]},"properties":{"kind":"stop","stop_id":"2.661.675232","name":"Arag\u00f3 - Independ\u00e8ncia"}},{"type":"Feature","geometry":{"type":"Point","coordinates":[2.195587,41.388373]},"properties":{"kind":"stop","stop_id":"2.662.674482","name":"Ciutadella - Vila Ol\u00edmpica"}},{"type":"Feature","geometry":{"type":"Point","coordinates":[2.179706,41.383147]},"properties":{"kind":"stop","stop_id":"2.667.699828","name":"Via Laietana - Salvador Aulet"}},{"type":"Feature","geometry":{"type":"Point","coordinates":[2.201577,41.394427]},"properties":{"kind":"stop","stop_id":"2.682.682977","name":"Cementiri de l'Est - Final de trajecte"}},{"type":"Feature","geometry":{"type":"Point","coordinates":[2.190915,41.395974]},"properties":{"kind":"stop","stop_id":"2.697.693413","name":"Pallars - Zamora"}},{"type":"Feature","geometry":{"type":"Point","coordinates":[2.196311,41.390423]},"properties":{"kind":"stop","stop_id":"2.698.689727","name":"Av Ic\u00e0ria - Joan Mir\u00f3"}},{"type":"Feature","geometry":{"type":"Point","coordinates":[2.12624,41.393853]},"properties":{"kind":"stop","stop_id":"2.699.679562","name":"Benet Mateu - Manuel de Falla"}},{"type":"Feature","geometry":{"type":"Point","coordinates":[2.206519,41.397447]},"properties":{"kind":"stop","stop_id":"2.700.690325","name":"Pg Calvell - Rambla del Poblenou"}},{"type":"Feature","geometry":{"type":"Point","coordinates":[2.127003,41.397076]},"properties":{"kind":"stop","stop_id":"2.701.692807","name":"Els Verg\u00f3s"}},{"type":"Feature","geometry":{"type":"Point","coordinates":[2.125619,41.395547]},"properties":{"kind":"stop","stop_id":"2.702.675321","name":"Pl Art\u00f3s"}},{"type":"Feature","geometry":{"type":"Point","coordinates":[2.163775,41.383044]},"properties":{"kind":"stop","stop_id":"2.703.674839","name":"Ronda Sant Antoni - Pl Goya"}},{"type":"Feature","geometry":{"type":"Point","coordinates":[2.187082,41.417945]},"properties":{"kind":"stop","stop_id":"2.705.698920","name":"Meridiana - Josep Estivill"}},{"type":"Feature","geometry":{"type":"Point","coordinates":[2.13188,41.375418]},"properties":{"kind":"stop","stop_id":"2.707.675283","name":"Sants - Badal"}},{"type":"Feature","geometry":{"type":"Point","coordinates":[2.134317,41.375368]},"properties":{"kind":"stop","stop_id":"2.708.675172","name":"Pl de Sants"}},{"type":"Feature","geometry":{"type":"Point","coordinates":[2.128836,41.382732]},"properties":{"kind":"stop","stop_id":"2.709.689839","name":"Les Corts - Carles III"}},{"type":"Feature","geometry":{"type":"Point","coordinates":[2.115193,41.392903]},"properties":{"kind":"stop","stop_id":"2.711.694025","name":"Av Pedralbes - Cavallers"}},{"type":"Feature","geometry":{"type":"Point","coordinates":[2.142255,41.415485]},"properties":{"kind":"stop","stop_id":"2.713.674907","name":"CAP Vallcarca"}},{"type":"Feature","geometry":{"type":"Point","coordinates":[2.194869,41.409605]},"properties":{"kind":"stop","stop_id":"2.716.680654","name":"Gran Via - Bilbao"}},{"type":"Feature","geometry":{"type":"Point","coordinates":[2.200884,41.413669]},"properties":{"kind":"stop","stop_id":"2.717.681042","name":"Gran Via - Selva de Mar"}},{"type":"Feature","geometry":{"type":"Point","coordinates":[2.175363,41.373072]},"properties":{"kind":"stop","stop_id":"2.719.674999","name":"Pg de Josep Carner - Jardins de Walter Benjamin"}},{"type":"Feature","geometry":{"type":"Point","coordinates":[2.174319,41.371453]},"properties":{"kind":"stop","stop_id":"2.721.675027","name":"Pg de Josep Carner - Pg de Montju\u00efc"}},{"type":"Feature","geometry":{"type":"Point","coordinates":[2.170635,41.374794]},"properties":{"kind":"stop","stop_id":"2.722.674960","name":"Paral\u00b7lel - Cabanes"}},{"type":"Feature","geometry":{"type":"Point","coordinates":[2.174799,41.374513]},"properties":{"kind":"stop","stop_id":"2.723.674961","name":"Paral\u00b7lel - Drassanes"}},{"type":"Feature","geometry":{"type":"Point","coordinates":[2.186077,41.421117]},"properties":{"kind":"stop","stop_id":"2.744.686496","name":"Felip II - Meridiana"}},{"type":"Feature","geometry":{"type":"Point","coordinates":[2.14373,41.420754]},"properties":{"kind":"stop","stop_id":"2.749.674873","name":"Santa Rosalia - Castellbisbal"}},{"type":"Feature","geometry":{"type":"Point","coordinates":[2.139062,41.418623]},"properties":{"kind":"stop","stop_id":"2.754.674761","name":"Pg Vall d'Hebron - L'Arrabassada"}},{"type":"Feature","geometry":{"type":"Point","coordinates":[2.134608,41.366617]},"properties":{"kind":"stop","stop_id":"2.760.675170","name":"Badal - Av Carrilet"}},{"type":"Feature","geometry":{"type":"Point","coordinates":[2.114281,41.396013]},"properties":{"kind":"stop","stop_id":"2.764.675403","name":"Bisbe Catal\u00e0 - Pl de Pedralbes"}},{"type":"Feature","geometry":{"type":"Point","coordinates":[2.121618,41.388116]},"properties":{"kind":"stop","stop_id":"2.765.676590","name":"Pl Pius XII"}},{"type":"Feature","geometry":{"type":"Point","coordinates":[2.122615,41.387238]},"properties":{"kind":"stop","stop_id":"2.766.674720","name":"Diagonal - Pl Pius XII"}},{"type":"Feature","geometry":{"type":"Point","coordinates":[2.171447,41.419113]},"properties":{"kind":"stop","stop_id":"2.768.675074","name":"Gr\u00e8cia - Pl del Nen de la Rutlla"}},{"type":"Feature","geometry":{"type":"Point","coordinates":[2.164506,41.374866]},"properties":{"kind":"stop","stop_id":"2.770.691011","name":"Paral\u00b7lel - Margarit"}},{"type":"Feature","geometry":{"type":"Point","coordinates":[2.152409,41.375683]},"properties":{"kind":"stop","stop_id":"2.776.685684","name":"Sep\u00falveda - Av Mistral"}},{"type":"Feature","geometry":{"type":"Point","coordinates":[2.143614,41.380472]},"properties":{"kind":"stop","stop_id":"2.777.674705","name":"Av Roma - Tarragona"}},{"type":"Feature","geometry":{"type":"Point","coordinates":[2.116446,41.377434]},"properties":{"kind":"stop","stop_id":"2.778.693751","name":"Av Sant Ramon Nonat - Cardenal Reig"}},{"type":"Feature","geometry":{"type":"Point","coordinates":[2.177001,41.389715]},"properties":{"kind":"stop","stop_id":"2.780.690730","name":"Trafalgar - Bruc"}},{"type":"Feature","geometry":{"type":"Point","coordinates":[2.1704,41.408312]},"properties":{"kind":"stop","stop_id":"2.783.689829","name":"Sant Antoni Maria Claret - Lepant"}},{"type":"Feature","geometry":{"type":"Point","coordinates":[2.177417,41.403208]},"properties":{"kind":"stop","stop_id":"2.784.674381","name":"Val\u00e8ncia - Lepant"}},{"type":"Feature","geometry":{"type":"Point","coordinates":[2.182695,41.400556]},"properties":{"kind":"stop","stop_id":"2.785.697803","name":"Gran Via - Padilla"}},{"type":"Feature","geometry":{"type":"Point","coordinates":[2.160791,41.407944]},"properties":{"kind":"stop","stop_id":"2.787.675066","name":"Escorial - Legalitat"}},{"type":"Feature","geometry":{"type":"Point","coordinates":[2.158591,41.370518]},"properties":{"kind":"stop","stop_id":"2.789.675644","name":"Pg de l'Exposici\u00f3 - Santa Madrona"}},{"type":"Feature","geometry":{"type":"Point","coordinates":[2.147597,41.392053]},"properties":{"kind":"stop","stop_id":"2.814.674611","name":"Villarroel - Buenos Aires"}},{"type":"Feature","geometry":{"type":"Point","coordinates":[2.14031,41.391332]},"properties":{"kind":"stop","stop_id":"2.822.674438","name":"Diagonal - Av de Sarri\u00e0"}},{"type":"Feature","geometry":{"type":"Point","coordinates":[2.203431,41.401891]},"properties":{"kind":"stop","stop_id":"2.827.676831","name":"Llull - Bilbao"}},{"type":"Feature","geometry":{"type":"Point","coordinates":[2.192044,41.412351]},"properties":{"kind":"stop","stop_id":"2.828.674938","name":"Guip\u00fascoa - Bilbao"}},{"type":"Feature","geometry":{"type":"Point","coordinates":[2.198913,41.398485]},"properties":{"kind":"stop","stop_id":"2.830.675260","name":"Llull - Ciutat de Granada"}},{"type":"Feature","geometry":{"type":"Point","coordinates":[2.114648,41.37576]},"properties":{"kind":"stop","stop_id":"2.831.692431","name":"Collblanc - Rosich"}},{"type":"Feature","geometry":{"type":"Point","coordinates":[2.193287,41.39615]},"properties":{"kind":"stop","stop_id":"2.835.675258","name":"Pujades - \u00c0laba"}},{"type":"Feature","geometry":{"type":"Point","coordinates":[2.165626,41.397189]},"properties":{"kind":"stop","stop_id":"2.839.674797","name":"Bruc - Proven\u00e7a"}},{"type":"Feature","geometry":{"type":"Point","coordinates":[2.165706,41.395576]},"properties":{"kind":"stop","stop_id":"2.841.674791","name":"Ll\u00faria - Mallorca"}},{"type":"Feature","geometry":{"type":"Point","coordinates":[2.15771,41.389687]},"properties":{"kind":"stop","stop_id":"2.842.675218","name":"Aribau - Mallorca"}},{"type":"Feature","geometry":{"type":"Point","coordinates":[2.144371,41.413026]},"properties":{"kind":"stop","stop_id":"2.847.697511","name":"Vallcarca"}},{"type":"Feature","geometry":{"type":"Point","coordinates":[2.14638,41.415429]},"properties":{"kind":"stop","stop_id":"2.848.696371","name":"Pg Mare de D\u00e9u del Coll - Cartago"}},{"type":"Feature","geometry":{"type":"Point","coordinates":[2.147739,41.417832]},"properties":{"kind":"stop","stop_id":"2.849.674877","name":"Pg Mare de D\u00e9u del Coll - Baixada de Sant Mari\u00e0"}},{"type":"Feature","geometry":{"type":"Point","coordinates":[2.149116,41.420148]},"properties":{"kind":"stop","stop_id":"2.850.674878","name":"Pg Mare de D\u00e9u del Coll - Santuari"}},{"type":"Feature","geometry":{"type":"Point","coordinates":[2.148918,41.420074]},"properties":{"kind":"stop","stop_id":"2.851.687457","name":"Pg Mare de D\u00e9u del Coll - Santuari"}},{"type":"Feature","geometry":{"type":"Point","coordinates":[2.147553,41.417603]},"properties":{"kind":"stop","stop_id":"2.852.674891","name":"Pg Mare de D\u00e9u del Coll - Baixada Solanell"}},{"type":"Feature","geometry":{"type":"Point","coordinates":[2.145924,41.415306]},"properties":{"kind":"stop","stop_id":"2.853.696369","name":"Pg Mare de D\u00e9u del Coll - Pl Flandes"}},{"type":"Feature","geometry":{"type":"Point","coordinates":[2.121455,41.377321]},"properties":{"kind":"stop","stop_id":"2.854.674680","name":"Riera Blanca - Onze de Setembre"}},{"type":"Feature","geometry":{"type":"Point","coordinates":[2.13399,41.383907]},"properties":{"kind":"stop","stop_id":"2.855.683346","name":"Vallespir - Jard\u00ed de Magal\u00ed"}},{"type":"Feature","geometry":{"type":"Point","coordinates":[2.125104,41.376424]},"properties":{"kind":"stop","stop_id":"2.856.675278","name":"Arizala - Av Madrid"}},{"type":"Feature","geometry":{"type":"Point","coordinates":[2.130095,41.377325]},"properties":{"kind":"stop","stop_id":"2.857.682843","name":"Rambla del Brasil - Miquel \u00c0ngel"}},{"type":"Feature","geometry":{"type":"Point","coordinates":[2.128729,41.379788]},"properties":{"kind":"stop","stop_id":"2.858.689056","name":"Carles III - Av Madrid"}},{"type":"Feature","geometry":{"type":"Point","coordinates":[2.179668,41.415269]},"properties":{"kind":"stop","stop_id":"2.859.674420","name":"Sant Antoni Maria Claret - Rambla Volart"}},{"type":"Feature","geometry":{"type":"Point","coordinates":[2.181377,41.419794]},"properties":{"kind":"stop","stop_id":"2.861.674794","name":"Pl Maragall - Navas de Tolosa"}},{"type":"Feature","geometry":{"type":"Point","coordinates":[2.16013,41.416118]},"properties":{"kind":"stop","stop_id":"2.863.676451","name":"Jaume Puigvert - Jos\u00e9 Mill\u00e1n Gonz\u00e1lez"}},{"type":"Feature","geometry":{"type":"Point","coordinates":[2.125777,41.390835]},"properties":{"kind":"stop","stop_id":"2.866.674949","name":"Capit\u00e0 Arenas - Pg Manuel Girona"}},{"type":"Feature","geometry":{"type":"Point","coordinates":[2.139984,41.368025]},"properties":{"kind":"stop","stop_id":"2.868.698696","name":"La Campana"}},{"type":"Feature","geometry":{"type":"Point","coordinates":[2.187359,41.412524]},"properties":{"kind":"stop","stop_id":"2.871.685974","name":"Mallorca - Meridiana"}},{"type":"Feature","geometry":{"type":"Point","coordinates":[2.189687,41.418413]},"properties":{"kind":"stop","stop_id":"2.880.690716","name":"Felip II - Pal\u00e8ncia"}},{"type":"Feature","geometry":{"type":"Point","coordinates":[2.18651,41.406595]},"properties":{"kind":"stop","stop_id":"2.882.675234","name":"Consell de Cent - Meridiana"}},{"type":"Feature","geometry":{"type":"Point","coordinates":[2.206185,41.417631]},"properties":{"kind":"stop","stop_id":"2.888.681028","name":"Gran Via - Maresme"}},{"type":"Feature","geometry":{"type":"Point","coordinates":[2.206966,41.418658]},"properties":{"kind":"stop","stop_id":"2.889.680415","name":"Gran Via - Maresme"}},{"type":"Feature","geometry":{"type":"Point","coordinates":[2.162288,41.416195]},"properties":{"kind":"stop","stop_id":"2.894.675911","name":"Pl Can Bar\u00f3"}},{"type":"Feature","geometry":{"type":"Point","coordinates":[2.140017,41.368296]},"properties":{"kind":"stop","stop_id":"2.895.690945","name":"La Campana"}},{"type":"Feature","geometry":{"type":"Point","coordinates":[2.160814,41.413941]},"properties":{"kind":"stop","stop_id":"2.897.691905","name":"Pl Sanllehy"}},{"type":"Feature","geometry":{"type":"Point","coordinates":[2.172909,41.421222]},"properties":{"kind":"stop","stop_id":"2.898.683626","name":"Pl Catalana - Am\u00edlcar"}},{"type":"Feature","geometry":{"type":"Point","coordinates":[2.142617,41.370232]},"properties":{"kind":"stop","stop_id":"2.907.675713","name":"Gran Via - Moian\u00e8s"}},{"type":"Feature","geometry":{"type":"Point","coordinates":[2.143916,41.373185]},"properties":{"kind":"stop","stop_id":"2.908.675180","name":"Ctra de la Bordeta - \u00c0liga"}},{"type":"Feature","geometry":{"type":"Point","coordinates":[2.139994,41.371129]},"properties":{"kind":"stop","stop_id":"2.909.681678","name":"Gav\u00e0 - Ptge Solsona"}},{"type":"Feature","geometry":{"type":"Point","coordinates":[2.156613,41.406455]},"properties":{"kind":"stop","stop_id":"2.910.675116","name":"Provid\u00e8ncia - Alzina"}},{"type":"Feature","geometry":{"type":"Point","coordinates":[2.154317,41.404937]},"properties":{"kind":"stop","stop_id":"2.911.675117","name":"Biada - Torrent de l'Olla"}},{"type":"Feature","geometry":{"type":"Point","coordinates":[2.172721,41.408208]},"properties":{"kind":"stop","stop_id":"2.913.699742","name":"Ind\u00fastria - Lepant"}},{"type":"Feature","geometry":{"type":"Point","coordinates":[2.180649,41.39861]},"properties":{"kind":"stop","stop_id":"2.914.679454","name":"Gran Via - Marina"}},{"type":"Feature","geometry":{"type":"Point","coordinates":[2.193668,41.388445]},"properties":{"kind":"stop","stop_id":"2.915.689711","name":"Vila Ol\u00edmpica"}},{"type":"Feature","geometry":{"type":"Point","coordinates":[2.121379,41.399879]},"properties":{"kind":"stop","stop_id":"2.921.679581","name":"Pl de Sarri\u00e0"}},{"type":"Feature","geometry":{"type":"Point","coordinates":[2.114836,41.401583]},"properties":{"kind":"stop","stop_id":"2.922.675406","name":"Ronda de Dalt - R\u00e0fols"}},{"type":"Feature","geometry":{"type":"Point","coordinates":[2.127255,41.381911]},"properties":{"kind":"stop","stop_id":"2.923.674678","name":"Les Corts - Mej\u00eda Lequerica"}},{"type":"Feature","geometry":{"type":"Point","coordinates":[2.119227,41.380834]},"properties":{"kind":"stop","stop_id":"2.925.675304","name":"Mini Estadi - Palau Blaugrana"}},{"type":"Feature","geometry":{"type":"Point","coordinates":[2.161685,41.384377]},"properties":{"kind":"stop","stop_id":"2.927.684222","name":"Gran Via - Muntaner"}},{"type":"Feature","geometry":{"type":"Point","coordinates":[2.150403,41.394302]},"properties":{"kind":"stop","stop_id":"2.928.691351","name":"Diagonal - Muntaner"}},{"type":"Feature","geometry":{"type":"Point","coordinates":[2.15052,41.394171]},"properties":{"kind":"stop","stop_id":"2.929.691353","name":"Diagonal - Muntaner"}},{"type":"Feature","geometry":{"type":"Point","coordinates":[2.153473,41.392177]},"properties":{"kind":"stop","stop_id":"2.930.676819","name":"C\u00f2rsega - Aribau"}},{"type":"Feature","geometry":{"type":"Point","coordinates":[2.141067,41.404677]},"properties":{"kind":"stop","stop_id":"2.933.690794","name":"Mitre - Balmes"}},{"type":"Feature","geometry":{"type":"Point","coordinates":[2.136281,41.401131]},"properties":{"kind":"stop","stop_id":"2.934.691792","name":"Mitre - Mandri"}},{"type":"Feature","geometry":{"type":"Point","coordinates":[2.134249,41.407863]},"properties":{"kind":"stop","stop_id":"2.936.699657","name":"Pg Sant Gervasi - Pl Bonanova"}},{"type":"Feature","geometry":{"type":"Point","coordinates":[2.135811,41.410035]},"properties":{"kind":"stop","stop_id":"2.937.692602","name":"Pg Sant Gervasi - Pl Kennedy"}},{"type":"Feature","geometry":{"type":"Point","coordinates":[2.155509,41.390302]},"properties":{"kind":"stop","stop_id":"2.938.683632","name":"Proven\u00e7a - Aribau"}},{"type":"Feature","geometry":{"type":"Point","coordinates":[2.131147,41.393021]},"properties":{"kind":"stop","stop_id":"2.940.688223","name":"Mitre - Av Sarri\u00e0"}},{"type":"Feature","geometry":{"type":"Point","coordinates":[2.141953,41.369504]},"properties":{"kind":"stop","stop_id":"2.941.690924","name":"Gran Via - Mandoni"}},{"type":"Feature","geometry":{"type":"Point","coordinates":[2.14957,41.374124]},"properties":{"kind":"stop","stop_id":"2.943.674564","name":"Pl Espanya - Av Reina Maria Cristina"}},{"type":"Feature","geometry":{"type":"Point","coordinates":[2.147,41.369421]},"properties":{"kind":"stop","stop_id":"2.945.674591","name":"Poble Espanyol"}},{"type":"Feature","geometry":{"type":"Point","coordinates":[2.170285,41.406381]},"properties":{"kind":"stop","stop_id":"2.949.699882","name":"Ind\u00fastria - Sardenya"}},{"type":"Feature","geometry":{"type":"Point","coordinates":[2.188362,41.377649]},"properties":{"kind":"stop","stop_id":"2.954.689406","name":"Pg Joan de Borb\u00f3 - Pepe Rubianes"}},{"type":"Feature","geometry":{"type":"Point","coordinates":[2.187433,41.379995]},"properties":{"kind":"stop","stop_id":"2.955.697006","name":"Pg Joan de Borb\u00f3"}},{"type":"Feature","geometry":{"type":"Point","coordinates":[2.187255,41.379834]},"properties":{"kind":"stop","stop_id":"2.956.679583","name":"Pg Joan de Borb\u00f3"}},{"type":"Feature","geometry":{"type":"Point","coordinates":[2.188155,41.377559]},"properties":{"kind":"stop","stop_id":"2.957.689404","name":"Pg Joan de Borb\u00f3 - Pepe Rubianes"}},{"type":"Feature","geometry":{"type":"Point","coordinates":[2.188942,41.376099]},"properties":{"kind":"stop","stop_id":"2.959.689408","name":"Pg Joan de Borb\u00f3 - Judici"}},{"type":"Feature","geometry":{"type":"Point","coordinates":[2.188567,41.374332]},"properties":{"kind":"stop","stop_id":"2.960.683341","name":"Pg Joan de Borb\u00f3 - Pl del Mar"}},{"type":"Feature","geometry":{"type":"Point","coordinates":[2.207704,41.420481]},"properties":{"kind":"stop","stop_id":"2.962.674978","name":"Metro Bes\u00f2s"}},{"type":"Feature","geometry":{"type":"Point","coordinates":[2.203552,41.418243]},"properties":{"kind":"stop","stop_id":"2.963.693894","name":"Cant\u00e0bria - Andrade"}},{"type":"Feature","geometry":{"type":"Point","coordinates":[2.146914,41.394838]},"properties":{"kind":"stop","stop_id":"2.988.674589","name":"Santal\u00f3 - Trav de Gr\u00e0cia"}},{"type":"Feature","geometry":{"type":"Point","coordinates":[2.144227,41.396941]},"properties":{"kind":"stop","stop_id":"2.989.683291","name":"Santal\u00f3 - Mercat Galvany"}},{"type":"Feature","geometry":{"type":"Point","coordinates":[2.135869,41.386138]},"properties":{"kind":"stop","stop_id":"2.990.689527","name":"Num\u00e0ncia - Parc Les Corts"}},{"type":"Feature","geometry":{"type":"Point","coordinates":[2.135795,41.387311]},"properties":{"kind":"stop","stop_id":"2.991.679468","name":"Les Corts - Num\u00e0ncia"}},{"type":"Feature","geometry":{"type":"Point","coordinates":[2.134025,41.402968]},"properties":{"kind":"stop","stop_id":"2.993.679534","name":"Mandri - Artesa de Segre"}},{"type":"Feature","geometry":{"type":"Point","coordinates":[2.137557,41.40262]},"properties":{"kind":"stop","stop_id":"2.994.691750","name":"Mitre - Muntaner"}},{"type":"Feature","geometry":{"type":"Point","coordinates":[2.130121,41.404843]},"properties":{"kind":"stop","stop_id":"2.995.697011","name":"Pg Bonanova - Ganduxer"}},{"type":"Feature","geometry":{"type":"Point","coordinates":[2.130485,41.404908]},"properties":{"kind":"stop","stop_id":"2.996.697013","name":"Pg Bonanova - Horaci"}},{"type":"Feature","geometry":{"type":"Point","coordinates":[2.132682,41.404193]},"properties":{"kind":"stop","stop_id":"2.997.675423","name":"Mandri - Jardins Ca n'Altimira - Final de trajecte"}},{"type":"Feature","geometry":{"type":"Point","coordinates":[2.151357,41.420126]},"properties":{"kind":"stop","stop_id":"2.998.678653","name":"Santuari - Ceuta"}},{"type":"Feature","geometry":{"type":"Point","coordinates":[2.155066,41.419809]},"properties":{"kind":"stop","stop_id":"2.999.698320","name":"Santuari - La Murtra"}},{"type":"Feature","geometry":{"type":"Point","coordinates":[2.155085,41.419945]},"properties":{"kind":"stop","stop_id":"2.1000.674887","name":"Santuari - La Murtra"}},{"type":"Feature","geometry":{"type":"Point","coordinates":[2.151004,41.420235]},"properties":{"kind":"stop","stop_id":"2.1001.685014","name":"Santuari - l'Hortal"}},{"type":"Feature","geometry":{"type":"Point","coordinates":[2.14092,41.418082]},"properties":{"kind":"stop","stop_id":"2.1002.674909","name":"Av de Vallcarca - Metro Penitents"}},{"type":"Feature","geometry":{"type":"Point","coordinates":[2.138226,41.416211]},"properties":{"kind":"stop","stop_id":"2.1003.690593","name":"Pl Alfonso Com\u00edn - Pg Vall d'Hebron"}},{"type":"Feature","geometry":{"type":"Point","coordinates":[2.170619,41.375031]},"properties":{"kind":"stop","stop_id":"2.1004.691213","name":"Metro Paral\u00b7lel"}},{"type":"Feature","geometry":{"type":"Point","coordinates":[2.165933,41.376649]},"properties":{"kind":"stop","stop_id":"2.1005.699932","name":"Pl Josep Maria Folch"}},{"type":"Feature","geometry":{"type":"Point","coordinates":[2.163581,41.378447]},"properties":{"kind":"stop","stop_id":"2.1006.696986","name":"Ronda Sant Pau - Parlament"}},{"type":"Feature","geometry":{"type":"Point","coordinates":[2.186756,41.416791]},"properties":{"kind":"stop","stop_id":"2.1007.698918","name":"Meridiana - Biscaia"}},{"type":"Feature","geometry":{"type":"Point","coordinates":[2.180738,41.419027]},"properties":{"kind":"stop","stop_id":"2.1008.674389","name":"Pg Maragall - Trinxant"}},{"type":"Feature","geometry":{"type":"Point","coordinates":[2.205916,41.397012]},"properties":{"kind":"stop","stop_id":"2.1022.696793","name":"Pg Calvell - Rambla del Poblenou"}},{"type":"Feature","geometry":{"type":"Point","coordinates":[2.145138,41.367804]},"properties":{"kind":"stop","stop_id":"2.1030.676543","name":"Av Ferrer i Gu\u00e0rdia - Av Montanyans"}},{"type":"Feature","geometry":{"type":"Point","coordinates":[2.147323,41.397926]},"properties":{"kind":"stop","stop_id":"2.1036.675347","name":"Aribau - Laforja"}},{"type":"Feature","geometry":{"type":"Point","coordinates":[2.174754,41.387041]},"properties":{"kind":"stop","stop_id":"2.1039.700046","name":"Via Laietana - Comtal"}},{"type":"Feature","geometry":{"type":"Point","coordinates":[2.173322,41.388783]},"properties":{"kind":"stop","stop_id":"2.1040.690732","name":"Pl Urquinaona"}},{"type":"Feature","geometry":{"type":"Point","coordinates":[2.13775,41.369928]},"properties":{"kind":"stop","stop_id":"2.1057.682738","name":"Constituci\u00f3 - Moss\u00e8n Amadeu Oller"}},{"type":"Feature","geometry":{"type":"Point","coordinates":[2.16144,41.376481]},"properties":{"kind":"stop","stop_id":"2.1058.674804","name":"Viladomat - Manso"}},{"type":"Feature","geometry":{"type":"Point","coordinates":[2.153416,41.375731]},"properties":{"kind":"stop","stop_id":"2.1059.683095","name":"Vilamar\u00ed - Av Mistral"}},{"type":"Feature","geometry":{"type":"Point","coordinates":[2.167041,41.374861]},"properties":{"kind":"stop","stop_id":"2.1061.696215","name":"Paral\u00b7lel - Vila i Vil\u00e0"}},{"type":"Feature","geometry":{"type":"Point","coordinates":[2.153057,41.374825]},"properties":{"kind":"stop","stop_id":"2.1062.675188","name":"Av Paral\u00b7lel - Lleida - Final de trajecte"}},{"type":"Feature","geometry":{"type":"Point","coordinates":[2.152562,41.374833]},"properties":{"kind":"stop","stop_id":"2.1064.675189","name":"Av Paral\u00b7lel - Llan\u00e7\u00e0 - Final de trajecte"}},{"type":"Feature","geometry":{"type":"Point","coordinates":[2.166346,41.415206]},"properties":{"kind":"stop","stop_id":"2.1065.675906","name":"Pl de la Font Castellana - Tenerife"}},{"type":"Feature","geometry":{"type":"Point","coordinates":[2.164454,41.395338]},"properties":{"kind":"stop","stop_id":"2.1066.674798","name":"Mallorca - Pau Claris"}},{"type":"Feature","geometry":{"type":"Point","coordinates":[2.172543,41.389101]},"properties":{"kind":"stop","stop_id":"2.1067.698578","name":"Pl Urquinaona - Pau Claris - Final de trajecte"}},{"type":"Feature","geometry":{"type":"Point","coordinates":[2.172786,41.38902]},"properties":{"kind":"stop","stop_id":"2.1069.692556","name":"Metro Urquinaona"}},{"type":"Feature","geometry":{"type":"Point","coordinates":[2.169377,41.390143]},"properties":{"kind":"stop","stop_id":"2.1070.674374","name":"Gran Via - Pau Claris"}},{"type":"Feature","geometry":{"type":"Point","coordinates":[2.172852,41.389337]},"properties":{"kind":"stop","stop_id":"2.1071.698576","name":"Pl Urquinaona - Final de trajecte"}},{"type":"Feature","geometry":{"type":"Point","coordinates":[2.178124,41.40559]},"properties":{"kind":"stop","stop_id":"2.1072.674425","name":"Mallorca - Padilla"}},{"type":"Feature","geometry":{"type":"Point","coordinates":[2.16397,41.38607]},"properties":{"kind":"stop","stop_id":"2.1075.688054","name":"Pl Universitat"}},{"type":"Feature","geometry":{"type":"Point","coordinates":[2.164493,41.385629]},"properties":{"kind":"stop","stop_id":"2.1076.674840","name":"Pl Universitat - Pelai"}},{"type":"Feature","geometry":{"type":"Point","coordinates":[2.162948,41.392346]},"properties":{"kind":"stop","stop_id":"2.1078.674790","name":"Val\u00e8ncia - Pg de Gr\u00e0cia"}},{"type":"Feature","geometry":{"type":"Point","coordinates":[2.171448,41.388581]},"properties":{"kind":"stop","stop_id":"2.1079.675215","name":"Ronda Sant Pere - Pl Urquinaona - Final trajecte"}},{"type":"Feature","geometry":{"type":"Point","coordinates":[2.160649,41.396737]},"properties":{"kind":"stop","stop_id":"2.1080.690454","name":"Diagonal - Pau Claris"}},{"type":"Feature","geometry":{"type":"Point","coordinates":[2.169055,41.390295]},"properties":{"kind":"stop","stop_id":"2.1081.688046","name":"Gran Via - Pau Claris"}},{"type":"Feature","geometry":{"type":"Point","coordinates":[2.170633,41.388275]},"properties":{"kind":"stop","stop_id":"2.1082.681373","name":"Ronda Sant Pere - Pl Catalunya - Final de trajecte"}},{"type":"Feature","geometry":{"type":"Point","coordinates":[2.162952,41.413077]},"properties":{"kind":"stop","stop_id":"2.1086.674638","name":"Cam\u00e8lies - Praga"}},{"type":"Feature","geometry":{"type":"Point","coordinates":[2.151078,41.391286]},"properties":{"kind":"stop","stop_id":"2.1088.675631","name":"Casanova - Par\u00eds"}},{"type":"Feature","geometry":{"type":"Point","coordinates":[2.165991,41.399765]},"properties":{"kind":"stop","stop_id":"2.1089.674793","name":"Rossell\u00f3 - Bail\u00e8n"}},{"type":"Feature","geometry":{"type":"Point","coordinates":[2.145855,41.393154]},"properties":{"kind":"stop","stop_id":"2.1098.691338","name":"Diagonal - Francesc Maci\u00e0"}},{"type":"Feature","geometry":{"type":"Point","coordinates":[2.144261,41.391524]},"properties":{"kind":"stop","stop_id":"2.1099.674691","name":"Josep Tarradellas - Comte Borrell"}},{"type":"Feature","geometry":{"type":"Point","coordinates":[2.170845,41.386435]},"properties":{"kind":"stop","stop_id":"2.1103.696950","name":"Pl Catalunya - Portal de l'\u00c0ngel"}},{"type":"Feature","geometry":{"type":"Point","coordinates":[2.161533,41.413114]},"properties":{"kind":"stop","stop_id":"2.1104.685616","name":"Sardenya - Cam\u00e8lies"}},{"type":"Feature","geometry":{"type":"Point","coordinates":[2.185189,41.385091]},"properties":{"kind":"stop","stop_id":"2.1108.675125","name":"Av Marqu\u00e8s de l'Argentera - Pg Picasso"}},{"type":"Feature","geometry":{"type":"Point","coordinates":[2.194618,41.398714]},"properties":{"kind":"stop","stop_id":"2.1109.693519","name":"Pallars - Pere IV"}},{"type":"Feature","geometry":{"type":"Point","coordinates":[2.150079,41.406176]},"properties":{"kind":"stop","stop_id":"2.1116.694225","name":"Gran de Gr\u00e0cia - Lesseps"}},{"type":"Feature","geometry":{"type":"Point","coordinates":[2.152181,41.403474]},"properties":{"kind":"stop","stop_id":"2.1117.680459","name":"Gran de Gr\u00e0cia - Pl Trilla"}},{"type":"Feature","geometry":{"type":"Point","coordinates":[2.150126,41.405743]},"properties":{"kind":"stop","stop_id":"2.1118.694229","name":"Av Riera de Cassoles - Pl Lesseps"}},{"type":"Feature","geometry":{"type":"Point","coordinates":[2.147061,41.408629]},"properties":{"kind":"stop","stop_id":"2.1119.689808","name":"Av Rep\u00fablica Argentina - Escipi\u00f3"}},{"type":"Feature","geometry":{"type":"Point","coordinates":[2.146637,41.405622]},"properties":{"kind":"stop","stop_id":"2.1120.683086","name":"Mitre - Berna"}},{"type":"Feature","geometry":{"type":"Point","coordinates":[2.149511,41.406744]},"properties":{"kind":"stop","stop_id":"2.1122.683417","name":"Pl Lesseps - Riera de Vallcarca"}},{"type":"Feature","geometry":{"type":"Point","coordinates":[2.150081,41.403638]},"properties":{"kind":"stop","stop_id":"2.1123.674631","name":"Av Riera de Cassoles - Carolines"}},{"type":"Feature","geometry":{"type":"Point","coordinates":[2.165264,41.386262]},"properties":{"kind":"stop","stop_id":"2.1124.697162","name":"Ronda Universitat - Pl Universitat"}},{"type":"Feature","geometry":{"type":"Point","coordinates":[2.180252,41.39069]},"properties":{"kind":"stop","stop_id":"2.1127.675035","name":"Pg Llu\u00eds Companys - Arc de Triomf"}},{"type":"Feature","geometry":{"type":"Point","coordinates":[2.182697,41.388838]},"properties":{"kind":"stop","stop_id":"2.1128.675036","name":"Pg Llu\u00eds Companys - Parc de la Ciutadella"}},{"type":"Feature","geometry":{"type":"Point","coordinates":[2.183054,41.387804]},"properties":{"kind":"stop","stop_id":"2.1129.675029","name":"Parc de la Ciutadella - Princesa"}},{"type":"Feature","geometry":{"type":"Point","coordinates":[2.182087,41.388363]},"properties":{"kind":"stop","stop_id":"2.1130.688659","name":"Pg Picasso - Comer\u00e7"}},{"type":"Feature","geometry":{"type":"Point","coordinates":[2.206712,41.405568]},"properties":{"kind":"stop","stop_id":"2.1131.675255","name":"Bac de Roda - Llull"}},{"type":"Feature","geometry":{"type":"Point","coordinates":[2.162074,41.396467]},"properties":{"kind":"stop","stop_id":"2.1135.675120","name":"Pau Claris - Rossell\u00f3"}},{"type":"Feature","geometry":{"type":"Point","coordinates":[2.163363,41.393522]},"properties":{"kind":"stop","stop_id":"2.1136.690587","name":"Pg de Gr\u00e0cia - Mallorca"}},{"type":"Feature","geometry":{"type":"Point","coordinates":[2.154626,41.388597]},"properties":{"kind":"stop","stop_id":"2.1137.674586","name":"Casanova - Mercat del Ninot"}},{"type":"Feature","geometry":{"type":"Point","coordinates":[2.170462,41.398843]},"properties":{"kind":"stop","stop_id":"2.1138.690909","name":"Pg de Sant Joan - Val\u00e8ncia"}},{"type":"Feature","geometry":{"type":"Point","coordinates":[2.178176,41.405016]},"properties":{"kind":"stop","stop_id":"2.1140.699732","name":"Padilla - Mallorca"}},{"type":"Feature","geometry":{"type":"Point","coordinates":[2.174817,41.405772]},"properties":{"kind":"stop","stop_id":"2.1141.674517","name":"Av Gaud\u00ed"}},{"type":"Feature","geometry":{"type":"Point","coordinates":[2.181904,41.408977]},"properties":{"kind":"stop","stop_id":"2.1142.674384","name":"Independ\u00e8ncia - Mallorca"}},{"type":"Feature","geometry":{"type":"Point","coordinates":[2.178277,41.409817]},"properties":{"kind":"stop","stop_id":"2.1143.694774","name":"Dos de Maig - C\u00f2rsega"}},{"type":"Feature","geometry":{"type":"Point","coordinates":[2.160116,41.395893]},"properties":{"kind":"stop","stop_id":"2.1144.690269","name":"Pg de Gr\u00e0cia - Rossell\u00f3"}},{"type":"Feature","geometry":{"type":"Point","coordinates":[2.183523,41.387133]},"properties":{"kind":"stop","stop_id":"2.1163.690802","name":"Pg Picasso - Princesa"}},{"type":"Feature","geometry":{"type":"Point","coordinates":[2.185005,41.38255]},"properties":{"kind":"stop","stop_id":"2.1164.689738","name":"Pla de Palau - Pl Pau Vila"}},{"type":"Feature","geometry":{"type":"Point","coordinates":[2.136399,41.365223]},"properties":{"kind":"stop","stop_id":"2.1173.698925","name":"Gran Via - F\u00edsica"}},{"type":"Feature","geometry":{"type":"Point","coordinates":[2.152629,41.375128]},"properties":{"kind":"stop","stop_id":"2.1185.695868","name":"Paral\u00b7lel - Av Mistral"}},{"type":"Feature","geometry":{"type":"Point","coordinates":[2.197521,41.412493]},"properties":{"kind":"stop","stop_id":"2.1190.690667","name":"Bac de Roda - Gran Via"}},{"type":"Feature","geometry":{"type":"Point","coordinates":[2.192025,41.411335]},"properties":{"kind":"stop","stop_id":"2.1191.675241","name":"Bilbao - Concili de Trento"}},{"type":"Feature","geometry":{"type":"Point","coordinates":[2.144236,41.413062]},"properties":{"kind":"stop","stop_id":"2.1195.674894","name":"Vallcarca"}},{"type":"Feature","geometry":{"type":"Point","coordinates":[2.135836,41.414895]},"properties":{"kind":"stop","stop_id":"2.1196.675441","name":"Isaac Newton - Lle\u00f3 XIII"}},{"type":"Feature","geometry":{"type":"Point","coordinates":[2.161799,41.393336]},"properties":{"kind":"stop","stop_id":"2.1207.674799","name":"Mallorca - Pg de Gr\u00e0cia"}},{"type":"Feature","geometry":{"type":"Point","coordinates":[2.168831,41.387575]},"properties":{"kind":"stop","stop_id":"2.1208.687703","name":"Pl Catalunya - Rambla Catalunya - Final trajecte"}},{"type":"Feature","geometry":{"type":"Point","coordinates":[2.166431,41.387931]},"properties":{"kind":"stop","stop_id":"2.1209.679467","name":"Gran Via - Balmes"}},{"type":"Feature","geometry":{"type":"Point","coordinates":[2.169316,41.387757]},"properties":{"kind":"stop","stop_id":"2.1210.687701","name":"Pl Catalunya - Pg de Gr\u00e0cia"}},{"type":"Feature","geometry":{"type":"Point","coordinates":[2.160694,41.413971]},"properties":{"kind":"stop","stop_id":"2.1214.691903","name":"Ana Mar\u00eda Matute - Pl Sanllehy"}},{"type":"Feature","geometry":{"type":"Point","coordinates":[2.158412,41.415207]},"properties":{"kind":"stop","stop_id":"2.1215.676374","name":"Ana Mar\u00eda Matute - Miquel Sants Oliver"}},{"type":"Feature","geometry":{"type":"Point","coordinates":[2.156469,41.416462]},"properties":{"kind":"stop","stop_id":"2.1217.684613","name":"Ctra del Carmel - Albert Llanas"}},{"type":"Feature","geometry":{"type":"Point","coordinates":[2.158833,41.416835]},"properties":{"kind":"stop","stop_id":"2.1218.674859","name":"Ctra del Carmel - Pl Raimon Casellas"}},{"type":"Feature","geometry":{"type":"Point","coordinates":[2.156458,41.416972]},"properties":{"kind":"stop","stop_id":"2.1219.674861","name":"Ctra del Carmel - Can Xirot"}},{"type":"Feature","geometry":{"type":"Point","coordinates":[2.156804,41.415646]},"properties":{"kind":"stop","stop_id":"2.1221.674863","name":"Ctra del Carmel - Ptge Josefina Torrens Illas"}},{"type":"Feature","geometry":{"type":"Point","coordinates":[2.158604,41.414884]},"properties":{"kind":"stop","stop_id":"2.1222.683372","name":"Ana Mar\u00eda Matute - Av Pompeu Fabra"}},{"type":"Feature","geometry":{"type":"Point","coordinates":[2.156793,41.415782]},"properties":{"kind":"stop","stop_id":"2.1223.674843","name":"C N Catalunya - Park G\u00fcell"}},{"type":"Feature","geometry":{"type":"Point","coordinates":[2.184429,41.410324]},"properties":{"kind":"stop","stop_id":"2.1224.674947","name":"Mallorca - Rogent"}},{"type":"Feature","geometry":{"type":"Point","coordinates":[2.165876,41.4049]},"properties":{"kind":"stop","stop_id":"2.1225.678735","name":"Sant Antoni Maria Claret - N\u00e0pols"}},{"type":"Feature","geometry":{"type":"Point","coordinates":[2.185365,41.390461]},"properties":{"kind":"stop","stop_id":"2.1226.675082","name":"Pg Pujades - Parc de la Ciutadella"}},{"type":"Feature","geometry":{"type":"Point","coordinates":[2.170428,41.399839]},"properties":{"kind":"stop","stop_id":"2.1227.689732","name":"Mallorca - Pg Sant Joan"}},{"type":"Feature","geometry":{"type":"Point","coordinates":[2.171628,41.398873]},"properties":{"kind":"stop","stop_id":"2.1228.696966","name":"Val\u00e8ncia - Pg Sant Joan"}},{"type":"Feature","geometry":{"type":"Point","coordinates":[2.176898,41.39619]},"properties":{"kind":"stop","stop_id":"2.1230.688213","name":"Gran Via - Roger de Flor"}},{"type":"Feature","geometry":{"type":"Point","coordinates":[2.169907,41.411306]},"properties":{"kind":"stop","stop_id":"2.1234.699738","name":"Padilla - Llorens i Barba"}},{"type":"Feature","geometry":{"type":"Point","coordinates":[2.171236,41.391937]},"properties":{"kind":"stop","stop_id":"2.1246.688174","name":"Gran Via - Ll\u00faria"}},{"type":"Feature","geometry":{"type":"Point","coordinates":[2.166028,41.394666]},"properties":{"kind":"stop","stop_id":"2.1247.675093","name":"Val\u00e8ncia - Roger de Ll\u00faria"}},{"type":"Feature","geometry":{"type":"Point","coordinates":[2.142976,41.38641]},"properties":{"kind":"stop","stop_id":"2.1253.674689","name":"Josep Tarradellas - Par\u00eds"}},{"type":"Feature","geometry":{"type":"Point","coordinates":[2.153719,41.378385]},"properties":{"kind":"stop","stop_id":"2.1254.674368","name":"Gran Via - Enten\u00e7a"}},{"type":"Feature","geometry":{"type":"Point","coordinates":[2.15467,41.377377]},"properties":{"kind":"stop","stop_id":"2.1255.690665","name":"Sep\u00falveda - Rocafort"}},{"type":"Feature","geometry":{"type":"Point","coordinates":[2.170342,41.387899]},"properties":{"kind":"stop","stop_id":"2.1257.700582","name":"Pl Catalunya - Ronda Sant Pere"}},{"type":"Feature","geometry":{"type":"Point","coordinates":[2.114639,41.375919]},"properties":{"kind":"stop","stop_id":"2.1259.681594","name":"Collblanc - Cardenal Reig"}},{"type":"Feature","geometry":{"type":"Point","coordinates":[2.155029,41.400279]},"properties":{"kind":"stop","stop_id":"2.1260.676555","name":"Gran de Gr\u00e0cia - Trav de Gr\u00e0cia"}},{"type":"Feature","geometry":{"type":"Point","coordinates":[2.153274,41.401809]},"properties":{"kind":"stop","stop_id":"2.1261.674807","name":"Gran de Gr\u00e0cia - Metro Fontana"}},{"type":"Feature","geometry":{"type":"Point","coordinates":[2.152082,41.399901]},"properties":{"kind":"stop","stop_id":"2.1262.699661","name":"Pl Gal\u00b7la Plac\u00eddia"}},{"type":"Feature","geometry":{"type":"Point","coordinates":[2.163439,41.39884]},"properties":{"kind":"stop","stop_id":"2.1263.674796","name":"Bruc - C\u00f2rsega"}},{"type":"Feature","geometry":{"type":"Point","coordinates":[2.151134,41.389382]},"properties":{"kind":"stop","stop_id":"2.1264.674612","name":"Villarroel - Hospital Cl\u00ednic"}},{"type":"Feature","geometry":{"type":"Point","coordinates":[2.165655,41.402074]},"properties":{"kind":"stop","stop_id":"2.1265.699760","name":"Pg de Sant Joan - C\u00f2rsega"}},{"type":"Feature","geometry":{"type":"Point","coordinates":[2.147954,41.385099]},"properties":{"kind":"stop","stop_id":"2.1267.696832","name":"Cal\u00e0bria - Proven\u00e7a"}},{"type":"Feature","geometry":{"type":"Point","coordinates":[2.153439,41.391059]},"properties":{"kind":"stop","stop_id":"2.1268.689013","name":"Muntaner - Rossell\u00f3"}},{"type":"Feature","geometry":{"type":"Point","coordinates":[2.169525,41.386552]},"properties":{"kind":"stop","stop_id":"2.1271.675212","name":"Pl Catalunya - Bergara - Final de trajecte"}},{"type":"Feature","geometry":{"type":"Point","coordinates":[2.20102,41.400066]},"properties":{"kind":"stop","stop_id":"2.1273.674969","name":"Llull - Llacuna"}},{"type":"Feature","geometry":{"type":"Point","coordinates":[2.20236,41.403014]},"properties":{"kind":"stop","stop_id":"2.1274.690706","name":"Pujades - Bilbao"}},{"type":"Feature","geometry":{"type":"Point","coordinates":[2.19905,41.402029]},"properties":{"kind":"stop","stop_id":"2.1275.677008","name":"Pallars - Rambla del Poblenou"}},{"type":"Feature","geometry":{"type":"Point","coordinates":[2.192181,41.390944]},"properties":{"kind":"stop","stop_id":"2.1278.677957","name":"Marina - Doctor Trueta"}},{"type":"Feature","geometry":{"type":"Point","coordinates":[2.196459,41.38581]},"properties":{"kind":"stop","stop_id":"2.1281.691949","name":"Ramon Trias Fargas - Pg Mar\u00edtim - Final trajecte"}},{"type":"Feature","geometry":{"type":"Point","coordinates":[2.192841,41.380308]},"properties":{"kind":"stop","stop_id":"2.1282.676540","name":"Platja de la Barceloneta"}},{"type":"Feature","geometry":{"type":"Point","coordinates":[2.193518,41.381128]},"properties":{"kind":"stop","stop_id":"2.1283.700925","name":"Platja de la Barceloneta"}},{"type":"Feature","geometry":{"type":"Point","coordinates":[2.194609,41.383169]},"properties":{"kind":"stop","stop_id":"2.1284.675156","name":"Hospital del Mar"}},{"type":"Feature","geometry":{"type":"Point","coordinates":[2.195852,41.386274]},"properties":{"kind":"stop","stop_id":"2.1285.691950","name":"Ramon Trias Fargas - Ronda Litoral"}},{"type":"Feature","geometry":{"type":"Point","coordinates":[2.175937,41.403954]},"properties":{"kind":"stop","stop_id":"2.1297.689817","name":"Mallorca - Marina"}},{"type":"Feature","geometry":{"type":"Point","coordinates":[2.180295,41.398739]},"properties":{"kind":"stop","stop_id":"2.1298.688193","name":"Gran Via - Sardenya"}},{"type":"Feature","geometry":{"type":"Point","coordinates":[2.160759,41.413192]},"properties":{"kind":"stop","stop_id":"2.1299.679767","name":"Av Mare de D\u00e9u de Montserrat - Sanllehy"}},{"type":"Feature","geometry":{"type":"Point","coordinates":[2.16414,41.409312]},"properties":{"kind":"stop","stop_id":"2.1301.699488","name":"Pi i Margall - Sardenya"}},{"type":"Feature","geometry":{"type":"Point","coordinates":[2.187546,41.393584]},"properties":{"kind":"stop","stop_id":"2.1302.690734","name":"Buenaventura Mu\u00f1oz - Sardenya"}},{"type":"Feature","geometry":{"type":"Point","coordinates":[2.180784,41.415155]},"properties":{"kind":"stop","stop_id":"2.1305.683485","name":"Pg Maragall - Ind\u00fastria"}},{"type":"Feature","geometry":{"type":"Point","coordinates":[2.172795,41.40909]},"properties":{"kind":"stop","stop_id":"2.1306.699745","name":"Padilla - Ind\u00fastria"}},{"type":"Feature","geometry":{"type":"Point","coordinates":[2.163188,41.403929]},"properties":{"kind":"stop","stop_id":"2.1307.675348","name":"Pg de Sant Joan - Trav de Gr\u00e0cia"}},{"type":"Feature","geometry":{"type":"Point","coordinates":[2.14488,41.371705]},"properties":{"kind":"stop","stop_id":"2.1310.689969","name":"Gran Via - Santa Dorotea"}},{"type":"Feature","geometry":{"type":"Point","coordinates":[2.118016,41.404143]},"properties":{"kind":"stop","stop_id":"2.1313.675412","name":"Via Augusta - Tres Reis"}},{"type":"Feature","geometry":{"type":"Point","coordinates":[2.162303,41.41418]},"properties":{"kind":"stop","stop_id":"2.1316.684520","name":"Av Mare de D\u00e9u de Montserrat - Praga"}},{"type":"Feature","geometry":{"type":"Point","coordinates":[2.174058,41.400688]},"properties":{"kind":"stop","stop_id":"2.1318.674380","name":"Val\u00e8ncia - Diagonal"}},{"type":"Feature","geometry":{"type":"Point","coordinates":[2.177304,41.396101]},"properties":{"kind":"stop","stop_id":"2.1319.688040","name":"Gran Via - Roger de Flor"}},{"type":"Feature","geometry":{"type":"Point","coordinates":[2.154882,41.410346]},"properties":{"kind":"stop","stop_id":"2.1321.674659","name":"Mare de D\u00e9u de la Salut - Hospital de l'Esperan\u00e7a"}},{"type":"Feature","geometry":{"type":"Point","coordinates":[2.17464,41.374788]},"properties":{"kind":"stop","stop_id":"2.1326.693753","name":"Paral\u00b7lel - Drassanes"}},{"type":"Feature","geometry":{"type":"Point","coordinates":[2.163831,41.408976]},"properties":{"kind":"stop","stop_id":"2.1327.699476","name":"Pi i Margall - Pau Alsina"}},{"type":"Feature","geometry":{"type":"Point","coordinates":[2.15977,41.411349]},"properties":{"kind":"stop","stop_id":"2.1328.694457","name":"Cam\u00e8lies - Pau Alsina"}},{"type":"Feature","geometry":{"type":"Point","coordinates":[2.16359,41.410366]},"properties":{"kind":"stop","stop_id":"2.1329.690535","name":"Provid\u00e8ncia - Pi i Margall"}},{"type":"Feature","geometry":{"type":"Point","coordinates":[2.162517,41.406114]},"properties":{"kind":"stop","stop_id":"2.1335.679022","name":"Escorial - Pl Joanic"}},{"type":"Feature","geometry":{"type":"Point","coordinates":[2.140169,41.404843]},"properties":{"kind":"stop","stop_id":"2.1352.677902","name":"Balmes - Mitre"}},{"type":"Feature","geometry":{"type":"Point","coordinates":[2.138735,41.406784]},"properties":{"kind":"stop","stop_id":"2.1353.690657","name":"Balmes - Joaquim Folguera"}},{"type":"Feature","geometry":{"type":"Point","coordinates":[2.137364,41.409453]},"properties":{"kind":"stop","stop_id":"2.1354.690659","name":"Balmes - Pl Kennedy"}},{"type":"Feature","geometry":{"type":"Point","coordinates":[2.134915,41.412952]},"properties":{"kind":"stop","stop_id":"2.1358.695654","name":"Av Tibidabo - Josep Maria Florensa"}},{"type":"Feature","geometry":{"type":"Point","coordinates":[2.133762,41.406603]},"properties":{"kind":"stop","stop_id":"2.1360.682355","name":"Pl Bonanova"}},{"type":"Feature","geometry":{"type":"Point","coordinates":[2.121489,41.37605]},"properties":{"kind":"stop","stop_id":"2.1361.690118","name":"Riera Blanca - Trav de les Corts - Final trajecte"}},{"type":"Feature","geometry":{"type":"Point","coordinates":[2.130779,41.375223]},"properties":{"kind":"stop","stop_id":"2.1362.688312","name":"Badal - Sants"}},{"type":"Feature","geometry":{"type":"Point","coordinates":[2.128986,41.378894]},"properties":{"kind":"stop","stop_id":"2.1363.675277","name":"Rambla del Brasil - Violant d'Hongria"}},{"type":"Feature","geometry":{"type":"Point","coordinates":[2.136604,41.375438]},"properties":{"kind":"stop","stop_id":"2.1364.676375","name":"Metro Pl de Sants"}},{"type":"Feature","geometry":{"type":"Point","coordinates":[2.139312,41.375385]},"properties":{"kind":"stop","stop_id":"2.1365.674933","name":"Sants - Premi\u00e0"}},{"type":"Feature","geometry":{"type":"Point","coordinates":[2.161561,41.381507]},"properties":{"kind":"stop","stop_id":"2.1366.692575","name":"Villarroel - Sep\u00falveda"}},{"type":"Feature","geometry":{"type":"Point","coordinates":[2.155468,41.374889]},"properties":{"kind":"stop","stop_id":"2.1367.690900","name":"Paral\u00b7lel - Tamarit"}},{"type":"Feature","geometry":{"type":"Point","coordinates":[2.155173,41.374199]},"properties":{"kind":"stop","stop_id":"2.1368.697331","name":"Tamarit - Lleida"}},{"type":"Feature","geometry":{"type":"Point","coordinates":[2.154201,41.374508]},"properties":{"kind":"stop","stop_id":"2.1369.692808","name":"Lleida - Av Paral\u00b7lel"}},{"type":"Feature","geometry":{"type":"Point","coordinates":[2.158372,41.377237]},"properties":{"kind":"stop","stop_id":"2.1370.683093","name":"Cal\u00e0bria - Av Mistral"}},{"type":"Feature","geometry":{"type":"Point","coordinates":[2.123687,41.378573]},"properties":{"kind":"stop","stop_id":"2.1373.675271","name":"Arizala - Les Corts"}},{"type":"Feature","geometry":{"type":"Point","coordinates":[2.126945,41.387436]},"properties":{"kind":"stop","stop_id":"2.1376.695931","name":"Carles III - Maria Cristina"}},{"type":"Feature","geometry":{"type":"Point","coordinates":[2.137775,41.386253]},"properties":{"kind":"stop","stop_id":"2.1377.688003","name":"Nicaragua - Parc Les Corts"}},{"type":"Feature","geometry":{"type":"Point","coordinates":[2.127233,41.384214]},"properties":{"kind":"stop","stop_id":"2.1378.675293","name":"Carles III - Mej\u00eda Lequerica"}},{"type":"Feature","geometry":{"type":"Point","coordinates":[2.129228,41.37998]},"properties":{"kind":"stop","stop_id":"2.1379.675276","name":"Gran Via Carles III - Av Madrid"}},{"type":"Feature","geometry":{"type":"Point","coordinates":[2.132859,41.389153]},"properties":{"kind":"stop","stop_id":"2.1380.681532","name":"Num\u00e0ncia - Diagonal"}},{"type":"Feature","geometry":{"type":"Point","coordinates":[2.139463,41.388533]},"properties":{"kind":"stop","stop_id":"2.1381.687648","name":"Enten\u00e7a - Montnegre"}},{"type":"Feature","geometry":{"type":"Point","coordinates":[2.185399,41.384839]},"properties":{"kind":"stop","stop_id":"2.1382.674625","name":"Estaci\u00f3 de Fran\u00e7a"}},{"type":"Feature","geometry":{"type":"Point","coordinates":[2.158928,41.407901]},"properties":{"kind":"stop","stop_id":"2.1385.675115","name":"Provid\u00e8ncia - Torrent de les Flors"}},{"type":"Feature","geometry":{"type":"Point","coordinates":[2.150395,41.395208]},"properties":{"kind":"stop","stop_id":"2.1386.679573","name":"Aribau - Diagonal"}},{"type":"Feature","geometry":{"type":"Point","coordinates":[2.152383,41.399203]},"properties":{"kind":"stop","stop_id":"2.1387.690492","name":"Gal\u00b7la Plac\u00eddia"}},{"type":"Feature","geometry":{"type":"Point","coordinates":[2.163851,41.40401]},"properties":{"kind":"stop","stop_id":"2.1388.695665","name":"Pg de Sant Joan - Travessera de Gr\u00e0cia"}},{"type":"Feature","geometry":{"type":"Point","coordinates":[2.15556,41.39607]},"properties":{"kind":"stop","stop_id":"2.1389.691603","name":"Via Augusta - Diagonal"}},{"type":"Feature","geometry":{"type":"Point","coordinates":[2.151128,41.398281]},"properties":{"kind":"stop","stop_id":"2.1390.690591","name":"Balmes - Trav de Gr\u00e0cia"}},{"type":"Feature","geometry":{"type":"Point","coordinates":[2.157307,41.398356]},"properties":{"kind":"stop","stop_id":"2.1391.674806","name":"Gran de Gr\u00e0cia - Jes\u00fas"}},{"type":"Feature","geometry":{"type":"Point","coordinates":[2.143501,41.398566]},"properties":{"kind":"stop","stop_id":"2.1392.675327","name":"Muntaner - Via Augusta"}},{"type":"Feature","geometry":{"type":"Point","coordinates":[2.15589,41.403263]},"properties":{"kind":"stop","stop_id":"2.1394.696875","name":"Torrent de l'Olla - Ast\u00faries"}},{"type":"Feature","geometry":{"type":"Point","coordinates":[2.168741,41.410385]},"properties":{"kind":"stop","stop_id":"2.1395.699740","name":"Lepant - Jardins del Baix Guinard\u00f3"}},{"type":"Feature","geometry":{"type":"Point","coordinates":[2.167011,41.411698]},"properties":{"kind":"stop","stop_id":"2.1396.674513","name":"Lepant - Rda Guinard\u00f3"}},{"type":"Feature","geometry":{"type":"Point","coordinates":[2.129421,41.415414]},"properties":{"kind":"stop","stop_id":"2.1397.675436","name":"Av Tibidabo - Teodor Roviralta"}},{"type":"Feature","geometry":{"type":"Point","coordinates":[2.198229,41.417419]},"properties":{"kind":"stop","stop_id":"2.1405.689744","name":"Guip\u00fascoa - Selva de Mar"}},{"type":"Feature","geometry":{"type":"Point","coordinates":[2.119079,41.390079]},"properties":{"kind":"stop","stop_id":"2.1413.675300","name":"Av Pedralbes - T\u00f2quio"}},{"type":"Feature","geometry":{"type":"Point","coordinates":[2.142089,41.381164]},"properties":{"kind":"stop","stop_id":"2.1414.674711","name":"Josep Tarradellas - Num\u00e0ncia"}},{"type":"Feature","geometry":{"type":"Point","coordinates":[2.154913,41.395446]},"properties":{"kind":"stop","stop_id":"2.1425.690778","name":"Diagonal - Balmes"}},{"type":"Feature","geometry":{"type":"Point","coordinates":[2.141827,41.396011]},"properties":{"kind":"stop","stop_id":"2.1426.686176","name":"Calvet - Tenor Vi\u00f1as"}},{"type":"Feature","geometry":{"type":"Point","coordinates":[2.130774,41.416444]},"properties":{"kind":"stop","stop_id":"2.1443.675435","name":"Pl Dr Andreu - Funicular Tibidabo - Final trajecte"}},{"type":"Feature","geometry":{"type":"Point","coordinates":[2.129658,41.415508]},"properties":{"kind":"stop","stop_id":"2.1444.675437","name":"Parc Municipal Font del Rac\u00f3"}},{"type":"Feature","geometry":{"type":"Point","coordinates":[2.158452,41.417216]},"properties":{"kind":"stop","stop_id":"2.1447.688557","name":"Ctra del Carmel - Pasteur"}},{"type":"Feature","geometry":{"type":"Point","coordinates":[2.157657,41.417956]},"properties":{"kind":"stop","stop_id":"2.1448.688702","name":"Ctra del Carmel - M\u00fchlberg"}},{"type":"Feature","geometry":{"type":"Point","coordinates":[2.163068,41.37925]},"properties":{"kind":"stop","stop_id":"2.1464.699548","name":"Ronda Sant Antoni - Comte d'Urgell"}},{"type":"Feature","geometry":{"type":"Point","coordinates":[2.149643,41.389297]},"properties":{"kind":"stop","stop_id":"2.1466.692781","name":"C\u00f2rsega - Hospital Cl\u00ednic"}},{"type":"Feature","geometry":{"type":"Point","coordinates":[2.147794,41.389461]},"properties":{"kind":"stop","stop_id":"2.1467.675338","name":"Par\u00eds - Comte d'Urgell"}},{"type":"Feature","geometry":{"type":"Point","coordinates":[2.158922,41.382694]},"properties":{"kind":"stop","stop_id":"2.1468.688727","name":"Gran Via - Villarroel"}},{"type":"Feature","geometry":{"type":"Point","coordinates":[2.159086,41.382423]},"properties":{"kind":"stop","stop_id":"2.1469.688221","name":"Gran Via - Urgell"}},{"type":"Feature","geometry":{"type":"Point","coordinates":[2.133486,41.415098]},"properties":{"kind":"stop","stop_id":"2.1472.675429","name":"Av Tibidabo - Josep Gar\u00ed"}},{"type":"Feature","geometry":{"type":"Point","coordinates":[2.131297,41.41539]},"properties":{"kind":"stop","stop_id":"2.1473.675433","name":"Av Tibidabo - Llu\u00eds Muntadas"}},{"type":"Feature","geometry":{"type":"Point","coordinates":[2.18413,41.382081]},"properties":{"kind":"stop","stop_id":"2.1476.689885","name":"Pla de Palau"}},{"type":"Feature","geometry":{"type":"Point","coordinates":[2.184435,41.381164]},"properties":{"kind":"stop","stop_id":"2.1477.674774","name":"Pas Sota Muralla - Pl Pau Vila"}},{"type":"Feature","geometry":{"type":"Point","coordinates":[2.182934,41.376597]},"properties":{"kind":"stop","stop_id":"2.1479.698146","name":"Port Vell"}},{"type":"Feature","geometry":{"type":"Point","coordinates":[2.182396,41.375717]},"properties":{"kind":"stop","stop_id":"2.1482.689799","name":"Maremagnum - Final de trajecte"}},{"type":"Feature","geometry":{"type":"Point","coordinates":[2.183502,41.37704]},"properties":{"kind":"stop","stop_id":"2.1483.688540","name":"Port Vell"}},{"type":"Feature","geometry":{"type":"Point","coordinates":[2.114729,41.387681]},"properties":{"kind":"stop","stop_id":"2.1484.693025","name":"Jordi Girona - John M Keynes - Final de trajecte"}},{"type":"Feature","geometry":{"type":"Point","coordinates":[2.154554,41.386799]},"properties":{"kind":"stop","stop_id":"2.1488.674613","name":"Villarroel - Mercat del Ninot"}},{"type":"Feature","geometry":{"type":"Point","coordinates":[2.187053,41.411071]},"properties":{"kind":"stop","stop_id":"2.1489.695635","name":"Meridiana - Val\u00e8ncia"}},{"type":"Feature","geometry":{"type":"Point","coordinates":[2.164609,41.394548]},"properties":{"kind":"stop","stop_id":"2.1490.675121","name":"Pau Claris - Mallorca"}},{"type":"Feature","geometry":{"type":"Point","coordinates":[2.151352,41.382545]},"properties":{"kind":"stop","stop_id":"2.1491.696830","name":"Cal\u00e0bria - Arag\u00f3"}},{"type":"Feature","geometry":{"type":"Point","coordinates":[2.170429,41.398624]},"properties":{"kind":"stop","stop_id":"2.1492.690405","name":"Pg de Sant Joan - Pl Moss\u00e8n Jacint Verdaguer"}},{"type":"Feature","geometry":{"type":"Point","coordinates":[2.160075,41.391139]},"properties":{"kind":"stop","stop_id":"2.1493.683697","name":"Balmes - Val\u00e8ncia"}},{"type":"Feature","geometry":{"type":"Point","coordinates":[2.186716,41.410909]},"properties":{"kind":"stop","stop_id":"2.1494.695678","name":"Meridiana - Pl Doctor Serrat"}},{"type":"Feature","geometry":{"type":"Point","coordinates":[2.156873,41.388468]},"properties":{"kind":"stop","stop_id":"2.1495.675217","name":"Muntaner - Val\u00e8ncia"}},{"type":"Feature","geometry":{"type":"Point","coordinates":[2.163272,41.393348]},"properties":{"kind":"stop","stop_id":"2.1497.691076","name":"Pg de Gr\u00e0cia - Val\u00e8ncia"}},{"type":"Feature","geometry":{"type":"Point","coordinates":[2.177067,41.404073]},"properties":{"kind":"stop","stop_id":"2.1498.676638","name":"Lepant - Mallorca"}},{"type":"Feature","geometry":{"type":"Point","coordinates":[2.145213,41.378369]},"properties":{"kind":"stop","stop_id":"2.1499.688168","name":"Metro Tarragona"}},{"type":"Feature","geometry":{"type":"Point","coordinates":[2.144333,41.412055]},"properties":{"kind":"stop","stop_id":"2.1508.674904","name":"Av de Vallcarca - Viaducte de Vallcarca"}},{"type":"Feature","geometry":{"type":"Point","coordinates":[2.141516,41.411604]},"properties":{"kind":"stop","stop_id":"2.1509.695662","name":"Av Rep\u00fablica Argentina - Mare de D\u00e9u del Carmel"}},{"type":"Feature","geometry":{"type":"Point","coordinates":[2.153017,41.408901]},"properties":{"kind":"stop","stop_id":"2.1513.693089","name":"Trav de Dalt - Verdi"}},{"type":"Feature","geometry":{"type":"Point","coordinates":[2.160304,41.396809]},"properties":{"kind":"stop","stop_id":"2.1520.690628","name":"Diagonal - Pg de Gr\u00e0cia"}},{"type":"Feature","geometry":{"type":"Point","coordinates":[2.151112,41.401226]},"properties":{"kind":"stop","stop_id":"2.1522.674828","name":"Av Riera de Cassoles - Via Augusta"}},{"type":"Feature","geometry":{"type":"Point","coordinates":[2.152365,41.39781]},"properties":{"kind":"stop","stop_id":"2.1525.674629","name":"Trav de Gr\u00e0cia - Balmes"}},{"type":"Feature","geometry":{"type":"Point","coordinates":[2.140766,41.39806]},"properties":{"kind":"stop","stop_id":"2.1527.674592","name":"Via Augusta - Amig\u00f3"}},{"type":"Feature","geometry":{"type":"Point","coordinates":[2.135855,41.397705]},"properties":{"kind":"stop","stop_id":"2.1528.674607","name":"Via Augusta - Ganduxer"}},{"type":"Feature","geometry":{"type":"Point","coordinates":[2.141122,41.404192]},"properties":{"kind":"stop","stop_id":"2.1529.700864","name":"Balmes - Mitre"}},{"type":"Feature","geometry":{"type":"Point","coordinates":[2.145628,41.402189]},"properties":{"kind":"stop","stop_id":"2.1530.700868","name":"Balmes - Cop\u00e8rnic"}},{"type":"Feature","geometry":{"type":"Point","coordinates":[2.127532,41.403395]},"properties":{"kind":"stop","stop_id":"2.1531.674817","name":"Pg Bonanova - Escoles Pies"}},{"type":"Feature","geometry":{"type":"Point","coordinates":[2.12372,41.401266]},"properties":{"kind":"stop","stop_id":"2.1532.687129","name":"Pg Bonanova - Carrasco i Formiguera"}},{"type":"Feature","geometry":{"type":"Point","coordinates":[2.15003,41.402807]},"properties":{"kind":"stop","stop_id":"2.1533.674827","name":"Av Riera de Cassoles - Guillem Tell"}},{"type":"Feature","geometry":{"type":"Point","coordinates":[2.139928,41.401245]},"properties":{"kind":"stop","stop_id":"2.1535.675323","name":"Muntaner - Parc de Monterols"}},{"type":"Feature","geometry":{"type":"Point","coordinates":[2.14178,41.399861]},"properties":{"kind":"stop","stop_id":"2.1536.686787","name":"Muntaner - Plat\u00f3"}},{"type":"Feature","geometry":{"type":"Point","coordinates":[2.117183,41.403958]},"properties":{"kind":"stop","stop_id":"2.1538.675411","name":"Pl Borr\u00e0s"}},{"type":"Feature","geometry":{"type":"Point","coordinates":[2.131206,41.414158]},"properties":{"kind":"stop","stop_id":"2.1539.675431","name":"Adri\u00e0 Margarit - Teodor Roviralta"}},{"type":"Feature","geometry":{"type":"Point","coordinates":[2.125046,41.410292]},"properties":{"kind":"stop","stop_id":"2.1540.696020","name":"Rotonda de Bellesguard"}},{"type":"Feature","geometry":{"type":"Point","coordinates":[2.121428,41.40696]},"properties":{"kind":"stop","stop_id":"2.1541.694716","name":"Terr\u00e9 - Iradier"}},{"type":"Feature","geometry":{"type":"Point","coordinates":[2.140921,41.419111]},"properties":{"kind":"stop","stop_id":"2.1542.674910","name":"Av Vallcarca - Capellades"}},{"type":"Feature","geometry":{"type":"Point","coordinates":[2.138571,41.413428]},"properties":{"kind":"stop","stop_id":"2.1543.685617","name":"Av Rep\u00fablica Argentina - Pl Alfonso Com\u00edn"}},{"type":"Feature","geometry":{"type":"Point","coordinates":[2.161455,41.380647]},"properties":{"kind":"stop","stop_id":"2.1545.675073","name":"Floridablanca - Comte d'Urgell"}},{"type":"Feature","geometry":{"type":"Point","coordinates":[2.146621,41.392024]},"properties":{"kind":"stop","stop_id":"2.1546.674708","name":"Buenos Aires - Comte d'Urgell"}},{"type":"Feature","geometry":{"type":"Point","coordinates":[2.116738,41.418902]},"properties":{"kind":"stop","stop_id":"2.1547.675654","name":"Torre de Collserola"}},{"type":"Feature","geometry":{"type":"Point","coordinates":[2.14356,41.389195]},"properties":{"kind":"stop","stop_id":"2.1554.674690","name":"Josep Tarradellas - Viladomat"}},{"type":"Feature","geometry":{"type":"Point","coordinates":[2.145813,41.389812]},"properties":{"kind":"stop","stop_id":"2.1555.677879","name":"Londres - Hospital del Sagrat Cor"}},{"type":"Feature","geometry":{"type":"Point","coordinates":[2.155913,41.380036]},"properties":{"kind":"stop","stop_id":"2.1556.674369","name":"Gran Via - Viladomat"}},{"type":"Feature","geometry":{"type":"Point","coordinates":[2.144103,41.366194]},"properties":{"kind":"stop","stop_id":"2.1563.685493","name":"Cam\u00ed del Polvor\u00ed - Estadi Serrahima"}},{"type":"Feature","geometry":{"type":"Point","coordinates":[2.14351,41.36434]},"properties":{"kind":"stop","stop_id":"2.1564.674569","name":"Segura - Estadi Serrahima"}},{"type":"Feature","geometry":{"type":"Point","coordinates":[2.141489,41.365457]},"properties":{"kind":"stop","stop_id":"2.1565.676748","name":"Segura - Barri del Polvor\u00ed"}},{"type":"Feature","geometry":{"type":"Point","coordinates":[2.141662,41.365312]},"properties":{"kind":"stop","stop_id":"2.1566.674578","name":"Segura - Fortuna"}},{"type":"Feature","geometry":{"type":"Point","coordinates":[2.143334,41.364375]},"properties":{"kind":"stop","stop_id":"2.1567.674581","name":"Segura - Polvor\u00ed"}},{"type":"Feature","geometry":{"type":"Point","coordinates":[2.144961,41.365382]},"properties":{"kind":"stop","stop_id":"2.1568.694105","name":"Polvor\u00ed - Cam\u00ed de la Foixarda"}},{"type":"Feature","geometry":{"type":"Point","coordinates":[2.144628,41.368073]},"properties":{"kind":"stop","stop_id":"2.1569.674587","name":"Polvor\u00ed - Av Ferrer i Gu\u00e0rdia"}},{"type":"Feature","geometry":{"type":"Point","coordinates":[2.119956,41.395544]},"properties":{"kind":"stop","stop_id":"2.1570.689696","name":"Av J V Foix - Pedr\u00f3 de la Creu"}},{"type":"Feature","geometry":{"type":"Point","coordinates":[2.121085,41.393336]},"properties":{"kind":"stop","stop_id":"2.1571.689746","name":"Eduardo Conde - Santa Am\u00e8lia"}},{"type":"Feature","geometry":{"type":"Point","coordinates":[2.1292,41.397833]},"properties":{"kind":"stop","stop_id":"2.1572.680703","name":"Via Augusta - Angl\u00ed"}},{"type":"Feature","geometry":{"type":"Point","coordinates":[2.125753,41.398257]},"properties":{"kind":"stop","stop_id":"2.1573.675316","name":"Via Augusta - Els Verg\u00f3s"}},{"type":"Feature","geometry":{"type":"Point","coordinates":[2.136713,41.384969]},"properties":{"kind":"stop","stop_id":"2.1575.675291","name":"Marqu\u00e8s de Sentmenat - Num\u00e0ncia"}},{"type":"Feature","geometry":{"type":"Point","coordinates":[2.132811,41.380815]},"properties":{"kind":"stop","stop_id":"2.1576.683582","name":"Av Madrid - Joan G\u00fcell"}},{"type":"Feature","geometry":{"type":"Point","coordinates":[2.132669,41.385284]},"properties":{"kind":"stop","stop_id":"2.1577.674686","name":"Les Corts - Vallespir"}},{"type":"Feature","geometry":{"type":"Point","coordinates":[2.136063,41.381885]},"properties":{"kind":"stop","stop_id":"2.1578.691990","name":"Pl del Centre"}},{"type":"Feature","geometry":{"type":"Point","coordinates":[2.148996,41.402796]},"properties":{"kind":"stop","stop_id":"2.1580.679775","name":"Guillem Tell - Av Riera de Cassoles"}},{"type":"Feature","geometry":{"type":"Point","coordinates":[2.144073,41.405285]},"properties":{"kind":"stop","stop_id":"2.1581.682969","name":"Mitre - Saragossa"}},{"type":"Feature","geometry":{"type":"Point","coordinates":[2.146153,41.405824]},"properties":{"kind":"stop","stop_id":"2.1582.683180","name":"Mitre - P\u00e0dua"}},{"type":"Feature","geometry":{"type":"Point","coordinates":[2.119247,41.402272]},"properties":{"kind":"stop","stop_id":"2.1584.675417","name":"Major de Sarri\u00e0 - Nou de Santa Eul\u00e0lia"}},{"type":"Feature","geometry":{"type":"Point","coordinates":[2.117159,41.403466]},"properties":{"kind":"stop","stop_id":"2.1585.692994","name":"Major de Sarri\u00e0 - General Vives"}},{"type":"Feature","geometry":{"type":"Point","coordinates":[2.121475,41.401916]},"properties":{"kind":"stop","stop_id":"2.1587.697019","name":"CAP Sarri\u00e0"}},{"type":"Feature","geometry":{"type":"Point","coordinates":[2.180363,41.382821]},"properties":{"kind":"stop","stop_id":"2.1599.689621","name":"Via Laietana - Manresa"}},{"type":"Feature","geometry":{"type":"Point","coordinates":[2.17739,41.385071]},"properties":{"kind":"stop","stop_id":"2.1600.692380","name":"Via Laietana - Pl Ramon Berenguer"}},{"type":"Feature","geometry":{"type":"Point","coordinates":[2.177278,41.384963]},"properties":{"kind":"stop","stop_id":"2.1602.674770","name":"Via Laietana - Pl Ramon Berenguer"}},{"type":"Feature","geometry":{"type":"Point","coordinates":[2.192132,41.379151]},"properties":{"kind":"stop","stop_id":"2.1604.676843","name":"Pg Mar\u00edtim - Pepe Rubianes"}},{"type":"Feature","geometry":{"type":"Point","coordinates":[2.190071,41.378391]},"properties":{"kind":"stop","stop_id":"2.1605.683949","name":"Pepe Rubianes"}},{"type":"Feature","geometry":{"type":"Point","coordinates":[2.192298,41.379165]},"properties":{"kind":"stop","stop_id":"2.1606.679267","name":"Pg Mar\u00edtim - Pepe Rubianes"}},{"type":"Feature","geometry":{"type":"Point","coordinates":[2.185053,41.389982]},"properties":{"kind":"stop","stop_id":"2.1616.690523","name":"Pg Pujades - Parc de la Ciutadella"}},{"type":"Feature","geometry":{"type":"Point","coordinates":[2.159895,41.37488]},"properties":{"kind":"stop","stop_id":"2.1620.691595","name":"Metro Poble Sec"}},{"type":"Feature","geometry":{"type":"Point","coordinates":[2.198794,41.396172]},"properties":{"kind":"stop","stop_id":"2.1630.695670","name":"Badajoz - Doctor Trueta"}},{"type":"Feature","geometry":{"type":"Point","coordinates":[2.191899,41.390871]},"properties":{"kind":"stop","stop_id":"2.1631.674484","name":"Marina - Ramon Turr\u00f3"}},{"type":"Feature","geometry":{"type":"Point","coordinates":[2.120795,41.399806]},"properties":{"kind":"stop","stop_id":"2.1637.674819","name":"Pg Reina Elisenda - Major de Sarri\u00e0"}},{"type":"Feature","geometry":{"type":"Point","coordinates":[2.11435,41.381439]},"properties":{"kind":"stop","stop_id":"2.1650.675305","name":"Av Doctor Mara\u00f1\u00f3n - Av de Xile"}},{"type":"Feature","geometry":{"type":"Point","coordinates":[2.180476,41.41888]},"properties":{"kind":"stop","stop_id":"2.1660.674419","name":"Pl Maragall - Xiprer"}},{"type":"Feature","geometry":{"type":"Point","coordinates":[2.140622,41.404254]},"properties":{"kind":"stop","stop_id":"2.1742.691796","name":"Mitre - Balmes"}},{"type":"Feature","geometry":{"type":"Point","coordinates":[2.12044,41.402008]},"properties":{"kind":"stop","stop_id":"2.1745.684457","name":"Via Augusta - Margenat"}},{"type":"Feature","geometry":{"type":"Point","coordinates":[2.127706,41.378713]},"properties":{"kind":"stop","stop_id":"2.1752.688987","name":"Av Madrid - Carles III"}},{"type":"Feature","geometry":{"type":"Point","coordinates":[2.125406,41.377393]},"properties":{"kind":"stop","stop_id":"2.1753.688989","name":"Av Madrid - Benavent"}},{"type":"Feature","geometry":{"type":"Point","coordinates":[2.123659,41.376134]},"properties":{"kind":"stop","stop_id":"2.1754.679805","name":"Av Madrid - Comte de G\u00fcell"}},{"type":"Feature","geometry":{"type":"Point","coordinates":[2.122873,41.375605]},"properties":{"kind":"stop","stop_id":"2.1755.686166","name":"Sants - Munn\u00e9"}},{"type":"Feature","geometry":{"type":"Point","coordinates":[2.128797,41.375601]},"properties":{"kind":"stop","stop_id":"2.1756.675280","name":"Metro Badal"}},{"type":"Feature","geometry":{"type":"Point","coordinates":[2.195773,41.390328]},"properties":{"kind":"stop","stop_id":"2.1764.689724","name":"Av Ic\u00e0ria - Joan Mir\u00f3"}},{"type":"Feature","geometry":{"type":"Point","coordinates":[2.127962,41.375499]},"properties":{"kind":"stop","stop_id":"2.1766.686067","name":"Metro Badal"}},{"type":"Feature","geometry":{"type":"Point","coordinates":[2.13427,41.375489]},"properties":{"kind":"stop","stop_id":"2.1767.675173","name":"Pl de Sants"}},{"type":"Feature","geometry":{"type":"Point","coordinates":[2.131029,41.375555]},"properties":{"kind":"stop","stop_id":"2.1768.675282","name":"Sants - Rambla del Brasil"}},{"type":"Feature","geometry":{"type":"Point","coordinates":[2.133047,41.369376]},"properties":{"kind":"stop","stop_id":"2.1769.675169","name":"Badal - Constituci\u00f3"}},{"type":"Feature","geometry":{"type":"Point","coordinates":[2.136333,41.376062]},"properties":{"kind":"stop","stop_id":"2.1771.675789","name":"Sant Antoni - Pl de Sants"}},{"type":"Feature","geometry":{"type":"Point","coordinates":[2.134144,41.414289]},"properties":{"kind":"stop","stop_id":"2.1775.691809","name":"Av Tibidabo - Ronda de Dalt"}},{"type":"Feature","geometry":{"type":"Point","coordinates":[2.136704,41.414644]},"properties":{"kind":"stop","stop_id":"2.1776.696211","name":"Pl Alfonso Com\u00edn - Isaac Newton"}},{"type":"Feature","geometry":{"type":"Point","coordinates":[2.195243,41.385192]},"properties":{"kind":"stop","stop_id":"2.1784.676057","name":"Trelawny - Pg Mar\u00edtim"}},{"type":"Feature","geometry":{"type":"Point","coordinates":[2.194599,41.385672]},"properties":{"kind":"stop","stop_id":"2.1788.683453","name":"Trelawny - Av Litoral - Final de trajecte"}},{"type":"Feature","geometry":{"type":"Point","coordinates":[2.191311,41.421084]},"properties":{"kind":"stop","stop_id":"2.1791.697137","name":"Berenguer de Palou - Baixada de La Sagrera"}},{"type":"Feature","geometry":{"type":"Point","coordinates":[2.191309,41.418211]},"properties":{"kind":"stop","stop_id":"2.1792.675336","name":"Sagrera - Pl del General Moragues"}},{"type":"Feature","geometry":{"type":"Point","coordinates":[2.169782,41.386255]},"properties":{"kind":"stop","stop_id":"2.1797.675863","name":"Pla\u00e7a Catalunya - Final de trajecte"}},{"type":"Feature","geometry":{"type":"Point","coordinates":[2.11655,41.418296]},"properties":{"kind":"stop","stop_id":"2.1810.685653","name":"Cru\u00eflla de Carreteres"}},{"type":"Feature","geometry":{"type":"Point","coordinates":[2.116702,41.41777]},"properties":{"kind":"stop","stop_id":"2.1820.685655","name":"Ctra de Vallvidrera - Cru\u00eflla de Carreteres"}},{"type":"Feature","geometry":{"type":"Point","coordinates":[2.165212,41.36864]},"properties":{"kind":"stop","stop_id":"2.1826.675153","name":"Pl Dante - Final de trajecte"}},{"type":"Feature","geometry":{"type":"Point","coordinates":[2.145704,41.376557]},"properties":{"kind":"stop","stop_id":"2.1841.686030","name":"Consell de Cent - Rector Triad\u00f3"}},{"type":"Feature","geometry":{"type":"Point","coordinates":[2.142472,41.374266]},"properties":{"kind":"stop","stop_id":"2.1842.694031","name":"Moian\u00e8s - Vilardell"}},{"type":"Feature","geometry":{"type":"Point","coordinates":[2.134651,41.369544]},"properties":{"kind":"stop","stop_id":"2.1846.700880","name":"Mercat Nou"}},{"type":"Feature","geometry":{"type":"Point","coordinates":[2.133388,41.368595]},"properties":{"kind":"stop","stop_id":"2.1847.700690","name":"Mercat nou"}},{"type":"Feature","geometry":{"type":"Point","coordinates":[2.134587,41.369524]},"properties":{"kind":"stop","stop_id":"2.1848.692258","name":"Constituci\u00f3 - Riera de Tena"}},{"type":"Feature","geometry":{"type":"Point","coordinates":[2.13771,41.370357]},"properties":{"kind":"stop","stop_id":"2.1849.685785","name":"Olzinelles - Constituci\u00f3"}},{"type":"Feature","geometry":{"type":"Point","coordinates":[2.137049,41.371937]},"properties":{"kind":"stop","stop_id":"2.1850.675890","name":"Olzinelles - Noguera Pallaresa"}},{"type":"Feature","geometry":{"type":"Point","coordinates":[2.136371,41.374228]},"properties":{"kind":"stop","stop_id":"2.1851.686140","name":"Pl Bonet i Muix\u00ed"}},{"type":"Feature","geometry":{"type":"Point","coordinates":[2.122464,41.383518]},"properties":{"kind":"stop","stop_id":"2.1862.699380","name":"Av Joan XXIII - Maternitat"}},{"type":"Feature","geometry":{"type":"Point","coordinates":[2.162583,41.417233]},"properties":{"kind":"stop","stop_id":"2.1872.675908","name":"Josep Serrano - Bar\u00f3 Sant Llu\u00eds"}},{"type":"Feature","geometry":{"type":"Point","coordinates":[2.161193,41.416715]},"properties":{"kind":"stop","stop_id":"2.1873.675909","name":"Jaume Puigvert - Josep Serrano"}},{"type":"Feature","geometry":{"type":"Point","coordinates":[2.161152,41.415217]},"properties":{"kind":"stop","stop_id":"2.1874.675910","name":"Av Can Bar\u00f3 - Bismarck"}},{"type":"Feature","geometry":{"type":"Point","coordinates":[2.191262,41.404189]},"properties":{"kind":"stop","stop_id":"2.1879.679497","name":"Diagonal - Ciutat de Granada"}},{"type":"Feature","geometry":{"type":"Point","coordinates":[2.162659,41.412174]},"properties":{"kind":"stop","stop_id":"2.1885.675912","name":"Rda Guinard\u00f3 - Sardenya"}},{"type":"Feature","geometry":{"type":"Point","coordinates":[2.209545,41.409165]},"properties":{"kind":"stop","stop_id":"2.1891.675933","name":"Diagonal - Selva de Mar"}},{"type":"Feature","geometry":{"type":"Point","coordinates":[2.204555,41.407908]},"properties":{"kind":"stop","stop_id":"2.1892.675940","name":"Diagonal - Fluvi\u00e0"}},{"type":"Feature","geometry":{"type":"Point","coordinates":[2.199611,41.406292]},"properties":{"kind":"stop","stop_id":"2.1896.679482","name":"Diagonal - Pere IV"}},{"type":"Feature","geometry":{"type":"Point","coordinates":[2.204838,41.407592]},"properties":{"kind":"stop","stop_id":"2.1897.675941","name":"Diagonal - Bac de Roda"}},{"type":"Feature","geometry":{"type":"Point","coordinates":[2.209974,41.408882]},"properties":{"kind":"stop","stop_id":"2.1898.675934","name":"Diagonal - Metro Selva de Mar"}},{"type":"Feature","geometry":{"type":"Point","coordinates":[2.166933,41.385956]},"properties":{"kind":"stop","stop_id":"2.1905.696934","name":"Balmes - Pelai"}},{"type":"Feature","geometry":{"type":"Point","coordinates":[2.186733,41.414271]},"properties":{"kind":"stop","stop_id":"2.1908.697885","name":"Meridiana - Navas de Tolosa"}},{"type":"Feature","geometry":{"type":"Point","coordinates":[2.133718,41.394848]},"properties":{"kind":"stop","stop_id":"2.1938.675991","name":"Mitre - Doctor Fleming"}},{"type":"Feature","geometry":{"type":"Point","coordinates":[2.133885,41.398898]},"properties":{"kind":"stop","stop_id":"2.1939.691788","name":"Mitre - Ganduxer"}},{"type":"Feature","geometry":{"type":"Point","coordinates":[2.133459,41.398752]},"properties":{"kind":"stop","stop_id":"2.1940.691754","name":"Mitre - Ganduxer"}},{"type":"Feature","geometry":{"type":"Point","coordinates":[2.133414,41.394782]},"properties":{"kind":"stop","stop_id":"2.1941.675990","name":"Mitre - Doctor Fleming"}},{"type":"Feature","geometry":{"type":"Point","coordinates":[2.20147,41.40385]},"properties":{"kind":"stop","stop_id":"2.1948.699376","name":"Pallars - Bilbao"}},{"type":"Feature","geometry":{"type":"Point","coordinates":[2.130816,41.391369]},"properties":{"kind":"stop","stop_id":"2.1953.675999","name":"Num\u00e0ncia - Ronda General Mitre"}},{"type":"Feature","geometry":{"type":"Point","coordinates":[2.129587,41.377266]},"properties":{"kind":"stop","stop_id":"2.1970.683285","name":"Rambla del Brasil - Roger"}},{"type":"Feature","geometry":{"type":"Point","coordinates":[2.134108,41.366544]},"properties":{"kind":"stop","stop_id":"2.1976.676520","name":"Badal - Av Carrilet"}},{"type":"Feature","geometry":{"type":"Point","coordinates":[2.152836,41.374825]},"properties":{"kind":"stop","stop_id":"2.1982.676178","name":"Av Paral\u00b7lel - Final de trajecte"}},{"type":"Feature","geometry":{"type":"Point","coordinates":[2.162298,41.406345]},"properties":{"kind":"stop","stop_id":"2.1984.676022","name":"Escorial - Sant Llu\u00eds"}},{"type":"Feature","geometry":{"type":"Point","coordinates":[2.155967,41.408397]},"properties":{"kind":"stop","stop_id":"2.1985.676023","name":"Sant Salvador - Massens"}},{"type":"Feature","geometry":{"type":"Point","coordinates":[2.153413,41.407008]},"properties":{"kind":"stop","stop_id":"2.1986.676024","name":"Sant Salvador - Verdi"}},{"type":"Feature","geometry":{"type":"Point","coordinates":[2.150858,41.408954]},"properties":{"kind":"stop","stop_id":"2.1987.676025","name":"Sargelet - Maignon"}},{"type":"Feature","geometry":{"type":"Point","coordinates":[2.151494,41.410068]},"properties":{"kind":"stop","stop_id":"2.1988.676026","name":"Valldoreix - Verdi"}},{"type":"Feature","geometry":{"type":"Point","coordinates":[2.151408,41.410661]},"properties":{"kind":"stop","stop_id":"2.1989.676027","name":"Av del Coll del Portell - Sostres"}},{"type":"Feature","geometry":{"type":"Point","coordinates":[2.149738,41.412239]},"properties":{"kind":"stop","stop_id":"2.1990.678961","name":"Sostres - Baixada de la Gl\u00f2ria"}},{"type":"Feature","geometry":{"type":"Point","coordinates":[2.149311,41.41293]},"properties":{"kind":"stop","stop_id":"2.1991.676029","name":"Arnold Sch\u00f6nberg - Av del Coll del Portell"}},{"type":"Feature","geometry":{"type":"Point","coordinates":[2.150325,41.412099]},"properties":{"kind":"stop","stop_id":"2.1992.676030","name":"Av del Coll del Portell - Baixada de la Gl\u00f2ria"}},{"type":"Feature","geometry":{"type":"Point","coordinates":[2.151865,41.411183]},"properties":{"kind":"stop","stop_id":"2.1993.676031","name":"Av del Coll del Portell - Rambla de Mercedes"}},{"type":"Feature","geometry":{"type":"Point","coordinates":[2.150596,41.410535]},"properties":{"kind":"stop","stop_id":"2.1994.676032","name":"Albigesos - Verdi"}},{"type":"Feature","geometry":{"type":"Point","coordinates":[2.151549,41.409268]},"properties":{"kind":"stop","stop_id":"2.1995.676033","name":"Verdi - Valldoreix"}},{"type":"Feature","geometry":{"type":"Point","coordinates":[2.158781,41.407585]},"properties":{"kind":"stop","stop_id":"2.1996.676035","name":"Pl Rovira i Trias"}},{"type":"Feature","geometry":{"type":"Point","coordinates":[2.156679,41.409702]},"properties":{"kind":"stop","stop_id":"2.1997.676034","name":"Torrent de les Flors - Cardener"}},{"type":"Feature","geometry":{"type":"Point","coordinates":[2.177609,41.419321]},"properties":{"kind":"stop","stop_id":"2.2004.685820","name":"Oblit - direcci\u00f3 Font d'en Fargas"}},{"type":"Feature","geometry":{"type":"Point","coordinates":[2.174418,41.417625]},"properties":{"kind":"stop","stop_id":"2.2005.693263","name":"Rambla Volart - Flors de Maig"}},{"type":"Feature","geometry":{"type":"Point","coordinates":[2.172274,41.418265]},"properties":{"kind":"stop","stop_id":"2.2006.695884","name":"La Bisbal - Av Mare de D\u00e9u de Montserrat"}},{"type":"Feature","geometry":{"type":"Point","coordinates":[2.169872,41.421174]},"properties":{"kind":"stop","stop_id":"2.2009.676039","name":"Garriga i Roca - Sales Ferrer"}},{"type":"Feature","geometry":{"type":"Point","coordinates":[2.170683,41.419783]},"properties":{"kind":"stop","stop_id":"2.2010.681617","name":"Garriga i Roca - Ercilla"}},{"type":"Feature","geometry":{"type":"Point","coordinates":[2.175347,41.420136]},"properties":{"kind":"stop","stop_id":"2.2012.687087","name":"Rambla de la Muntanya - Vinyals"}},{"type":"Feature","geometry":{"type":"Point","coordinates":[2.160202,41.406152]},"properties":{"kind":"stop","stop_id":"2.2020.676036","name":"Torrent de les Flors - Sant Llu\u00eds"}},{"type":"Feature","geometry":{"type":"Point","coordinates":[2.16248,41.404928]},"properties":{"kind":"stop","stop_id":"2.2021.676037","name":"Pl Joanic"}},{"type":"Feature","geometry":{"type":"Point","coordinates":[2.157319,41.419015]},"properties":{"kind":"stop","stop_id":"2.2023.676135","name":"Calder\u00f3n de la Barca - Ctra del Carmel"}},{"type":"Feature","geometry":{"type":"Point","coordinates":[2.15684,41.420629]},"properties":{"kind":"stop","stop_id":"2.2024.676137","name":"Calder\u00f3n de la Barca - Alcalde de Zalamea"}},{"type":"Feature","geometry":{"type":"Point","coordinates":[2.155096,41.420952]},"properties":{"kind":"stop","stop_id":"2.2025.678048","name":"Segimon - L'Alguer"}},{"type":"Feature","geometry":{"type":"Point","coordinates":[2.140595,41.417448]},"properties":{"kind":"stop","stop_id":"2.2034.676134","name":"Metro Penitents"}},{"type":"Feature","geometry":{"type":"Point","coordinates":[2.160487,41.376671]},"properties":{"kind":"stop","stop_id":"2.2043.697951","name":"Manso - Cal\u00e0bria"}},{"type":"Feature","geometry":{"type":"Point","coordinates":[2.163744,41.38034]},"properties":{"kind":"stop","stop_id":"2.2044.692189","name":"Riera Alta - Nou de Dulce"}},{"type":"Feature","geometry":{"type":"Point","coordinates":[2.16646,41.380478]},"properties":{"kind":"stop","stop_id":"2.2045.687506","name":"Riera Alta - Erasme de Janer"}},{"type":"Feature","geometry":{"type":"Point","coordinates":[2.168224,41.379306]},"properties":{"kind":"stop","stop_id":"2.2046.679198","name":"Rambla del Raval - Aurora"}},{"type":"Feature","geometry":{"type":"Point","coordinates":[2.170218,41.37763]},"properties":{"kind":"stop","stop_id":"2.2047.683474","name":"Rambla del Raval - Sant Pau"}},{"type":"Feature","geometry":{"type":"Point","coordinates":[2.173082,41.376628]},"properties":{"kind":"stop","stop_id":"2.2048.683350","name":"Av Drassanes - Arc del Teatre"}},{"type":"Feature","geometry":{"type":"Point","coordinates":[2.176236,41.376007]},"properties":{"kind":"stop","stop_id":"2.2049.699395","name":"Av Drassanes - Pl Portal de la Pau"}},{"type":"Feature","geometry":{"type":"Point","coordinates":[2.174801,41.37642]},"properties":{"kind":"stop","stop_id":"2.2051.683701","name":"Metro Drassanes"}},{"type":"Feature","geometry":{"type":"Point","coordinates":[2.172727,41.376829]},"properties":{"kind":"stop","stop_id":"2.2052.683699","name":"Av Drassanes - Nou de la Rambla"}},{"type":"Feature","geometry":{"type":"Point","coordinates":[2.170526,41.378008]},"properties":{"kind":"stop","stop_id":"2.2053.679202","name":"Rambla del Raval - Sant Josep Oriol"}},{"type":"Feature","geometry":{"type":"Point","coordinates":[2.168798,41.379461]},"properties":{"kind":"stop","stop_id":"2.2054.683464","name":"Rambla del Raval - Hospital"}},{"type":"Feature","geometry":{"type":"Point","coordinates":[2.168724,41.381394]},"properties":{"kind":"stop","stop_id":"2.2055.676130","name":"Pl Joan Amades"}},{"type":"Feature","geometry":{"type":"Point","coordinates":[2.16789,41.382657]},"properties":{"kind":"stop","stop_id":"2.2056.676131","name":"Pl dels \u00c0ngels"}},{"type":"Feature","geometry":{"type":"Point","coordinates":[2.166783,41.384002]},"properties":{"kind":"stop","stop_id":"2.2057.681002","name":"Montalegre - Valldonzella"}},{"type":"Feature","geometry":{"type":"Point","coordinates":[2.161382,41.377342]},"properties":{"kind":"stop","stop_id":"2.2059.683031","name":"Mercat de Sant Antoni"}},{"type":"Feature","geometry":{"type":"Point","coordinates":[2.156881,41.373013]},"properties":{"kind":"stop","stop_id":"2.2061.676109","name":"Mare de D\u00e9u del Remei - Grases"}},{"type":"Feature","geometry":{"type":"Point","coordinates":[2.16309,41.373117]},"properties":{"kind":"stop","stop_id":"2.2063.700189","name":"Elkano - Blasco de Garay"}},{"type":"Feature","geometry":{"type":"Point","coordinates":[2.164823,41.37258]},"properties":{"kind":"stop","stop_id":"2.2064.684309","name":"Elkano - Poeta Cabanyes"}},{"type":"Feature","geometry":{"type":"Point","coordinates":[2.172907,41.372925]},"properties":{"kind":"stop","stop_id":"2.2067.676114","name":"Vila i Vil\u00e0 - Puigxuriguer"}},{"type":"Feature","geometry":{"type":"Point","coordinates":[2.124832,41.393027]},"properties":{"kind":"stop","stop_id":"2.2128.676151","name":"Capit\u00e0 Arenas - Manuel de Falla"}},{"type":"Feature","geometry":{"type":"Point","coordinates":[2.206746,41.404422]},"properties":{"kind":"stop","stop_id":"2.2134.690583","name":"Llull - Jardins Gandhi"}},{"type":"Feature","geometry":{"type":"Point","coordinates":[2.161803,41.420811]},"properties":{"kind":"stop","stop_id":"2.2138.679741","name":"IES Ferran Tallada"}},{"type":"Feature","geometry":{"type":"Point","coordinates":[2.159524,41.419693]},"properties":{"kind":"stop","stop_id":"2.2141.676164","name":"Tur\u00f3 de La Rovira"}},{"type":"Feature","geometry":{"type":"Point","coordinates":[2.159954,41.419972]},"properties":{"kind":"stop","stop_id":"2.2142.679733","name":"Gran Vista"}},{"type":"Feature","geometry":{"type":"Point","coordinates":[2.139496,41.420794]},"properties":{"kind":"stop","stop_id":"2.2154.685639","name":"Jeric\u00f3 - Pg Vall d'Hebron"}},{"type":"Feature","geometry":{"type":"Point","coordinates":[2.138529,41.420621]},"properties":{"kind":"stop","stop_id":"2.2157.676172","name":"Ctra Sant Cugat - Navata"}},{"type":"Feature","geometry":{"type":"Point","coordinates":[2.138556,41.418603]},"properties":{"kind":"stop","stop_id":"2.2158.676175","name":"Ctra Sant Cugat - Gutenberg"}},{"type":"Feature","geometry":{"type":"Point","coordinates":[2.171713,41.388681]},"properties":{"kind":"stop","stop_id":"2.2192.697897","name":"Ronda Sant Pere-Pau Claris"}},{"type":"Feature","geometry":{"type":"Point","coordinates":[2.167093,41.415722]},"properties":{"kind":"stop","stop_id":"2.2194.676200","name":"Francesc Alegre - Av Mare de D\u00e9u de Montserrat"}},{"type":"Feature","geometry":{"type":"Point","coordinates":[2.168004,41.418271]},"properties":{"kind":"stop","stop_id":"2.2195.697028","name":"Budapest - G\u00e8nova"}},{"type":"Feature","geometry":{"type":"Point","coordinates":[2.169092,41.418511]},"properties":{"kind":"stop","stop_id":"2.2196.686457","name":"Tel\u00e8graf - Doctor Cadevall"}},{"type":"Feature","geometry":{"type":"Point","coordinates":[2.166285,41.416396]},"properties":{"kind":"stop","stop_id":"2.2197.698148","name":"Francesc Alegre"}},{"type":"Feature","geometry":{"type":"Point","coordinates":[2.163583,41.415241]},"properties":{"kind":"stop","stop_id":"2.2198.685463","name":"Fran\u00e7a - Pol\u00f2nia"}},{"type":"Feature","geometry":{"type":"Point","coordinates":[2.151489,41.411466]},"properties":{"kind":"stop","stop_id":"2.2199.676206","name":"Av del Coll del Portell, 74"}},{"type":"Feature","geometry":{"type":"Point","coordinates":[2.139136,41.417831]},"properties":{"kind":"stop","stop_id":"2.2200.683409","name":"Pg Vall d'Hebron - Anna Piferrer"}},{"type":"Feature","geometry":{"type":"Point","coordinates":[2.179764,41.372422]},"properties":{"kind":"stop","stop_id":"2.2243.690320","name":"Moll de Barcelona - Final de trajecte"}},{"type":"Feature","geometry":{"type":"Point","coordinates":[2.140599,41.363737]},"properties":{"kind":"stop","stop_id":"2.2255.676250","name":"Segura - Escales del Polvor\u00ed"}},{"type":"Feature","geometry":{"type":"Point","coordinates":[2.140598,41.363854]},"properties":{"kind":"stop","stop_id":"2.2256.684678","name":"Segura - Guadalquivir"}},{"type":"Feature","geometry":{"type":"Point","coordinates":[2.195405,41.405229]},"properties":{"kind":"stop","stop_id":"2.2262.679480","name":"Diagonal - Rambla del Poblenou"}},{"type":"Feature","geometry":{"type":"Point","coordinates":[2.141343,41.381212]},"properties":{"kind":"stop","stop_id":"2.2270.676263","name":"Num\u00e0ncia - Av Roma"}},{"type":"Feature","geometry":{"type":"Point","coordinates":[2.11854,41.398388]},"properties":{"kind":"stop","stop_id":"2.2279.692584","name":"Pg Reina Elisenda - Av JV Foix"}},{"type":"Feature","geometry":{"type":"Point","coordinates":[2.131274,41.397839]},"properties":{"kind":"stop","stop_id":"2.2287.676273","name":"Via Augusta - Doctor Roux"}},{"type":"Feature","geometry":{"type":"Point","coordinates":[2.133599,41.397849]},"properties":{"kind":"stop","stop_id":"2.2288.694718","name":"Via Augusta - Ronda General Mitre"}},{"type":"Feature","geometry":{"type":"Point","coordinates":[2.208708,41.407749]},"properties":{"kind":"stop","stop_id":"2.2289.688204","name":"Pujades - Proven\u00e7als"}},{"type":"Feature","geometry":{"type":"Point","coordinates":[2.188536,41.391813]},"properties":{"kind":"stop","stop_id":"2.2293.690722","name":"Sardenya - Pujades"}},{"type":"Feature","geometry":{"type":"Point","coordinates":[2.190742,41.390161]},"properties":{"kind":"stop","stop_id":"2.2294.690724","name":"Ramon Trias Fargas - Doctor Trueta"}},{"type":"Feature","geometry":{"type":"Point","coordinates":[2.193925,41.388429]},"properties":{"kind":"stop","stop_id":"2.2295.676825","name":"Ic\u00e0ria - Parc Carles I"}},{"type":"Feature","geometry":{"type":"Point","coordinates":[2.196301,41.385226]},"properties":{"kind":"stop","stop_id":"2.2306.690786","name":"Pg Mar\u00edtim - Final de trajecte"}},{"type":"Feature","geometry":{"type":"Point","coordinates":[2.162499,41.367155]},"properties":{"kind":"stop","stop_id":"2.2307.676301","name":"Doctor Font i Quer - Tarongers"}},{"type":"Feature","geometry":{"type":"Point","coordinates":[2.160554,41.36584]},"properties":{"kind":"stop","stop_id":"2.2308.688718","name":"Doctor Font i Quer - Can Valero"}},{"type":"Feature","geometry":{"type":"Point","coordinates":[2.165788,41.369002]},"properties":{"kind":"stop","stop_id":"2.2309.676296","name":"Av Miramar - Pl Dante"}},{"type":"Feature","geometry":{"type":"Point","coordinates":[2.168879,41.370255]},"properties":{"kind":"stop","stop_id":"2.2310.683560","name":"Av Miramar - Pl Carlos Ib\u00e1\u00f1ez"}},{"type":"Feature","geometry":{"type":"Point","coordinates":[2.156169,41.368603]},"properties":{"kind":"stop","stop_id":"2.2311.676300","name":"Museu Nacional - Museu Etnol\u00f2gic"}},{"type":"Feature","geometry":{"type":"Point","coordinates":[2.167015,41.36507]},"properties":{"kind":"stop","stop_id":"2.2315.676305","name":"Castell"}},{"type":"Feature","geometry":{"type":"Point","coordinates":[2.15838,41.367099]},"properties":{"kind":"stop","stop_id":"2.2324.676299","name":"Av de l'Estadi - Vivers"}},{"type":"Feature","geometry":{"type":"Point","coordinates":[2.168871,41.367923]},"properties":{"kind":"stop","stop_id":"2.2326.682101","name":"Pl de la Sardana"}},{"type":"Feature","geometry":{"type":"Point","coordinates":[2.185612,41.409345]},"properties":{"kind":"stop","stop_id":"2.2335.676324","name":"Val\u00e8ncia - Rogent"}},{"type":"Feature","geometry":{"type":"Point","coordinates":[2.156073,41.368543]},"properties":{"kind":"stop","stop_id":"2.2341.676323","name":"Museu Nacional - Museu Etnol\u00f2gic"}},{"type":"Feature","geometry":{"type":"Point","coordinates":[2.133123,41.40399]},"properties":{"kind":"stop","stop_id":"2.2342.692418","name":"Mandri - Ma\u00f3"}},{"type":"Feature","geometry":{"type":"Point","coordinates":[2.132005,41.40576]},"properties":{"kind":"stop","stop_id":"2.2344.698774","name":"Pg de la Bonanova - Sant Delf\u00ed"}},{"type":"Feature","geometry":{"type":"Point","coordinates":[2.151303,41.383576]},"properties":{"kind":"stop","stop_id":"2.2345.689766","name":"Val\u00e8ncia - Viladomat"}},{"type":"Feature","geometry":{"type":"Point","coordinates":[2.124073,41.394194]},"properties":{"kind":"stop","stop_id":"2.2362.682273","name":"Santa Am\u00e8lia - Capit\u00e0 Arenas"}},{"type":"Feature","geometry":{"type":"Point","coordinates":[2.13444,41.363662]},"properties":{"kind":"stop","stop_id":"2.2363.683653","name":"Gran Via - Radi"}},{"type":"Feature","geometry":{"type":"Point","coordinates":[2.173158,41.418572]},"properties":{"kind":"stop","stop_id":"2.2367.676347","name":"Ptge Garrofers - Vars\u00f2via"}},{"type":"Feature","geometry":{"type":"Point","coordinates":[2.11421,41.401461]},"properties":{"kind":"stop","stop_id":"2.2383.676361","name":"Ronda de Dalt - Av J V Foix"}},{"type":"Feature","geometry":{"type":"Point","coordinates":[2.121975,41.393075]},"properties":{"kind":"stop","stop_id":"2.2384.689754","name":"Santa Am\u00e8lia"}},{"type":"Feature","geometry":{"type":"Point","coordinates":[2.120108,41.39558]},"properties":{"kind":"stop","stop_id":"2.2385.689701","name":"Av J V Foix - Pedr\u00f3 de la Creu"}},{"type":"Feature","geometry":{"type":"Point","coordinates":[2.119219,41.398098]},"properties":{"kind":"stop","stop_id":"2.2387.682387","name":"Av J V Foix - Pg Reina Elisenda"}},{"type":"Feature","geometry":{"type":"Point","coordinates":[2.116707,41.399586]},"properties":{"kind":"stop","stop_id":"2.2388.682277","name":"Av J V Foix - Monestir"}},{"type":"Feature","geometry":{"type":"Point","coordinates":[2.117388,41.399066]},"properties":{"kind":"stop","stop_id":"2.2389.689938","name":"Av J V Foix - Monestir"}},{"type":"Feature","geometry":{"type":"Point","coordinates":[2.119089,41.398025]},"properties":{"kind":"stop","stop_id":"2.2390.682385","name":"Av J V Foix - Pg Reina Elisenda"}},{"type":"Feature","geometry":{"type":"Point","coordinates":[2.117166,41.37839]},"properties":{"kind":"stop","stop_id":"2.2392.697339","name":"Cardenal Reig - Pintor Tapir\u00f3 - Final de trajecte"}},{"type":"Feature","geometry":{"type":"Point","coordinates":[2.121418,41.377488]},"properties":{"kind":"stop","stop_id":"2.2399.676396","name":"Riera Blanca - Les Corts"}},{"type":"Feature","geometry":{"type":"Point","coordinates":[2.171905,41.419075]},"properties":{"kind":"stop","stop_id":"2.2415.676397","name":"Garriga i Roca - Av Mare de D\u00e9u de Montserrat"}},{"type":"Feature","geometry":{"type":"Point","coordinates":[2.128548,41.405046]},"properties":{"kind":"stop","stop_id":"2.2433.676411","name":"Esperan\u00e7a - Vilana"}},{"type":"Feature","geometry":{"type":"Point","coordinates":[2.126414,41.403955]},"properties":{"kind":"stop","stop_id":"2.2434.676412","name":"Esperan\u00e7a - Marquesa de Vilallonga"}},{"type":"Feature","geometry":{"type":"Point","coordinates":[2.124587,41.40536]},"properties":{"kind":"stop","stop_id":"2.2435.676413","name":"Iradier - Planella"}},{"type":"Feature","geometry":{"type":"Point","coordinates":[2.126215,41.406771]},"properties":{"kind":"stop","stop_id":"2.2436.676414","name":"Planella - Marquesa de Vilallonga"}},{"type":"Feature","geometry":{"type":"Point","coordinates":[2.128032,41.408357]},"properties":{"kind":"stop","stop_id":"2.2437.676415","name":"Bellesguard - Immaculada"}},{"type":"Feature","geometry":{"type":"Point","coordinates":[2.12643,41.409087]},"properties":{"kind":"stop","stop_id":"2.2438.676416","name":"Bellesguard - Valeta d'Arquer"}},{"type":"Feature","geometry":{"type":"Point","coordinates":[2.129405,41.411613]},"properties":{"kind":"stop","stop_id":"2.2439.676417","name":"Balsareny - Vista Bella"}},{"type":"Feature","geometry":{"type":"Point","coordinates":[2.131587,41.410536]},"properties":{"kind":"stop","stop_id":"2.2440.691593","name":"Jes\u00fas Maria - Quatre Camins"}},{"type":"Feature","geometry":{"type":"Point","coordinates":[2.132949,41.409656]},"properties":{"kind":"stop","stop_id":"2.2441.676419","name":"Jes\u00fas Maria - Pg Sant Gervasi"}},{"type":"Feature","geometry":{"type":"Point","coordinates":[2.140514,41.413894]},"properties":{"kind":"stop","stop_id":"2.2442.676420","name":"Esteve Terradas - Josep Jover"}},{"type":"Feature","geometry":{"type":"Point","coordinates":[2.139808,41.415052]},"properties":{"kind":"stop","stop_id":"2.2443.678970","name":"Parc Sanitari Pere Virgili"}},{"type":"Feature","geometry":{"type":"Point","coordinates":[2.135016,41.417201]},"properties":{"kind":"stop","stop_id":"2.2445.676423","name":"Collserola - Carlos Pirozzini"}},{"type":"Feature","geometry":{"type":"Point","coordinates":[2.133909,41.418248]},"properties":{"kind":"stop","stop_id":"2.2446.676424","name":"Enric Clarass\u00f3 - Collserola"}},{"type":"Feature","geometry":{"type":"Point","coordinates":[2.140708,41.417403]},"properties":{"kind":"stop","stop_id":"2.2453.676438","name":"Anna Piferrer - Av Vallcarca"}},{"type":"Feature","geometry":{"type":"Point","coordinates":[2.157981,41.368543]},"properties":{"kind":"stop","stop_id":"2.2458.676436","name":"Pg de Santa Madrona"}},{"type":"Feature","geometry":{"type":"Point","coordinates":[2.158042,41.368435]},"properties":{"kind":"stop","stop_id":"2.2459.676437","name":"Pg de Santa Madrona - Font del Gat"}},{"type":"Feature","geometry":{"type":"Point","coordinates":[2.191976,41.401323]},"properties":{"kind":"stop","stop_id":"2.2464.695672","name":"Badajoz - Sancho de \u00c1vila"}},{"type":"Feature","geometry":{"type":"Point","coordinates":[2.161776,41.407526]},"properties":{"kind":"stop","stop_id":"2.2479.685446","name":"Encarnaci\u00f3 - Escorial"}},{"type":"Feature","geometry":{"type":"Point","coordinates":[2.159707,41.406217]},"properties":{"kind":"stop","stop_id":"2.2480.676454","name":"Encarnaci\u00f3 - Torrent de les Flors"}},{"type":"Feature","geometry":{"type":"Point","coordinates":[2.157247,41.404669]},"properties":{"kind":"stop","stop_id":"2.2481.676455","name":"Pl de la Virreina"}},{"type":"Feature","geometry":{"type":"Point","coordinates":[2.156638,41.402153]},"properties":{"kind":"stop","stop_id":"2.2482.678386","name":"Ros de Olano - Torrent de l'Olla"}},{"type":"Feature","geometry":{"type":"Point","coordinates":[2.154683,41.401047]},"properties":{"kind":"stop","stop_id":"2.2483.676511","name":"Ros de Olano - Gran de Gr\u00e0cia"}},{"type":"Feature","geometry":{"type":"Point","coordinates":[2.138295,41.364874]},"properties":{"kind":"stop","stop_id":"2.2502.676480","name":"Mineria - Mare de D\u00e9u de Port"}},{"type":"Feature","geometry":{"type":"Point","coordinates":[2.139195,41.364003]},"properties":{"kind":"stop","stop_id":"2.2503.694035","name":"Mare de D\u00e9u de Port - Mineria"}},{"type":"Feature","geometry":{"type":"Point","coordinates":[2.126875,41.386861]},"properties":{"kind":"stop","stop_id":"2.2530.676514","name":"G V Carles III - Pl Reina M C - Final de trajecte"}},{"type":"Feature","geometry":{"type":"Point","coordinates":[2.128466,41.382146]},"properties":{"kind":"stop","stop_id":"2.2532.689812","name":"Carles III - Les Corts"}},{"type":"Feature","geometry":{"type":"Point","coordinates":[2.16629,41.41655]},"properties":{"kind":"stop","stop_id":"2.2533.678202","name":"Francesc Alegre - Budapest"}},{"type":"Feature","geometry":{"type":"Point","coordinates":[2.16722,41.37195]},"properties":{"kind":"stop","stop_id":"2.2536.676522","name":"Pg de Montju\u00efc - Nou de La Rambla"}},{"type":"Feature","geometry":{"type":"Point","coordinates":[2.16542,41.419071]},"properties":{"kind":"stop","stop_id":"2.2539.693011","name":"Panorama - Lab\u00e8rnia"}},{"type":"Feature","geometry":{"type":"Point","coordinates":[2.115683,41.385077]},"properties":{"kind":"stop","stop_id":"2.2542.679462","name":"Zona Universit\u00e0ria - Escola T S d'Enginyeria"}},{"type":"Feature","geometry":{"type":"Point","coordinates":[2.118733,41.38585]},"properties":{"kind":"stop","stop_id":"2.2543.679464","name":"Diagonal - Metro Palau Reial"}},{"type":"Feature","geometry":{"type":"Point","coordinates":[2.209146,41.420297]},"properties":{"kind":"stop","stop_id":"2.2547.680626","name":"Gran Via - Ca n'Oliva"}},{"type":"Feature","geometry":{"type":"Point","coordinates":[2.117823,41.380693]},"properties":{"kind":"stop","stop_id":"2.2550.692194","name":"Mini Estadi del F C Barcelona"}},{"type":"Feature","geometry":{"type":"Point","coordinates":[2.157136,41.411739]},"properties":{"kind":"stop","stop_id":"2.2552.691969","name":"Escorial - Mare de D\u00e9u de la Salut"}},{"type":"Feature","geometry":{"type":"Point","coordinates":[2.155572,41.412065]},"properties":{"kind":"stop","stop_id":"2.2553.676551","name":"Pare Jacint Alegre - Sant Cugat del Vall\u00e8s"}},{"type":"Feature","geometry":{"type":"Point","coordinates":[2.154369,41.413002]},"properties":{"kind":"stop","stop_id":"2.2554.696259","name":"Marianao - Mercedes"}},{"type":"Feature","geometry":{"type":"Point","coordinates":[2.152958,41.413344]},"properties":{"kind":"stop","stop_id":"2.2555.696258","name":"Park G\u00fcell"}},{"type":"Feature","geometry":{"type":"Point","coordinates":[2.187595,41.370691]},"properties":{"kind":"stop","stop_id":"2.2558.699397","name":"Pg Joan de Borb\u00f3 - Moll de Catalunya"}},{"type":"Feature","geometry":{"type":"Point","coordinates":[2.187718,41.370738]},"properties":{"kind":"stop","stop_id":"2.2559.679589","name":"Pg Joan de Borb\u00f3 - Moll de Catalunya"}},{"type":"Feature","geometry":{"type":"Point","coordinates":[2.157458,41.366521]},"properties":{"kind":"stop","stop_id":"2.2567.681526","name":"Av de l'Estadi - Pg Ol\u00edmpic"}},{"type":"Feature","geometry":{"type":"Point","coordinates":[2.160615,41.37263]},"properties":{"kind":"stop","stop_id":"2.2568.676571","name":"Radas - Magalh\u00e4es"}},{"type":"Feature","geometry":{"type":"Point","coordinates":[2.159483,41.371117]},"properties":{"kind":"stop","stop_id":"2.2569.676747","name":"Pg de l'Exposici\u00f3 - Sant Isidre"}},{"type":"Feature","geometry":{"type":"Point","coordinates":[2.158748,41.366374]},"properties":{"kind":"stop","stop_id":"2.2581.676647","name":"Vivers Tres Pins"}},{"type":"Feature","geometry":{"type":"Point","coordinates":[2.137032,41.410114]},"properties":{"kind":"stop","stop_id":"2.2584.676603","name":"Pl Kennedy"}},{"type":"Feature","geometry":{"type":"Point","coordinates":[2.116581,41.386272]},"properties":{"kind":"stop","stop_id":"2.2586.677927","name":"John M. Keynes - Diagonal"}},{"type":"Feature","geometry":{"type":"Point","coordinates":[2.15386,41.412382]},"properties":{"kind":"stop","stop_id":"2.2607.696256","name":"Larrard - Rambla Mercedes"}},{"type":"Feature","geometry":{"type":"Point","coordinates":[2.176747,41.374786]},"properties":{"kind":"stop","stop_id":"2.2617.676659","name":"Les Drassanes"}},{"type":"Feature","geometry":{"type":"Point","coordinates":[2.177143,41.374799]},"properties":{"kind":"stop","stop_id":"2.2618.676658","name":"Les Drassanes"}},{"type":"Feature","geometry":{"type":"Point","coordinates":[2.134904,41.398468]},"properties":{"kind":"stop","stop_id":"2.2625.676690","name":"Ganduxer - Via Augusta"}},{"type":"Feature","geometry":{"type":"Point","coordinates":[2.188249,41.374129]},"properties":{"kind":"stop","stop_id":"2.2626.689454","name":"Pg Joan de Borb\u00f3 - Pl del Mar"}},{"type":"Feature","geometry":{"type":"Point","coordinates":[2.136103,41.416248]},"properties":{"kind":"stop","stop_id":"2.2655.676752","name":"Collserola - Josep Gar\u00ed"}},{"type":"Feature","geometry":{"type":"Point","coordinates":[2.18178,41.415183]},"properties":{"kind":"stop","stop_id":"2.2665.683381","name":"Ind\u00fastria - Freser"}},{"type":"Feature","geometry":{"type":"Point","coordinates":[2.180865,41.416159]},"properties":{"kind":"stop","stop_id":"2.2668.684925","name":"Sant Antoni Maria Claret - Pg Maragall"}},{"type":"Feature","geometry":{"type":"Point","coordinates":[2.180076,41.416367]},"properties":{"kind":"stop","stop_id":"2.2669.693369","name":"Villar - Pg Maragall"}},{"type":"Feature","geometry":{"type":"Point","coordinates":[2.178562,41.416212]},"properties":{"kind":"stop","stop_id":"2.2670.690842","name":"Rambla Volart - Trobador"}},{"type":"Feature","geometry":{"type":"Point","coordinates":[2.118457,41.398486]},"properties":{"kind":"stop","stop_id":"2.2681.692586","name":"Pg Reina Elisenda - Av JV Foix"}},{"type":"Feature","geometry":{"type":"Point","coordinates":[2.117486,41.378549]},"properties":{"kind":"stop","stop_id":"2.2685.697337","name":"Cardenal Reig - Av St Ramon Nonat"}},{"type":"Feature","geometry":{"type":"Point","coordinates":[2.131584,41.380694]},"properties":{"kind":"stop","stop_id":"2.2690.677900","name":"Av Madrid - Joan G\u00fcell"}},{"type":"Feature","geometry":{"type":"Point","coordinates":[2.140207,41.381575]},"properties":{"kind":"stop","stop_id":"2.2695.684617","name":"Dolors Batlle i Sunyer - Num\u00e0ncia"}},{"type":"Feature","geometry":{"type":"Point","coordinates":[2.2001,41.408679]},"properties":{"kind":"stop","stop_id":"2.2698.693905","name":"Espronceda - Marroc"}},{"type":"Feature","geometry":{"type":"Point","coordinates":[2.202842,41.406595]},"properties":{"kind":"stop","stop_id":"2.2699.681904","name":"Espronceda - Pere IV"}},{"type":"Feature","geometry":{"type":"Point","coordinates":[2.205776,41.404384]},"properties":{"kind":"stop","stop_id":"2.2700.690691","name":"Espronceda - Jardins Josep Trueta"}},{"type":"Feature","geometry":{"type":"Point","coordinates":[2.19543,41.398698]},"properties":{"kind":"stop","stop_id":"2.2723.695671","name":"Badajoz - Pujades"}},{"type":"Feature","geometry":{"type":"Point","coordinates":[2.155677,41.410953]},"properties":{"kind":"stop","stop_id":"2.2724.678739","name":"Larrard - Mare de D\u00e9u de la Salut"}},{"type":"Feature","geometry":{"type":"Point","coordinates":[2.18811,41.403039]},"properties":{"kind":"stop","stop_id":"2.2729.700225","name":"Pla\u00e7a de les Gl\u00f2ries - Final de trajecte"}},{"type":"Feature","geometry":{"type":"Point","coordinates":[2.173207,41.414919]},"properties":{"kind":"stop","stop_id":"2.2733.695727","name":"Hospital de Sant Pau"}},{"type":"Feature","geometry":{"type":"Point","coordinates":[2.175794,41.415123]},"properties":{"kind":"stop","stop_id":"2.2734.695205","name":"Sant Quint\u00ed - Hospital de St Pau"}},{"type":"Feature","geometry":{"type":"Point","coordinates":[2.177423,41.413892]},"properties":{"kind":"stop","stop_id":"2.2735.678855","name":"Sant Quint\u00ed - Sant Antoni Maria Claret"}},{"type":"Feature","geometry":{"type":"Point","coordinates":[2.185022,41.416606]},"properties":{"kind":"stop","stop_id":"2.2736.689845","name":"Navas de Tolosa - Ind\u00fastria"}},{"type":"Feature","geometry":{"type":"Point","coordinates":[2.187542,41.414711]},"properties":{"kind":"stop","stop_id":"2.2737.678859","name":"Navas de Tolosa - Meridiana"}},{"type":"Feature","geometry":{"type":"Point","coordinates":[2.189308,41.41339]},"properties":{"kind":"stop","stop_id":"2.2738.678861","name":"Navas de Tolosa - Clot"}},{"type":"Feature","geometry":{"type":"Point","coordinates":[2.200198,41.405217]},"properties":{"kind":"stop","stop_id":"2.2740.679818","name":"Bilbao - Pere IV"}},{"type":"Feature","geometry":{"type":"Point","coordinates":[2.199013,41.400473]},"properties":{"kind":"stop","stop_id":"2.2741.682476","name":"Pujades - Llacuna"}},{"type":"Feature","geometry":{"type":"Point","coordinates":[2.172287,41.412801]},"properties":{"kind":"stop","stop_id":"2.2747.695634","name":"Fundaci\u00f3 Puigvert"}},{"type":"Feature","geometry":{"type":"Point","coordinates":[2.178837,41.420204]},"properties":{"kind":"stop","stop_id":"2.2759.679252","name":"Oblit - Doctor Valls"}},{"type":"Feature","geometry":{"type":"Point","coordinates":[2.176989,41.418876]},"properties":{"kind":"stop","stop_id":"2.2760.685541","name":"Oblit - direcci\u00f3 Dos de Maig"}},{"type":"Feature","geometry":{"type":"Point","coordinates":[2.134612,41.416577]},"properties":{"kind":"stop","stop_id":"2.2761.679224","name":"Carles Pirozzini - Collserola"}},{"type":"Feature","geometry":{"type":"Point","coordinates":[2.132658,41.417721]},"properties":{"kind":"stop","stop_id":"2.2762.685340","name":"Enginyeria - Marqu\u00e8s de Lamadrid"}},{"type":"Feature","geometry":{"type":"Point","coordinates":[2.131263,41.417913]},"properties":{"kind":"stop","stop_id":"2.2763.679228","name":"Enginyeria - Collserola"}},{"type":"Feature","geometry":{"type":"Point","coordinates":[2.130838,41.418234]},"properties":{"kind":"stop","stop_id":"2.2764.679230","name":"Collserola - August Font"}},{"type":"Feature","geometry":{"type":"Point","coordinates":[2.132135,41.418539]},"properties":{"kind":"stop","stop_id":"2.2765.679232","name":"Collserola - Salvador Alarma"}},{"type":"Feature","geometry":{"type":"Point","coordinates":[2.133969,41.418991]},"properties":{"kind":"stop","stop_id":"2.2766.679234","name":"Salvador Alarma - August Font"}},{"type":"Feature","geometry":{"type":"Point","coordinates":[2.133616,41.419739]},"properties":{"kind":"stop","stop_id":"2.2767.685331","name":"Josep M Jujol - August Font"}},{"type":"Feature","geometry":{"type":"Point","coordinates":[2.134876,41.420191]},"properties":{"kind":"stop","stop_id":"2.2768.679240","name":"Vallpar - Josep M Jujol"}},{"type":"Feature","geometry":{"type":"Point","coordinates":[2.13579,41.419247]},"properties":{"kind":"stop","stop_id":"2.2769.679239","name":"Vallpar - Navata"}},{"type":"Feature","geometry":{"type":"Point","coordinates":[2.136627,41.418328]},"properties":{"kind":"stop","stop_id":"2.2770.690515","name":"Tici\u00e0 - Penitents"}},{"type":"Feature","geometry":{"type":"Point","coordinates":[2.13762,41.417612]},"properties":{"kind":"stop","stop_id":"2.2771.679245","name":"Tici\u00e0 - Palma de St Gen\u00eds"}},{"type":"Feature","geometry":{"type":"Point","coordinates":[2.202486,41.403535]},"properties":{"kind":"stop","stop_id":"2.2772.679751","name":"Bilbao - Pujades"}},{"type":"Feature","geometry":{"type":"Point","coordinates":[2.149526,41.421006]},"properties":{"kind":"stop","stop_id":"2.2773.684379","name":"Mare de D\u00e9u del Coll - Lorda"}},{"type":"Feature","geometry":{"type":"Point","coordinates":[2.150147,41.373756]},"properties":{"kind":"stop","stop_id":"2.2775.699653","name":"Pl Espanya - Final de trajecte"}},{"type":"Feature","geometry":{"type":"Point","coordinates":[2.159227,41.412393]},"properties":{"kind":"stop","stop_id":"2.2776.679421","name":"Trav de Dalt - Riera de Can Toda"}},{"type":"Feature","geometry":{"type":"Point","coordinates":[2.15635,41.410576]},"properties":{"kind":"stop","stop_id":"2.2777.693091","name":"CAP Larrard"}},{"type":"Feature","geometry":{"type":"Point","coordinates":[2.133986,41.420968]},"properties":{"kind":"stop","stop_id":"2.2788.679413","name":"Josep M Jujol - Vallpar"}},{"type":"Feature","geometry":{"type":"Point","coordinates":[2.144566,41.411415]},"properties":{"kind":"stop","stop_id":"2.2800.679606","name":"Av Rep\u00fablica Argentina - Vallcarca"}},{"type":"Feature","geometry":{"type":"Point","coordinates":[2.183852,41.420557]},"properties":{"kind":"stop","stop_id":"2.2831.683205","name":"Concepci\u00f3 Arenal - Juan de Garay"}},{"type":"Feature","geometry":{"type":"Point","coordinates":[2.181793,41.418549]},"properties":{"kind":"stop","stop_id":"2.2832.682504","name":"Juan de Garay - Navas de Tolosa"}},{"type":"Feature","geometry":{"type":"Point","coordinates":[2.16921,41.388804]},"properties":{"kind":"stop","stop_id":"2.2833.680073","name":"Pg de Gr\u00e0cia - Ronda de Sant Pere - Final de traje"}},{"type":"Feature","geometry":{"type":"Point","coordinates":[2.142347,41.371254]},"properties":{"kind":"stop","stop_id":"2.2835.680104","name":"Moian\u00e8s - Cuy\u00e0s"}},{"type":"Feature","geometry":{"type":"Point","coordinates":[2.141705,41.369643]},"properties":{"kind":"stop","stop_id":"2.2836.680102","name":"Mag\u00f2ria"}},{"type":"Feature","geometry":{"type":"Point","coordinates":[2.140864,41.417341]},"properties":{"kind":"stop","stop_id":"2.2838.700170","name":"Metro Penitens"}},{"type":"Feature","geometry":{"type":"Point","coordinates":[2.140949,41.413297]},"properties":{"kind":"stop","stop_id":"2.2840.680137","name":"Esteve Terradas"}},{"type":"Feature","geometry":{"type":"Point","coordinates":[2.142615,41.41577]},"properties":{"kind":"stop","stop_id":"2.2841.680144","name":"Gustavo B\u00e9cquer - Av Vallcarca"}},{"type":"Feature","geometry":{"type":"Point","coordinates":[2.144395,41.414368]},"properties":{"kind":"stop","stop_id":"2.2842.687089","name":"Bar\u00f3 de la Barre - Gustavo B\u00e9cquer"}},{"type":"Feature","geometry":{"type":"Point","coordinates":[2.150976,41.419009]},"properties":{"kind":"stop","stop_id":"2.2843.684370","name":"Tirso - Mora la Nova"}},{"type":"Feature","geometry":{"type":"Point","coordinates":[2.150112,41.417764]},"properties":{"kind":"stop","stop_id":"2.2844.680157","name":"Tirso - Pl Laguna Lanau"}},{"type":"Feature","geometry":{"type":"Point","coordinates":[2.147175,41.414797]},"properties":{"kind":"stop","stop_id":"2.2848.680165","name":"Sant Eudald - Mora d'Ebre"}},{"type":"Feature","geometry":{"type":"Point","coordinates":[2.145277,41.413657]},"properties":{"kind":"stop","stop_id":"2.2849.680167","name":"Sant Eudald - Pl Mons"}},{"type":"Feature","geometry":{"type":"Point","coordinates":[2.145261,41.415296]},"properties":{"kind":"stop","stop_id":"2.2850.680179","name":"Cardedeu - Pg Mare de D\u00e9u del Coll"}},{"type":"Feature","geometry":{"type":"Point","coordinates":[2.144365,41.416404]},"properties":{"kind":"stop","stop_id":"2.2851.695706","name":"Cardedeu - Montorn\u00e8s"}},{"type":"Feature","geometry":{"type":"Point","coordinates":[2.142686,41.418219]},"properties":{"kind":"stop","stop_id":"2.2852.695704","name":"Montorn\u00e8s - Capellades"}},{"type":"Feature","geometry":{"type":"Point","coordinates":[2.118133,41.399875]},"properties":{"kind":"stop","stop_id":"2.2866.680303","name":"Ramon Miquel Planas - Duquesa d'Orleans"}},{"type":"Feature","geometry":{"type":"Point","coordinates":[2.122015,41.397629]},"properties":{"kind":"stop","stop_id":"2.2869.696046","name":"Pedr\u00f3 de la Creu - Gresolet"}},{"type":"Feature","geometry":{"type":"Point","coordinates":[2.120184,41.397178]},"properties":{"kind":"stop","stop_id":"2.2870.680255","name":"Av J V Foix - Mendel"}},{"type":"Feature","geometry":{"type":"Point","coordinates":[2.143706,41.40568]},"properties":{"kind":"stop","stop_id":"2.2872.684359","name":"Saragossa - Ronda General Mitre"}},{"type":"Feature","geometry":{"type":"Point","coordinates":[2.138915,41.411048]},"properties":{"kind":"stop","stop_id":"2.2876.685637","name":"Luc\u00e0 - Craywinckel"}},{"type":"Feature","geometry":{"type":"Point","coordinates":[2.138929,41.411747]},"properties":{"kind":"stop","stop_id":"2.2878.685614","name":"Craywinckel - Hurtado"}},{"type":"Feature","geometry":{"type":"Point","coordinates":[2.141319,41.409849]},"properties":{"kind":"stop","stop_id":"2.2880.680372","name":"Marmell\u00e0 - Hurtado"}},{"type":"Feature","geometry":{"type":"Point","coordinates":[2.14105,41.411446]},"properties":{"kind":"stop","stop_id":"2.2882.680376","name":"Caire - Rep\u00fablica Argentina"}},{"type":"Feature","geometry":{"type":"Point","coordinates":[2.142683,41.410789]},"properties":{"kind":"stop","stop_id":"2.2883.697562","name":"Portol\u00e0 - Ferran Puig"}},{"type":"Feature","geometry":{"type":"Point","coordinates":[2.143977,41.410053]},"properties":{"kind":"stop","stop_id":"2.2884.680380","name":"Ferran Puig - Jardins Tur\u00f3 del Putxet"}},{"type":"Feature","geometry":{"type":"Point","coordinates":[2.145169,41.408927]},"properties":{"kind":"stop","stop_id":"2.2885.680382","name":"Ferran Puig - Agramunt"}},{"type":"Feature","geometry":{"type":"Point","coordinates":[2.146538,41.407628]},"properties":{"kind":"stop","stop_id":"2.2886.697935","name":"Ferran Puig - Ballester"}},{"type":"Feature","geometry":{"type":"Point","coordinates":[2.143974,41.406452]},"properties":{"kind":"stop","stop_id":"2.2888.680392","name":"Putxet - Cadis"}},{"type":"Feature","geometry":{"type":"Point","coordinates":[2.125089,41.411144]},"properties":{"kind":"stop","stop_id":"2.2894.698722","name":"Bellesguard-Josep Canaleta"}},{"type":"Feature","geometry":{"type":"Point","coordinates":[2.123677,41.411659]},"properties":{"kind":"stop","stop_id":"2.2895.680548","name":"Carles Riba - Josep Maria Lled\u00f3"}},{"type":"Feature","geometry":{"type":"Point","coordinates":[2.209337,41.413806]},"properties":{"kind":"stop","stop_id":"2.2901.693881","name":"Josep Pla - Crist\u00f3bal de Moura"}},{"type":"Feature","geometry":{"type":"Point","coordinates":[2.206079,41.416328]},"properties":{"kind":"stop","stop_id":"2.2902.680601","name":"Josep Pla - Per\u00fa"}},{"type":"Feature","geometry":{"type":"Point","coordinates":[2.201844,41.414205]},"properties":{"kind":"stop","stop_id":"2.2903.683375","name":"Selva de Mar - Per\u00fa"}},{"type":"Feature","geometry":{"type":"Point","coordinates":[2.205799,41.411211]},"properties":{"kind":"stop","stop_id":"2.2904.693879","name":"Selva de Mar - Pere IV"}},{"type":"Feature","geometry":{"type":"Point","coordinates":[2.209802,41.408127]},"properties":{"kind":"stop","stop_id":"2.2906.680634","name":"Selva de Mar - Llull"}},{"type":"Feature","geometry":{"type":"Point","coordinates":[2.209538,41.402624]},"properties":{"kind":"stop","stop_id":"2.2907.697046","name":"Pg Taulat - Bac de Roda"}},{"type":"Feature","geometry":{"type":"Point","coordinates":[2.132978,41.368248]},"properties":{"kind":"stop","stop_id":"2.2916.680781","name":"Rambla de Badal - Constituci\u00f3"}},{"type":"Feature","geometry":{"type":"Point","coordinates":[2.1775,41.386054]},"properties":{"kind":"stop","stop_id":"2.2920.695702","name":"Francesc Camb\u00f3 - Freixures"}},{"type":"Feature","geometry":{"type":"Point","coordinates":[2.180961,41.389616]},"properties":{"kind":"stop","stop_id":"2.2923.698542","name":"Placeta del Comer\u00e7"}},{"type":"Feature","geometry":{"type":"Point","coordinates":[2.181858,41.386496]},"properties":{"kind":"stop","stop_id":"2.2925.680909","name":"Pl Pons Clerch"}},{"type":"Feature","geometry":{"type":"Point","coordinates":[2.180294,41.385258]},"properties":{"kind":"stop","stop_id":"2.2926.681108","name":"Princesa - Montcada"}},{"type":"Feature","geometry":{"type":"Point","coordinates":[2.18057,41.381255]},"properties":{"kind":"stop","stop_id":"2.2927.680913","name":"Ample - Fusteria"}},{"type":"Feature","geometry":{"type":"Point","coordinates":[2.179321,41.379508]},"properties":{"kind":"stop","stop_id":"2.2928.680963","name":"Pl de la Merc\u00e8"}},{"type":"Feature","geometry":{"type":"Point","coordinates":[2.178538,41.37835]},"properties":{"kind":"stop","stop_id":"2.2929.680965","name":"Pl del Duc de Medinaceli"}},{"type":"Feature","geometry":{"type":"Point","coordinates":[2.164674,41.384417]},"properties":{"kind":"stop","stop_id":"2.2930.681159","name":"Torres i Amat - Ptge St Bernat"}},{"type":"Feature","geometry":{"type":"Point","coordinates":[2.130779,41.413616]},"properties":{"kind":"stop","stop_id":"2.2933.700870","name":"Ronda de Dalt - C\u00edster"}},{"type":"Feature","geometry":{"type":"Point","coordinates":[2.192836,41.414149]},"properties":{"kind":"stop","stop_id":"2.2946.682646","name":"Espronceda - Guip\u00fascoa"}},{"type":"Feature","geometry":{"type":"Point","coordinates":[2.196362,41.4115]},"properties":{"kind":"stop","stop_id":"2.2947.690718","name":"Espronceda - Gran Via"}},{"type":"Feature","geometry":{"type":"Point","coordinates":[2.203737,41.415806]},"properties":{"kind":"stop","stop_id":"2.2949.681044","name":"Gran Via - St Mart\u00ed Proven\u00e7als"}},{"type":"Feature","geometry":{"type":"Point","coordinates":[2.114777,41.377172]},"properties":{"kind":"stop","stop_id":"2.2984.695617","name":"Cardenal Reig - Pisuerga"}},{"type":"Feature","geometry":{"type":"Point","coordinates":[2.158264,41.374355]},"properties":{"kind":"stop","stop_id":"2.2990.682397","name":"Ricart - Paral\u00b7lel"}},{"type":"Feature","geometry":{"type":"Point","coordinates":[2.122521,41.387796]},"properties":{"kind":"stop","stop_id":"2.2992.682493","name":"Pl Pius XII - Av Pedralbes"}},{"type":"Feature","geometry":{"type":"Point","coordinates":[2.16679,41.371784]},"properties":{"kind":"stop","stop_id":"2.3008.682958","name":"CAP Les Hortes"}},{"type":"Feature","geometry":{"type":"Point","coordinates":[2.133837,41.363809]},"properties":{"kind":"stop","stop_id":"2.3023.684931","name":"Ildefons Cerd\u00e0 - Ciutat de la Just\u00edcia"}},{"type":"Feature","geometry":{"type":"Point","coordinates":[2.187946,41.369148]},"properties":{"kind":"stop","stop_id":"2.3030.684272","name":"Pg Joan de Borb\u00f3 - Moll Oriental - Final trajecte"}},{"type":"Feature","geometry":{"type":"Point","coordinates":[2.170859,41.388357]},"properties":{"kind":"stop","stop_id":"2.3032.687813","name":"Ronda St Pere - Pg de Gr\u00e0cia - Final de trajecte"}},{"type":"Feature","geometry":{"type":"Point","coordinates":[2.140356,41.417544]},"properties":{"kind":"stop","stop_id":"2.3046.700171","name":"Anna Piferrer - Bet\u00e0nia"}},{"type":"Feature","geometry":{"type":"Point","coordinates":[2.145255,41.378467]},"properties":{"kind":"stop","stop_id":"2.3125.684646","name":"Metro Tarragona"}},{"type":"Feature","geometry":{"type":"Point","coordinates":[2.123563,41.393802]},"properties":{"kind":"stop","stop_id":"2.3134.685367","name":"Sta Am\u00e8lia - Or"}},{"type":"Feature","geometry":{"type":"Point","coordinates":[2.181295,41.391189]},"properties":{"kind":"stop","stop_id":"2.3141.690329","name":"Pg Llu\u00eds Companys - Almog\u00e0vers"}},{"type":"Feature","geometry":{"type":"Point","coordinates":[2.164262,41.412367]},"properties":{"kind":"stop","stop_id":"2.3162.685023","name":"Praga - Rda Guinard\u00f3"}},{"type":"Feature","geometry":{"type":"Point","coordinates":[2.138844,41.378551]},"properties":{"kind":"stop","stop_id":"2.3166.699310","name":"Pl Joan Peir\u00f3"}},{"type":"Feature","geometry":{"type":"Point","coordinates":[2.124158,41.39604]},"properties":{"kind":"stop","stop_id":"2.3175.685398","name":"Bonaplata"}},{"type":"Feature","geometry":{"type":"Point","coordinates":[2.122048,41.397195]},"properties":{"kind":"stop","stop_id":"2.3176.685400","name":"Bonaplata - Pedr\u00f3 de la Creu"}},{"type":"Feature","geometry":{"type":"Point","coordinates":[2.120234,41.400933]},"properties":{"kind":"stop","stop_id":"2.3177.685394","name":"Ramon Miquel Planas - Major de Sarri\u00e0"}},{"type":"Feature","geometry":{"type":"Point","coordinates":[2.120568,41.399326]},"properties":{"kind":"stop","stop_id":"2.3178.685410","name":"Clos de St Francesc- Pg Reina Elisenda de Montcada"}},{"type":"Feature","geometry":{"type":"Point","coordinates":[2.133411,41.414366]},"properties":{"kind":"stop","stop_id":"2.3189.695661","name":"Ronda de Dalt - Pl de la Central"}},{"type":"Feature","geometry":{"type":"Point","coordinates":[2.198857,41.400355]},"properties":{"kind":"stop","stop_id":"2.3190.685783","name":"Pujades - Roc Boronat"}},{"type":"Feature","geometry":{"type":"Point","coordinates":[2.124829,41.41079]},"properties":{"kind":"stop","stop_id":"2.3191.685798","name":"Josep Maria Lled\u00f3 - Bellesguard"}},{"type":"Feature","geometry":{"type":"Point","coordinates":[2.177165,41.418112]},"properties":{"kind":"stop","stop_id":"2.3203.685828","name":"Renaixen\u00e7a - Vinya"}},{"type":"Feature","geometry":{"type":"Point","coordinates":[2.178031,41.416985]},"properties":{"kind":"stop","stop_id":"2.3204.685832","name":"Villar - Xiprer"}},{"type":"Feature","geometry":{"type":"Point","coordinates":[2.179004,41.417978]},"properties":{"kind":"stop","stop_id":"2.3205.685830","name":"Xiprer - Vinya"}},{"type":"Feature","geometry":{"type":"Point","coordinates":[2.179985,41.42111]},"properties":{"kind":"stop","stop_id":"2.3208.685993","name":"Pg Maragall - Sta Joaquina Vedruna"}},{"type":"Feature","geometry":{"type":"Point","coordinates":[2.117936,41.385832]},"properties":{"kind":"stop","stop_id":"2.3222.688303","name":"Palau Reial"}},{"type":"Feature","geometry":{"type":"Point","coordinates":[2.125799,41.387834]},"properties":{"kind":"stop","stop_id":"2.3223.688307","name":"Pl Reina Maria Cristina"}},{"type":"Feature","geometry":{"type":"Point","coordinates":[2.167563,41.412898]},"properties":{"kind":"stop","stop_id":"2.3224.688504","name":"Padilla - T\u00fanel de la Rovira"}},{"type":"Feature","geometry":{"type":"Point","coordinates":[2.167491,41.412212]},"properties":{"kind":"stop","stop_id":"2.3226.686311","name":"Rda Guinard\u00f3 - Lepant - Alfons X"}},{"type":"Feature","geometry":{"type":"Point","coordinates":[2.170365,41.413519]},"properties":{"kind":"stop","stop_id":"2.3227.693975","name":"Rda Guinard\u00f3 - Castillejos"}},{"type":"Feature","geometry":{"type":"Point","coordinates":[2.1664,41.412261]},"properties":{"kind":"stop","stop_id":"2.3229.688490","name":"Metro Alfons X"}},{"type":"Feature","geometry":{"type":"Point","coordinates":[2.180753,41.399367]},"properties":{"kind":"stop","stop_id":"2.3231.687963","name":"Marina - Monumental"}},{"type":"Feature","geometry":{"type":"Point","coordinates":[2.126615,41.388963]},"properties":{"kind":"stop","stop_id":"2.3232.688542","name":"Capit\u00e0 Arenas - Maria Cristina"}},{"type":"Feature","geometry":{"type":"Point","coordinates":[2.120894,41.386586]},"properties":{"kind":"stop","stop_id":"2.3234.688305","name":"Pl Pius XII"}},{"type":"Feature","geometry":{"type":"Point","coordinates":[2.148778,41.375987]},"properties":{"kind":"stop","stop_id":"2.3237.688327","name":"Tarragona - Pl Espanya"}},{"type":"Feature","geometry":{"type":"Point","coordinates":[2.178678,41.392401]},"properties":{"kind":"stop","stop_id":"2.3241.693540","name":"Pg de St Joan - Ausi\u00e0s March"}},{"type":"Feature","geometry":{"type":"Point","coordinates":[2.138246,41.388739]},"properties":{"kind":"stop","stop_id":"2.3242.698162","name":"Les Corts - Prat d'En Rull"}},{"type":"Feature","geometry":{"type":"Point","coordinates":[2.139222,41.415257]},"properties":{"kind":"stop","stop_id":"2.3243.686637","name":"Esteve Terradas - Parc Sanitari Pere Virgili"}},{"type":"Feature","geometry":{"type":"Point","coordinates":[2.140043,41.415143]},"properties":{"kind":"stop","stop_id":"2.3244.686636","name":"Parc Sanitari Pere Virgili"}},{"type":"Feature","geometry":{"type":"Point","coordinates":[2.138463,41.415363]},"properties":{"kind":"stop","stop_id":"2.3245.686639","name":"Esteve Terradas - Pl Alfonso Com\u00edn"}},{"type":"Feature","geometry":{"type":"Point","coordinates":[2.157295,41.365718]},"properties":{"kind":"stop","stop_id":"2.3251.688183","name":"Pg Ol\u00edmpic - Av de l'Estadi"}},{"type":"Feature","geometry":{"type":"Point","coordinates":[2.157467,41.365198]},"properties":{"kind":"stop","stop_id":"2.3252.688181","name":"Estadi Ol\u00edmpic"}},{"type":"Feature","geometry":{"type":"Point","coordinates":[2.158018,41.366473]},"properties":{"kind":"stop","stop_id":"2.3253.688185","name":"Vivers - Final de trajecte"}},{"type":"Feature","geometry":{"type":"Point","coordinates":[2.196783,41.40033]},"properties":{"kind":"stop","stop_id":"2.3255.690704","name":"Pallars - Ciutat de Granada"}},{"type":"Feature","geometry":{"type":"Point","coordinates":[2.201096,41.397689]},"properties":{"kind":"stop","stop_id":"2.3256.688597","name":"Roc Boronat - Doctor Trueta"}},{"type":"Feature","geometry":{"type":"Point","coordinates":[2.202142,41.39874]},"properties":{"kind":"stop","stop_id":"2.3257.695275","name":"Llacuna - Ramon Turr\u00f3 - Final de trajecte"}},{"type":"Feature","geometry":{"type":"Point","coordinates":[2.197687,41.402126]},"properties":{"kind":"stop","stop_id":"2.3258.695674","name":"Llacuna - Pallars"}},{"type":"Feature","geometry":{"type":"Point","coordinates":[2.182001,41.39871]},"properties":{"kind":"stop","stop_id":"2.3262.700444","name":"Marina - Monumental"}},{"type":"Feature","geometry":{"type":"Point","coordinates":[2.114582,41.403922]},"properties":{"kind":"stop","stop_id":"2.3263.688266","name":"Sarri\u00e0 - Final de trajecte"}},{"type":"Feature","geometry":{"type":"Point","coordinates":[2.12629,41.396483]},"properties":{"kind":"stop","stop_id":"2.3264.687989","name":"Els Verg\u00f3s"}},{"type":"Feature","geometry":{"type":"Point","coordinates":[2.126889,41.394834]},"properties":{"kind":"stop","stop_id":"2.3265.696404","name":"Pg Sant Joan Bosco"}},{"type":"Feature","geometry":{"type":"Point","coordinates":[2.129376,41.392926]},"properties":{"kind":"stop","stop_id":"2.3266.687997","name":"Pg Sant Joan Bosco - Prat de la Riba"}},{"type":"Feature","geometry":{"type":"Point","coordinates":[2.134843,41.389283]},"properties":{"kind":"stop","stop_id":"2.3267.687974","name":"Constan\u00e7a"}},{"type":"Feature","geometry":{"type":"Point","coordinates":[2.132746,41.391426]},"properties":{"kind":"stop","stop_id":"2.3268.687976","name":"Av Sarri\u00e0"}},{"type":"Feature","geometry":{"type":"Point","coordinates":[2.130705,41.392524]},"properties":{"kind":"stop","stop_id":"2.3269.687980","name":"Av Sarri\u00e0 - Prat de la Riba"}},{"type":"Feature","geometry":{"type":"Point","coordinates":[2.173992,41.411504]},"properties":{"kind":"stop","stop_id":"2.3270.686770","name":"Cartagena - Av Gaud\u00ed"}},{"type":"Feature","geometry":{"type":"Point","coordinates":[2.164259,41.415618]},"properties":{"kind":"stop","stop_id":"2.3275.687125","name":"Bar\u00f3 St Llu\u00eds - Pol\u00f2nia"}},{"type":"Feature","geometry":{"type":"Point","coordinates":[2.163766,41.416368]},"properties":{"kind":"stop","stop_id":"2.3276.687127","name":"Torre Dulac - Tenerife"}},{"type":"Feature","geometry":{"type":"Point","coordinates":[2.127503,41.394524]},"properties":{"kind":"stop","stop_id":"2.3293.688240","name":"Pg Sant Joan Bosco"}},{"type":"Feature","geometry":{"type":"Point","coordinates":[2.142003,41.415693]},"properties":{"kind":"stop","stop_id":"2.3302.688514","name":"Parc Sanitari Pere Virgili"}},{"type":"Feature","geometry":{"type":"Point","coordinates":[2.133148,41.403767]},"properties":{"kind":"stop","stop_id":"2.3304.688872","name":"Mandri - Emancipaci\u00f3 - Final de trajecte"}},{"type":"Feature","geometry":{"type":"Point","coordinates":[2.12182,41.376801]},"properties":{"kind":"stop","stop_id":"2.3305.688931","name":"Riera Blanca - Trav de Les Corts"}},{"type":"Feature","geometry":{"type":"Point","coordinates":[2.181734,41.416811]},"properties":{"kind":"stop","stop_id":"2.3313.689715","name":"Sant Antoni Maria Claret - Trinxant"}},{"type":"Feature","geometry":{"type":"Point","coordinates":[2.164504,41.400497]},"properties":{"kind":"stop","stop_id":"2.3314.689717","name":"C\u00f2rsega - Bail\u00e8n"}},{"type":"Feature","geometry":{"type":"Point","coordinates":[2.162346,41.398877]},"properties":{"kind":"stop","stop_id":"2.3315.689719","name":"C\u00f2rsega - Ll\u00faria"}},{"type":"Feature","geometry":{"type":"Point","coordinates":[2.207599,41.400626]},"properties":{"kind":"stop","stop_id":"2.3317.694630","name":"Pg Taulat - Jonquera"}},{"type":"Feature","geometry":{"type":"Point","coordinates":[2.208704,41.399698]},"properties":{"kind":"stop","stop_id":"2.3320.696523","name":"Pg Garcia F\u00e0ria - Jonquera"}},{"type":"Feature","geometry":{"type":"Point","coordinates":[2.13574,41.365078]},"properties":{"kind":"stop","stop_id":"2.3323.689713","name":"Ildefons Cerd\u00e0 - Rambla Badal"}},{"type":"Feature","geometry":{"type":"Point","coordinates":[2.172562,41.38855]},"properties":{"kind":"stop","stop_id":"2.3328.689478","name":"Urquinaona"}},{"type":"Feature","geometry":{"type":"Point","coordinates":[2.195895,41.384924]},"properties":{"kind":"stop","stop_id":"2.3332.690699","name":"Pg Mar\u00edtim - Final de trajecte"}},{"type":"Feature","geometry":{"type":"Point","coordinates":[2.17235,41.401273]},"properties":{"kind":"stop","stop_id":"2.3341.689734","name":"Mallorca - N\u00e0pols"}},{"type":"Feature","geometry":{"type":"Point","coordinates":[2.137426,41.380449]},"properties":{"kind":"stop","stop_id":"2.3342.689709","name":"Comtes de Bell-lloc - Viriat"}},{"type":"Feature","geometry":{"type":"Point","coordinates":[2.189691,41.378432]},"properties":{"kind":"stop","stop_id":"2.3348.689612","name":"Pepe Rubianes"}},{"type":"Feature","geometry":{"type":"Point","coordinates":[2.179477,41.395881]},"properties":{"kind":"stop","stop_id":"2.3357.689904","name":"Casp - N\u00e0pols"}},{"type":"Feature","geometry":{"type":"Point","coordinates":[2.168156,41.406622]},"properties":{"kind":"stop","stop_id":"2.3369.690007","name":"Sant Antoni Maria Claret - Sardenya"}},{"type":"Feature","geometry":{"type":"Point","coordinates":[2.178133,41.401742]},"properties":{"kind":"stop","stop_id":"2.3370.690125","name":"Marina - Diagonal"}},{"type":"Feature","geometry":{"type":"Point","coordinates":[2.189593,41.403138]},"properties":{"kind":"stop","stop_id":"2.3371.690086","name":"Badajoz - Diagonal"}},{"type":"Feature","geometry":{"type":"Point","coordinates":[2.162684,41.383412]},"properties":{"kind":"stop","stop_id":"2.3378.690183","name":"Sep\u00falveda - Muntaner"}},{"type":"Feature","geometry":{"type":"Point","coordinates":[2.208413,41.402398]},"properties":{"kind":"stop","stop_id":"2.3382.690697","name":"Espronceda - Ramon Turr\u00f3"}},{"type":"Feature","geometry":{"type":"Point","coordinates":[2.209743,41.403262]},"properties":{"kind":"stop","stop_id":"2.3383.690693","name":"Bac de Roda - Pg Taulat"}},{"type":"Feature","geometry":{"type":"Point","coordinates":[2.160005,41.397099]},"properties":{"kind":"stop","stop_id":"2.3388.690726","name":"C\u00f2rsega - Pg de Gr\u00e0cia"}},{"type":"Feature","geometry":{"type":"Point","coordinates":[2.181817,41.394369]},"properties":{"kind":"stop","stop_id":"2.3389.690432","name":"Estaci\u00f3 del Nord - Final de trajecte"}},{"type":"Feature","geometry":{"type":"Point","coordinates":[2.154936,41.37512]},"properties":{"kind":"stop","stop_id":"2.3390.690887","name":"Paral\u00b7lel - Floridablanca"}},{"type":"Feature","geometry":{"type":"Point","coordinates":[2.172522,41.397042]},"properties":{"kind":"stop","stop_id":"2.3391.690403","name":"Pg Sant Joan - Consell de Cent"}},{"type":"Feature","geometry":{"type":"Point","coordinates":[2.145065,41.408002]},"properties":{"kind":"stop","stop_id":"2.3392.690424","name":"Homer - Escipi\u00f3"}},{"type":"Feature","geometry":{"type":"Point","coordinates":[2.183787,41.382816]},"properties":{"kind":"stop","stop_id":"2.3395.694726","name":"Pg Isabel II - Pla de Palau"}},{"type":"Feature","geometry":{"type":"Point","coordinates":[2.183816,41.383472]},"properties":{"kind":"stop","stop_id":"2.3396.691217","name":"Pla de Palau - Av Marqu\u00e8s de l'Argentera"}},{"type":"Feature","geometry":{"type":"Point","coordinates":[2.186762,41.394137]},"properties":{"kind":"stop","stop_id":"2.3397.690740","name":"Meridiana - Almog\u00e0vers"}},{"type":"Feature","geometry":{"type":"Point","coordinates":[2.186302,41.395371]},"properties":{"kind":"stop","stop_id":"2.3400.690742","name":"Marina - Meridiana"}},{"type":"Feature","geometry":{"type":"Point","coordinates":[2.186181,41.395203]},"properties":{"kind":"stop","stop_id":"2.3401.690743","name":"Marina - Almog\u00e0vers"}},{"type":"Feature","geometry":{"type":"Point","coordinates":[2.167213,41.37569]},"properties":{"kind":"stop","stop_id":"2.3417.691187","name":"Rda St Pau - Carrer de les Flors - Final trajecte"}},{"type":"Feature","geometry":{"type":"Point","coordinates":[2.167489,41.375487]},"properties":{"kind":"stop","stop_id":"2.3418.691189","name":"Ronda Sant Pau - Paral\u00b7lel - Final de trajecte"}},{"type":"Feature","geometry":{"type":"Point","coordinates":[2.135296,41.381977]},"properties":{"kind":"stop","stop_id":"2.3422.692105","name":"Vallespir - Pl del Centre"}},{"type":"Feature","geometry":{"type":"Point","coordinates":[2.135984,41.404463]},"properties":{"kind":"stop","stop_id":"2.3424.692604","name":"Muntaner - Bisbe Sivilla"}},{"type":"Feature","geometry":{"type":"Point","coordinates":[2.135551,41.401783]},"properties":{"kind":"stop","stop_id":"2.3425.692420","name":"Mandri - Mitre"}},{"type":"Feature","geometry":{"type":"Point","coordinates":[2.149749,41.385292]},"properties":{"kind":"stop","stop_id":"2.3426.699028","name":"Viladomat - Mallorca"}},{"type":"Feature","geometry":{"type":"Point","coordinates":[2.159265,41.375744]},"properties":{"kind":"stop","stop_id":"2.3438.693925","name":"Manso - Rocafort"}},{"type":"Feature","geometry":{"type":"Point","coordinates":[2.179344,41.387183]},"properties":{"kind":"stop","stop_id":"2.3443.691907","name":"Gombau - Jaume Giralt"}},{"type":"Feature","geometry":{"type":"Point","coordinates":[2.201957,41.394136]},"properties":{"kind":"stop","stop_id":"2.3445.691951","name":"Cementiri de l'Est - Carmen Amaya - Final trajecte"}},{"type":"Feature","geometry":{"type":"Point","coordinates":[2.158532,41.414466]},"properties":{"kind":"stop","stop_id":"2.3446.691963","name":"Av Pompeu Fabra - Ana Mar\u00eda Matute"}},{"type":"Feature","geometry":{"type":"Point","coordinates":[2.157728,41.413992]},"properties":{"kind":"stop","stop_id":"2.3447.693620","name":"Riera Can Toda - Antequera"}},{"type":"Feature","geometry":{"type":"Point","coordinates":[2.158743,41.413098]},"properties":{"kind":"stop","stop_id":"2.3448.691967","name":"Riera Can Toda - Miquel i Badia"}},{"type":"Feature","geometry":{"type":"Point","coordinates":[2.136588,41.410966]},"properties":{"kind":"stop","stop_id":"2.3453.692632","name":"Av Tibidabo - La Rotonda - Final de trajecte"}},{"type":"Feature","geometry":{"type":"Point","coordinates":[2.196606,41.407906]},"properties":{"kind":"stop","stop_id":"2.3454.692381","name":"Bilbao - Per\u00fa"}},{"type":"Feature","geometry":{"type":"Point","coordinates":[2.205573,41.406945]},"properties":{"kind":"stop","stop_id":"2.3467.699378","name":"Pallars - Bac de Roda"}},{"type":"Feature","geometry":{"type":"Point","coordinates":[2.194464,41.40382]},"properties":{"kind":"stop","stop_id":"2.3469.692767","name":"T\u00e0nger - Llacuna"}},{"type":"Feature","geometry":{"type":"Point","coordinates":[2.119685,41.41973]},"properties":{"kind":"stop","stop_id":"2.3471.692913","name":"Ctra de Vallvidrera - Cam\u00ed de l'Observatori"}},{"type":"Feature","geometry":{"type":"Point","coordinates":[2.11851,41.375702]},"properties":{"kind":"stop","stop_id":"2.3473.695455","name":"Metro Collblanc"}},{"type":"Feature","geometry":{"type":"Point","coordinates":[2.136529,41.410759]},"properties":{"kind":"stop","stop_id":"2.3474.695652","name":"Av Tibidabo - Pg Sant Gervasi"}},{"type":"Feature","geometry":{"type":"Point","coordinates":[2.163753,41.419488]},"properties":{"kind":"stop","stop_id":"2.3475.693010","name":"Mari\u00e0 Lav\u00e8rnia"}},{"type":"Feature","geometry":{"type":"Point","coordinates":[2.191243,41.401414]},"properties":{"kind":"stop","stop_id":"2.3480.694017","name":"T\u00e0nger - Badajoz"}},{"type":"Feature","geometry":{"type":"Point","coordinates":[2.165007,41.419183]},"properties":{"kind":"stop","stop_id":"2.3482.693125","name":"Panorama - Mari\u00e0 Lav\u00e8rnia"}},{"type":"Feature","geometry":{"type":"Point","coordinates":[2.189837,41.39271]},"properties":{"kind":"stop","stop_id":"2.3509.693440","name":"Marina - Llull"}},{"type":"Feature","geometry":{"type":"Point","coordinates":[2.189535,41.392653]},"properties":{"kind":"stop","stop_id":"2.3510.693442","name":"Marina - Pujades"}},{"type":"Feature","geometry":{"type":"Point","coordinates":[2.139447,41.364055]},"properties":{"kind":"stop","stop_id":"2.3518.694037","name":"Mare de D\u00e9u de Port - L'Anoia"}},{"type":"Feature","geometry":{"type":"Point","coordinates":[2.139877,41.36636]},"properties":{"kind":"stop","stop_id":"2.3519.694039","name":"Mineria - Font Florida"}},{"type":"Feature","geometry":{"type":"Point","coordinates":[2.13617,41.382316]},"properties":{"kind":"stop","stop_id":"2.3521.694041","name":"Comtes de Bell-lloc - Berl\u00edn"}},{"type":"Feature","geometry":{"type":"Point","coordinates":[2.134156,41.384596]},"properties":{"kind":"stop","stop_id":"2.3522.694043","name":"Can Bruixa - Comtes de Bell-lloc"}},{"type":"Feature","geometry":{"type":"Point","coordinates":[2.131024,41.383664]},"properties":{"kind":"stop","stop_id":"2.3524.694045","name":"Joan G\u00fcell - Travessera de les Corts"}},{"type":"Feature","geometry":{"type":"Point","coordinates":[2.132537,41.380299]},"properties":{"kind":"stop","stop_id":"2.3525.694047","name":"Joan G\u00fcell - Av Madrid"}},{"type":"Feature","geometry":{"type":"Point","coordinates":[2.133881,41.377256]},"properties":{"kind":"stop","stop_id":"2.3526.694092","name":"Joan G\u00fcell - Cerdanyola"}},{"type":"Feature","geometry":{"type":"Point","coordinates":[2.1383,41.365779]},"properties":{"kind":"stop","stop_id":"2.3527.694051","name":"Qu\u00edmica - Gran Via"}},{"type":"Feature","geometry":{"type":"Point","coordinates":[2.201159,41.419747]},"properties":{"kind":"stop","stop_id":"2.3530.693682","name":"Cant\u00e0bria - Rambla Guip\u00fascoa"}},{"type":"Feature","geometry":{"type":"Point","coordinates":[2.1986,41.416898]},"properties":{"kind":"stop","stop_id":"2.3531.693983","name":"Selva de Mar - Rambla Guip\u00fascoa"}},{"type":"Feature","geometry":{"type":"Point","coordinates":[2.153025,41.388437]},"properties":{"kind":"stop","stop_id":"2.3537.693702","name":"Proven\u00e7a - Villarroel"}},{"type":"Feature","geometry":{"type":"Point","coordinates":[2.173865,41.41585]},"properties":{"kind":"stop","stop_id":"2.3538.693977","name":"Guinard\u00f3 / Hospital de Sant Pau"}},{"type":"Feature","geometry":{"type":"Point","coordinates":[2.17629,41.418438]},"properties":{"kind":"stop","stop_id":"2.3539.693989","name":"Rda Guinard\u00f3 - Vinyals"}},{"type":"Feature","geometry":{"type":"Point","coordinates":[2.176108,41.418418]},"properties":{"kind":"stop","stop_id":"2.3541.693995","name":"Rda Guinard\u00f3 - Vinyals"}},{"type":"Feature","geometry":{"type":"Point","coordinates":[2.174213,41.416604]},"properties":{"kind":"stop","stop_id":"2.3542.693997","name":"Guinard\u00f3 / Hospital de Sant Pau"}},{"type":"Feature","geometry":{"type":"Point","coordinates":[2.171036,41.414243]},"properties":{"kind":"stop","stop_id":"2.3543.693999","name":"Rda Guinard\u00f3 - Cartagena"}},{"type":"Feature","geometry":{"type":"Point","coordinates":[2.208729,41.414574]},"properties":{"kind":"stop","stop_id":"2.3550.698548","name":"Marroc - Puigcerd\u00e0"}},{"type":"Feature","geometry":{"type":"Point","coordinates":[2.201321,41.409]},"properties":{"kind":"stop","stop_id":"2.3551.694060","name":"Marroc - Bac de Roda"}},{"type":"Feature","geometry":{"type":"Point","coordinates":[2.187428,41.398583]},"properties":{"kind":"stop","stop_id":"2.3552.694013","name":"T\u00e0nger - Av Meridiana"}},{"type":"Feature","geometry":{"type":"Point","coordinates":[2.145435,41.39348]},"properties":{"kind":"stop","stop_id":"2.3558.693966","name":"Travessera de Gr\u00e0cia - Calvet"}},{"type":"Feature","geometry":{"type":"Point","coordinates":[2.173497,41.415135]},"properties":{"kind":"stop","stop_id":"2.3559.695728","name":"Mas Casanovas - Hospital de Sant Pau"}},{"type":"Feature","geometry":{"type":"Point","coordinates":[2.160304,41.376531]},"properties":{"kind":"stop","stop_id":"2.3561.697097","name":"Manso - Cal\u00e0bria - Final de trajecte"}},{"type":"Feature","geometry":{"type":"Point","coordinates":[2.149082,41.406215]},"properties":{"kind":"stop","stop_id":"2.3566.694227","name":"Pl Lesseps"}},{"type":"Feature","geometry":{"type":"Point","coordinates":[2.160075,41.376354]},"properties":{"kind":"stop","stop_id":"2.3567.697096","name":"Manso - Viladomat - Final de trajecte"}},{"type":"Feature","geometry":{"type":"Point","coordinates":[2.158033,41.379059]},"properties":{"kind":"stop","stop_id":"2.3568.693700","name":"Viladomat - Sep\u00falveda"}},{"type":"Feature","geometry":{"type":"Point","coordinates":[2.154554,41.389572]},"properties":{"kind":"stop","stop_id":"2.3570.693709","name":"Proven\u00e7a - Casanova - Final de trajecte"}},{"type":"Feature","geometry":{"type":"Point","coordinates":[2.189841,41.393679]},"properties":{"kind":"stop","stop_id":"2.3571.693912","name":"Pujades - Joan d'\u00c0ustria"}},{"type":"Feature","geometry":{"type":"Point","coordinates":[2.191119,41.392838]},"properties":{"kind":"stop","stop_id":"2.3572.693914","name":"Llull - Joan d'\u00c0ustria"}},{"type":"Feature","geometry":{"type":"Point","coordinates":[2.162752,41.375491]},"properties":{"kind":"stop","stop_id":"2.3574.694483","name":"Poble Sec - Final de trajecte"}},{"type":"Feature","geometry":{"type":"Point","coordinates":[2.15461,41.376667]},"properties":{"kind":"stop","stop_id":"2.3575.694580","name":"Enten\u00e7a - Av Mistral"}},{"type":"Feature","geometry":{"type":"Point","coordinates":[2.147769,41.381839]},"properties":{"kind":"stop","stop_id":"2.3576.694582","name":"Enten\u00e7a - Val\u00e8ncia"}},{"type":"Feature","geometry":{"type":"Point","coordinates":[2.144559,41.384259]},"properties":{"kind":"stop","stop_id":"2.3577.694584","name":"Enten\u00e7a - Rossell\u00f3"}},{"type":"Feature","geometry":{"type":"Point","coordinates":[2.142084,41.386162]},"properties":{"kind":"stop","stop_id":"2.3578.694586","name":"Enten\u00e7a - Av Josep Tarradellas"}},{"type":"Feature","geometry":{"type":"Point","coordinates":[2.137758,41.390326]},"properties":{"kind":"stop","stop_id":"2.3579.694590","name":"Enten\u00e7a - D\u00e9u i Mata"}},{"type":"Feature","geometry":{"type":"Point","coordinates":[2.135004,41.394343]},"properties":{"kind":"stop","stop_id":"2.3580.694535","name":"Doctor Fleming - Santa Fe de Nou M\u00e8xic"}},{"type":"Feature","geometry":{"type":"Point","coordinates":[2.130293,41.399539]},"properties":{"kind":"stop","stop_id":"2.3581.694541","name":"Calatrava - Verg\u00f3s"}},{"type":"Feature","geometry":{"type":"Point","coordinates":[2.126687,41.403209]},"properties":{"kind":"stop","stop_id":"2.3582.694539","name":"Iradier - Pg Bonanova"}},{"type":"Feature","geometry":{"type":"Point","coordinates":[2.120661,41.405451]},"properties":{"kind":"stop","stop_id":"2.3583.694476","name":"Angl\u00ed - Pl Benet XV - Final de trajecte"}},{"type":"Feature","geometry":{"type":"Point","coordinates":[2.122679,41.403392]},"properties":{"kind":"stop","stop_id":"2.3584.694574","name":"Angl\u00ed - Margenat"}},{"type":"Feature","geometry":{"type":"Point","coordinates":[2.124694,41.401338]},"properties":{"kind":"stop","stop_id":"2.3585.694576","name":"Angl\u00ed - Pg Bonanova"}},{"type":"Feature","geometry":{"type":"Point","coordinates":[2.127842,41.398121]},"properties":{"kind":"stop","stop_id":"2.3586.694578","name":"Angl\u00ed - Via Augusta"}},{"type":"Feature","geometry":{"type":"Point","coordinates":[2.134603,41.3948]},"properties":{"kind":"stop","stop_id":"2.3587.694533","name":"Dr Fleming - Ronda General Mitre"}},{"type":"Feature","geometry":{"type":"Point","coordinates":[2.136052,41.391817]},"properties":{"kind":"stop","stop_id":"2.3588.694537","name":"Dr Fleming - Bori i Fontest\u00e0"}},{"type":"Feature","geometry":{"type":"Point","coordinates":[2.161663,41.377554]},"properties":{"kind":"stop","stop_id":"2.3589.694059","name":"Manso - Comte Borrell"}},{"type":"Feature","geometry":{"type":"Point","coordinates":[2.147531,41.386972]},"properties":{"kind":"stop","stop_id":"2.3590.694592","name":"Viladomat - C\u00f2rsega"}},{"type":"Feature","geometry":{"type":"Point","coordinates":[2.15319,41.38272]},"properties":{"kind":"stop","stop_id":"2.3591.694594","name":"Viladomat - Arag\u00f3"}},{"type":"Feature","geometry":{"type":"Point","coordinates":[2.155911,41.380657]},"properties":{"kind":"stop","stop_id":"2.3592.694596","name":"Viladomat - Diputaci\u00f3"}},{"type":"Feature","geometry":{"type":"Point","coordinates":[2.202772,41.394354]},"properties":{"kind":"stop","stop_id":"2.3605.695269","name":"Carmen Amaya - Taulat"}},{"type":"Feature","geometry":{"type":"Point","coordinates":[2.202495,41.398474]},"properties":{"kind":"stop","stop_id":"2.3607.695273","name":"Llacuna - Doctor Trueta"}},{"type":"Feature","geometry":{"type":"Point","coordinates":[2.200262,41.40016]},"properties":{"kind":"stop","stop_id":"2.3608.695311","name":"Llacuna - Llull"}},{"type":"Feature","geometry":{"type":"Point","coordinates":[2.185293,41.414821]},"properties":{"kind":"stop","stop_id":"2.3610.698781","name":"Trinxant - Ripoll\u00e8s"}},{"type":"Feature","geometry":{"type":"Point","coordinates":[2.182545,41.416924]},"properties":{"kind":"stop","stop_id":"2.3611.695319","name":"Trinxant - Sant Antoni Maria Claret"}},{"type":"Feature","geometry":{"type":"Point","coordinates":[2.181442,41.419294]},"properties":{"kind":"stop","stop_id":"2.3612.695321","name":"Navas de Tolosa - Juan de Garay"}},{"type":"Feature","geometry":{"type":"Point","coordinates":[2.1866,41.407994]},"properties":{"kind":"stop","stop_id":"2.3613.695543","name":"Meridiana - Arag\u00f3"}},{"type":"Feature","geometry":{"type":"Point","coordinates":[2.194538,41.402691]},"properties":{"kind":"stop","stop_id":"2.3615.695323","name":"Museu Can Framis"}},{"type":"Feature","geometry":{"type":"Point","coordinates":[2.196799,41.400956]},"properties":{"kind":"stop","stop_id":"2.3616.695325","name":"Roc Boronat - Pere IV"}},{"type":"Feature","geometry":{"type":"Point","coordinates":[2.199003,41.399271]},"properties":{"kind":"stop","stop_id":"2.3617.695329","name":"Roc Boronat - Llull"}},{"type":"Feature","geometry":{"type":"Point","coordinates":[2.17706,41.412669]},"properties":{"kind":"stop","stop_id":"2.3618.695252","name":"Independ\u00e8ncia - Sant Antoni Maria Claret"}},{"type":"Feature","geometry":{"type":"Point","coordinates":[2.181726,41.403818]},"properties":{"kind":"stop","stop_id":"2.3623.695254","name":"Castillejos - Enamorats"}},{"type":"Feature","geometry":{"type":"Point","coordinates":[2.185324,41.401101]},"properties":{"kind":"stop","stop_id":"2.3624.695256","name":"Teatre Nacional de Catalunya"}},{"type":"Feature","geometry":{"type":"Point","coordinates":[2.188608,41.398651]},"properties":{"kind":"stop","stop_id":"2.3625.695258","name":"Pamplona - T\u00e0nger"}},{"type":"Feature","geometry":{"type":"Point","coordinates":[2.192396,41.395838]},"properties":{"kind":"stop","stop_id":"2.3626.695260","name":"Pamplona - Pere IV"}},{"type":"Feature","geometry":{"type":"Point","coordinates":[2.195672,41.393399]},"properties":{"kind":"stop","stop_id":"2.3627.695262","name":"Pamplona - Doctor Trueta"}},{"type":"Feature","geometry":{"type":"Point","coordinates":[2.198524,41.391266]},"properties":{"kind":"stop","stop_id":"2.3628.695265","name":"Arquitecte Sert - Av Ic\u00e0ria"}},{"type":"Feature","geometry":{"type":"Point","coordinates":[2.201555,41.391126]},"properties":{"kind":"stop","stop_id":"2.3629.695267","name":"Av Litoral - Arquitecte Sert"}},{"type":"Feature","geometry":{"type":"Point","coordinates":[2.201214,41.39431]},"properties":{"kind":"stop","stop_id":"2.3630.695107","name":"Jaume Vicen\u00e7 i Vives - Ic\u00e0ria - Final de trajecte"}},{"type":"Feature","geometry":{"type":"Point","coordinates":[2.169869,41.414494]},"properties":{"kind":"stop","stop_id":"2.3631.695250","name":"Cartagena - Ni\u00e7a"}},{"type":"Feature","geometry":{"type":"Point","coordinates":[2.135229,41.415568]},"properties":{"kind":"stop","stop_id":"2.3636.695098","name":"Josep Gar\u00ed - Comte de Sert - Final de trajecte"}},{"type":"Feature","geometry":{"type":"Point","coordinates":[2.164,41.411749]},"properties":{"kind":"stop","stop_id":"2.3637.695331","name":"Rda Guinard\u00f3 - Pi i Margall"}},{"type":"Feature","geometry":{"type":"Point","coordinates":[2.172285,41.414235]},"properties":{"kind":"stop","stop_id":"2.3638.695305","name":"Mas Casanovas - Cartagena"}},{"type":"Feature","geometry":{"type":"Point","coordinates":[2.134433,41.415219]},"properties":{"kind":"stop","stop_id":"2.3640.695100","name":"Josep Gar\u00ed - Av Tibidabo - Final de trajecte"}},{"type":"Feature","geometry":{"type":"Point","coordinates":[2.206477,41.412886]},"properties":{"kind":"stop","stop_id":"2.3641.696366","name":"Marroc - Treball"}},{"type":"Feature","geometry":{"type":"Point","coordinates":[2.135554,41.375547]},"properties":{"kind":"stop","stop_id":"2.3644.695103","name":"Pg Sant Antoni - Pl Sants - Final de trajecte"}},{"type":"Feature","geometry":{"type":"Point","coordinates":[2.122801,41.374998]},"properties":{"kind":"stop","stop_id":"2.3647.695505","name":"Riera Blanca - Pla\u00e7a Guernica"}},{"type":"Feature","geometry":{"type":"Point","coordinates":[2.126256,41.372262]},"properties":{"kind":"stop","stop_id":"2.3648.695636","name":"Riera Blanca - Rambla Catalana"}},{"type":"Feature","geometry":{"type":"Point","coordinates":[2.121947,41.378235]},"properties":{"kind":"stop","stop_id":"2.3649.695236","name":"Travessera de les Corts - Comte de G\u00fcell"}},{"type":"Feature","geometry":{"type":"Point","coordinates":[2.128783,41.370906]},"properties":{"kind":"stop","stop_id":"2.3650.695509","name":"Riera Blanca - Congost"}},{"type":"Feature","geometry":{"type":"Point","coordinates":[2.130794,41.369159]},"properties":{"kind":"stop","stop_id":"2.3651.695511","name":"Metro Santa Eul\u00e0lia"}},{"type":"Feature","geometry":{"type":"Point","coordinates":[2.130913,41.369193]},"properties":{"kind":"stop","stop_id":"2.3652.695513","name":"Riera Blanca - Santiago Ram\u00f3n y Cajal"}},{"type":"Feature","geometry":{"type":"Point","coordinates":[2.128227,41.371196]},"properties":{"kind":"stop","stop_id":"2.3653.695590","name":"Riera Blanca - Pavia"}},{"type":"Feature","geometry":{"type":"Point","coordinates":[2.126017,41.372581]},"properties":{"kind":"stop","stop_id":"2.3654.695592","name":"Riera Blanca - Sant Frederic"}},{"type":"Feature","geometry":{"type":"Point","coordinates":[2.121807,41.376218]},"properties":{"kind":"stop","stop_id":"2.3661.695550","name":"Riera Blanca - Regent Mendieta"}},{"type":"Feature","geometry":{"type":"Point","coordinates":[2.121243,41.378352]},"properties":{"kind":"stop","stop_id":"2.3662.695503","name":"Ar\u00edstides Maillol - Trav de les Corts"}},{"type":"Feature","geometry":{"type":"Point","coordinates":[2.135741,41.412114]},"properties":{"kind":"stop","stop_id":"2.3674.695484","name":"Av Tibidabo - Garc\u00eda Mari\u00f1o"}},{"type":"Feature","geometry":{"type":"Point","coordinates":[2.134356,41.413716]},"properties":{"kind":"stop","stop_id":"2.3675.695142","name":"Av Tibidabo - Bosch i Alsina - Final de trajecte"}},{"type":"Feature","geometry":{"type":"Point","coordinates":[2.16616,41.376486]},"properties":{"kind":"stop","stop_id":"2.3690.694679","name":"Ronda Sant Pau - Folch i Torres - Final trajecte"}},{"type":"Feature","geometry":{"type":"Point","coordinates":[2.164787,41.403301]},"properties":{"kind":"stop","stop_id":"2.3697.695145","name":"Pg Sant Joan - Sant Antoni Maria Claret"}},{"type":"Feature","geometry":{"type":"Point","coordinates":[2.131643,41.367752]},"properties":{"kind":"stop","stop_id":"2.3700.695515","name":"Riera Blanca - Santa Eul\u00e0lia"}},{"type":"Feature","geometry":{"type":"Point","coordinates":[2.131021,41.365484]},"properties":{"kind":"stop","stop_id":"2.3701.695582","name":"Aprestadora - Buenos Aires"}},{"type":"Feature","geometry":{"type":"Point","coordinates":[2.122414,41.365]},"properties":{"kind":"stop","stop_id":"2.3715.695588","name":"Av Carrilet - Cooperativa"}},{"type":"Feature","geometry":{"type":"Point","coordinates":[2.12627,41.364564]},"properties":{"kind":"stop","stop_id":"2.3716.695586","name":"Av Carrilet - Comer\u00e7"}},{"type":"Feature","geometry":{"type":"Point","coordinates":[2.131698,41.367911]},"properties":{"kind":"stop","stop_id":"2.3718.695580","name":"Riera Blanca - Santa Eul\u00e0lia"}},{"type":"Feature","geometry":{"type":"Point","coordinates":[2.122888,41.407101]},"properties":{"kind":"stop","stop_id":"2.3719.695044","name":"Iradier - Terr\u00e9"}},{"type":"Feature","geometry":{"type":"Point","coordinates":[2.187133,41.408214]},"properties":{"kind":"stop","stop_id":"2.3722.695545","name":"Meridiana - Arag\u00f3"}},{"type":"Feature","geometry":{"type":"Point","coordinates":[2.159046,41.417995]},"properties":{"kind":"stop","stop_id":"2.3743.695839","name":"M\u00fchlberg - Ctra del Carmel"}},{"type":"Feature","geometry":{"type":"Point","coordinates":[2.159803,41.418547]},"properties":{"kind":"stop","stop_id":"2.3744.695841","name":"M\u00fchlberg - Tur\u00f3 de la Rovira"}},{"type":"Feature","geometry":{"type":"Point","coordinates":[2.12454,41.379929]},"properties":{"kind":"stop","stop_id":"2.3747.696209","name":"Les Corts - Benavent"}},{"type":"Feature","geometry":{"type":"Point","coordinates":[2.159337,41.376502]},"properties":{"kind":"stop","stop_id":"2.3754.696512","name":"Cal\u00e0bria - Manso"}},{"type":"Feature","geometry":{"type":"Point","coordinates":[2.146074,41.365031]},"properties":{"kind":"stop","stop_id":"2.3755.699934","name":"Jocs del 92 - INEFC"}},{"type":"Feature","geometry":{"type":"Point","coordinates":[2.145559,41.379252]},"properties":{"kind":"stop","stop_id":"2.3762.696743","name":"Val\u00e8ncia - Tarragona"}},{"type":"Feature","geometry":{"type":"Point","coordinates":[2.149745,41.377453]},"properties":{"kind":"stop","stop_id":"2.3763.699676","name":"Diputaci\u00f3 - Vilamar\u00ed - Final de trajecte"}},{"type":"Feature","geometry":{"type":"Point","coordinates":[2.129826,41.410147]},"properties":{"kind":"stop","stop_id":"2.3765.696777","name":"Vista Bella - Infanta Isabel"}},{"type":"Feature","geometry":{"type":"Point","coordinates":[2.138608,41.382926]},"properties":{"kind":"stop","stop_id":"2.3767.696820","name":"Berl\u00edn - Num\u00e0ncia"}},{"type":"Feature","geometry":{"type":"Point","coordinates":[2.116837,41.403938]},"properties":{"kind":"stop","stop_id":"2.3771.696984","name":"Pl Borr\u00e0s"}},{"type":"Feature","geometry":{"type":"Point","coordinates":[2.160045,41.364741]},"properties":{"kind":"stop","stop_id":"2.3774.697081","name":"Can Valero - Doctor Font i Quer"}},{"type":"Feature","geometry":{"type":"Point","coordinates":[2.187152,41.410184]},"properties":{"kind":"stop","stop_id":"2.3781.700714","name":"Meridiana - Metro Clot"}},{"type":"Feature","geometry":{"type":"Point","coordinates":[2.150248,41.373612]},"properties":{"kind":"stop","stop_id":"2.3793.697312","name":"Fira Barcelona"}},{"type":"Feature","geometry":{"type":"Point","coordinates":[2.150546,41.37317]},"properties":{"kind":"stop","stop_id":"2.3795.697316","name":"Av Reina Maria Cristina - Pla\u00e7a de l'Univers"}},{"type":"Feature","geometry":{"type":"Point","coordinates":[2.171526,41.397293]},"properties":{"kind":"stop","stop_id":"2.3799.697428","name":"Arag\u00f3 - Pg de Sant Joan"}},{"type":"Feature","geometry":{"type":"Point","coordinates":[2.164298,41.391852]},"properties":{"kind":"stop","stop_id":"2.3800.697430","name":"Arag\u00f3 - Pg de Gr\u00e0cia"}},{"type":"Feature","geometry":{"type":"Point","coordinates":[2.15893,41.387814]},"properties":{"kind":"stop","stop_id":"2.3801.697436","name":"Arag\u00f3 - Muntaner"}},{"type":"Feature","geometry":{"type":"Point","coordinates":[2.143608,41.392358]},"properties":{"kind":"stop","stop_id":"2.3802.697432","name":"Diagonal - Pl Francesc Maci\u00e0 - Final de trajecte"}},{"type":"Feature","geometry":{"type":"Point","coordinates":[2.177266,41.394213]},"properties":{"kind":"stop","stop_id":"2.3803.697479","name":"Casp - Pg de Sant Joan"}},{"type":"Feature","geometry":{"type":"Point","coordinates":[2.174908,41.392438]},"properties":{"kind":"stop","stop_id":"2.3804.697519","name":"Casp - Girona"}},{"type":"Feature","geometry":{"type":"Point","coordinates":[2.170659,41.389248]},"properties":{"kind":"stop","stop_id":"2.3805.697517","name":"Casp - Pau Claris"}},{"type":"Feature","geometry":{"type":"Point","coordinates":[2.178508,41.402488]},"properties":{"kind":"stop","stop_id":"2.3806.697620","name":"Arag\u00f3 - Lepant"}},{"type":"Feature","geometry":{"type":"Point","coordinates":[2.18625,41.405676]},"properties":{"kind":"stop","stop_id":"2.3807.697625","name":"Independ\u00e8ncia - Meridiana"}},{"type":"Feature","geometry":{"type":"Point","coordinates":[2.13902,41.367624]},"properties":{"kind":"stop","stop_id":"2.3810.697729","name":"La Campana"}},{"type":"Feature","geometry":{"type":"Point","coordinates":[2.187067,41.414313]},"properties":{"kind":"stop","stop_id":"2.3813.697887","name":"Meridiana - Navas de Tolosa"}},{"type":"Feature","geometry":{"type":"Point","coordinates":[2.136007,41.400419]},"properties":{"kind":"stop","stop_id":"2.3834.698119","name":"Vico - Ronda General Mitre"}},{"type":"Feature","geometry":{"type":"Point","coordinates":[2.138365,41.399239]},"properties":{"kind":"stop","stop_id":"2.3835.698121","name":"Freixa - Vallmajor"}},{"type":"Feature","geometry":{"type":"Point","coordinates":[2.187329,41.367967]},"properties":{"kind":"stop","stop_id":"2.3838.698156","name":"Pl Rosa dels Vents - Final de trajecte"}},{"type":"Feature","geometry":{"type":"Point","coordinates":[2.192976,41.403885]},"properties":{"kind":"stop","stop_id":"2.3850.698505","name":"Roc Boronat - T\u00e0nger - Final de trajecte"}},{"type":"Feature","geometry":{"type":"Point","coordinates":[2.132252,41.414768]},"properties":{"kind":"stop","stop_id":"2.3856.698712","name":"Adri\u00e0 Margarit - Av Tibidabo"}},{"type":"Feature","geometry":{"type":"Point","coordinates":[2.165621,41.397849]},"properties":{"kind":"stop","stop_id":"2.3874.699241","name":"Diagonal - Bruc"}},{"type":"Feature","geometry":{"type":"Point","coordinates":[2.143389,41.379741]},"properties":{"kind":"stop","stop_id":"2.3875.699292","name":"Tarragona - Mallorca"}},{"type":"Feature","geometry":{"type":"Point","coordinates":[2.139025,41.378383]},"properties":{"kind":"stop","stop_id":"2.3876.699308","name":"Sants Estaci\u00f3 - Pl Joan Peir\u00f3 - Final de trajecte"}},{"type":"Feature","geometry":{"type":"Point","coordinates":[2.139333,41.378118]},"properties":{"kind":"stop","stop_id":"2.3877.699306","name":"Pl Joan Peir\u00f3 - Estaci\u00f3 de Sants - Final trajecte"}},{"type":"Feature","geometry":{"type":"Point","coordinates":[2.140767,41.378329]},"properties":{"kind":"stop","stop_id":"2.3878.699302","name":"Pg Sant Antoni - Parc de l'Espanya Industrial"}},{"type":"Feature","geometry":{"type":"Point","coordinates":[2.209204,41.409691]},"properties":{"kind":"stop","stop_id":"2.3881.699373","name":"Pallars - Selva de Mar"}},{"type":"Feature","geometry":{"type":"Point","coordinates":[2.209477,41.418375]},"properties":{"kind":"stop","stop_id":"2.3888.699464","name":"Rambla Prim - Pere IV"}},{"type":"Feature","geometry":{"type":"Point","coordinates":[2.209443,41.419204]},"properties":{"kind":"stop","stop_id":"2.3889.699462","name":"Rambla Prim - Gran Via"}},{"type":"Feature","geometry":{"type":"Point","coordinates":[2.166871,41.398453]},"properties":{"kind":"stop","stop_id":"2.3891.699535","name":"Diagonal - Estaci\u00f3 Verdaguer"}},{"type":"Feature","geometry":{"type":"Point","coordinates":[2.164309,41.38575]},"properties":{"kind":"stop","stop_id":"2.3897.699631","name":"Pl Universitat"}},{"type":"Feature","geometry":{"type":"Point","coordinates":[2.166858,41.403797]},"properties":{"kind":"stop","stop_id":"2.3907.699730","name":"Ind\u00fastria - Grassot"}},{"type":"Feature","geometry":{"type":"Point","coordinates":[2.167927,41.400352]},"properties":{"kind":"stop","stop_id":"2.3908.699762","name":"Pg de Sant Joan - Rossell\u00f3"}},{"type":"Feature","geometry":{"type":"Point","coordinates":[2.168274,41.400668]},"properties":{"kind":"stop","stop_id":"2.3909.699758","name":"Pg de Sant Joan - Proven\u00e7a"}},{"type":"Feature","geometry":{"type":"Point","coordinates":[2.16661,41.376151]},"properties":{"kind":"stop","stop_id":"2.3910.699936","name":"Ronda Sant Pau - Aldana - Final de trajecte"}},{"type":"Feature","geometry":{"type":"Point","coordinates":[2.162195,41.406453]},"properties":{"kind":"stop","stop_id":"2.3911.699799","name":"Escorial - Metro Joanic"}},{"type":"Feature","geometry":{"type":"Point","coordinates":[2.155421,41.402291]},"properties":{"kind":"stop","stop_id":"2.3916.699846","name":"Montseny - Travessia de Sant Antoni"}},{"type":"Feature","geometry":{"type":"Point","coordinates":[2.167086,41.399505]},"properties":{"kind":"stop","stop_id":"2.3917.699851","name":"Bail\u00e8n - Proven\u00e7a"}},{"type":"Feature","geometry":{"type":"Point","coordinates":[2.125895,41.391575]},"properties":{"kind":"stop","stop_id":"2.3932.700100","name":"Pg Manuel Girona - Benet Mateu - Final de trajecte"}},{"type":"Feature","geometry":{"type":"Point","coordinates":[2.125243,41.391972]},"properties":{"kind":"stop","stop_id":"2.3933.700098","name":"Capit\u00e0 Arenas - Final de trajecte"}},{"type":"Feature","geometry":{"type":"Point","coordinates":[2.188017,41.403097]},"properties":{"kind":"stop","stop_id":"2.3934.700231","name":"Pl Gl\u00f2ries"}},{"type":"Feature","geometry":{"type":"Point","coordinates":[2.150956,41.374905]},"properties":{"kind":"stop","stop_id":"2.3935.700096","name":"Paral\u00b7lel - Pl Espanya"}},{"type":"Feature","geometry":{"type":"Point","coordinates":[2.132278,41.365279]},"properties":{"kind":"stop","stop_id":"2.3938.700223","name":"Ciutat de la Just\u00edcia"}},{"type":"Feature","geometry":{"type":"Point","coordinates":[2.14849,41.406205]},"properties":{"kind":"stop","stop_id":"2.3939.700486","name":"Mitre - Lesseps"}},{"type":"Feature","geometry":{"type":"Point","coordinates":[2.146873,41.415318]},"properties":{"kind":"stop","stop_id":"2.3946.700698","name":"Rubens - Cartago"}},{"type":"Feature","geometry":{"type":"Point","coordinates":[2.148425,41.417895]},"properties":{"kind":"stop","stop_id":"2.3947.700700","name":"Beat Almat\u00f3 - Baixada de Sant Mari\u00e0"}},{"type":"Feature","geometry":{"type":"Point","coordinates":[2.150079,41.419603]},"properties":{"kind":"stop","stop_id":"2.3948.700702","name":"Font del Coll - M\u00f3ra d'Ebre"}},{"type":"Feature","geometry":{"type":"Point","coordinates":[2.149781,41.419332]},"properties":{"kind":"stop","stop_id":"2.3949.700704","name":"M\u00f3ra la Nova - M\u00f3ra d'Ebre"}},{"type":"Feature","geometry":{"type":"Point","coordinates":[2.149042,41.418289]},"properties":{"kind":"stop","stop_id":"2.3950.700706","name":"M\u00f3ra d'Ebre - Baixada de Sant Mari\u00e0"}},{"type":"Feature","geometry":{"type":"Point","coordinates":[2.149981,41.373506]},"properties":{"kind":"stop","stop_id":"2.7002.699747","name":"Alternativa per Fires - Pl Espanya"}},{"type":"Feature","geometry":{"type":"Point","coordinates":[2.168571,41.389932]},"properties":{"kind":"stop","stop_id":"2.8086.677806","name":"Gran Via-Metro Pg Gr\u00e0cia"}},{"type":"Feature","geometry":{"type":"Point","coordinates":[2.133789,41.363772]},"properties":{"kind":"stop","stop_id":"2.8280.700241","name":"Ciutat de la Just\u00edcia - Final de trajecte"}},{"type":"Feature","geometry":{"type":"Point","coordinates":[2.13083,41.36783]},"properties":{"kind":"stop","stop_id":"2.8319.700682","name":"Santa Eulalia"}},{"type":"Feature","geometry":{"type":"Point","coordinates":[2.137712,41.375298]},"properties":{"kind":"stop","stop_id":"2.8321.680052","name":"Pla\u00e7a de Sants"}},{"type":"Feature","geometry":{"type":"Point","coordinates":[2.14809,41.373975]},"properties":{"kind":"stop","stop_id":"2.8373.680463","name":"Gran Via Corts Catalanes"}},{"type":"Feature","geometry":{"type":"Point","coordinates":[2.122644,41.378869]},"properties":{"kind":"stop","stop_id":"2.8535.700819","name":"Estadi del Futbol Club Barcelona"}},{"type":"Feature","geometry":{"type":"Point","coordinates":[2.136136,41.397852]},"properties":{"kind":"stop","stop_id":"2.8596.700923","name":"Augusta, 242"}},{"type":"Feature","geometry":{"type":"Point","coordinates":[2.140111,41.411129]},"properties":{"kind":"stop","stop_id":"2.8729.700652","name":"Hurtado, 14-18"}},{"type":"Feature","geometry":{"type":"Point","coordinates":[2.147059,41.394324]},"properties":{"kind":"stop","stop_id":"2.8869.700523","name":"Casanova, 211-268"}},{"type":"Feature","geometry":{"type":"Point","coordinates":[2.14935,41.366185]},"properties":{"kind":"stop","stop_id":"2.8933.686656","name":"Estadi, 24-28"}},{"type":"Feature","geometry":{"type":"Point","coordinates":[2.199256,41.407432]},"properties":{"kind":"stop","stop_id":"2.9101.700086","name":"Marroc 33-30"}},{"type":"Feature","geometry":{"type":"Point","coordinates":[2.199106,41.406574]},"properties":{"kind":"stop","stop_id":"2.9125.700781","name":"Diagonal, 17-137"}},{"type":"Feature","geometry":{"type":"Point","coordinates":[2.150219,41.378136]},"properties":{"kind":"stop","stop_id":"2.9196.700173","name":"Vilamar\u00ed - Diputaci\u00f3"}},{"type":"Feature","geometry":{"type":"Point","coordinates":[2.154921,41.37512]},"properties":{"kind":"stop","stop_id":"2.9335.699991","name":"Av. Paral\u00b7lel, 158"}},{"type":"Feature","geometry":{"type":"Point","coordinates":[2.146241,41.37378]},"properties":{"kind":"stop","stop_id":"2.9403.700892","name":"Crta. Bordeta, 30"}},{"type":"Feature","geometry":{"type":"Point","coordinates":[2.1574,41.418085]},"properties":{"kind":"stop","stop_id":"2.9425.699237","name":"Carmel, 118"}},{"type":"Feature","geometry":{"type":"Point","coordinates":[2.193544,41.410172]},"properties":{"kind":"stop","stop_id":"2.9465.700527","name":"Bilbao, 217"}},{"type":"Feature","geometry":{"type":"Point","coordinates":[2.134939,41.41319]},"properties":{"kind":"stop","stop_id":"2.9532.700495","name":"av. Tibidabo, 25"}},{"type":"Feature","geometry":{"type":"Point","coordinates":[2.139298,41.377743]},"properties":{"kind":"stop","stop_id":"2.9551.700862","name":"Pg. Sant Antoni, 26b"}},{"type":"Feature","geometry":{"type":"Point","coordinates":[2.187122,41.406205]},"properties":{"kind":"stop","stop_id":"2.9610.695519","name":"Av. Meridiana, 82-86"}},{"type":"Feature","geometry":{"type":"Point","coordinates":[2.119349,41.376765]},"properties":{"kind":"stop","stop_id":"2.9637.700894","name":"Collblanc"}},{"type":"Feature","geometry":{"type":"Point","coordinates":[2.116533,41.368683]},"properties":{"kind":"stop","stop_id":"2.9680.700539","name":"Torrassa"}},{"type":"Feature","geometry":{"type":"Point","coordinates":[2.116674,41.36903]},"properties":{"kind":"stop","stop_id":"2.9681.700794","name":"Torrassa"}},{"type":"Feature","geometry":{"type":"Point","coordinates":[2.130999,41.368036]},"properties":{"kind":"stop","stop_id":"2.9682.700792","name":"Santa Eul\u00e0lia"}},{"type":"Feature","geometry":{"type":"Point","coordinates":[2.170729,41.372217]},"properties":{"kind":"stop","stop_id":"2.9791.697961","name":"Pg. Montju\u00efc, 38"}},{"type":"Feature","geometry":{"type":"Point","coordinates":[2.144237,41.399632]},"properties":{"kind":"stop","stop_id":"2.9810.698160","name":"Via Augusta 158 - 160"}},{"type":"Feature","geometry":{"type":"Point","coordinates":[2.140191,41.397482]},"properties":{"kind":"stop","stop_id":"2.9825.700921","name":"Calvet 81-83"}},{"type":"Feature","geometry":{"type":"Point","coordinates":[2.157668,41.418089]},"properties":{"kind":"stop","stop_id":"2.9921.699239","name":"M\u00fchlberg, 2-4"}},{"type":"Feature","geometry":{"type":"Point","coordinates":[2.136317,41.374502]},"properties":{"kind":"stop","stop_id":"2.9937.700777","name":"Pl. Sants - Final de trajecte"}},{"type":"Feature","geometry":{"type":"Point","coordinates":[2.13816,41.378058]},"properties":{"kind":"stop","stop_id":"2.9938.700779","name":"pg. Sant Antoni, 9"}},{"type":"Feature","geometry":{"type":"Point","coordinates":[2.141632,41.379149]},"properties":{"kind":"stop","stop_id":"2.9951.700270","name":"Pg. Sant Antoni, 53-55"}},{"type":"Feature","geometry":{"type":"Point","coordinates":[2.168229,41.400696]},"properties":{"kind":"stop","stop_id":"2.9964.699849","name":"Pg de Sant Joan - Proven\u00e7a"}},{"type":"Feature","geometry":{"type":"Point","coordinates":[2.144511,41.396888]},"properties":{"kind":"stop","stop_id":"2.9999.700155","name":"Madrazo, 104"}}],"properties":{"source":"TMB GTFS via Mobility Database (mdb-2359)","attribution":"Transports Metropolitans de Barcelona","extent":[2.114173,41.3634853,2.2106763,41.4212292],"routes_kept":{"metro":9,"funicular":1,"bus":81},"stops_kept":1641,"routes_without_shape":0,"routes_outside_extent":26}}