{"type":"FeatureCollection","features":[{"type":"Feature","geometry":{"type":"Point","coordinates":[-73.973599,40.752091]},"properties":{"id":"12463559806","label":"3rd Avenue / East 44th Street","links":11,"phases":4,"in_edges":["-1539502333#1","1455345748#3","1539502332#0"],"corridor":null}},{"type":"Feature","geometry":{"type":"Point","coordinates":[-73.98751,40.76535]},"properties":{"id":"1815133244","label":"9th Avenue / West 53rd Street","links":11,"phases":4,"in_edges":["-420892271#1","420892273#0","812949647#3"],"corridor":null}},{"type":"Feature","geometry":{"type":"Point","coordinates":[-74.00054,40.755141]},"properties":{"id":"3270031002","label":"Hudson Boulevard East / West 34th Street","links":9,"phases":4,"in_edges":["-273019810#4","273019810#0","708353352#0"],"corridor":null}},{"type":"Feature","geometry":{"type":"Point","coordinates":[-73.981745,40.746355]},"properties":{"id":"3786901738","label":"East 33rd Street / Park Avenue","links":5,"phases":4,"in_edges":["1037772009#0","540356239#4"],"corridor":null}},{"type":"Feature","geometry":{"type":"Point","coordinates":[-73.971642,40.743871]},"properties":{"id":"406048768","label":"FDR Drive","links":6,"phases":3,"in_edges":["-194926840#1","34769546#0"],"corridor":null}},{"type":"Feature","geometry":{"type":"Point","coordinates":[-73.972087,40.745656]},"properties":{"id":"42422899","label":"1st Avenue / East 37th Street","links":13,"phases":6,"in_edges":["-368938762#1","1185734601","420872177#0"],"corridor":null}},{"type":"Feature","geometry":{"type":"Point","coordinates":[-73.979072,40.766843]},"properties":{"id":"42423674","label":"7th Avenue / Central Park South","links":8,"phases":6,"in_edges":["-1022822153#2","1205900284","420899373"],"corridor":null}},{"type":"Feature","geometry":{"type":"Point","coordinates":[-73.996888,40.757744]},"properties":{"id":"42423885","label":"10th Avenue / West 39th Street","links":14,"phases":4,"in_edges":["-1528692691#1","-46482536","1211608942#0","954520388#0"],"corridor":null}},{"type":"Feature","geometry":{"type":"Point","coordinates":[-73.994892,40.757663]},"properties":{"id":"42424789","label":"West 40th Street","links":12,"phases":4,"in_edges":["36807165","895394557#0"],"corridor":null}},{"type":"Feature","geometry":{"type":"Point","coordinates":[-73.9999,40.743435]},"properties":{"id":"42427381","label":"8th Avenue / West 20th Street","links":12,"phases":4,"in_edges":["-465098285#1","420598349#0","963575585#0"],"corridor":null}},{"type":"Feature","geometry":{"type":"Point","coordinates":[-73.992373,40.743576]},"properties":{"id":"42427423","label":"6th Avenue / West 24th Street","links":11,"phases":4,"in_edges":["-630828586#1","1529521816#3","630828586#0"],"corridor":null}},{"type":"Feature","geometry":{"type":"Point","coordinates":[-73.995179,40.744799]},"properties":{"id":"42427426","label":"7th Avenue / West 24th Street","links":9,"phases":6,"in_edges":["-1021124545#1","1529521816#0","986615542#0"],"corridor":null}},{"type":"Feature","geometry":{"type":"Point","coordinates":[-73.973509,40.763715]},"properties":{"id":"42427762","label":"5th Avenue / West 58th Street","links":7,"phases":4,"in_edges":["1150705656#0","5669664#0"],"corridor":null}},{"type":"Feature","geometry":{"type":"Point","coordinates":[-73.97414,40.763962]},"properties":{"id":"42427764","label":"Grand Army Plaza / West 58th Street","links":5,"phases":4,"in_edges":["308322447#2","46583189#0"],"corridor":null}},{"type":"Feature","geometry":{"type":"Point","coordinates":[-73.986796,40.745317]},"properties":{"id":"42427786","label":"5th Avenue / East 29th Street","links":4,"phases":4,"in_edges":["1038784416#0","464515614#3"],"corridor":null}},{"type":"Feature","geometry":{"type":"Point","coordinates":[-73.988576,40.746034]},"properties":{"id":"42427787","label":"Broadway / West 29th Street","links":7,"phases":4,"in_edges":["-976050704#1","5669669#0","976050705#0"],"corridor":null}},{"type":"Feature","geometry":{"type":"Point","coordinates":[-73.990078,40.74664]},"properties":{"id":"42427797","label":"6th Avenue / West 29th Street","links":9,"phases":8,"in_edges":["-1022184081#2","-968394455#2","5669669#3","968394453#0"],"corridor":null}},{"type":"Feature","geometry":{"type":"Point","coordinates":[-73.992896,40.747866]},"properties":{"id":"42427805","label":"7th Avenue / West 29th Street","links":14,"phases":6,"in_edges":["-1022184082#1","-968394454#2","1022184080#0","1022184081#0"],"corridor":null}},{"type":"Feature","geometry":{"type":"Point","coordinates":[-73.995747,40.749052]},"properties":{"id":"42427812","label":"8th Avenue / West 29th Street","links":14,"phases":6,"in_edges":["-1027181003#2","-968394454#4","1027181004#0","968394454#0"],"corridor":null}},{"type":"Feature","geometry":{"type":"Point","coordinates":[-73.989148,40.743003]},"properties":{"id":"42428212","label":"Broadway / West 25th Street","links":3,"phases":4,"in_edges":["491162341#0","5672273#0"],"corridor":null}},{"type":"Feature","geometry":{"type":"Point","coordinates":[-73.988847,40.744541]},"properties":{"id":"42428220","label":"Broadway / West 27th Street","links":4,"phases":4,"in_edges":["5670296#0","976050704#2"],"corridor":null}},{"type":"Feature","geometry":{"type":"Point","coordinates":[-73.988773,40.745302]},"properties":{"id":"42428223","label":"Broadway / West 28th Street","links":7,"phases":4,"in_edges":["-1224490990#1","1224490989#2","1234631159#0"],"corridor":null}},{"type":"Feature","geometry":{"type":"Point","coordinates":[-73.988495,40.746812]},"properties":{"id":"42428227","label":"Broadway / West 30th Street","links":9,"phases":4,"in_edges":["-1224490989#1","1224490987#0","226041019#0"],"corridor":null}},{"type":"Feature","geometry":{"type":"Point","coordinates":[-73.988298,40.747532]},"properties":{"id":"42428232","label":"Broadway / West 31st Street","links":7,"phases":4,"in_edges":["-1289161775#1","1224490986#0","46490538#0"],"corridor":null}},{"type":"Feature","geometry":{"type":"Point","coordinates":[-73.987717,40.751494]},"properties":{"id":"42428258","label":"Broadway / West 36th Street","links":6,"phases":4,"in_edges":["1135620537#0","700951339#0"],"corridor":null}},{"type":"Feature","geometry":{"type":"Point","coordinates":[-73.987508,40.752211]},"properties":{"id":"42428264","label":"Broadway / West 37th Street","links":8,"phases":4,"in_edges":["46522005#0","700951338#0"],"corridor":null}},{"type":"Feature","geometry":{"type":"Point","coordinates":[-73.98734,40.752914]},"properties":{"id":"42428268","label":"Broadway / West 38th Street","links":9,"phases":4,"in_edges":["-542257009#2","1049920717#0","958919324#0"],"corridor":null}},{"type":"Feature","geometry":{"type":"Point","coordinates":[-73.987052,40.753604]},"properties":{"id":"42428272","label":"West 39th Street","links":5,"phases":3,"in_edges":["-1070126889","36806906#3"],"corridor":null}},{"type":"Feature","geometry":{"type":"Point","coordinates":[-73.986931,40.754377]},"properties":{"id":"42428277","label":"Broadway / West 40th Street","links":2,"phases":4,"in_edges":["569345546#0","803047267#0"],"corridor":null}},{"type":"Feature","geometry":{"type":"Point","coordinates":[-73.986647,40.755073]},"properties":{"id":"42428283","label":"Broadway / West 41st Street","links":7,"phases":4,"in_edges":["35027229#0","5673323#0"],"corridor":null}},{"type":"Feature","geometry":{"type":"Point","coordinates":[-73.986422,40.755808]},"properties":{"id":"42428287","label":"West 42nd Street","links":7,"phases":4,"in_edges":["-167922076#2","1136952921#0"],"corridor":null}},{"type":"Feature","geometry":{"type":"Point","coordinates":[-73.985469,40.757951]},"properties":{"id":"42428297","label":"7th Avenue / West 45th Street","links":11,"phases":4,"in_edges":["-682360554#2","1117867038#0","397795463#0"],"corridor":null}},{"type":"Feature","geometry":{"type":"Point","coordinates":[-73.98484,40.760106]},"properties":{"id":"42428305","label":"Broadway / West 48th Street","links":15,"phases":8,"in_edges":["-1413518738","-626514137#2","226041028#0","972926362#0"],"corridor":null}},{"type":"Feature","geometry":{"type":"Point","coordinates":[-73.984488,40.760791]},"properties":{"id":"42428307","label":"Broadway / West 49th Street","links":7,"phases":4,"in_edges":["-1413159922#1","1136460177#0","1320234484#0"],"corridor":null}},{"type":"Feature","geometry":{"type":"Point","coordinates":[-73.984135,40.761467]},"properties":{"id":"42428308","label":"Broadway / West 50th Street","links":8,"phases":6,"in_edges":["-1413171972#1","1136460179#0","1376951511#0"],"corridor":null}},{"type":"Feature","geometry":{"type":"Point","coordinates":[-73.983623,40.762084]},"properties":{"id":"42428310","label":"Broadway / West 51st Street","links":10,"phases":4,"in_edges":["-1136460178#1","1059314985#0","812949648#0"],"corridor":null}},{"type":"Feature","geometry":{"type":"Point","coordinates":[-73.983297,40.762748]},"properties":{"id":"42428312","label":"Broadway / West 52nd Street","links":10,"phases":4,"in_edges":["-812949648#2","1136460181#0","965833822#6"],"corridor":null}},{"type":"Feature","geometry":{"type":"Point","coordinates":[-73.982858,40.763374]},"properties":{"id":"42428313","label":"Broadway / West 53rd Street","links":9,"phases":4,"in_edges":["-1136460180#1","1267505842#0","46538371#0"],"corridor":null}},{"type":"Feature","geometry":{"type":"Point","coordinates":[-73.982556,40.764084]},"properties":{"id":"42428315","label":"Broadway / West 54th Street","links":9,"phases":6,"in_edges":["-1267505842#2","1267505843#0","324118558#0"],"corridor":null}},{"type":"Feature","geometry":{"type":"Point","coordinates":[-73.982251,40.764783]},"properties":{"id":"42428321","label":"Broadway / West 55th Street","links":13,"phases":4,"in_edges":["-1442249232#4","-499172074#8","1442249232#0","499172074#3"],"corridor":null}},{"type":"Feature","geometry":{"type":"Point","coordinates":[-73.982068,40.765496]},"properties":{"id":"42428328","label":"Broadway / West 56th Street","links":9,"phases":4,"in_edges":["-1442249232#2","1442249235#0","618990022#9"],"corridor":null}},{"type":"Feature","geometry":{"type":"Point","coordinates":[-73.981892,40.766305]},"properties":{"id":"42428329","label":"Broadway / West 57th Street","links":14,"phases":6,"in_edges":["-196116976#1","-196117083#2","1167939119#0","5672752#0"],"corridor":null}},{"type":"Feature","geometry":{"type":"Point","coordinates":[-73.981784,40.767166]},"properties":{"id":"42428332","label":"Broadway / West 58th Street","links":10,"phases":4,"in_edges":["-308322448#1","22898530#0","308322446#0"],"corridor":null}},{"type":"Feature","geometry":{"type":"Point","coordinates":[-73.988203,40.743491]},"properties":{"id":"42429874","label":"5th Avenue / West 26th Street","links":10,"phases":4,"in_edges":["1177979594#0","587061854#0"],"corridor":null}},{"type":"Feature","geometry":{"type":"Point","coordinates":[-73.971133,40.766778]},"properties":{"id":"42429970","label":"5th Avenue / East 63rd Street","links":5,"phases":4,"in_edges":["1532515755#0","1539162002#3"],"corridor":null}},{"type":"Feature","geometry":{"type":"Point","coordinates":[-73.969582,40.766051]},"properties":{"id":"42429971","label":"East 63rd Street / Madison Avenue","links":6,"phases":4,"in_edges":["1539162002#0","458180199#6"],"corridor":null}},{"type":"Feature","geometry":{"type":"Point","coordinates":[-73.99186,40.744156]},"properties":{"id":"42430274","label":"6th Avenue / West 25th Street","links":9,"phases":4,"in_edges":["-1266830893#1","1266830894","483704512#0"],"corridor":null}},{"type":"Feature","geometry":{"type":"Point","coordinates":[-73.991465,40.74482]},"properties":{"id":"42430277","label":"6th Avenue / West 26th Street","links":14,"phases":4,"in_edges":["-489019752#1","1266830893#0","986615540#0"],"corridor":null}},{"type":"Feature","geometry":{"type":"Point","coordinates":[-73.99094,40.745383]},"properties":{"id":"42430279","label":"6th Avenue / West 27th Street","links":10,"phases":6,"in_edges":["-968394452#2","5670296#3","968394450#0"],"corridor":null}},{"type":"Feature","geometry":{"type":"Point","coordinates":[-73.990573,40.746045]},"properties":{"id":"42430282","label":"6th Avenue / West 28th Street","links":11,"phases":4,"in_edges":["-968394452#4","1022184083#0","968394452#0"],"corridor":null}},{"type":"Feature","geometry":{"type":"Point","coordinates":[-73.989672,40.747284]},"properties":{"id":"42430288","label":"6th Avenue / West 30th Street","links":11,"phases":4,"in_edges":["-968394455#4","226041020#0","968394455#0"],"corridor":null}},{"type":"Feature","geometry":{"type":"Point","coordinates":[-73.989137,40.747862]},"properties":{"id":"42430292","label":"6th Avenue / West 31st Street","links":9,"phases":6,"in_edges":["-978161521#1","46490538#3","968394456#0"],"corridor":null}},{"type":"Feature","geometry":{"type":"Point","coordinates":[-73.988717,40.748505]},"properties":{"id":"42430295","label":"6th Avenue / West 32nd Street","links":14,"phases":6,"in_edges":["-1071919873#1","-460606347#2","1082072647#0","68668519#0"],"corridor":null}},{"type":"Feature","geometry":{"type":"Point","coordinates":[-73.988208,40.749099]},"properties":{"id":"42430298","label":"6th Avenue / West 33rd Street","links":10,"phases":4,"in_edges":["-496982024#1","460606347#0","690414969"],"corridor":null}},{"type":"Feature","geometry":{"type":"Point","coordinates":[-73.987764,40.7498]},"properties":{"id":"42430304","label":"6th Avenue / West 34th Street","links":15,"phases":4,"in_edges":["-496983396#1","384649121#0","439933932#0","5670600#0"],"corridor":null}},{"type":"Feature","geometry":{"type":"Point","coordinates":[-73.987255,40.750423]},"properties":{"id":"42430308","label":"6th Avenue / West 35th Street","links":11,"phases":6,"in_edges":["-384649120#1","496983397#0","496983398#0"],"corridor":null}},{"type":"Feature","geometry":{"type":"Point","coordinates":[-73.986877,40.751083]},"properties":{"id":"42430311","label":"6th Avenue / West 36th Street","links":9,"phases":4,"in_edges":["-384649120#4","587038081#0","963613972#0"],"corridor":null}},{"type":"Feature","geometry":{"type":"Point","coordinates":[-73.98639,40.751675]},"properties":{"id":"42430314","label":"6th Avenue / West 37th Street","links":9,"phases":4,"in_edges":["-384649120#7","1036712190","384649120#2"],"corridor":null}},{"type":"Feature","geometry":{"type":"Point","coordinates":[-73.985959,40.752316]},"properties":{"id":"42430317","label":"6th Avenue / West 38th Street","links":14,"phases":4,"in_edges":["-384649120#10","-542257009#5","384649120#5","542257009#0"],"corridor":null}},{"type":"Feature","geometry":{"type":"Point","coordinates":[-73.985498,40.752938]},"properties":{"id":"42430320","label":"6th Avenue / West 39th Street","links":14,"phases":4,"in_edges":["-36806906#5","-384649120#13","36806906#0","384649120#8"],"corridor":null}},{"type":"Feature","geometry":{"type":"Point","coordinates":[-73.985095,40.753562]},"properties":{"id":"42430324","label":"6th Avenue / West 40th Street","links":13,"phases":4,"in_edges":["-440122868#1","384649120#11","542258061#0"],"corridor":null}},{"type":"Feature","geometry":{"type":"Point","coordinates":[-73.984632,40.754168]},"properties":{"id":"42430329","label":"6th Avenue","links":7,"phases":3,"in_edges":["-1021065071#1","1021068251#0"],"corridor":null}},{"type":"Feature","geometry":{"type":"Point","coordinates":[-73.984146,40.754829]},"properties":{"id":"42430333","label":"6th Avenue / West 42nd Street","links":16,"phases":6,"in_edges":["-127693103#2","-167922072#1","1320232776#0","448686048#0"],"corridor":null}},{"type":"Feature","geometry":{"type":"Point","coordinates":[-73.983602,40.755485]},"properties":{"id":"42430338","label":"6th Avenue / West 43rd Street","links":15,"phases":4,"in_edges":["-127693103#5","127693103#0","5672464#0"],"corridor":null}},{"type":"Feature","geometry":{"type":"Point","coordinates":[-73.983184,40.756139]},"properties":{"id":"42430342","label":"6th Avenue / West 44th Street","links":15,"phases":4,"in_edges":["-464515890#1","-464516471#2","1117867028","127693103#3"],"corridor":null}},{"type":"Feature","geometry":{"type":"Point","coordinates":[-73.982718,40.756749]},"properties":{"id":"42430344","label":"6th Avenue / West 45th Street","links":9,"phases":4,"in_edges":["-464516471#5","464516471#0","5670124"],"corridor":null}},{"type":"Feature","geometry":{"type":"Point","coordinates":[-73.982299,40.757384]},"properties":{"id":"42430347","label":"6th Avenue / West 46th Street","links":9,"phases":4,"in_edges":["-464516471#8","1051744070#0","464516471#3"],"corridor":null}},{"type":"Feature","geometry":{"type":"Point","coordinates":[-73.981779,40.757993]},"properties":{"id":"42430350","label":"6th Avenue / West 47th Street","links":11,"phases":4,"in_edges":["-464516471#11","464516471#6","5672036#0"],"corridor":null}},{"type":"Feature","geometry":{"type":"Point","coordinates":[-73.981358,40.758642]},"properties":{"id":"42430352","label":"6th Avenue / West 48th Street","links":15,"phases":4,"in_edges":["-226041029#2","-464516471#14","1160618888#0","464516471#9"],"corridor":null}},{"type":"Feature","geometry":{"type":"Point","coordinates":[-73.980861,40.759244]},"properties":{"id":"42430356","label":"6th Avenue / West 49th Street","links":12,"phases":4,"in_edges":["-464516471#17","464516471#12","5670114#0"],"corridor":null}},{"type":"Feature","geometry":{"type":"Point","coordinates":[-73.980479,40.759919]},"properties":{"id":"42430358","label":"6th Avenue / West 50th Street","links":12,"phases":4,"in_edges":["-1211049193#1","420908138#0","464516471#15"],"corridor":null}},{"type":"Feature","geometry":{"type":"Point","coordinates":[-73.979984,40.760506]},"properties":{"id":"42430361","label":"6th Avenue / West 51st Street","links":12,"phases":4,"in_edges":["-569345537#2","1211049194#0","569345536#0"],"corridor":null}},{"type":"Feature","geometry":{"type":"Point","coordinates":[-73.979569,40.761158]},"properties":{"id":"42430363","label":"6th Avenue / West 52nd Street","links":14,"phases":4,"in_edges":["-569345537#5","569345537#0","717625447#0"],"corridor":null}},{"type":"Feature","geometry":{"type":"Point","coordinates":[-73.97907,40.761752]},"properties":{"id":"42430367","label":"6th Avenue / West 53rd Street","links":9,"phases":4,"in_edges":["-569345537#8","5671709#0","569345537#3"],"corridor":null}},{"type":"Feature","geometry":{"type":"Point","coordinates":[-73.978672,40.762406]},"properties":{"id":"42430371","label":"6th Avenue / West 54th Street","links":14,"phases":4,"in_edges":["-569345537#11","226041032#0","569345537#6"],"corridor":null}},{"type":"Feature","geometry":{"type":"Point","coordinates":[-73.978177,40.763028]},"properties":{"id":"42430375","label":"6th Avenue / West 55th Street","links":14,"phases":4,"in_edges":["-499172074#2","-541350711#2","1222356566#0","569345537#9"],"corridor":null}},{"type":"Feature","geometry":{"type":"Point","coordinates":[-73.977755,40.763658]},"properties":{"id":"42430378","label":"6th Avenue / West 56th Street","links":12,"phases":4,"in_edges":["-541350711#5","1442249234#3","541350711#0"],"corridor":null}},{"type":"Feature","geometry":{"type":"Point","coordinates":[-73.977217,40.76432]},"properties":{"id":"42430384","label":"6th Avenue / West 57th Street","links":16,"phases":6,"in_edges":["-496986969#3","-497258108#1","-497258109#4","541350711#3"],"corridor":null}},{"type":"Feature","geometry":{"type":"Point","coordinates":[-73.997361,40.762148]},"properties":{"id":"42430680","label":"11th Avenue / West 44th Street","links":11,"phases":6,"in_edges":["-739911955#1","1156946157#0","5671117#0"],"corridor":null}},{"type":"Feature","geometry":{"type":"Point","coordinates":[-73.99684,40.762755]},"properties":{"id":"42430685","label":"11th Avenue / West 45th Street","links":13,"phases":4,"in_edges":["1156946156#0","1156946158#0"],"corridor":null}},{"type":"Feature","geometry":{"type":"Point","coordinates":[-73.996474,40.763418]},"properties":{"id":"42430688","label":"11th Avenue / West 46th Street","links":13,"phases":4,"in_edges":["1156946161#0","992144531#0"],"corridor":null}},{"type":"Feature","geometry":{"type":"Point","coordinates":[-73.995946,40.764008]},"properties":{"id":"42430691","label":"11th Avenue / West 47th Street","links":11,"phases":4,"in_edges":["1156946160#0","989265272#0"],"corridor":null}},{"type":"Feature","geometry":{"type":"Point","coordinates":[-73.995541,40.764672]},"properties":{"id":"42430694","label":"11th Avenue / West 48th Street","links":10,"phases":4,"in_edges":["1533485924#0","989265270#0"],"corridor":null}},{"type":"Feature","geometry":{"type":"Point","coordinates":[-73.995015,40.765264]},"properties":{"id":"42430698","label":"11th Avenue / West 49th Street","links":13,"phases":4,"in_edges":["1532350683#0","989265273#0"],"corridor":null}},{"type":"Feature","geometry":{"type":"Point","coordinates":[-73.994636,40.765932]},"properties":{"id":"42430704","label":"11th Avenue / West 50th Street","links":12,"phases":4,"in_edges":["1061979015#0","1313054202"],"corridor":null}},{"type":"Feature","geometry":{"type":"Point","coordinates":[-73.994121,40.766514]},"properties":{"id":"42430707","label":"11th Avenue / West 51st Street","links":11,"phases":4,"in_edges":["420894352#0","814278018#0"],"corridor":null}},{"type":"Feature","geometry":{"type":"Point","coordinates":[-73.993725,40.767173]},"properties":{"id":"42430713","label":"11th Avenue / West 52nd Street","links":12,"phases":4,"in_edges":["1061979013#0","1313054200"],"corridor":null}},{"type":"Feature","geometry":{"type":"Point","coordinates":[-73.993186,40.767765]},"properties":{"id":"42430722","label":"11th Avenue / West 53rd Street","links":8,"phases":4,"in_edges":["1061979012#0","1531861167#0"],"corridor":null}},{"type":"Feature","geometry":{"type":"Point","coordinates":[-73.992696,40.768349]},"properties":{"id":"42430736","label":"West 54th Street","links":1,"phases":3,"in_edges":["-195743211#2"],"corridor":null}},{"type":"Feature","geometry":{"type":"Point","coordinates":[-73.974492,40.76234]},"properties":{"id":"42431544","label":"5th Avenue / West 56th Street","links":10,"phases":4,"in_edges":["1442249234#6","195743336#0"],"corridor":null}},{"type":"Feature","geometry":{"type":"Point","coordinates":[-73.980552,40.764861]},"properties":{"id":"42431549","label":"7th Avenue / West 56th Street","links":10,"phases":4,"in_edges":["-496989355#5","1442249234#0","496989355#0"],"corridor":null}},{"type":"Feature","geometry":{"type":"Point","coordinates":[-73.983448,40.766042]},"properties":{"id":"42431556","label":"8th Avenue / West 56th Street","links":14,"phases":4,"in_edges":["-439933933#1","420890029#0","618990022#6"],"corridor":null}},{"type":"Feature","geometry":{"type":"Point","coordinates":[-73.986231,40.767274]},"properties":{"id":"42431560","label":"9th Avenue / West 56th Street","links":12,"phases":4,"in_edges":["-420892275#1","420892264#0","618990022#3"],"corridor":null}},{"type":"Feature","geometry":{"type":"Point","coordinates":[-73.989103,40.768456]},"properties":{"id":"42431563","label":"10th Avenue / West 56th Street","links":11,"phases":4,"in_edges":["-808190584#4","618990022#0","808190584#0"],"corridor":null}},{"type":"Feature","geometry":{"type":"Point","coordinates":[-73.970689,40.767434]},"properties":{"id":"42431649","label":"5th Avenue","links":4,"phases":3,"in_edges":["1533402211#0"],"corridor":null}},{"type":"Feature","geometry":{"type":"Point","coordinates":[-73.96918,40.766708]},"properties":{"id":"42431650","label":"East 64th Street / Madison Avenue","links":7,"phases":4,"in_edges":["458180199#8","5670029#0"],"corridor":null}},{"type":"Feature","geometry":{"type":"Point","coordinates":[-73.981318,40.752865]},"properties":{"id":"42432436","label":"5th Avenue","links":7,"phases":3,"in_edges":["511699185#0"],"corridor":null}},{"type":"Feature","geometry":{"type":"Point","coordinates":[-73.97984,40.75213]},"properties":{"id":"42432438","label":"East 41st Street / Madison Avenue","links":9,"phases":4,"in_edges":["1316295724#0","511699182#0"],"corridor":null}},{"type":"Feature","geometry":{"type":"Point","coordinates":[-73.972731,40.749198]},"properties":{"id":"42432464","label":"2nd Avenue / East 41st Street","links":19,"phases":4,"in_edges":["-1030139836#1","1030139835#0","36271338#5"],"corridor":null}},{"type":"Feature","geometry":{"type":"Point","coordinates":[-73.977597,40.757939]},"properties":{"id":"42432580","label":"5th Avenue / East 49th Street","links":8,"phases":4,"in_edges":["458180184#0","458180190#0"],"corridor":null}},{"type":"Feature","geometry":{"type":"Point","coordinates":[-73.983656,40.760456]},"properties":{"id":"42432585","label":"7th Avenue / West 49th Street","links":10,"phases":4,"in_edges":["-569345540#5","1051745205#0","569345540#0"],"corridor":null}},{"type":"Feature","geometry":{"type":"Point","coordinates":[-73.986544,40.761645]},"properties":{"id":"42432589","label":"8th Avenue / West 49th Street","links":9,"phases":6,"in_edges":["-420907906#1","1320234484#3","420907903#0"],"corridor":null}},{"type":"Feature","geometry":{"type":"Point","coordinates":[-73.989349,40.762858]},"properties":{"id":"42432594","label":"9th Avenue / West 49th Street","links":8,"phases":4,"in_edges":["-1025734021","1320234482#0","1320234485#0"],"corridor":null}},{"type":"Feature","geometry":{"type":"Point","coordinates":[-73.992223,40.764034]},"properties":{"id":"42432598","label":"10th Avenue / West 49th Street","links":11,"phases":4,"in_edges":["-1308875367#1","1499234748","1499234750#0"],"corridor":null}},{"type":"Feature","geometry":{"type":"Point","coordinates":[-73.979423,40.755422]},"properties":{"id":"42432693","label":"5th Avenue / East 45th Street","links":8,"phases":4,"in_edges":["458177130#0","458180183#0"],"corridor":null}},{"type":"Feature","geometry":{"type":"Point","coordinates":[-73.988364,40.759143]},"properties":{"id":"42432700","label":"8th Avenue / West 45th Street","links":8,"phases":6,"in_edges":["-194926851#2","1117867040#1","1198594029#0"],"corridor":null}},{"type":"Feature","geometry":{"type":"Point","coordinates":[-73.991173,40.760353]},"properties":{"id":"42432703","label":"9th Avenue / West 45th Street","links":8,"phases":4,"in_edges":["-968513228#1","1051744778#0","420907908#0"],"corridor":null}},{"type":"Feature","geometry":{"type":"Point","coordinates":[-73.994056,40.761533]},"properties":{"id":"42432706","label":"10th Avenue / West 45th Street","links":9,"phases":4,"in_edges":["-1536562612#2","1531976889#0","968513230#0"],"corridor":null}},{"type":"Feature","geometry":{"type":"Point","coordinates":[-73.973958,40.763002]},"properties":{"id":"42432818","label":"5th Avenue / East 57th Street","links":13,"phases":4,"in_edges":["-1087048475#1","422298615#0","497258109#0"],"corridor":null}},{"type":"Feature","geometry":{"type":"Point","coordinates":[-73.972391,40.762259]},"properties":{"id":"42432825","label":"East 57th Street / Madison Avenue","links":11,"phases":4,"in_edges":["-388696206#3","421850829#0","5670139#0"],"corridor":null}},{"type":"Feature","geometry":{"type":"Point","coordinates":[-73.969255,40.760957]},"properties":{"id":"42432847","label":"East 57th Street","links":4,"phases":3,"in_edges":["497165757#0"],"corridor":null}},{"type":"Feature","geometry":{"type":"Point","coordinates":[-73.98271,40.750998]},"properties":{"id":"42433604","label":"5th Avenue / East 38th Street","links":14,"phases":6,"in_edges":["-483236728#2","438385431#6","542257009#3"],"corridor":null}},{"type":"Feature","geometry":{"type":"Point","coordinates":[-73.988785,40.753517]},"properties":{"id":"42433611","label":"7th Avenue / West 38th Street","links":15,"phases":4,"in_edges":["-1049920717#2","-569345547#1","1049920718#0","542257008#0"],"corridor":null}},{"type":"Feature","geometry":{"type":"Point","coordinates":[-73.991642,40.754714]},"properties":{"id":"42433620","label":"8th Avenue / West 38th Street","links":12,"phases":6,"in_edges":["-1124078899#1","-542257008#2","1051734607#0","1124078898#0"],"corridor":null}},{"type":"Feature","geometry":{"type":"Point","coordinates":[-73.994432,40.755902]},"properties":{"id":"42433625","label":"9th Avenue / West 38th Street","links":15,"phases":4,"in_edges":["-1051734606#1","-5670197#1","1135614655#0","36806683"],"corridor":null}},{"type":"Feature","geometry":{"type":"Point","coordinates":[-73.997347,40.757094]},"properties":{"id":"42433644","label":"10th Avenue / West 38th Street","links":15,"phases":4,"in_edges":["-1211608942#2","-36806682","1527798601#2","46481741#0"],"corridor":null}},{"type":"Feature","geometry":{"type":"Point","coordinates":[-73.979032,40.756079]},"properties":{"id":"42434072","label":"5th Avenue / West 46th Street","links":9,"phases":4,"in_edges":["46522000#0","511699175#0"],"corridor":null}},{"type":"Feature","geometry":{"type":"Point","coordinates":[-73.977462,40.755349]},"properties":{"id":"42434074","label":"East 46th Street / Madison Avenue","links":8,"phases":4,"in_edges":["420906755#0","5670225#0"],"corridor":null}},{"type":"Feature","geometry":{"type":"Point","coordinates":[-73.974182,40.754049]},"properties":{"id":"42434085","label":"East 46th Street / Lexington Avenue","links":6,"phases":4,"in_edges":["1061623142#0","458180187#6"],"corridor":null}},{"type":"Feature","geometry":{"type":"Point","coordinates":[-73.972668,40.753329]},"properties":{"id":"42434087","label":"3rd Avenue / East 46th Street","links":9,"phases":4,"in_edges":["-1455345750#5","1135622595#0","1455345750#0"],"corridor":null}},{"type":"Feature","geometry":{"type":"Point","coordinates":[-73.97035,40.752402]},"properties":{"id":"42434090","label":"2nd Avenue / East 46th Street","links":9,"phases":4,"in_edges":["-1030123273#2","1051751160#0","420901681#3"],"corridor":null}},{"type":"Feature","geometry":{"type":"Point","coordinates":[-73.99614,40.74346]},"properties":{"id":"42434270","label":"7th Avenue / West 22nd Street","links":7,"phases":6,"in_edges":["-813970416#3","813970415#0","954659191#0"],"corridor":null}},{"type":"Feature","geometry":{"type":"Point","coordinates":[-73.999019,40.744639]},"properties":{"id":"42434271","label":"8th Avenue / West 22nd Street","links":10,"phases":4,"in_edges":["-465098290#1","156994969#0","963567033#0"],"corridor":null}},{"type":"Feature","geometry":{"type":"Point","coordinates":[-73.997594,40.753972]},"properties":{"id":"42434427","label":"Dyer Avenue / West 34th Street","links":8,"phases":4,"in_edges":["-36806903","1088325198","139919706#0"],"corridor":null}},{"type":"Feature","geometry":{"type":"Point","coordinates":[-73.994367,40.758319]},"properties":{"id":"42434434","label":"Dyer Avenue / West 41st Street","links":10,"phases":4,"in_edges":["46334593#0","46492638#0"],"corridor":null}},{"type":"Feature","geometry":{"type":"Point","coordinates":[-73.993966,40.758944]},"properties":{"id":"42434439","label":"Dyer Avenue / West 42nd Street","links":7,"phases":4,"in_edges":["-1320549615#1","273895449#0","420904618#0"],"corridor":null}},{"type":"Feature","geometry":{"type":"Point","coordinates":[-73.987677,40.744076]},"properties":{"id":"42434800","label":"5th Avenue / East 27th Street","links":9,"phases":4,"in_edges":["464515614#9","5672487#4"],"corridor":null}},{"type":"Feature","geometry":{"type":"Point","coordinates":[-73.993755,40.746614]},"properties":{"id":"42434807","label":"7th Avenue / West 27th Street","links":11,"phases":4,"in_edges":["-420598330#1","420512231#0","968394451#0"],"corridor":null}},{"type":"Feature","geometry":{"type":"Point","coordinates":[-73.996614,40.7478]},"properties":{"id":"42434810","label":"8th Avenue / West 27th Street","links":8,"phases":4,"in_edges":["-127693383#2","1532218058#0","420512232#0"],"corridor":null}},{"type":"Feature","geometry":{"type":"Point","coordinates":[-73.983993,40.749109]},"properties":{"id":"42434946","label":"5th Avenue / East 35th Street","links":12,"phases":4,"in_edges":["458166892#0","46469731#0"],"corridor":null}},{"type":"Feature","geometry":{"type":"Point","coordinates":[-73.982485,40.748372]},"properties":{"id":"42434948","label":"East 35th Street / Madison Avenue","links":9,"phases":4,"in_edges":["1201643838#0","542096279#0"],"corridor":null}},{"type":"Feature","geometry":{"type":"Point","coordinates":[-73.976705,40.746067]},"properties":{"id":"42434962","label":"East 35th Street","links":10,"phases":4,"in_edges":["46469732#0","658488325"],"corridor":null}},{"type":"Feature","geometry":{"type":"Point","coordinates":[-73.975358,40.745467]},"properties":{"id":"42434965","label":"2nd Avenue / East 35th Street","links":15,"phases":4,"in_edges":["-420872195#1","-420872209#1","1020832418","942444177#0"],"corridor":null}},{"type":"Feature","geometry":{"type":"Point","coordinates":[-73.974721,40.745141]},"properties":{"id":"42434969","label":"East 35th Street / Tunnel Approach Street","links":4,"phases":4,"in_edges":["46139023#0","991939499#2"],"corridor":null}},{"type":"Feature","geometry":{"type":"Point","coordinates":[-73.973007,40.744413]},"properties":{"id":"42434974","label":"1st Avenue / East 35th Street","links":9,"phases":6,"in_edges":["-954929769#1","954878305#0","991939499#0"],"corridor":null}},{"type":"Feature","geometry":{"type":"Point","coordinates":[-73.992488,40.748497]},"properties":{"id":"42435420","label":"7th Avenue / West 30th Street","links":10,"phases":4,"in_edges":["-1022184080#2","1038939784#0","68668556#0"],"corridor":null}},{"type":"Feature","geometry":{"type":"Point","coordinates":[-73.991953,40.749107]},"properties":{"id":"42435422","label":"7th Avenue / West 31st Street","links":4,"phases":4,"in_edges":["195743190#0","464515259#0"],"corridor":null}},{"type":"Feature","geometry":{"type":"Point","coordinates":[-73.998487,40.745305]},"properties":{"id":"42435624","label":"8th Avenue / West 23rd Street","links":15,"phases":6,"in_edges":["-384178812#2","-420598366#3","-420598407#2","420598339#0"],"corridor":null}},{"type":"Feature","geometry":{"type":"Point","coordinates":[-73.997521,40.746552]},"properties":{"id":"42435629","label":"8th Avenue / West 25th Street","links":11,"phases":6,"in_edges":["-630828583#2","1018454468#0","420598332#0"],"corridor":null}},{"type":"Feature","geometry":{"type":"Point","coordinates":[-73.997142,40.747219]},"properties":{"id":"42435632","label":"8th Avenue / West 26th Street","links":14,"phases":4,"in_edges":["-1532218058#2","1312939984#3","630828583#0"],"corridor":null}},{"type":"Feature","geometry":{"type":"Point","coordinates":[-73.996235,40.748434]},"properties":{"id":"42435633","label":"8th Avenue / West 28th Street","links":9,"phases":4,"in_edges":["-127693383#4","1088321124#0","127693383#0"],"corridor":null}},{"type":"Feature","geometry":{"type":"Point","coordinates":[-73.993968,40.751521]},"properties":{"id":"42435642","label":"8th Avenue","links":6,"phases":4,"in_edges":["-600848485#1","1157664114#0"],"corridor":null}},{"type":"Feature","geometry":{"type":"Point","coordinates":[-73.993468,40.752195]},"properties":{"id":"42435644","label":"8th Avenue / West 34th Street","links":15,"phases":6,"in_edges":["-1027181005#1","-195743208#2","1207834768#0","1536703392#0"],"corridor":null}},{"type":"Feature","geometry":{"type":"Point","coordinates":[-73.992965,40.752829]},"properties":{"id":"42435645","label":"8th Avenue / West 35th Street","links":6,"phases":6,"in_edges":["-1124078896#1","1027181006#0","1051750428#0"],"corridor":null}},{"type":"Feature","geometry":{"type":"Point","coordinates":[-73.992571,40.753486]},"properties":{"id":"42435646","label":"8th Avenue / West 36th Street","links":7,"phases":4,"in_edges":["-1124078897#2","1034529064#0","1207834767#0"],"corridor":null}},{"type":"Feature","geometry":{"type":"Point","coordinates":[-73.99207,40.754076]},"properties":{"id":"42435650","label":"8th Avenue / West 37th Street","links":7,"phases":6,"in_edges":["-1124078898#2","1124078897#0","464543614#0"],"corridor":null}},{"type":"Feature","geometry":{"type":"Point","coordinates":[-73.991195,40.75533]},"properties":{"id":"42435654","label":"8th Avenue / West 39th Street","links":13,"phases":6,"in_edges":["-125479721#2","-505317783#1","194926854#0","542257982#0"],"corridor":null}},{"type":"Feature","geometry":{"type":"Point","coordinates":[-73.990785,40.755954]},"properties":{"id":"42435657","label":"8th Avenue / West 40th Street","links":11,"phases":4,"in_edges":["-542257430#2","125479721#0","505317789"],"corridor":null}},{"type":"Feature","geometry":{"type":"Point","coordinates":[-73.990254,40.756545]},"properties":{"id":"42435660","label":"8th Avenue / West 41st Street","links":9,"phases":6,"in_edges":["-195743345#1","195743209#0","542257430#0"],"corridor":null}},{"type":"Feature","geometry":{"type":"Point","coordinates":[-73.989801,40.75723]},"properties":{"id":"42435663","label":"8th Avenue / West 42nd Street","links":14,"phases":6,"in_edges":["-1027181007#1","-1321771943#1","420907902#0","525729008#0"],"corridor":null}},{"type":"Feature","geometry":{"type":"Point","coordinates":[-73.988889,40.758545]},"properties":{"id":"42435671","label":"8th Avenue / West 44th Street","links":8,"phases":4,"in_edges":["-1207834766","1198594026#0","226041027#0"],"corridor":null}},{"type":"Feature","geometry":{"type":"Point","coordinates":[-73.987984,40.759804]},"properties":{"id":"42435675","label":"8th Avenue / West 46th Street","links":9,"phases":4,"in_edges":["-1198594030#1","194926851#0","846142552#0"],"corridor":null}},{"type":"Feature","geometry":{"type":"Point","coordinates":[-73.987442,40.760387]},"properties":{"id":"42435677","label":"8th Avenue / West 47th Street","links":8,"phases":6,"in_edges":["-1027189507#1","1027189508","452322756#0"],"corridor":null}},{"type":"Feature","geometry":{"type":"Point","coordinates":[-73.987078,40.761045]},"properties":{"id":"42435680","label":"8th Avenue / West 48th Street","links":11,"phases":4,"in_edges":["-1049888072#1","1027189507#0","5671115#6"],"corridor":null}},{"type":"Feature","geometry":{"type":"Point","coordinates":[-73.986161,40.762292]},"properties":{"id":"42435684","label":"8th Avenue / West 50th Street","links":10,"phases":4,"in_edges":["-1207834765","1376951512","420907906#0"],"corridor":null}},{"type":"Feature","geometry":{"type":"Point","coordinates":[-73.985621,40.762892]},"properties":{"id":"42435687","label":"8th Avenue / West 51st Street","links":10,"phases":4,"in_edges":["-1027189509#1","1376935153#0","226041030#0"],"corridor":null}},{"type":"Feature","geometry":{"type":"Point","coordinates":[-73.985258,40.763561]},"properties":{"id":"42435702","label":"8th Avenue / West 52nd Street","links":16,"phases":4,"in_edges":["-420890026#1","1027189510#0","965833822#3"],"corridor":null}},{"type":"Feature","geometry":{"type":"Point","coordinates":[-73.984708,40.764129]},"properties":{"id":"42435705","label":"8th Avenue / West 53rd Street","links":12,"phases":4,"in_edges":["-420890028","1027189509#2","812949647#0"],"corridor":null}},{"type":"Feature","geometry":{"type":"Point","coordinates":[-73.984328,40.764798]},"properties":{"id":"42435707","label":"8th Avenue / West 54th Street","links":9,"phases":4,"in_edges":["-420890027#1","226041033","420890024#0"],"corridor":null}},{"type":"Feature","geometry":{"type":"Point","coordinates":[-73.983848,40.765422]},"properties":{"id":"42435710","label":"8th Avenue / West 55th Street","links":18,"phases":4,"in_edges":["-420890029#2","-499172074#11","420890025#0","499172074#6"],"corridor":null}},{"type":"Feature","geometry":{"type":"Point","coordinates":[-73.982891,40.766713]},"properties":{"id":"42435714","label":"8th Avenue / West 57th Street","links":18,"phases":6,"in_edges":["-196117084#2","-420890022#1","196117083#0","663543997#0"],"corridor":null}},{"type":"Feature","geometry":{"type":"Point","coordinates":[-73.97205,40.765535]},"properties":{"id":"42436510","label":"5th Avenue / East 61st Street","links":6,"phases":4,"in_edges":["1396611411#0","1532178066#0"],"corridor":null}},{"type":"Feature","geometry":{"type":"Point","coordinates":[-73.970496,40.764798]},"properties":{"id":"42436511","label":"East 61st Street / Madison Avenue","links":8,"phases":4,"in_edges":["1396611412#0","458180199#0"],"corridor":null}},{"type":"Feature","geometry":{"type":"Point","coordinates":[-73.97578,40.760418]},"properties":{"id":"42436700","label":"5th Avenue / East 53rd Street","links":9,"phases":4,"in_edges":["420281338#0","458180197#0"],"corridor":null}},{"type":"Feature","geometry":{"type":"Point","coordinates":[-73.974196,40.75968]},"properties":{"id":"42436701","label":"East 53rd Street / Madison Avenue","links":9,"phases":4,"in_edges":["1023238044","458180192#0"],"corridor":null}},{"type":"Feature","geometry":{"type":"Point","coordinates":[-73.970917,40.75838]},"properties":{"id":"42436705","label":"East 53rd Street / Lexington Avenue","links":8,"phases":4,"in_edges":["458180195#0","46521998#0"],"corridor":null}},{"type":"Feature","geometry":{"type":"Point","coordinates":[-73.985264,40.744603]},"properties":{"id":"42436746","label":"East 29th Street / Madison Avenue","links":9,"phases":4,"in_edges":["-226040992#1","196117042#5","420514148#1"],"corridor":null}},{"type":"Feature","geometry":{"type":"Point","coordinates":[-73.980854,40.753528]},"properties":{"id":"42437358","label":"5th Avenue / East 42nd Street","links":14,"phases":6,"in_edges":["-511699183#2","438384692#0","511699184#0"],"corridor":null}},{"type":"Feature","geometry":{"type":"Point","coordinates":[-73.986937,40.756045]},"properties":{"id":"42437363","label":"7th Avenue / West 42nd Street","links":16,"phases":6,"in_edges":["-167922070#2","-525729008#5","167922076#0","569345544#0"],"corridor":null}},{"type":"Feature","geometry":{"type":"Point","coordinates":[-73.992617,40.758455]},"properties":{"id":"42437368","label":"9th Avenue / West 42nd Street","links":16,"phases":8,"in_edges":["-525729009#2","1320290376#0","167922077#0","194926855#0"],"corridor":null}},{"type":"Feature","geometry":{"type":"Point","coordinates":[-73.995491,40.759621]},"properties":{"id":"42437371","label":"10th Avenue / West 42nd Street","links":16,"phases":6,"in_edges":["-1518515024#2","-420904618#2","945460473#0","974611019#0"],"corridor":null}},{"type":"Feature","geometry":{"type":"Point","coordinates":[-73.984517,40.7485]},"properties":{"id":"42437644","label":"5th Avenue / East 34th Street","links":12,"phases":4,"in_edges":["-1088325196#1","420904659#0","458166892#3"],"corridor":null}},{"type":"Feature","geometry":{"type":"Point","coordinates":[-73.990594,40.751043]},"properties":{"id":"42437654","label":"7th Avenue / West 34th Street","links":13,"phases":4,"in_edges":["-384649121#7","1051750427#0","1536703973#0"],"corridor":null}},{"type":"Feature","geometry":{"type":"Point","coordinates":[-73.996287,40.753415]},"properties":{"id":"42437663","label":"9th Avenue / West 34th Street","links":15,"phases":6,"in_edges":["-420509471#4","-420901924#1","1088325197#0","420901921#0"],"corridor":null}},{"type":"Feature","geometry":{"type":"Point","coordinates":[-73.999192,40.754583]},"properties":{"id":"42437670","label":"10th Avenue / West 34th Street","links":16,"phases":4,"in_edges":["-1537619201#2","-589494596#1","273019810#2","589494595#0"],"corridor":null}},{"type":"Feature","geometry":{"type":"Point","coordinates":[-73.986411,40.745944]},"properties":{"id":"42437686","label":"5th Avenue / West 30th Street","links":7,"phases":4,"in_edges":["46334597#0","464515614#0"],"corridor":null}},{"type":"Feature","geometry":{"type":"Point","coordinates":[-73.995642,40.744119]},"properties":{"id":"42437890","label":"7th Avenue / West 23rd Street","links":14,"phases":6,"in_edges":["-1088320657#1","-5670836#1","420598327#0","420598407#0"],"corridor":null}},{"type":"Feature","geometry":{"type":"Point","coordinates":[-73.987314,40.744713]},"properties":{"id":"42438544","label":"5th Avenue / West 28th Street","links":4,"phases":4,"in_edges":["464515614#6","788278348#0"],"corridor":null}},{"type":"Feature","geometry":{"type":"Point","coordinates":[-73.993383,40.747268]},"properties":{"id":"42438547","label":"7th Avenue / West 28th Street","links":8,"phases":4,"in_edges":["-420512231#2","1022184084#0","1088321125#0"],"corridor":null}},{"type":"Feature","geometry":{"type":"Point","coordinates":[-73.976027,40.757189]},"properties":{"id":"42438881","label":"East 49th Street / Madison Avenue","links":9,"phases":4,"in_edges":["458180186#5","496993762#0"],"corridor":null}},{"type":"Feature","geometry":{"type":"Point","coordinates":[-73.972745,40.755876]},"properties":{"id":"42438889","label":"East 49th Street / Lexington Avenue","links":8,"phases":4,"in_edges":["458180189#0","46522002#0"],"corridor":null}},{"type":"Feature","geometry":{"type":"Point","coordinates":[-73.971209,40.755171]},"properties":{"id":"42438891","label":"3rd Avenue / East 49th Street","links":11,"phases":6,"in_edges":["-1455345752#2","1135661892#0","1455345751#0"],"corridor":null}},{"type":"Feature","geometry":{"type":"Point","coordinates":[-73.991515,40.749743]},"properties":{"id":"42439440","label":"7th Avenue","links":6,"phases":3,"in_edges":["492489884#0"],"corridor":null}},{"type":"Feature","geometry":{"type":"Point","coordinates":[-73.99466,40.745374]},"properties":{"id":"42439840","label":"7th Avenue / West 25th Street","links":10,"phases":4,"in_edges":["-1018454469#1","483704512#2","986615541#0"],"corridor":null}},{"type":"Feature","geometry":{"type":"Point","coordinates":[-73.994284,40.746047]},"properties":{"id":"42439842","label":"7th Avenue / West 26th Street","links":10,"phases":6,"in_edges":["-986615541#2","1312939985#0","986615539#0"],"corridor":null}},{"type":"Feature","geometry":{"type":"Point","coordinates":[-73.990084,40.751662]},"properties":{"id":"42439952","label":"7th Avenue / West 35th Street","links":9,"phases":4,"in_edges":["-1051750427#2","1051750426#0","464543615#0"],"corridor":null}},{"type":"Feature","geometry":{"type":"Point","coordinates":[-73.989706,40.752311]},"properties":{"id":"42439955","label":"7th Avenue / West 36th Street","links":10,"phases":4,"in_edges":["-464543615#2","1135620538#0","46481747#0"],"corridor":null}},{"type":"Feature","geometry":{"type":"Point","coordinates":[-73.989183,40.752876]},"properties":{"id":"42439960","label":"7th Avenue / West 37th Street","links":10,"phases":4,"in_edges":["-1135620538#2","1376929274#0","500717399#0"],"corridor":null}},{"type":"Feature","geometry":{"type":"Point","coordinates":[-73.988308,40.754152]},"properties":{"id":"42439964","label":"7th Avenue / West 39th Street","links":14,"phases":6,"in_edges":["-1049920718#2","-542257982#2","1049920715#0","1049920716#0"],"corridor":null}},{"type":"Feature","geometry":{"type":"Point","coordinates":[-73.987921,40.75479]},"properties":{"id":"42439968","label":"7th Avenue / West 40th Street","links":11,"phases":6,"in_edges":["-1049920716#2","542258060#0","569345545#0"],"corridor":null}},{"type":"Feature","geometry":{"type":"Point","coordinates":[-73.987391,40.755356]},"properties":{"id":"42439972","label":"7th Avenue / West 41st Street","links":9,"phases":4,"in_edges":["-195743344#1","167922070#0","803047266#0"],"corridor":null}},{"type":"Feature","geometry":{"type":"Point","coordinates":[-73.986002,40.757355]},"properties":{"id":"42439984","label":"7th Avenue / West 44th Street","links":11,"phases":6,"in_edges":["-226041026#1","-397795464#3","1198594027","682360554#0"],"corridor":null}},{"type":"Feature","geometry":{"type":"Point","coordinates":[-73.985092,40.758621]},"properties":{"id":"42439990","label":"7th Avenue / West 46th Street","links":12,"phases":4,"in_edges":["-569345542#1","483360105#0","846142553#0"],"corridor":null}},{"type":"Feature","geometry":{"type":"Point","coordinates":[-73.984182,40.759864]},"properties":{"id":"42439996","label":"7th Avenue / West 48th Street","links":9,"phases":4,"in_edges":["-167922071#2","167922074#0","569345540#3"],"corridor":null}},{"type":"Feature","geometry":{"type":"Point","coordinates":[-73.98327,40.761118]},"properties":{"id":"42440001","label":"7th Avenue / West 50th Street","links":10,"phases":4,"in_edges":["-569345540#2","420908137#0","588157337#0"],"corridor":null}},{"type":"Feature","geometry":{"type":"Point","coordinates":[-73.98275,40.761719]},"properties":{"id":"42440004","label":"7th Avenue / West 51st Street","links":14,"phases":4,"in_edges":["-588157337#2","1023136586#0","569345539#0"],"corridor":null}},{"type":"Feature","geometry":{"type":"Point","coordinates":[-73.982378,40.762363]},"properties":{"id":"42440009","label":"7th Avenue / West 52nd Street","links":12,"phases":6,"in_edges":["-1023136586#2","382740985#3","717625448#1"],"corridor":null}},{"type":"Feature","geometry":{"type":"Point","coordinates":[-73.981846,40.762964]},"properties":{"id":"42440012","label":"7th Avenue / West 53rd Street","links":10,"phases":4,"in_edges":["-382740985#5","382740985#0","420905130#0"],"corridor":null}},{"type":"Feature","geometry":{"type":"Point","coordinates":[-73.981398,40.763621]},"properties":{"id":"42440015","label":"7th Avenue / West 54th Street","links":11,"phases":6,"in_edges":["-226041032#2","-382740985#2","324118554#0","496989355#6"],"corridor":null}},{"type":"Feature","geometry":{"type":"Point","coordinates":[-73.980964,40.764229]},"properties":{"id":"42440020","label":"7th Avenue / West 55th Street","links":14,"phases":4,"in_edges":["-496989355#8","-499172074#5","496989355#3","499172074#0"],"corridor":null}},{"type":"Feature","geometry":{"type":"Point","coordinates":[-73.980021,40.765528]},"properties":{"id":"42440022","label":"7th Avenue / West 57th Street","links":16,"phases":4,"in_edges":["-496989355#2","-5672752#2","496986969#0","496986970#0"],"corridor":null}},{"type":"Feature","geometry":{"type":"Point","coordinates":[-73.979567,40.766245]},"properties":{"id":"42440025","label":"7th Avenue / West 58th Street","links":11,"phases":4,"in_edges":["-496986970#2","1022822152#0","1022822153#0"],"corridor":null}},{"type":"Feature","geometry":{"type":"Point","coordinates":[-73.977227,40.758593]},"properties":{"id":"42440153","label":"5th Avenue / West 50th Street","links":9,"phases":4,"in_edges":["1352944235#0","5670867#0"],"corridor":null}},{"type":"Feature","geometry":{"type":"Point","coordinates":[-73.988975,40.763515]},"properties":{"id":"42440163","label":"9th Avenue / West 50th Street","links":11,"phases":4,"in_edges":["-1320234483#1","1025734019#0","194920158#0"],"corridor":null}},{"type":"Feature","geometry":{"type":"Point","coordinates":[-73.99184,40.764697]},"properties":{"id":"42440170","label":"10th Avenue / West 50th Street","links":11,"phases":4,"in_edges":["-1308875366#2","1537161336#0","1537161337#0"],"corridor":null}},{"type":"Feature","geometry":{"type":"Point","coordinates":[-73.976711,40.759204]},"properties":{"id":"42440452","label":"5th Avenue / East 51st Street","links":8,"phases":6,"in_edges":["-46538335#1","458180191#3","569345535#0"],"corridor":null}},{"type":"Feature","geometry":{"type":"Point","coordinates":[-73.975112,40.758434]},"properties":{"id":"42440453","label":"East 51st Street / Madison Avenue","links":8,"phases":4,"in_edges":["1023236297#0","569345525#0"],"corridor":null}},{"type":"Feature","geometry":{"type":"Point","coordinates":[-73.97185,40.757142]},"properties":{"id":"42440459","label":"East 51st Street / Lexington Avenue","links":8,"phases":4,"in_edges":["458180193#3","658583340#3"],"corridor":null}},{"type":"Feature","geometry":{"type":"Point","coordinates":[-73.970289,40.756429]},"properties":{"id":"42440463","label":"3rd Avenue / East 51st Street","links":11,"phases":6,"in_edges":["-1531577067#2","1455345753#0","658583340#0"],"corridor":null}},{"type":"Feature","geometry":{"type":"Point","coordinates":[-73.974902,40.761708]},"properties":{"id":"42440951","label":"5th Avenue / East 55th Street","links":13,"phases":4,"in_edges":["-1222356565#1","195743336#3","226041012#3"],"corridor":null}},{"type":"Feature","geometry":{"type":"Point","coordinates":[-73.986655,40.766637]},"properties":{"id":"42440960","label":"9th Avenue / West 55th Street","links":14,"phases":6,"in_edges":["-420892274#1","-499172074#14","420892265#0","499172074#9"],"corridor":null}},{"type":"Feature","geometry":{"type":"Point","coordinates":[-73.98952,40.76781]},"properties":{"id":"42440966","label":"10th Avenue / West 55th Street","links":10,"phases":6,"in_edges":["-499172074#17","-808190584#2","499172074#12","808190577#0"],"corridor":null}},{"type":"Feature","geometry":{"type":"Point","coordinates":[-73.977283,40.74295]},"properties":{"id":"42442906","label":"2nd Avenue","links":1,"phases":3,"in_edges":["118400729#0"],"corridor":null}},{"type":"Feature","geometry":{"type":"Point","coordinates":[-73.976853,40.743537]},"properties":{"id":"42442910","label":"2nd Avenue / East 32nd Street","links":6,"phases":4,"in_edges":["-118400729#2","1057527156#0","385668565#0"],"corridor":null}},{"type":"Feature","geometry":{"type":"Point","coordinates":[-73.976327,40.744102]},"properties":{"id":"42442913","label":"2nd Avenue / East 33rd Street","links":13,"phases":4,"in_edges":["-1499800687#1","1031400324#0","5672190#0"],"corridor":null}},{"type":"Feature","geometry":{"type":"Point","coordinates":[-73.974443,40.74669]},"properties":{"id":"42442918","label":"2nd Avenue / East 37th Street","links":12,"phases":6,"in_edges":["-157014137#1","-381477008#1","420901683#0","46201642#0"],"corridor":null}},{"type":"Feature","geometry":{"type":"Point","coordinates":[-73.974038,40.747306]},"properties":{"id":"42442931","label":"2nd Avenue / East 38th Street","links":18,"phases":4,"in_edges":["-420901683#2","-453367786#2","1030139837#0","936539648#0"],"corridor":null}},{"type":"Feature","geometry":{"type":"Point","coordinates":[-73.973572,40.74793]},"properties":{"id":"42442933","label":"2nd Avenue / East 39th Street","links":16,"phases":4,"in_edges":["-226041000#3","-420901679#1","1090370026#0","1523945330"],"corridor":null}},{"type":"Feature","geometry":{"type":"Point","coordinates":[-73.973178,40.748582]},"properties":{"id":"42442935","label":"2nd Avenue / East 40th Street","links":14,"phases":6,"in_edges":["-1523945331#1","226041005#4","420901673#0"],"corridor":null}},{"type":"Feature","geometry":{"type":"Point","coordinates":[-73.971637,40.75049]},"properties":{"id":"42442939","label":"2nd Avenue / East 43rd Street","links":13,"phases":4,"in_edges":["-420901677#2","1030123270#0","1536063029#0"],"corridor":null}},{"type":"Feature","geometry":{"type":"Point","coordinates":[-73.97128,40.751145]},"properties":{"id":"42442943","label":"2nd Avenue / East 44th Street","links":11,"phases":4,"in_edges":["-1030123270#2","1530354498#0","420356171#0"],"corridor":null}},{"type":"Feature","geometry":{"type":"Point","coordinates":[-73.97074,40.751745]},"properties":{"id":"42442947","label":"2nd Avenue / East 45th Street","links":11,"phases":4,"in_edges":["-1030123272#1","1030123273#0","5671192#0"],"corridor":null}},{"type":"Feature","geometry":{"type":"Point","coordinates":[-73.969868,40.753016]},"properties":{"id":"42442948","label":"2nd Avenue","links":6,"phases":3,"in_edges":["-420901681#5","420901681#0"],"corridor":null}},{"type":"Feature","geometry":{"type":"Point","coordinates":[-73.978089,40.757314]},"properties":{"id":"42443528","label":"5th Avenue / East 48th Street","links":10,"phases":4,"in_edges":["-5671629#2","226041029#0","384178816#0"],"corridor":null}},{"type":"Feature","geometry":{"type":"Point","coordinates":[-73.989887,40.762256]},"properties":{"id":"42443532","label":"9th Avenue / West 48th Street","links":10,"phases":4,"in_edges":["-814278019#2","1025734020#0","5671115#3"],"corridor":null}},{"type":"Feature","geometry":{"type":"Point","coordinates":[-73.992751,40.763436]},"properties":{"id":"42443534","label":"10th Avenue / West 48th Street","links":10,"phases":4,"in_edges":["-460585328#6","460585328#3","5671115#0"],"corridor":null}},{"type":"Feature","geometry":{"type":"Point","coordinates":[-73.979915,40.754822]},"properties":{"id":"42443556","label":"5th Avenue / East 44th Street","links":10,"phases":4,"in_edges":["-5672149#2","1051846230#0","438397345#0"],"corridor":null}},{"type":"Feature","geometry":{"type":"Point","coordinates":[-73.991698,40.759743]},"properties":{"id":"42443561","label":"9th Avenue / West 44th Street","links":12,"phases":4,"in_edges":["-968513229#2","46482609#0","968513231#0"],"corridor":null}},{"type":"Feature","geometry":{"type":"Point","coordinates":[-73.994537,40.760928]},"properties":{"id":"42443563","label":"10th Avenue / West 44th Street","links":13,"phases":4,"in_edges":["-1531976889#2","-46482609#2","1518515024#3","46482611#0"],"corridor":null}},{"type":"Feature","geometry":{"type":"Point","coordinates":[-73.972935,40.76161]},"properties":{"id":"42443612","label":"East 56th Street / Madison Avenue","links":9,"phases":4,"in_edges":["421850830#0","5671129#0"],"corridor":null}},{"type":"Feature","geometry":{"type":"Point","coordinates":[-73.969638,40.760295]},"properties":{"id":"42443614","label":"East 56th Street / Lexington Avenue","links":8,"phases":4,"in_edges":["1538467118#0","569345502#0"],"corridor":null}},{"type":"Feature","geometry":{"type":"Point","coordinates":[-73.985505,40.747208]},"properties":{"id":"42443680","label":"5th Avenue / West 32nd Street","links":9,"phases":4,"in_edges":["195743343#3","415849235#0"],"corridor":null}},{"type":"Feature","geometry":{"type":"Point","coordinates":[-73.976937,40.754335]},"properties":{"id":"42443810","label":"East 45th Street / Vanderbilt Avenue","links":8,"phases":4,"in_edges":["-46520921#4","46520921#0","727702632#0"],"corridor":null}},{"type":"Feature","geometry":{"type":"Point","coordinates":[-73.983105,40.750348]},"properties":{"id":"42443950","label":"5th Avenue / East 37th Street","links":11,"phases":4,"in_edges":["420499931#0","438385431#9"],"corridor":null}},{"type":"Feature","geometry":{"type":"Point","coordinates":[-73.997734,40.756449]},"properties":{"id":"42443975","label":"10th Avenue / West 37th Street","links":12,"phases":4,"in_edges":["-1527798601#4","1529974552#0","46481738#0"],"corridor":null}},{"type":"Feature","geometry":{"type":"Point","coordinates":[-73.977846,40.754681]},"properties":{"id":"42444043","label":"East 45th Street / Madison Avenue","links":8,"phases":4,"in_edges":["420356173#0","511699176#0"],"corridor":null}},{"type":"Feature","geometry":{"type":"Point","coordinates":[-73.974595,40.753378]},"properties":{"id":"42444049","label":"East 45th Street / Lexington Avenue","links":7,"phases":4,"in_edges":["196117039#0","46522007#0"],"corridor":null}},{"type":"Feature","geometry":{"type":"Point","coordinates":[-73.973066,40.752676]},"properties":{"id":"42444051","label":"3rd Avenue / East 45th Street","links":9,"phases":6,"in_edges":["-1455345750#2","1455345749#0","420902874#0"],"corridor":null}},{"type":"Feature","geometry":{"type":"Point","coordinates":[-74.000372,40.747779]},"properties":{"id":"42444928","label":"9th Avenue / West 25th Street","links":8,"phases":4,"in_edges":["-350726028#4","350726028#0","846127260#0"],"corridor":null}},{"type":"Feature","geometry":{"type":"Point","coordinates":[-74.000002,40.748451]},"properties":{"id":"42444933","label":"9th Avenue / West 26th Street","links":13,"phases":6,"in_edges":["-350726028#2","1027130510#0","1312939984#0"],"corridor":null}},{"type":"Feature","geometry":{"type":"Point","coordinates":[-73.996774,40.752727]},"properties":{"id":"42444954","label":"9th Avenue / West 33rd Street","links":7,"phases":4,"in_edges":["-350726030#4","194926856#0","600848479#0"],"corridor":null}},{"type":"Feature","geometry":{"type":"Point","coordinates":[-73.995778,40.754061]},"properties":{"id":"42444960","label":"9th Avenue / West 35th Street","links":13,"phases":4,"in_edges":["-420901922#1","420901920#0","542255948#0"],"corridor":null}},{"type":"Feature","geometry":{"type":"Point","coordinates":[-73.99542,40.754714]},"properties":{"id":"42444964","label":"9th Avenue / West 36th Street","links":11,"phases":4,"in_edges":["-420901917#1","420901919#0","733667933#0"],"corridor":null}},{"type":"Feature","geometry":{"type":"Point","coordinates":[-73.994016,40.75654]},"properties":{"id":"42444985","label":"9th Avenue / West 39th Street","links":14,"phases":6,"in_edges":["-1135614654#1","-46432183","1040888764#0","525729010#0"],"corridor":null}},{"type":"Feature","geometry":{"type":"Point","coordinates":[-73.993612,40.757187]},"properties":{"id":"42444991","label":"9th Avenue / West 40th Street","links":13,"phases":4,"in_edges":["-1135614656#1","1025734022#0","273895450#0"],"corridor":null}},{"type":"Feature","geometry":{"type":"Point","coordinates":[-73.993007,40.757849]},"properties":{"id":"42445001","label":"9th Avenue / West 41st Street","links":10,"phases":4,"in_edges":["-1025734023#1","1043336433#0","525729009#0"],"corridor":null}},{"type":"Feature","geometry":{"type":"Point","coordinates":[-73.992112,40.759094]},"properties":{"id":"42445011","label":"9th Avenue / West 43rd Street","links":16,"phases":4,"in_edges":["-1021047632#1","-1032030521#1","194926846#0","968513229#0"],"corridor":null}},{"type":"Feature","geometry":{"type":"Point","coordinates":[-73.990786,40.76101]},"properties":{"id":"42445018","label":"9th Avenue / West 46th Street","links":11,"phases":4,"in_edges":["-420907908#2","1136391284#0","46482602#0"],"corridor":null}},{"type":"Feature","geometry":{"type":"Point","coordinates":[-73.990254,40.76159]},"properties":{"id":"42445020","label":"9th Avenue / West 47th Street","links":10,"phases":4,"in_edges":["-420907907#1","452322756#2","814278019#0"],"corridor":null}},{"type":"Feature","geometry":{"type":"Point","coordinates":[-73.98843,40.764103]},"properties":{"id":"42445025","label":"9th Avenue / West 51st Street","links":11,"phases":4,"in_edges":["-1025734018#1","226041031","5671276#0"],"corridor":null}},{"type":"Feature","geometry":{"type":"Point","coordinates":[-73.988052,40.764765]},"properties":{"id":"42445027","label":"9th Avenue / West 52nd Street","links":11,"phases":4,"in_edges":["-5671276#2","420892270#0","965833822#0"],"corridor":null}},{"type":"Feature","geometry":{"type":"Point","coordinates":[-73.987109,40.765994]},"properties":{"id":"42445033","label":"9th Avenue / West 54th Street","links":13,"phases":4,"in_edges":["-324118557#1","-420892272#1","420892269#0","584971503#0"],"corridor":null}},{"type":"Feature","geometry":{"type":"Point","coordinates":[-73.985697,40.767911]},"properties":{"id":"42445037","label":"9th Avenue / West 57th Street","links":16,"phases":8,"in_edges":["-420892263#1","-835176553#2","420892266#0","505582406#0"],"corridor":null}},{"type":"Feature","geometry":{"type":"Point","coordinates":[-73.982995,40.747725]},"properties":{"id":"42445365","label":"East 34th Street / Madison Avenue","links":12,"phases":6,"in_edges":["-5671315#1","420499932#3","420904658#0"],"corridor":null}},{"type":"Feature","geometry":{"type":"Point","coordinates":[-73.977304,40.745442]},"properties":{"id":"42445382","label":"East 34th Street / Tunnel Exit Street","links":8,"phases":4,"in_edges":["-1088325194","-554083352","420872212#0"],"corridor":null}},{"type":"Feature","geometry":{"type":"Point","coordinates":[-73.975209,40.744504]},"properties":{"id":"42445387","label":"East 34th Street","links":6,"phases":4,"in_edges":["420872204#0","50603617#0"],"corridor":null}},{"type":"Feature","geometry":{"type":"Point","coordinates":[-73.97354,40.743779]},"properties":{"id":"42445390","label":"1st Avenue / East 34th Street","links":15,"phases":8,"in_edges":["-144001606#1","-556075523#1","1027227129#0","68668529#0"],"corridor":null}},{"type":"Feature","geometry":{"type":"Point","coordinates":[-73.98486,40.745243]},"properties":{"id":"42445404","label":"East 30th Street / Madison Avenue","links":9,"phases":4,"in_edges":["447001272#0","5671317#0"],"corridor":null}},{"type":"Feature","geometry":{"type":"Point","coordinates":[-73.982262,40.751619]},"properties":{"id":"42445649","label":"5th Avenue / East 39th Street","links":12,"phases":6,"in_edges":["-36806906#2","1150636501#0","438385431#3"],"corridor":null}},{"type":"Feature","geometry":{"type":"Point","coordinates":[-73.980703,40.750872]},"properties":{"id":"42445651","label":"East 39th Street / Madison Avenue","links":9,"phases":4,"in_edges":["-226041001#1","1150636500#0","1530333337#0"],"corridor":null}},{"type":"Feature","geometry":{"type":"Point","coordinates":[-73.972732,40.74756]},"properties":{"id":"42445666","label":"East 39th Street / Tunnel Approach Street","links":9,"phases":6,"in_edges":["-1090370026#2","-46139021#2","5671349#0","5672483#0"],"corridor":null}},{"type":"Feature","geometry":{"type":"Point","coordinates":[-73.971266,40.746931]},"properties":{"id":"42445667","label":"1st Avenue / East 39th Street","links":10,"phases":4,"in_edges":["-1313071250#1","-5671349#2","368938761#0"],"corridor":null}},{"type":"Feature","geometry":{"type":"Point","coordinates":[-73.986131,40.743349]},"properties":{"id":"42445885","label":"East 27th Street / Madison Avenue","links":7,"phases":4,"in_edges":["196117042#0","5672487#1"],"corridor":null}},{"type":"Feature","geometry":{"type":"Point","coordinates":[-73.985749,40.743996]},"properties":{"id":"42445888","label":"East 28th Street / Madison Avenue","links":7,"phases":4,"in_edges":["196117042#3","5671401#0"],"corridor":null}},{"type":"Feature","geometry":{"type":"Point","coordinates":[-73.984342,40.745819]},"properties":{"id":"42445896","label":"East 31st Street / Madison Avenue","links":6,"phases":4,"in_edges":["447001271#1","447001272#3"],"corridor":null}},{"type":"Feature","geometry":{"type":"Point","coordinates":[-73.983967,40.746475]},"properties":{"id":"42445899","label":"East 32nd Street / Madison Avenue","links":10,"phases":4,"in_edges":["447001272#6","5671693#0"],"corridor":null}},{"type":"Feature","geometry":{"type":"Point","coordinates":[-73.983428,40.747058]},"properties":{"id":"42445903","label":"East 33rd Street / Madison Avenue","links":8,"phases":4,"in_edges":["420499932#0","46520833#0"],"corridor":null}},{"type":"Feature","geometry":{"type":"Point","coordinates":[-73.982085,40.749043]},"properties":{"id":"42445908","label":"East 36th Street / Madison Avenue","links":9,"phases":4,"in_edges":["1201643837#0","5673231#0"],"corridor":null}},{"type":"Feature","geometry":{"type":"Point","coordinates":[-73.981547,40.749615]},"properties":{"id":"42445909","label":"East 37th Street / Madison Avenue","links":7,"phases":4,"in_edges":["1536568236#0","458166894#0"],"corridor":null}},{"type":"Feature","geometry":{"type":"Point","coordinates":[-73.981151,40.750261]},"properties":{"id":"42445910","label":"East 38th Street / Madison Avenue","links":10,"phases":4,"in_edges":["-858965315#3","1530333338#0","483236728#0"],"corridor":null}},{"type":"Feature","geometry":{"type":"Point","coordinates":[-73.980303,40.751527]},"properties":{"id":"42445914","label":"East 40th Street / Madison Avenue","links":11,"phases":4,"in_edges":["195743182#0","5672155#0"],"corridor":null}},{"type":"Feature","geometry":{"type":"Point","coordinates":[-73.979317,40.752764]},"properties":{"id":"42445916","label":"East 42nd Street / Madison Avenue","links":14,"phases":4,"in_edges":["-1272613981#1","1364312922","511699182#3"],"corridor":null}},{"type":"Feature","geometry":{"type":"Point","coordinates":[-73.978796,40.753452]},"properties":{"id":"42445917","label":"East 43rd Street / Madison Avenue","links":8,"phases":4,"in_edges":["-5673515#2","511699178#0","966105510#0"],"corridor":null}},{"type":"Feature","geometry":{"type":"Point","coordinates":[-73.978346,40.754077]},"properties":{"id":"42445920","label":"East 44th Street / Madison Avenue","links":8,"phases":4,"in_edges":["-5672149#4","438384693#0","5672149#0"],"corridor":null}},{"type":"Feature","geometry":{"type":"Point","coordinates":[-73.976938,40.755939]},"properties":{"id":"42445924","label":"East 47th Street / Madison Avenue","links":8,"phases":4,"in_edges":["1106482765#0","420906743#0"],"corridor":null}},{"type":"Feature","geometry":{"type":"Point","coordinates":[-73.976572,40.756586]},"properties":{"id":"42445926","label":"East 48th Street / Madison Avenue","links":9,"phases":4,"in_edges":["420356172#0","5671629#0"],"corridor":null}},{"type":"Feature","geometry":{"type":"Point","coordinates":[-73.975664,40.757858]},"properties":{"id":"42445928","label":"East 50th Street / Madison Avenue","links":8,"phases":4,"in_edges":["458180185#0","5673497#0"],"corridor":null}},{"type":"Feature","geometry":{"type":"Point","coordinates":[-73.974737,40.759102]},"properties":{"id":"42445930","label":"East 52nd Street / Madison Avenue","links":11,"phases":4,"in_edges":["420906753#0","496992867#0"],"corridor":null}},{"type":"Feature","geometry":{"type":"Point","coordinates":[-73.973857,40.760373]},"properties":{"id":"42445936","label":"East 54th Street / Madison Avenue","links":9,"phases":4,"in_edges":["420281339#0","5672954#0"],"corridor":null}},{"type":"Feature","geometry":{"type":"Point","coordinates":[-73.973338,40.760955]},"properties":{"id":"42445941","label":"East 55th Street / Madison Avenue","links":8,"phases":4,"in_edges":["-226041012#5","226041012#0","420906750"],"corridor":null}},{"type":"Feature","geometry":{"type":"Point","coordinates":[-73.971926,40.76293]},"properties":{"id":"42445947","label":"East 58th Street / Madison Avenue","links":7,"phases":4,"in_edges":["1106474773#0","388696207#0"],"corridor":null}},{"type":"Feature","geometry":{"type":"Point","coordinates":[-73.971494,40.763578]},"properties":{"id":"42445950","label":"East 59th Street / Madison Avenue","links":10,"phases":4,"in_edges":["388696207#3","5671574#0"],"corridor":null}},{"type":"Feature","geometry":{"type":"Point","coordinates":[-73.970934,40.764182]},"properties":{"id":"42445953","label":"East 60th Street / Madison Avenue","links":8,"phases":4,"in_edges":["1499498642#0","964208970#0"],"corridor":null}},{"type":"Feature","geometry":{"type":"Point","coordinates":[-73.970061,40.765442]},"properties":{"id":"42445961","label":"East 62nd Street / Madison Avenue","links":9,"phases":4,"in_edges":["-1499246908#4","1499246908#0","458180199#3"],"corridor":null}},{"type":"Feature","geometry":{"type":"Point","coordinates":[-73.976301,40.759837]},"properties":{"id":"42446353","label":"5th Avenue / West 52nd Street","links":10,"phases":4,"in_edges":["1165644579#0","458180191#0"],"corridor":null}},{"type":"Feature","geometry":{"type":"Point","coordinates":[-73.990907,40.765946]},"properties":{"id":"42446363","label":"10th Avenue / West 52nd Street","links":13,"phases":4,"in_edges":["-601733867#1","1537185114#0","808190587#0"],"corridor":null}},{"type":"Feature","geometry":{"type":"Point","coordinates":[-73.981847,40.752239]},"properties":{"id":"42446488","label":"5th Avenue / West 40th Street","links":12,"phases":4,"in_edges":["226041022#0","438385431#0"],"corridor":null}},{"type":"Feature","geometry":{"type":"Point","coordinates":[-73.996504,40.758366]},"properties":{"id":"42446504","label":"10th Avenue / West 40th Street","links":15,"phases":4,"in_edges":["-1211608943#1","1041012063#0","46482538"],"corridor":null}},{"type":"Feature","geometry":{"type":"Point","coordinates":[-73.997598,40.758892]},"properties":{"id":"42446506","label":"Galvin Avenue / West 40th Street","links":5,"phases":4,"in_edges":["5669227","5671425#2"],"corridor":null}},{"type":"Feature","geometry":{"type":"Point","coordinates":[-73.999606,40.75391]},"properties":{"id":"42446668","label":"10th Avenue / West 33rd Street","links":11,"phases":4,"in_edges":["-1498955410#1","456447349","767990686#0"],"corridor":null}},{"type":"Feature","geometry":{"type":"Point","coordinates":[-73.984984,40.747787]},"properties":{"id":"42446701","label":"5th Avenue / East 33rd Street","links":8,"phases":4,"in_edges":["195743343#0","46520833#3"],"corridor":null}},{"type":"Feature","geometry":{"type":"Point","coordinates":[-73.975498,40.752132]},"properties":{"id":"42446971","label":"East 43rd Street / Lexington Avenue","links":5,"phases":4,"in_edges":["496990647#3","619454130#0"],"corridor":null}},{"type":"Feature","geometry":{"type":"Point","coordinates":[-73.975062,40.752782]},"properties":{"id":"42446977","label":"Lexington Avenue","links":4,"phases":3,"in_edges":["496990647#0"],"corridor":null}},{"type":"Feature","geometry":{"type":"Point","coordinates":[-73.973681,40.754624]},"properties":{"id":"42446986","label":"East 47th Street / Lexington Avenue","links":7,"phases":4,"in_edges":["458180187#3","988977545#3"],"corridor":null}},{"type":"Feature","geometry":{"type":"Point","coordinates":[-73.973255,40.755283]},"properties":{"id":"42446987","label":"East 48th Street / Lexington Avenue","links":7,"phases":6,"in_edges":["-226041006#2","1376704197#0","458180187#0"],"corridor":null}},{"type":"Feature","geometry":{"type":"Point","coordinates":[-73.972385,40.756543]},"properties":{"id":"42446991","label":"East 50th Street / Lexington Avenue","links":9,"phases":4,"in_edges":["458180193#6","511924978#0"],"corridor":null}},{"type":"Feature","geometry":{"type":"Point","coordinates":[-73.971466,40.757789]},"properties":{"id":"42446994","label":"East 52nd Street / Lexington Avenue","links":11,"phases":4,"in_edges":["458180193#0","743358444#1"],"corridor":null}},{"type":"Feature","geometry":{"type":"Point","coordinates":[-73.970569,40.759051]},"properties":{"id":"42446998","label":"East 54th Street / Lexington Avenue","links":8,"phases":4,"in_edges":["1250866957#0","226041011#1"],"corridor":null}},{"type":"Feature","geometry":{"type":"Point","coordinates":[-73.971719,40.754578]},"properties":{"id":"42448813","label":"3rd Avenue / East 48th Street","links":15,"phases":4,"in_edges":["-1455345750#10","-226041006#5","1455345750#6","226041006#0"],"corridor":null}},{"type":"Feature","geometry":{"type":"Point","coordinates":[-73.979114,40.744445]},"properties":{"id":"42449314","label":"3rd Avenue / East 32nd Street","links":10,"phases":4,"in_edges":["-388240124#11","1316295714#0","388240124#4"],"corridor":null}},{"type":"Feature","geometry":{"type":"Point","coordinates":[-73.990408,40.76653]},"properties":{"id":"42449550","label":"10th Avenue / West 53rd Street","links":7,"phases":6,"in_edges":["-808190588#2","808190579#0","812949647#6"],"corridor":null}},{"type":"Feature","geometry":{"type":"Point","coordinates":[-73.973575,40.746322]},"properties":{"id":"42449689","label":"East 37th Street / Tunnel Approach Street","links":7,"phases":4,"in_edges":["368938760","381477004#0"],"corridor":null}},{"type":"Feature","geometry":{"type":"Point","coordinates":[-73.973948,40.751436]},"properties":{"id":"42449947","label":"3rd Avenue / East 43rd Street","links":11,"phases":4,"in_edges":["-1455345748#5","1455345748#0","46469727#0"],"corridor":null}},{"type":"Feature","geometry":{"type":"Point","coordinates":[-73.972126,40.753929]},"properties":{"id":"42449954","label":"3rd Avenue / East 47th Street","links":11,"phases":4,"in_edges":["-1455345750#8","1455345750#3","988977545#0"],"corridor":null}},{"type":"Feature","geometry":{"type":"Point","coordinates":[-73.97086,40.755852]},"properties":{"id":"42449956","label":"3rd Avenue / East 50th Street","links":12,"phases":4,"in_edges":["-1455345752#4","1455345752#0","458180188#0"],"corridor":null}},{"type":"Feature","geometry":{"type":"Point","coordinates":[-73.969998,40.757133]},"properties":{"id":"42449961","label":"East 52nd Street","links":1,"phases":3,"in_edges":["743358443#0"],"corridor":null}},{"type":"Feature","geometry":{"type":"Point","coordinates":[-73.975367,40.761099]},"properties":{"id":"42450426","label":"5th Avenue / East 54th Street","links":9,"phases":6,"in_edges":["-5672954#2","46521993#0","988984235#0"],"corridor":null}},{"type":"Feature","geometry":{"type":"Point","coordinates":[-73.989975,40.767181]},"properties":{"id":"42450434","label":"10th Avenue / West 54th Street","links":14,"phases":4,"in_edges":["-195743301#1","-584971503#2","195743211#0","808190588#0"],"corridor":null}},{"type":"Feature","geometry":{"type":"Point","coordinates":[-73.98589,40.746538]},"properties":{"id":"42451674","label":"5th Avenue / East 31st Street","links":4,"phases":4,"in_edges":["447001271#4","588168464#0"],"corridor":null}},{"type":"Feature","geometry":{"type":"Point","coordinates":[-73.978493,40.756666]},"properties":{"id":"42452353","label":"5th Avenue / East 47th Street","links":7,"phases":4,"in_edges":["1106482765#2","384178816#3"],"corridor":null}},{"type":"Feature","geometry":{"type":"Point","coordinates":[-73.993144,40.762785]},"properties":{"id":"42452365","label":"10th Avenue / West 47th Street","links":9,"phases":4,"in_edges":["-460585328#5","1136391283#0","460585328#0"],"corridor":null}},{"type":"Feature","geometry":{"type":"Point","coordinates":[-73.983638,40.749778]},"properties":{"id":"42452973","label":"5th Avenue / West 36th Street","links":10,"phases":4,"in_edges":["420496529#0","46522006#0"],"corridor":null}},{"type":"Feature","geometry":{"type":"Point","coordinates":[-73.998293,40.755892]},"properties":{"id":"42452975","label":"10th Avenue / West 36th Street","links":12,"phases":4,"in_edges":["-1527798601#1","496986803#0","5672142#3"],"corridor":null}},{"type":"Feature","geometry":{"type":"Point","coordinates":[-73.974063,40.743082]},"properties":{"id":"42453187","label":"1st Avenue / East 33rd Street","links":8,"phases":6,"in_edges":["-1537896629","-5672190#2","1027227128#0"],"corridor":null}},{"type":"Feature","geometry":{"type":"Point","coordinates":[-73.97321,40.746949]},"properties":{"id":"42454006","label":"East 38th Street / Tunnel Approach Street","links":11,"phases":4,"in_edges":["-1523329087#1","-381477004#2","453367786#0","46139021#0"],"corridor":null}},{"type":"Feature","geometry":{"type":"Point","coordinates":[-73.971685,40.746299]},"properties":{"id":"42454010","label":"1st Avenue / East 38th Street","links":13,"phases":8,"in_edges":["-1027228244#1","-628093103#1","453367786#3","955205137#0"],"corridor":null}},{"type":"Feature","geometry":{"type":"Point","coordinates":[-73.991317,40.76529]},"properties":{"id":"42454042","label":"10th Avenue / West 51st Street","links":9,"phases":4,"in_edges":["-808190587#2","1308875366#0","814278021#0"],"corridor":null}},{"type":"Feature","geometry":{"type":"Point","coordinates":[-73.980372,40.754193]},"properties":{"id":"42454428","label":"5th Avenue / East 43rd Street","links":10,"phases":4,"in_edges":["-5672464#2","464515891#0","5673515#0"],"corridor":null}},{"type":"Feature","geometry":{"type":"Point","coordinates":[-73.995003,40.760305]},"properties":{"id":"42454433","label":"10th Avenue / West 43rd Street","links":14,"phases":4,"in_edges":["-1518515025#1","-226041024#1","1518515024#0","194926847#0"],"corridor":null}},{"type":"Feature","geometry":{"type":"Point","coordinates":[-73.974369,40.745777]},"properties":{"id":"42454495","label":"East 36th Street / Tunnel Approach Street","links":5,"phases":4,"in_edges":["46334595#0","942444178#0"],"corridor":null}},{"type":"Feature","geometry":{"type":"Point","coordinates":[-73.998636,40.755231]},"properties":{"id":"42455735","label":"10th Avenue / West 35th Street","links":11,"phases":4,"in_edges":["-1537619200#1","1537619201#0","273019812"],"corridor":null}},{"type":"Feature","geometry":{"type":"Point","coordinates":[-73.995915,40.758947]},"properties":{"id":"42455751","label":"10th Avenue / West 41st Street","links":12,"phases":6,"in_edges":["-1518515023#1","273895448#0","954520389#0"],"corridor":null}},{"type":"Feature","geometry":{"type":"Point","coordinates":[-73.993664,40.762193]},"properties":{"id":"42455761","label":"10th Avenue / West 46th Street","links":11,"phases":4,"in_edges":["-460585328#2","1531976890#0","1536562612#0"],"corridor":null}},{"type":"Feature","geometry":{"type":"Point","coordinates":[-73.972643,40.745077]},"properties":{"id":"42455915","label":"1st Avenue / East 36th Street","links":10,"phases":4,"in_edges":["-954929768#1","1528643466#0","954926502#0"],"corridor":null}},{"type":"Feature","geometry":{"type":"Point","coordinates":[-73.971596,40.766162]},"properties":{"id":"42456683","label":"5th Avenue / East 62nd Street","links":6,"phases":4,"in_edges":["-1499246908#2","1532515756#0"],"corridor":null}},{"type":"Feature","geometry":{"type":"Point","coordinates":[-73.973675,40.764633]},"properties":{"id":"4347534767","label":"Central Park South / Grand Army Plaza","links":8,"phases":4,"in_edges":["5670253#0","5670873#0"],"corridor":null}},{"type":"Feature","geometry":{"type":"Point","coordinates":[-73.972479,40.764928]},"properties":{"id":"4347534783","label":"5th Avenue / East 60th Street","links":6,"phases":4,"in_edges":["1052631409#0","1174928402#0"],"corridor":null}},{"type":"Feature","geometry":{"type":"Point","coordinates":[-73.995353,40.749666]},"properties":{"id":"4443775464","label":"8th Avenue / West 30th Street","links":13,"phases":4,"in_edges":["-767683112#1","1027181003#0","1041018377#0"],"corridor":null}},{"type":"Feature","geometry":{"type":"Point","coordinates":[-73.994824,40.750272]},"properties":{"id":"4443775465","label":"8th Avenue / West 31st Street","links":9,"phases":6,"in_edges":["-767683114#2","1038780408#0","464515259#3"],"corridor":null}},{"type":"Feature","geometry":{"type":"Point","coordinates":[-73.991043,40.750354]},"properties":{"id":"4461990857","label":"7th Avenue / West 33rd Street","links":5,"phases":4,"in_edges":["492489893#0","5670803#0"],"corridor":null}},{"type":"Feature","geometry":{"type":"Point","coordinates":[-73.997686,40.751493]},"properties":{"id":"4557517549","label":"9th Avenue / West 31st Street","links":9,"phases":4,"in_edges":["-1027130505#1","350726030#0","767683108#0"],"corridor":null}},{"type":"Feature","geometry":{"type":"Point","coordinates":[-73.970051,40.759666]},"properties":{"id":"4862610026","label":"East 55th Street / Lexington Avenue","links":8,"phases":6,"in_edges":["-1498928836","544812894#0","569345502#3"],"corridor":null}},{"type":"Feature","geometry":{"type":"Point","coordinates":[-73.975874,40.744808]},"properties":{"id":"5131026388","label":"2nd Avenue / East 34th Street","links":18,"phases":6,"in_edges":["-1031400325#1","-420872204#2","1088325193#0","420872188#0"],"corridor":null}},{"type":"Feature","geometry":{"type":"Point","coordinates":[-73.973024,40.764342]},"properties":{"id":"5706568771","label":"5th Avenue / Central Park South","links":9,"phases":4,"in_edges":["5670874#0","962626218#0"],"corridor":null}},{"type":"Feature","geometry":{"type":"Point","coordinates":[-73.989304,40.757895]},"properties":{"id":"5849918504","label":"8th Avenue / West 43rd Street","links":11,"phases":8,"in_edges":["-1198594026#1","-194926846#3","1049845754#0","125480075#0"],"corridor":null}},{"type":"Feature","geometry":{"type":"Point","coordinates":[-73.999619,40.758956]},"properties":{"id":"593839894","label":"11th Avenue / West 39th Street","links":16,"phases":4,"in_edges":["-36801165#1","420903239#0","46482541"],"corridor":null}},{"type":"Feature","geometry":{"type":"Point","coordinates":[-73.970918,40.745228]},"properties":{"id":"6176628861","label":"East 37th Street / FDR Drive","links":5,"phases":4,"in_edges":["-5671719#1","1529946082"],"corridor":null}},{"type":"Feature","geometry":{"type":"Point","coordinates":[-73.988215,40.748295]},"properties":{"id":"6223969260","label":"Broadway / West 32nd Street","links":6,"phases":4,"in_edges":["-1224490988#1","460606348#0"],"corridor":null}},{"type":"Feature","geometry":{"type":"Point","coordinates":[-73.974573,40.749114]},"properties":{"id":"GS_11337295598","label":"East 40th Street / Tunnel Exit Street","links":7,"phases":4,"in_edges":["226041005#0","5673626#0"],"corridor":null}},{"type":"Feature","geometry":{"type":"Point","coordinates":[-73.975459,40.749506]},"properties":{"id":"GS_11337295601","label":"3rd Avenue / East 40th Street","links":11,"phases":4,"in_edges":["-1087744935#3","1316831699#0","1316831700#0"],"corridor":null}},{"type":"Feature","geometry":{"type":"Point","coordinates":[-73.976011,40.75149]},"properties":{"id":"GS_11337295604","label":"East 42nd Street / Lexington Avenue","links":13,"phases":4,"in_edges":["-1272613980#2","1531856345#0","420356168#0"],"corridor":null}},{"type":"Feature","geometry":{"type":"Point","coordinates":[-73.974505,40.750768]},"properties":{"id":"GS_11337295608","label":"3rd Avenue / East 42nd Street","links":14,"phases":8,"in_edges":["-1455345748#2","-420356168#4","-420356169#2","1316831694#0"],"corridor":null}},{"type":"Feature","geometry":{"type":"Point","coordinates":[-73.998049,40.745965]},"properties":{"id":"GS_42427427","label":"8th Avenue / West 24th Street","links":11,"phases":4,"in_edges":["-1061731838","396444294#0","420598366#0"],"corridor":null}},{"type":"Feature","geometry":{"type":"Point","coordinates":[-73.976557,40.750844]},"properties":{"id":"GS_42432444","label":"East 41st Street / Lexington Avenue","links":7,"phases":4,"in_edges":["1316295725#4","630828556#0"],"corridor":null}},{"type":"Feature","geometry":{"type":"Point","coordinates":[-73.974981,40.750111]},"properties":{"id":"GS_42432451","label":"3rd Avenue / East 41st Street","links":15,"phases":6,"in_edges":["-1316831694#3","-36271338#4","1087744935#0","1316831693#0"],"corridor":null}},{"type":"Feature","geometry":{"type":"Point","coordinates":[-73.974086,40.749711]},"properties":{"id":"GS_42432458","label":"East 41st Street / Tunnel Exit Street","links":4,"phases":4,"in_edges":["-36271338#8","36271338#0","742215272#0"],"corridor":null}},{"type":"Feature","geometry":{"type":"Point","coordinates":[-73.97918,40.7471]},"properties":{"id":"GS_42434954","label":"East 35th Street / Lexington Avenue","links":7,"phases":4,"in_edges":["518451322#0","518451327#4"],"corridor":null}},{"type":"Feature","geometry":{"type":"Point","coordinates":[-73.977617,40.746371]},"properties":{"id":"GS_42434959","label":"3rd Avenue / East 35th Street","links":13,"phases":4,"in_edges":["-1531811269","518451327#0","554083353#0"],"corridor":null}},{"type":"Feature","geometry":{"type":"Point","coordinates":[-73.981999,40.743294]},"properties":{"id":"GS_42436751","label":"East 29th Street / Lexington Avenue","links":7,"phases":4,"in_edges":["-226040993#5","1051841852#0","226040993#0"],"corridor":null}},{"type":"Feature","geometry":{"type":"Point","coordinates":[-73.980482,40.74261]},"properties":{"id":"GS_42436753","label":"3rd Avenue / East 29th Street","links":12,"phases":4,"in_edges":["-1539481862#7","-226040993#3","1539481862#0"],"corridor":null}},{"type":"Feature","geometry":{"type":"Point","coordinates":[-73.999098,40.749692]},"properties":{"id":"GS_42438672","label":"9th Avenue / West 28th Street","links":12,"phases":6,"in_edges":["-1027130509#2","1027130507#0","5670719#0"],"corridor":null}},{"type":"Feature","geometry":{"type":"Point","coordinates":[-73.996557,40.742826]},"properties":{"id":"GS_42439836","label":"7th Avenue / West 21st Street","links":14,"phases":4,"in_edges":["-156994961#7","-813970416#5","156994961#0","813970416#0"],"corridor":null}},{"type":"Feature","geometry":{"type":"Point","coordinates":[-73.986398,40.756704]},"properties":{"id":"GS_42439981","label":"7th Avenue / West 43rd Street","links":9,"phases":4,"in_edges":["-569345544#2","226041025#0","397795464#0"],"corridor":null}},{"type":"Feature","geometry":{"type":"Point","coordinates":[-73.972194,40.749842]},"properties":{"id":"GS_42442937","label":"2nd Avenue / East 42nd Street","links":15,"phases":8,"in_edges":["-1021051876#1","-747908052#2","420901682#0","988980354"],"corridor":null}},{"type":"Feature","geometry":{"type":"Point","coordinates":[-73.979721,40.746437]},"properties":{"id":"GS_42445374","label":"East 34th Street / Lexington Avenue","links":10,"phases":4,"in_edges":["-571651963#2","1545181773#0","541351705#0"],"corridor":null}},{"type":"Feature","geometry":{"type":"Point","coordinates":[-73.978149,40.745721]},"properties":{"id":"GS_42445378","label":"3rd Avenue / East 34th Street","links":15,"phases":8,"in_edges":["-542096278#2","-554083353#3","1528044512#0","587038129#0"],"corridor":null}},{"type":"Feature","geometry":{"type":"Point","coordinates":[-73.980047,40.743225]},"properties":{"id":"GS_42445413","label":"3rd Avenue / East 30th Street","links":15,"phases":4,"in_edges":["-388240124#3","1539481862#4","226040998#4"],"corridor":null}},{"type":"Feature","geometry":{"type":"Point","coordinates":[-73.977414,40.749588]},"properties":{"id":"GS_42445656","label":"East 39th Street / Lexington Avenue","links":10,"phases":6,"in_edges":["-1316060565","1271749957#0","458177133#0"],"corridor":null}},{"type":"Feature","geometry":{"type":"Point","coordinates":[-73.97588,40.748883]},"properties":{"id":"GS_42445661","label":"3rd Avenue / East 39th Street","links":14,"phases":4,"in_edges":["-1316831700#3","-226040999#1","729972918#3","989791208#0"],"corridor":null}},{"type":"Feature","geometry":{"type":"Point","coordinates":[-73.974987,40.748477]},"properties":{"id":"GS_42445664","label":"East 39th Street / Tunnel Exit Street","links":9,"phases":4,"in_edges":["-989791208#3","226041000#0","989791207#0"],"corridor":null}},{"type":"Feature","geometry":{"type":"Point","coordinates":[-73.981056,40.74451]},"properties":{"id":"GS_42446933","label":"East 31st Street / Lexington Avenue","links":7,"phases":4,"in_edges":["458166896#4","46334598#0"],"corridor":null}},{"type":"Feature","geometry":{"type":"Point","coordinates":[-73.980684,40.74517]},"properties":{"id":"GS_42446934","label":"East 32nd Street / Lexington Avenue","links":8,"phases":4,"in_edges":["1316295713#1","458166896#0"],"corridor":null}},{"type":"Feature","geometry":{"type":"Point","coordinates":[-73.980159,40.745753]},"properties":{"id":"GS_42446935","label":"East 33rd Street / Lexington Avenue","links":7,"phases":4,"in_edges":["1529988902#0","540356239#0"],"corridor":null}},{"type":"Feature","geometry":{"type":"Point","coordinates":[-73.978821,40.747756]},"properties":{"id":"GS_42446941","label":"East 36th Street / Lexington Avenue","links":7,"phases":4,"in_edges":["458177129#0","518451332#0"],"corridor":null}},{"type":"Feature","geometry":{"type":"Point","coordinates":[-73.978277,40.748341]},"properties":{"id":"GS_42446942","label":"East 37th Street / Lexington Avenue","links":8,"phases":4,"in_edges":["458177133#8","46469720#0"],"corridor":null}},{"type":"Feature","geometry":{"type":"Point","coordinates":[-73.977872,40.748959]},"properties":{"id":"GS_42446945","label":"East 38th Street / Lexington Avenue","links":10,"phases":4,"in_edges":["-858965316#3","1049879867#0","458177133#4"],"corridor":null}},{"type":"Feature","geometry":{"type":"Point","coordinates":[-73.977014,40.750206]},"properties":{"id":"GS_42446949","label":"East 40th Street / Lexington Avenue","links":9,"phases":4,"in_edges":["1046745000#0","1316295726#0"],"corridor":null}},{"type":"Feature","geometry":{"type":"Point","coordinates":[-73.976747,40.747605]},"properties":{"id":"GS_42449685","label":"3rd Avenue / East 37th Street","links":11,"phases":4,"in_edges":["-729972918#2","1462663361#0","380147339#0"],"corridor":null}},{"type":"Feature","geometry":{"type":"Point","coordinates":[-73.979504,40.743806]},"properties":{"id":"GS_42449926","label":"3rd Avenue / East 31st Street","links":12,"phases":4,"in_edges":["-388240124#7","388240124#0","5672992#0"],"corridor":null}},{"type":"Feature","geometry":{"type":"Point","coordinates":[-73.978604,40.745038]},"properties":{"id":"GS_42449928","label":"3rd Avenue / East 33rd Street","links":12,"phases":4,"in_edges":["-587061869#2","1536614048#0","388240124#8"],"corridor":null}},{"type":"Feature","geometry":{"type":"Point","coordinates":[-73.977263,40.747034]},"properties":{"id":"GS_42449932","label":"3rd Avenue / East 36th Street","links":13,"phases":4,"in_edges":["-1462663361#3","1462663362#0","458166895#0"],"corridor":null}},{"type":"Feature","geometry":{"type":"Point","coordinates":[-73.976335,40.748243]},"properties":{"id":"GS_42449938","label":"3rd Avenue / East 38th Street","links":15,"phases":6,"in_edges":["-1049879868#3","-729972918#6","1528409790#0","858965316#0"],"corridor":null}},{"type":"Feature","geometry":{"type":"Point","coordinates":[-73.975458,40.747854]},"properties":{"id":"GS_42453999","label":"East 38th Street / Tunnel Exit Street","links":9,"phases":4,"in_edges":["-936539648#2","1049879868#0","936539647#0"],"corridor":null}},{"type":"Feature","geometry":{"type":"Point","coordinates":[-73.981263,40.767961]},"properties":{"id":"GS_4347550071","label":"Central Park South","links":1,"phases":3,"in_edges":["1211612938"],"corridor":null}},{"type":"Feature","geometry":{"type":"Point","coordinates":[-73.998589,40.750283]},"properties":{"id":"GS_5545401594","label":"9th Avenue / West 29th Street","links":12,"phases":6,"in_edges":["-1027130508#1","-506680905","1268207914#0","989270322#0"],"corridor":null}},{"type":"Feature","geometry":{"type":"Point","coordinates":[-73.999428,40.744023]},"properties":{"id":"GS_5849918502","label":"8th Avenue / West 21st Street","links":13,"phases":6,"in_edges":["-156994969#2","-458106344#3","156994961#4","420598333#0"],"corridor":null}},{"type":"Feature","geometry":{"type":"Point","coordinates":[-73.981591,40.743922]},"properties":{"id":"GS_8482948064","label":"East 30th Street / Lexington Avenue","links":9,"phases":4,"in_edges":["1135346523#0","226040998#0"],"corridor":null}},{"type":"Feature","geometry":{"type":"Point","coordinates":[-73.975291,40.755284]},"properties":{"id":"GS_cluster_100522728_42457476","label":"East 47th Street / Park Avenue","links":13,"phases":4,"in_edges":["1049841322#0","1376704196#0","988977545#6"],"corridor":null}},{"type":"Feature","geometry":{"type":"Point","coordinates":[-73.998602,40.764284]},"properties":{"id":"GS_cluster_11017187937_42453555","label":"12th Avenue","links":10,"phases":4,"in_edges":["169267539","421852030#0"],"corridor":null}},{"type":"Feature","geometry":{"type":"Point","coordinates":[-73.981375,40.747102]},"properties":{"id":"GS_cluster_3786901743_561042190","label":"East 34th Street / Park Avenue","links":16,"phases":4,"in_edges":["-420904658#3","1088325195#0","5673380#0","989793295#0"],"corridor":null}},{"type":"Feature","geometry":{"type":"Point","coordinates":[-73.970759,40.761615]},"properties":{"id":"GS_cluster_42432834_596775935","label":"East 57th Street / Park Avenue","links":18,"phases":4,"in_edges":["-497165757#3","388696206#0","573228989#0","671208357#0"],"corridor":null}},{"type":"Feature","geometry":{"type":"Point","coordinates":[-73.972577,40.759043]},"properties":{"id":"GS_cluster_42436703_596775900","label":"East 53rd Street / Park Avenue","links":11,"phases":4,"in_edges":["1201651434#0","1201651435#4","497165753#12"],"corridor":null}},{"type":"Feature","geometry":{"type":"Point","coordinates":[-73.974389,40.756544]},"properties":{"id":"GS_cluster_42438886_596775867","label":"East 49th Street / Park Avenue","links":14,"phases":4,"in_edges":["1376704198#0","458180186#0","569345515#4"],"corridor":null}},{"type":"Feature","geometry":{"type":"Point","coordinates":[-73.973507,40.757814]},"properties":{"id":"GS_cluster_42440456_596775876","label":"East 51st Street / Park Avenue","links":11,"phases":4,"in_edges":["1536092164#0","1538411807#0","569345508#0"],"corridor":null}},{"type":"Feature","geometry":{"type":"Point","coordinates":[-73.999661,40.763129]},"properties":{"id":"GS_cluster_42443570_62915509","label":"12th Avenue","links":10,"phases":4,"in_edges":["1313135175#0","505777313#0"],"corridor":null}},{"type":"Feature","geometry":{"type":"Point","coordinates":[-73.9713,40.760968]},"properties":{"id":"GS_cluster_42443613_596775951","label":"East 56th Street / Park Avenue","links":12,"phases":4,"in_edges":["1498928840#0","497165753#0","528748997#0"],"corridor":null}},{"type":"Feature","geometry":{"type":"Point","coordinates":[-73.971703,40.760325]},"properties":{"id":"GS_cluster_42448338_596775907","label":"East 55th Street / Park Avenue","links":17,"phases":4,"in_edges":["-226041012#2","1498928837#0","497165753#4","497165756#4"],"corridor":null}},{"type":"Feature","geometry":{"type":"Point","coordinates":[-73.974959,40.755967]},"properties":{"id":"GS_cluster_42448811_596775882","label":"East 48th Street / Park Avenue","links":12,"phases":6,"in_edges":["1049841322#4","439768850#0","569345515#8"],"corridor":null}},{"type":"Feature","geometry":{"type":"Point","coordinates":[-73.973143,40.758476]},"properties":{"id":"GS_cluster_42452875_596775914","label":"East 52nd Street / Park Avenue","links":19,"phases":4,"in_edges":["1201651435#0","1201651437#0","5672118#0"],"corridor":null}},{"type":"Feature","geometry":{"type":"Point","coordinates":[-73.982691,40.745164]},"properties":{"id":"GS_cluster_42456568_4597668044","label":"East 31st Street / Park Avenue South","links":12,"phases":4,"in_edges":["1135346522#0","420514149#4","464683341#0"],"corridor":null}},{"type":"Feature","geometry":{"type":"Point","coordinates":[-73.970303,40.7623]},"properties":{"id":"GS_cluster_42456598_596775941","label":"East 58th Street / Park Avenue","links":12,"phases":4,"in_edges":["1536593475#0","46240204#0","5672951#0"],"corridor":null}},{"type":"Feature","geometry":{"type":"Point","coordinates":[-73.972223,40.75972]},"properties":{"id":"GS_cluster_42456611_596775919","label":"East 54th Street / Park Avenue","links":13,"phases":4,"in_edges":["497165753#8","497165756#0","541331485#0"],"corridor":null}},{"type":"Feature","geometry":{"type":"Point","coordinates":[-73.974066,40.757219]},"properties":{"id":"GS_cluster_42459098_596775870","label":"East 50th Street / Park Avenue","links":15,"phases":4,"in_edges":["1376704198#4","441405436#0","569345515#0"],"corridor":null}},{"type":"Feature","geometry":{"type":"Point","coordinates":[-73.999387,40.752207]},"properties":{"id":"GS_cluster_427840998_427841062","label":"Dyer Avenue / Lincoln Tunnel Expressway","links":9,"phases":4,"in_edges":["460069727#0","46226335#0","68325075"],"corridor":null}},{"type":"Feature","geometry":{"type":"Point","coordinates":[-73.999729,40.751819]},"properties":{"id":"GS_cluster_427841071_427841073","label":"Dyer Avenue / West 30th Street","links":7,"phases":4,"in_edges":["1238990622#0","31984130#0","31984136#0"],"corridor":null}},{"type":"Feature","geometry":{"type":"Point","coordinates":[-73.978284,40.751495]},"properties":{"id":"GS_cluster_561042200_8122411159","label":"East 41st Street / Park Avenue","links":5,"phases":4,"in_edges":["1316295725#0","68674960#0"],"corridor":null}},{"type":"Feature","geometry":{"type":"Point","coordinates":[-73.998119,40.751017]},"properties":{"id":"cluster_10173309977_358448394_42437688","label":"9th Avenue / West 30th Street","links":13,"phases":4,"in_edges":["-989270322#2","1027130505#0","36806658#0"],"corridor":null}},{"type":"Feature","geometry":{"type":"Point","coordinates":[-73.996257,40.767387]},"properties":{"id":"cluster_11017186436_12153915856","label":"12th Avenue / West 51st Street","links":12,"phases":4,"in_edges":["1061979016#0","1425350540","1425350541#0"],"corridor":null}},{"type":"Feature","geometry":{"type":"Point","coordinates":[-73.996779,40.766789]},"properties":{"id":"cluster_11017186437_12153915859","label":"12th Avenue","links":10,"phases":4,"in_edges":["1186131872","681042531#0"],"corridor":null}},{"type":"Feature","geometry":{"type":"Point","coordinates":[-73.997162,40.766128]},"properties":{"id":"cluster_11017187935_62915536","label":"12th Avenue / West 49th Street","links":13,"phases":4,"in_edges":["1532350682","421852039#0","421852041"],"corridor":null}},{"type":"Feature","geometry":{"type":"Point","coordinates":[-73.997728,40.765497]},"properties":{"id":"cluster_11017187936_12154598280_12154598283_247120149_#2more","label":"12th Avenue","links":10,"phases":4,"in_edges":["1341940285","421852029"],"corridor":null}},{"type":"Feature","geometry":{"type":"Point","coordinates":[-73.974983,40.746121]},"properties":{"id":"cluster_11942111840_42423020_6913714562","label":"2nd Avenue / East 36th Street","links":18,"phases":6,"in_edges":["-421852618#1","457948936#0","46469722"],"corridor":null}},{"type":"Feature","geometry":{"type":"Point","coordinates":[-73.980784,40.747717]},"properties":{"id":"cluster_12181374928_42434951_561042191","label":"East 35th Street / Park Avenue","links":12,"phases":4,"in_edges":["1536568237#4","989793293#0","989793294#0"],"corridor":null}},{"type":"Feature","geometry":{"type":"Point","coordinates":[-73.980471,40.748395]},"properties":{"id":"cluster_12181374934_42458333_561042193","label":"East 36th Street / Park Avenue","links":12,"phases":4,"in_edges":["1536568237#0","458166893#0","68674961#0"],"corridor":null}},{"type":"Feature","geometry":{"type":"Point","coordinates":[-73.979892,40.74896]},"properties":{"id":"cluster_12181374941_42449683_561042192","label":"East 37th Street / Park Avenue","links":11,"phases":4,"in_edges":["458177128#0","68674961#4","68674968#4"],"corridor":null}},{"type":"Feature","geometry":{"type":"Point","coordinates":[-73.979515,40.749603]},"properties":{"id":"cluster_12181374945_42453986_561042194","label":"East 38th Street / Park Avenue","links":16,"phases":6,"in_edges":["-1316295723#2","1537180165#0","68674968#0","858965315#0"],"corridor":null}},{"type":"Feature","geometry":{"type":"Point","coordinates":[-73.979074,40.750241]},"properties":{"id":"cluster_12181374952_42445653_561042195","label":"East 39th Street / Park Avenue","links":14,"phases":4,"in_edges":["-1150636499#1","1150636497#0","1530348720#0","771759769#0"],"corridor":null}},{"type":"Feature","geometry":{"type":"Point","coordinates":[-73.975763,40.747128]},"properties":{"id":"cluster_12187390432_1701844670_42426816_6166333257_#2more","label":"East 37th Street","links":8,"phases":6,"in_edges":["1461919267","1461922852","381477008#0"],"corridor":null}},{"type":"Feature","geometry":{"type":"Point","coordinates":[-73.997121,40.754547]},"properties":{"id":"cluster_1533280147_7037071175_8261123400_9971300853_#1more","label":"Dyer Avenue / West 35th Street","links":8,"phases":5,"in_edges":["-139919706#1","1088327050#0","46492639#0"],"corridor":null}},{"type":"Feature","geometry":{"type":"Point","coordinates":[-73.997789,40.761522]},"properties":{"id":"cluster_42430677_7280430895","label":"11th Avenue / West 43rd Street","links":14,"phases":6,"in_edges":["-739911957#3","1213301201","739911956#0"],"corridor":null}},{"type":"Feature","geometry":{"type":"Point","coordinates":[-73.99662,40.755266]},"properties":{"id":"cluster_42434429_427842070","label":"Dyer Avenue / West 36th Street","links":13,"phases":6,"in_edges":["1202082384#0","1539480057#0","954552256#1"],"corridor":null}},{"type":"Feature","geometry":{"type":"Point","coordinates":[-73.983631,40.743959]},"properties":{"id":"cluster_42436748_4597668043","label":"East 29th Street / Park Avenue South","links":17,"phases":4,"in_edges":["-420514148#3","1049837362#0","1536088486#0","464683341#8"],"corridor":null}},{"type":"Feature","geometry":{"type":"Point","coordinates":[-73.972168,40.743119]},"properties":{"id":"cluster_42445392_4412043541","label":"East 34th Street / FDR Drive","links":11,"phases":7,"in_edges":["-1424092635","194926840#0","711924577"],"corridor":null}},{"type":"Feature","geometry":{"type":"Point","coordinates":[-73.983226,40.744587]},"properties":{"id":"cluster_42445409_4597668033","label":"East 30th Street / Park Avenue South","links":15,"phases":4,"in_edges":["226040996#0","420514149#0","464683341#4"],"corridor":null}},{"type":"Feature","geometry":{"type":"Point","coordinates":[-73.984127,40.743355]},"properties":{"id":"cluster_42446266_4597668030","label":"East 28th Street / Park Avenue South","links":12,"phases":4,"in_edges":["1536088484#0","1536088485#0","464683339#0"],"corridor":null}},{"type":"Feature","geometry":{"type":"Point","coordinates":[-73.982334,40.745809]},"properties":{"id":"cluster_42449308_4597668020","label":"East 32nd Street / Park Avenue","links":10,"phases":4,"in_edges":["195743165#0","447001270#0","573476359#0"],"corridor":null}},{"type":"Feature","geometry":{"type":"Point","coordinates":[-73.970938,40.747464]},"properties":{"id":"joinedS_12154055788_12840833852_42453011","label":"1st Avenue / East 40th Street","links":23,"phases":4,"in_edges":["-1414774493#1","-36185650#1","1313071250#0","1414774494","226041003#2","36185650#0","771939270#0"],"corridor":null}},{"type":"Feature","geometry":{"type":"Point","coordinates":[-73.984811,40.75932]},"properties":{"id":"joinedS_12989986305_42428303_42439994","label":"7th Avenue / Broadway","links":23,"phases":10,"in_edges":["-452322757#2","-452322757#3","-483360105#2","1413518739#0","167922071#0","452322757#0","452322757#3","5672036#3","626514137#0"],"corridor":null}},{"type":"Feature","geometry":{"type":"Point","coordinates":[-73.982274,40.767544]},"properties":{"id":"joinedS_1701856476_1825841704_42435716","label":"8th Avenue / Broadway","links":26,"phases":10,"in_edges":["-420890023#2","-439801902","196117092#0","420890023#0","460065822#0","46525065#0","976050707#0"],"corridor":null}},{"type":"Feature","geometry":{"type":"Point","coordinates":[-73.978661,40.75091]},"properties":{"id":"joinedS_3639382768_561042198_cluster_100522479_11506834428_3639382767","label":"East 40th Street / Park Avenue","links":19,"phases":8,"in_edges":["-872052106","226041004#0","381565180#0","386972970#0","771759766","771759767","771759768"],"corridor":null}},{"type":"Feature","geometry":{"type":"Point","coordinates":[-73.97655,40.765298]},"properties":{"id":"joinedS_42430390_42430394","label":"6th Avenue / Central Park South","links":22,"phases":6,"in_edges":["-420899371","-497258108#2","-5670253#2","1211049195#0","308322447#0","497258108#0"],"corridor":null}},{"type":"Feature","geometry":{"type":"Point","coordinates":[-73.999272,40.759595]},"properties":{"id":"joinedS_42430664_cluster_11252642361_8288270553_9019680390","label":"11th Avenue / West 40th Street","links":21,"phases":9,"in_edges":["-420903239#1","420903240#0","5671654#0","974611016#0","988987062"],"corridor":null}},{"type":"Feature","geometry":{"type":"Point","coordinates":[-73.99875,40.76017]},"properties":{"id":"joinedS_42430669_9019680389","label":"11th Avenue / West 41st Street","links":14,"phases":4,"in_edges":["46139027#0","46482539#0","974611017","974611018#0"],"corridor":null}},{"type":"Feature","geometry":{"type":"Point","coordinates":[-73.998265,40.760865]},"properties":{"id":"joinedS_42430673_9019680388","label":"11th Avenue / West 42nd Street","links":17,"phases":6,"in_edges":["-420904620","-68325079#1","420904620","779661114#0","974611015#0","989265269#0"],"corridor":null}},{"type":"Feature","geometry":{"type":"Point","coordinates":[-73.976102,40.754809]},"properties":{"id":"joinedS_42434077_cluster_100522741_596775840","label":"East 46th Street / Park Avenue","links":17,"phases":6,"in_edges":["-46520921#6","1376704196#4","420902878#0","458180181#0","46520921#2","575746067"],"corridor":null}},{"type":"Feature","geometry":{"type":"Point","coordinates":[-73.994879,40.755365]},"properties":{"id":"joinedS_9807801426_cluster_4207913309_4491359481_8288270359","label":"9th Avenue / West 37th Street","links":15,"phases":4,"in_edges":["-988515374#1","1051734606#0","452319915","485746107#0","511755381#0"],"corridor":null}}]}