{"type": "FeatureCollection", "features": [{"type": "Feature", "geometry": {"type": "Point", "coordinates": [-73.9735834, 40.7521893]}, "properties": {"tls": "12463559806", "edge": "-1539502333#1", "links": [0, 1], "bearing": 208.2}}, {"type": "Feature", "geometry": {"type": "Point", "coordinates": [-73.973567, 40.7520051]}, "properties": {"tls": "12463559806", "edge": "1455345748#3", "links": [2, 3, 4, 5, 6], "bearing": 28.5}}, {"type": "Feature", "geometry": {"type": "Point", "coordinates": [-73.9737104, 40.7521543]}, "properties": {"tls": "12463559806", "edge": "1539502332#0", "links": [7, 8, 9, 10], "bearing": 118.3}}, {"type": "Feature", "geometry": {"type": "Point", "coordinates": [-73.9875387, 40.7654577]}, "properties": {"tls": "1815133244", "edge": "420892273#0", "links": [0, 1, 2, 3], "bearing": 207.9}}, {"type": "Feature", "geometry": {"type": "Point", "coordinates": [-73.9874164, 40.7652974]}, "properties": {"tls": "1815133244", "edge": "812949647#3", "links": [4, 5, 6, 7, 8], "bearing": 298.5}}, {"type": "Feature", "geometry": {"type": "Point", "coordinates": [-73.9875853, 40.7652644]}, "properties": {"tls": "1815133244", "edge": "-420892271#1", "links": [9, 10], "bearing": 28.3}}, {"type": "Feature", "geometry": {"type": "Point", "coordinates": [-74.0004108, 40.7551509]}, "properties": {"tls": "3270031002", "edge": "-273019810#4", "links": [0, 1, 2], "bearing": 298.9}}, {"type": "Feature", "geometry": {"type": "Point", "coordinates": [-74.0006024, 40.7550617]}, "properties": {"tls": "3270031002", "edge": "708353352#0", "links": [3, 4, 5], "bearing": 29.6}}, {"type": "Feature", "geometry": {"type": "Point", "coordinates": [-74.0006297, 40.75518]}, "properties": {"tls": "3270031002", "edge": "273019810#0", "links": [6, 7, 8], "bearing": 119.3}}, {"type": "Feature", "geometry": {"type": "Point", "coordinates": [-73.9816389, 40.7463442]}, "properties": {"tls": "3786901738", "edge": "540356239#4", "links": [0, 1], "bearing": 297.4}}, {"type": "Feature", "geometry": {"type": "Point", "coordinates": [-73.9818136, 40.7463313]}, "properties": {"tls": "3786901738", "edge": "1037772009#0", "links": [2, 3, 4], "bearing": 32.0}}, {"type": "Feature", "geometry": {"type": "Point", "coordinates": [-73.9716245, 40.7439509]}, "properties": {"tls": "406048768", "edge": "34769546#0", "links": [0, 1, 2], "bearing": 206.1}}, {"type": "Feature", "geometry": {"type": "Point", "coordinates": [-73.9716482, 40.7437867]}, "properties": {"tls": "406048768", "edge": "-194926840#1", "links": [3, 4, 5], "bearing": 26.0}}, {"type": "Feature", "geometry": {"type": "Point", "coordinates": [-73.9721185, 40.7457816]}, "properties": {"tls": "42422899", "edge": "-368938762#1", "links": [0, 1], "bearing": 209.5}}, {"type": "Feature", "geometry": {"type": "Point", "coordinates": [-73.9719722, 40.7456345]}, "properties": {"tls": "42422899", "edge": "1185734601", "links": [2, 3, 4, 5, 6, 7], "bearing": 298.6}}, {"type": "Feature", "geometry": {"type": "Point", "coordinates": [-73.972182, 40.7456034]}, "properties": {"tls": "42422899", "edge": "420872177#0", "links": [8, 9, 10, 11, 12], "bearing": 26.7}}, {"type": "Feature", "geometry": {"type": "Point", "coordinates": [-73.9788997, 40.7668375]}, "properties": {"tls": "42423674", "edge": "1205900284", "links": [0, 1, 2], "bearing": 298.3}}, {"type": "Feature", "geometry": {"type": "Point", "coordinates": [-73.9790764, 40.7667245]}, "properties": {"tls": "42423674", "edge": "-1022822153#2", "links": [3, 4], "bearing": 26.6}}, {"type": "Feature", "geometry": {"type": "Point", "coordinates": [-73.9792496, 40.7669165]}, "properties": {"tls": "42423674", "edge": "420899373", "links": [5, 6, 7], "bearing": 118.5}}, {"type": "Feature", "geometry": {"type": "Point", "coordinates": [-73.9968928, 40.7578771]}, "properties": {"tls": "42423885", "edge": "-1528692691#1", "links": [0, 1, 2], "bearing": 208.8}}, {"type": "Feature", "geometry": {"type": "Point", "coordinates": [-73.9966506, 40.757672]}, "properties": {"tls": "42423885", "edge": "954520388#0", "links": [3, 4], "bearing": 299.4}}, {"type": "Feature", "geometry": {"type": "Point", "coordinates": [-73.9968986, 40.7576624]}, "properties": {"tls": "42423885", "edge": "1211608942#0", "links": [5, 6, 7, 8, 9, 10], "bearing": 28.6}}, {"type": "Feature", "geometry": {"type": "Point", "coordinates": [-73.9970479, 40.7578029]}, "properties": {"tls": "42423885", "edge": "-46482536", "links": [11, 12, 13], "bearing": 117.5}}, {"type": "Feature", "geometry": {"type": "Point", "coordinates": [-73.9948812, 40.7575733]}, "properties": {"tls": "42424789", "edge": "36807165", "links": [0, 1, 2, 3, 4, 5], "bearing": 29.3}}, {"type": "Feature", "geometry": {"type": "Point", "coordinates": [-73.9949662, 40.7577314]}, "properties": {"tls": "42424789", "edge": "895394557#0", "links": [6, 7, 8, 9, 10, 11], "bearing": 118.7}}, {"type": "Feature", "geometry": {"type": "Point", "coordinates": [-73.9998498, 40.743518]}, "properties": {"tls": "42427381", "edge": "-465098285#1", "links": [0, 1, 2], "bearing": 208.8}}, {"type": "Feature", "geometry": {"type": "Point", "coordinates": [-73.9998964, 40.7433549]}, "properties": {"tls": "42427381", "edge": "420598349#0", "links": [3, 4, 5, 6, 7], "bearing": 27.9}}, {"type": "Feature", "geometry": {"type": "Point", "coordinates": [-73.9999824, 40.7434736]}, "properties": {"tls": "42427381", "edge": "963575585#0", "links": [8, 9, 10, 11], "bearing": 115.5}}, {"type": "Feature", "geometry": {"type": "Point", "coordinates": [-73.9923365, 40.7436645]}, "properties": {"tls": "42427423", "edge": "-630828586#1", "links": [0, 1], "bearing": 207.4}}, {"type": "Feature", "geometry": {"type": "Point", "coordinates": [-73.992362, 40.7434983]}, "properties": {"tls": "42427423", "edge": "630828586#0", "links": [2, 3, 4, 5, 6], "bearing": 28.2}}, {"type": "Feature", "geometry": {"type": "Point", "coordinates": [-73.9924622, 40.7436289]}, "properties": {"tls": "42427423", "edge": "1529521816#3", "links": [7, 8, 9, 10], "bearing": 118.3}}, {"type": "Feature", "geometry": {"type": "Point", "coordinates": [-73.9951098, 40.7448328]}, "properties": {"tls": "42427426", "edge": "986615542#0", "links": [0, 1, 2, 3, 4], "bearing": 208.5}}, {"type": "Feature", "geometry": {"type": "Point", "coordinates": [-73.9951427, 40.7446693]}, "properties": {"tls": "42427426", "edge": "-1021124545#1", "links": [5], "bearing": 28.4}}, {"type": "Feature", "geometry": {"type": "Point", "coordinates": [-73.9953149, 40.7448306]}, "properties": {"tls": "42427426", "edge": "1529521816#0", "links": [6, 7, 8], "bearing": 118.5}}, {"type": "Feature", "geometry": {"type": "Point", "coordinates": [-73.9734165, 40.7637478]}, "properties": {"tls": "42427762", "edge": "1150705656#0", "links": [0, 1, 2, 3], "bearing": 207.6}}, {"type": "Feature", "geometry": {"type": "Point", "coordinates": [-73.9736404, 40.7637144]}, "properties": {"tls": "42427762", "edge": "5669664#0", "links": [4, 5, 6], "bearing": 116.3}}, {"type": "Feature", "geometry": {"type": "Point", "coordinates": [-73.9742042, 40.7639545]}, "properties": {"tls": "42427764", "edge": "308322447#2", "links": [0, 1, 2], "bearing": 118.4}}, {"type": "Feature", "geometry": {"type": "Point", "coordinates": [-73.9740728, 40.7640153]}, "properties": {"tls": "42427764", "edge": "46583189#0", "links": [3, 4], "bearing": 208.3}}, {"type": "Feature", "geometry": {"type": "Point", "coordinates": [-73.9867873, 40.7453814]}, "properties": {"tls": "42427786", "edge": "464515614#3", "links": [0, 1], "bearing": 208.4}}, {"type": "Feature", "geometry": {"type": "Point", "coordinates": [-73.9867566, 40.7452637]}, "properties": {"tls": "42427786", "edge": "1038784416#0", "links": [2, 3], "bearing": 298.1}}, {"type": "Feature", "geometry": {"type": "Point", "coordinates": [-73.9886009, 40.7461337]}, "properties": {"tls": "42427787", "edge": "976050705#0", "links": [0, 1], "bearing": 186.8}}, {"type": "Feature", "geometry": {"type": "Point", "coordinates": [-73.9885088, 40.7460035]}, "properties": {"tls": "42427787", "edge": "5669669#0", "links": [2, 3, 4], "bearing": 299.6}}, {"type": "Feature", "geometry": {"type": "Point", "coordinates": [-73.9886081, 40.7459611]}, "properties": {"tls": "42427787", "edge": "-976050704#1", "links": [5, 6], "bearing": 7.7}}, {"type": "Feature", "geometry": {"type": "Point", "coordinates": [-73.990084, 40.7467617]}, "properties": {"tls": "42427797", "edge": "-968394455#2", "links": [0], "bearing": 208.5}}, {"type": "Feature", "geometry": {"type": "Point", "coordinates": [-73.9899123, 40.7466]}, "properties": {"tls": "42427797", "edge": "5669669#3", "links": [1, 2], "bearing": 298.6}}, {"type": "Feature", "geometry": {"type": "Point", "coordinates": [-73.9901189, 40.7465943]}, "properties": {"tls": "42427797", "edge": "968394453#0", "links": [3, 4, 5, 6, 7], "bearing": 27.9}}, {"type": "Feature", "geometry": {"type": "Point", "coordinates": [-73.9902318, 40.746719]}, "properties": {"tls": "42427797", "edge": "-1022184081#2", "links": [8], "bearing": 118.8}}, {"type": "Feature", "geometry": {"type": "Point", "coordinates": [-73.9928578, 40.7479377]}, "properties": {"tls": "42427805", "edge": "1022184080#0", "links": [0, 1, 2, 3, 4], "bearing": 207.8}}, {"type": "Feature", "geometry": {"type": "Point", "coordinates": [-73.9927584, 40.7478062]}, "properties": {"tls": "42427805", "edge": "1022184081#0", "links": [5, 6, 7], "bearing": 298.6}}, {"type": "Feature", "geometry": {"type": "Point", "coordinates": [-73.9929075, 40.7477706]}, "properties": {"tls": "42427805", "edge": "-1022184082#1", "links": [8, 9, 10], "bearing": 28.3}}, {"type": "Feature", "geometry": {"type": "Point", "coordinates": [-73.9930578, 40.7479123]}, "properties": {"tls": "42427805", "edge": "-968394454#2", "links": [11, 12, 13], "bearing": 118.7}}, {"type": "Feature", "geometry": {"type": "Point", "coordinates": [-73.9957436, 40.749154]}, "properties": {"tls": "42427812", "edge": "-1027181003#2", "links": [0, 1, 2], "bearing": 208.6}}, {"type": "Feature", "geometry": {"type": "Point", "coordinates": [-73.9955669, 40.7489902]}, "properties": {"tls": "42427812", "edge": "968394454#0", "links": [3, 4, 5], "bearing": 298.3}}, {"type": "Feature", "geometry": {"type": "Point", "coordinates": [-73.9957762, 40.7489807]}, "properties": {"tls": "42427812", "edge": "1027181004#0", "links": [6, 7, 8, 9, 10], "bearing": 28.0}}, {"type": "Feature", "geometry": {"type": "Point", "coordinates": [-73.9958941, 40.749115]}, "properties": {"tls": "42427812", "edge": "-968394454#4", "links": [11, 12, 13], "bearing": 120.3}}, {"type": "Feature", "geometry": {"type": "Point", "coordinates": [-73.9890749, 40.7430099]}, "properties": {"tls": "42428212", "edge": "5672273#0", "links": [0], "bearing": 298.9}}, {"type": "Feature", "geometry": {"type": "Point", "coordinates": [-73.989173, 40.7429656]}, "properties": {"tls": "42428212", "edge": "491162341#0", "links": [1, 2], "bearing": 5.0}}, {"type": "Feature", "geometry": {"type": "Point", "coordinates": [-73.9888772, 40.7446361]}, "properties": {"tls": "42428220", "edge": "976050704#2", "links": [0], "bearing": 188.2}}, {"type": "Feature", "geometry": {"type": "Point", "coordinates": [-73.9888072, 40.7445018]}, "properties": {"tls": "42428220", "edge": "5670296#0", "links": [1, 2, 3], "bearing": 297.5}}, {"type": "Feature", "geometry": {"type": "Point", "coordinates": [-73.9887448, 40.7453626]}, "properties": {"tls": "42428223", "edge": "1224490989#2", "links": [0, 1], "bearing": 187.8}}, {"type": "Feature", "geometry": {"type": "Point", "coordinates": [-73.9887457, 40.7452245]}, "properties": {"tls": "42428223", "edge": "-1224490990#1", "links": [2, 3], "bearing": 7.3}}, {"type": "Feature", "geometry": {"type": "Point", "coordinates": [-73.9888419, 40.7453263]}, "properties": {"tls": "42428223", "edge": "1234631159#0", "links": [4, 5, 6], "bearing": 118.5}}, {"type": "Feature", "geometry": {"type": "Point", "coordinates": [-73.9884648, 40.7468704]}, "properties": {"tls": "42428227", "edge": "1224490987#0", "links": [0, 1, 2], "bearing": 187.3}}, {"type": "Feature", "geometry": {"type": "Point", "coordinates": [-73.9884672, 40.7467219]}, "properties": {"tls": "42428227", "edge": "-1224490989#1", "links": [3, 4], "bearing": 7.2}}, {"type": "Feature", "geometry": {"type": "Point", "coordinates": [-73.988562, 40.7468336]}, "properties": {"tls": "42428227", "edge": "226041019#0", "links": [5, 6, 7, 8], "bearing": 118.3}}, {"type": "Feature", "geometry": {"type": "Point", "coordinates": [-73.9883187, 40.7476298]}, "properties": {"tls": "42428232", "edge": "1224490986#0", "links": [0, 1], "bearing": 189.6}}, {"type": "Feature", "geometry": {"type": "Point", "coordinates": [-73.9882309, 40.7475026]}, "properties": {"tls": "42428232", "edge": "46490538#0", "links": [2, 3, 4], "bearing": 298.5}}, {"type": "Feature", "geometry": {"type": "Point", "coordinates": [-73.9883288, 40.7474589]}, "properties": {"tls": "42428232", "edge": "-1289161775#1", "links": [5, 6], "bearing": 5.4}}, {"type": "Feature", "geometry": {"type": "Point", "coordinates": [-73.9876792, 40.7515377]}, "properties": {"tls": "42428258", "edge": "700951339#0", "links": [0, 1, 2], "bearing": 190.1}}, {"type": "Feature", "geometry": {"type": "Point", "coordinates": [-73.9877874, 40.7514872]}, "properties": {"tls": "42428258", "edge": "1135620537#0", "links": [3, 4, 5], "bearing": 118.3}}, {"type": "Feature", "geometry": {"type": "Point", "coordinates": [-73.9875256, 40.7522823]}, "properties": {"tls": "42428264", "edge": "700951338#0", "links": [0, 1, 2, 3], "bearing": 190.7}}, {"type": "Feature", "geometry": {"type": "Point", "coordinates": [-73.9874515, 40.7521536]}, "properties": {"tls": "42428264", "edge": "46522005#0", "links": [4, 5, 6, 7], "bearing": 299.0}}, {"type": "Feature", "geometry": {"type": "Point", "coordinates": [-73.987306, 40.7529665]}, "properties": {"tls": "42428268", "edge": "958919324#0", "links": [0, 1, 2, 3], "bearing": 199.3}}, {"type": "Feature", "geometry": {"type": "Point", "coordinates": [-73.9872651, 40.75287]}, "properties": {"tls": "42428268", "edge": "-542257009#2", "links": [4, 5], "bearing": 298.3}}, {"type": "Feature", "geometry": {"type": "Point", "coordinates": [-73.9874258, 40.7529158]}, "properties": {"tls": "42428268", "edge": "1049920717#0", "links": [6, 7, 8], "bearing": 118.1}}, {"type": "Feature", "geometry": {"type": "Point", "coordinates": [-73.9869819, 40.7535891]}, "properties": {"tls": "42428272", "edge": "36806906#3", "links": [0, 1, 2], "bearing": 299.2}}, {"type": "Feature", "geometry": {"type": "Point", "coordinates": [-73.987142, 40.7536194]}, "properties": {"tls": "42428272", "edge": "-1070126889", "links": [3, 4], "bearing": 117.9}}, {"type": "Feature", "geometry": {"type": "Point", "coordinates": [-73.9868639, 40.7544383]}, "properties": {"tls": "42428277", "edge": "803047267#0", "links": [0], "bearing": 192.8}}, {"type": "Feature", "geometry": {"type": "Point", "coordinates": [-73.9870209, 40.7543549]}, "properties": {"tls": "42428277", "edge": "569345546#0", "links": [1], "bearing": 118.5}}, {"type": "Feature", "geometry": {"type": "Point", "coordinates": [-73.9866593, 40.7551294]}, "properties": {"tls": "42428283", "edge": "35027229#0", "links": [0, 1, 2, 3], "bearing": 193.3}}, {"type": "Feature", "geometry": {"type": "Point", "coordinates": [-73.9865868, 40.7550193]}, "properties": {"tls": "42428283", "edge": "5673323#0", "links": [4, 5, 6], "bearing": 297.7}}, {"type": "Feature", "geometry": {"type": "Point", "coordinates": [-73.986314, 40.7558055]}, "properties": {"tls": "42428287", "edge": "1136952921#0", "links": [0, 1, 2], "bearing": 298.4}}, {"type": "Feature", "geometry": {"type": "Point", "coordinates": [-73.9865057, 40.7558201]}, "properties": {"tls": "42428287", "edge": "-167922076#2", "links": [3, 4, 5, 6], "bearing": 118.0}}, {"type": "Feature", "geometry": {"type": "Point", "coordinates": [-73.9854904, 40.758033]}, "properties": {"tls": "42428297", "edge": "397795463#0", "links": [0, 1, 2, 3, 4], "bearing": 207.9}}, {"type": "Feature", "geometry": {"type": "Point", "coordinates": [-73.9853735, 40.7578956]}, "properties": {"tls": "42428297", "edge": "1117867038#0", "links": [5, 6, 7, 8], "bearing": 298.6}}, {"type": "Feature", "geometry": {"type": "Point", "coordinates": [-73.9855186, 40.7578689]}, "properties": {"tls": "42428297", "edge": "-682360554#2", "links": [9, 10], "bearing": 29.7}}, {"type": "Feature", "geometry": {"type": "Point", "coordinates": [-73.984734, 40.760204]}, "properties": {"tls": "42428305", "edge": "972926362#0", "links": [0, 1, 2], "bearing": 199.1}}, {"type": "Feature", "geometry": {"type": "Point", "coordinates": [-73.9847868, 40.7599785]}, "properties": {"tls": "42428305", "edge": "-1413518738", "links": [3, 4, 5], "bearing": 17.5}}, {"type": "Feature", "geometry": {"type": "Point", "coordinates": [-73.9849105, 40.7600372]}, "properties": {"tls": "42428305", "edge": "-626514137#2", "links": [6, 7, 8], "bearing": 50.2}}, {"type": "Feature", "geometry": {"type": "Point", "coordinates": [-73.9849281, 40.7601589]}, "properties": {"tls": "42428305", "edge": "226041028#0", "links": [9, 10, 11, 12, 13, 14], "bearing": 118.6}}, {"type": "Feature", "geometry": {"type": "Point", "coordinates": [-73.9844802, 40.7608764]}, "properties": {"tls": "42428307", "edge": "1136460177#0", "links": [0, 1], "bearing": 205.6}}, {"type": "Feature", "geometry": {"type": "Point", "coordinates": [-73.9844244, 40.760764]}, "properties": {"tls": "42428307", "edge": "1320234484#0", "links": [2, 3, 4], "bearing": 298.0}}, {"type": "Feature", "geometry": {"type": "Point", "coordinates": [-73.9845445, 40.7607255]}, "properties": {"tls": "42428307", "edge": "-1413159922#1", "links": [5, 6], "bearing": 22.8}}, {"type": "Feature", "geometry": {"type": "Point", "coordinates": [-73.9840498, 40.7615351]}, "properties": {"tls": "42428308", "edge": "1136460179#0", "links": [0, 1], "bearing": 206.3}}, {"type": "Feature", "geometry": {"type": "Point", "coordinates": [-73.9841348, 40.7613641]}, "properties": {"tls": "42428308", "edge": "-1413171972#1", "links": [2, 3], "bearing": 25.9}}, {"type": "Feature", "geometry": {"type": "Point", "coordinates": [-73.9842091, 40.7614979]}, "properties": {"tls": "42428308", "edge": "1376951511#0", "links": [4, 5, 6, 7], "bearing": 118.3}}, {"type": "Feature", "geometry": {"type": "Point", "coordinates": [-73.9836272, 40.762177]}, "properties": {"tls": "42428310", "edge": "812949648#0", "links": [0, 1, 2], "bearing": 205.0}}, {"type": "Feature", "geometry": {"type": "Point", "coordinates": [-73.9835585, 40.7620481]}, "properties": {"tls": "42428310", "edge": "1059314985#0", "links": [3, 4, 5, 6, 7], "bearing": 298.3}}, {"type": "Feature", "geometry": {"type": "Point", "coordinates": [-73.9836984, 40.7619891]}, "properties": {"tls": "42428310", "edge": "-1136460178#1", "links": [8, 9], "bearing": 25.5}}, {"type": "Feature", "geometry": {"type": "Point", "coordinates": [-73.9832243, 40.7628066]}, "properties": {"tls": "42428312", "edge": "1136460181#0", "links": [0, 1], "bearing": 205.0}}, {"type": "Feature", "geometry": {"type": "Point", "coordinates": [-73.9832697, 40.7626496]}, "properties": {"tls": "42428312", "edge": "-812949648#2", "links": [2, 3], "bearing": 22.0}}, {"type": "Feature", "geometry": {"type": "Point", "coordinates": [-73.9833604, 40.7627761]}, "properties": {"tls": "42428312", "edge": "965833822#6", "links": [4, 5, 6, 7, 8, 9], "bearing": 122.3}}, {"type": "Feature", "geometry": {"type": "Point", "coordinates": [-73.9828591, 40.7634713]}, "properties": {"tls": "42428313", "edge": "1267505842#0", "links": [0, 1, 2], "bearing": 202.7}}, {"type": "Feature", "geometry": {"type": "Point", "coordinates": [-73.9827876, 40.7633379]}, "properties": {"tls": "42428313", "edge": "46538371#0", "links": [3, 4, 5, 6], "bearing": 296.0}}, {"type": "Feature", "geometry": {"type": "Point", "coordinates": [-73.9829161, 40.763284]}, "properties": {"tls": "42428313", "edge": "-1136460180#1", "links": [7, 8], "bearing": 22.0}}, {"type": "Feature", "geometry": {"type": "Point", "coordinates": [-73.9824878, 40.7641551]}, "properties": {"tls": "42428315", "edge": "1267505843#0", "links": [0, 1, 2], "bearing": 194.7}}, {"type": "Feature", "geometry": {"type": "Point", "coordinates": [-73.9825293, 40.7639656]}, "properties": {"tls": "42428315", "edge": "-1267505842#2", "links": [3, 4], "bearing": 23.0}}, {"type": "Feature", "geometry": {"type": "Point", "coordinates": [-73.982652, 40.7641112]}, "properties": {"tls": "42428315", "edge": "324118558#0", "links": [5, 6, 7, 8], "bearing": 118.5}}, {"type": "Feature", "geometry": {"type": "Point", "coordinates": [-73.9822206, 40.7649001]}, "properties": {"tls": "42428321", "edge": "1442249232#0", "links": [0, 1, 2, 3], "bearing": 192.5}}, {"type": "Feature", "geometry": {"type": "Point", "coordinates": [-73.982127, 40.7647342]}, "properties": {"tls": "42428321", "edge": "499172074#3", "links": [4, 5, 6], "bearing": 299.2}}, {"type": "Feature", "geometry": {"type": "Point", "coordinates": [-73.9822579, 40.7646627]}, "properties": {"tls": "42428321", "edge": "-1442249232#4", "links": [7, 8, 9], "bearing": 13.6}}, {"type": "Feature", "geometry": {"type": "Point", "coordinates": [-73.9824066, 40.7648059]}, "properties": {"tls": "42428321", "edge": "-499172074#8", "links": [10, 11, 12], "bearing": 118.2}}, {"type": "Feature", "geometry": {"type": "Point", "coordinates": [-73.9820267, 40.7655665]}, "properties": {"tls": "42428328", "edge": "1442249235#0", "links": [0, 1, 2], "bearing": 187.2}}, {"type": "Feature", "geometry": {"type": "Point", "coordinates": [-73.9820273, 40.7653867]}, "properties": {"tls": "42428328", "edge": "-1442249232#2", "links": [3, 4], "bearing": 15.3}}, {"type": "Feature", "geometry": {"type": "Point", "coordinates": [-73.9821555, 40.7655173]}, "properties": {"tls": "42428328", "edge": "618990022#9", "links": [5, 6, 7, 8], "bearing": 118.0}}, {"type": "Feature", "geometry": {"type": "Point", "coordinates": [-73.9818726, 40.7664424]}, "properties": {"tls": "42428329", "edge": "1167939119#0", "links": [0, 1, 2], "bearing": 187.5}}, {"type": "Feature", "geometry": {"type": "Point", "coordinates": [-73.9817375, 40.7662736]}, "properties": {"tls": "42428329", "edge": "5672752#0", "links": [3, 4, 5, 6], "bearing": 295.9}}, {"type": "Feature", "geometry": {"type": "Point", "coordinates": [-73.9818792, 40.7661624]}, "properties": {"tls": "42428329", "edge": "-196116976#1", "links": [7, 8, 9], "bearing": 6.8}}, {"type": "Feature", "geometry": {"type": "Point", "coordinates": [-73.9820681, 40.7663411]}, "properties": {"tls": "42428329", "edge": "-196117083#2", "links": [10, 11, 12, 13], "bearing": 118.6}}, {"type": "Feature", "geometry": {"type": "Point", "coordinates": [-73.9817356, 40.7672475]}, "properties": {"tls": "42428332", "edge": "22898530#0", "links": [0, 1, 2], "bearing": 187.8}}, {"type": "Feature", "geometry": {"type": "Point", "coordinates": [-73.9817276, 40.7670322]}, "properties": {"tls": "42428332", "edge": "-308322448#1", "links": [3, 4], "bearing": 6.3}}, {"type": "Feature", "geometry": {"type": "Point", "coordinates": [-73.9818693, 40.7671896]}, "properties": {"tls": "42428332", "edge": "308322446#0", "links": [5, 6, 7, 8, 9], "bearing": 120.1}}, {"type": "Feature", "geometry": {"type": "Point", "coordinates": [-73.9881377, 40.7435276]}, "properties": {"tls": "42429874", "edge": "587061854#0", "links": [0, 1, 2, 3, 4, 5], "bearing": 209.2}}, {"type": "Feature", "geometry": {"type": "Point", "coordinates": [-73.9883257, 40.7435009]}, "properties": {"tls": "42429874", "edge": "1177979594#0", "links": [6, 7, 8, 9], "bearing": 118.3}}, {"type": "Feature", "geometry": {"type": "Point", "coordinates": [-73.9711394, 40.7668346]}, "properties": {"tls": "42429970", "edge": "1532515755#0", "links": [0, 1, 2], "bearing": 208.4}}, {"type": "Feature", "geometry": {"type": "Point", "coordinates": [-73.9710668, 40.7667155]}, "properties": {"tls": "42429970", "edge": "1539162002#3", "links": [3, 4], "bearing": 298.3}}, {"type": "Feature", "geometry": {"type": "Point", "coordinates": [-73.9694628, 40.7660396]}, "properties": {"tls": "42429971", "edge": "1539162002#0", "links": [0, 1], "bearing": 298.3}}, {"type": "Feature", "geometry": {"type": "Point", "coordinates": [-73.9696344, 40.7660235]}, "properties": {"tls": "42429971", "edge": "458180199#6", "links": [2, 3, 4, 5], "bearing": 28.5}}, {"type": "Feature", "geometry": {"type": "Point", "coordinates": [-73.9918876, 40.7442819]}, "properties": {"tls": "42430274", "edge": "-1266830893#1", "links": [0], "bearing": 208.4}}, {"type": "Feature", "geometry": {"type": "Point", "coordinates": [-73.991727, 40.7441253]}, "properties": {"tls": "42430274", "edge": "483704512#0", "links": [1, 2, 3], "bearing": 298.2}}, {"type": "Feature", "geometry": {"type": "Point", "coordinates": [-73.9919203, 40.744118]}, "properties": {"tls": "42430274", "edge": "1266830894", "links": [4, 5, 6, 7, 8], "bearing": 28.3}}, {"type": "Feature", "geometry": {"type": "Point", "coordinates": [-73.9914296, 40.7449062]}, "properties": {"tls": "42430277", "edge": "-489019752#1", "links": [0, 1], "bearing": 209.3}}, {"type": "Feature", "geometry": {"type": "Point", "coordinates": [-73.991452, 40.7447483]}, "properties": {"tls": "42430277", "edge": "1266830893#0", "links": [2, 3, 4, 5, 6, 7], "bearing": 27.8}}, {"type": "Feature", "geometry": {"type": "Point", "coordinates": [-73.9915476, 40.7448674]}, "properties": {"tls": "42430277", "edge": "986615540#0", "links": [8, 9, 10, 11, 12, 13], "bearing": 118.8}}, {"type": "Feature", "geometry": {"type": "Point", "coordinates": [-73.9909764, 40.745529]}, "properties": {"tls": "42430279", "edge": "-968394452#2", "links": [0], "bearing": 208.0}}, {"type": "Feature", "geometry": {"type": "Point", "coordinates": [-73.9908128, 40.7453553]}, "properties": {"tls": "42430279", "edge": "5670296#3", "links": [1, 2, 3, 4], "bearing": 298.3}}, {"type": "Feature", "geometry": {"type": "Point", "coordinates": [-73.9910271, 40.7453408]}, "properties": {"tls": "42430279", "edge": "968394450#0", "links": [5, 6, 7, 8, 9], "bearing": 29.2}}, {"type": "Feature", "geometry": {"type": "Point", "coordinates": [-73.9905352, 40.7461338]}, "properties": {"tls": "42430282", "edge": "-968394452#4", "links": [0, 1], "bearing": 208.1}}, {"type": "Feature", "geometry": {"type": "Point", "coordinates": [-73.9905623, 40.7459676]}, "properties": {"tls": "42430282", "edge": "968394452#0", "links": [2, 3, 4, 5, 6], "bearing": 28.3}}, {"type": "Feature", "geometry": {"type": "Point", "coordinates": [-73.9906622, 40.7460986]}, "properties": {"tls": "42430282", "edge": "1022184083#0", "links": [7, 8, 9, 10], "bearing": 118.3}}, {"type": "Feature", "geometry": {"type": "Point", "coordinates": [-73.9896336, 40.7473716]}, "properties": {"tls": "42430288", "edge": "-968394455#4", "links": [0, 1], "bearing": 209.1}}, {"type": "Feature", "geometry": {"type": "Point", "coordinates": [-73.9896616, 40.7472074]}, "properties": {"tls": "42430288", "edge": "968394455#0", "links": [2, 3, 4, 5, 6], "bearing": 28.6}}, {"type": "Feature", "geometry": {"type": "Point", "coordinates": [-73.9897606, 40.7473372]}, "properties": {"tls": "42430288", "edge": "226041020#0", "links": [7, 8, 9, 10], "bearing": 118.1}}, {"type": "Feature", "geometry": {"type": "Point", "coordinates": [-73.9891732, 40.7479915]}, "properties": {"tls": "42430292", "edge": "-978161521#1", "links": [0], "bearing": 208.7}}, {"type": "Feature", "geometry": {"type": "Point", "coordinates": [-73.9890017, 40.7478299]}, "properties": {"tls": "42430292", "edge": "46490538#3", "links": [1, 2, 3], "bearing": 298.5}}, {"type": "Feature", "geometry": {"type": "Point", "coordinates": [-73.9892067, 40.7478287]}, "properties": {"tls": "42430292", "edge": "968394456#0", "links": [4, 5, 6, 7, 8], "bearing": 28.8}}, {"type": "Feature", "geometry": {"type": "Point", "coordinates": [-73.9887169, 40.7485954]}, "properties": {"tls": "42430295", "edge": "-460606347#2", "links": [0, 1], "bearing": 208.8}}, {"type": "Feature", "geometry": {"type": "Point", "coordinates": [-73.9885506, 40.7484751]}, "properties": {"tls": "42430295", "edge": "-1071919873#1", "links": [2, 3], "bearing": 295.4}}, {"type": "Feature", "geometry": {"type": "Point", "coordinates": [-73.9887363, 40.7484432]}, "properties": {"tls": "42430295", "edge": "68668519#0", "links": [4, 5, 6, 7, 8, 9], "bearing": 28.8}}, {"type": "Feature", "geometry": {"type": "Point", "coordinates": [-73.9888307, 40.7485588]}, "properties": {"tls": "42430295", "edge": "1082072647#0", "links": [10, 11, 12, 13], "bearing": 115.5}}, {"type": "Feature", "geometry": {"type": "Point", "coordinates": [-73.9882521, 40.7492175]}, "properties": {"tls": "42430298", "edge": "-496982024#1", "links": [0, 1], "bearing": 208.5}}, {"type": "Feature", "geometry": {"type": "Point", "coordinates": [-73.988091, 40.7490613]}, "properties": {"tls": "42430298", "edge": "690414969", "links": [2, 3, 4, 5], "bearing": 298.1}}, {"type": "Feature", "geometry": {"type": "Point", "coordinates": [-73.9882802, 40.749052]}, "properties": {"tls": "42430298", "edge": "460606347#0", "links": [6, 7, 8, 9], "bearing": 28.7}}, {"type": "Feature", "geometry": {"type": "Point", "coordinates": [-73.9877446, 40.7499389]}, "properties": {"tls": "42430304", "edge": "-496983396#1", "links": [0, 1, 2], "bearing": 207.7}}, {"type": "Feature", "geometry": {"type": "Point", "coordinates": [-73.9875805, 40.7497633]}, "properties": {"tls": "42430304", "edge": "5670600#0", "links": [3, 4, 5, 6], "bearing": 298.7}}, {"type": "Feature", "geometry": {"type": "Point", "coordinates": [-73.9878147, 40.7496884]}, "properties": {"tls": "42430304", "edge": "439933932#0", "links": [7, 8, 9, 10], "bearing": 28.4}}, {"type": "Feature", "geometry": {"type": "Point", "coordinates": [-73.9879143, 40.74984]}, "properties": {"tls": "42430304", "edge": "384649121#0", "links": [11, 12, 13, 14], "bearing": 119.4}}, {"type": "Feature", "geometry": {"type": "Point", "coordinates": [-73.9872836, 40.750552]}, "properties": {"tls": "42430308", "edge": "-384649120#1", "links": [0, 1], "bearing": 208.3}}, {"type": "Feature", "geometry": {"type": "Point", "coordinates": [-73.9871432, 40.7503977]}, "properties": {"tls": "42430308", "edge": "496983398#0", "links": [2, 3, 4, 5, 6], "bearing": 299.0}}, {"type": "Feature", "geometry": {"type": "Point", "coordinates": [-73.9873502, 40.7503624]}, "properties": {"tls": "42430308", "edge": "496983397#0", "links": [7, 8, 9, 10], "bearing": 28.0}}, {"type": "Feature", "geometry": {"type": "Point", "coordinates": [-73.9868123, 40.7511973]}, "properties": {"tls": "42430311", "edge": "-384649120#4", "links": [0, 1], "bearing": 207.2}}, {"type": "Feature", "geometry": {"type": "Point", "coordinates": [-73.9868913, 40.7509875]}, "properties": {"tls": "42430311", "edge": "587038081#0", "links": [2, 3, 4, 5], "bearing": 28.7}}, {"type": "Feature", "geometry": {"type": "Point", "coordinates": [-73.9869562, 40.7511365]}, "properties": {"tls": "42430311", "edge": "963613972#0", "links": [6, 7, 8], "bearing": 118.4}}, {"type": "Feature", "geometry": {"type": "Point", "coordinates": [-73.9863815, 40.751813]}, "properties": {"tls": "42430314", "edge": "-384649120#7", "links": [0, 1], "bearing": 208.5}}, {"type": "Feature", "geometry": {"type": "Point", "coordinates": [-73.9862714, 40.7516443]}, "properties": {"tls": "42430314", "edge": "1036712190", "links": [2, 3, 4], "bearing": 299.1}}, {"type": "Feature", "geometry": {"type": "Point", "coordinates": [-73.9864598, 40.7516028]}, "properties": {"tls": "42430314", "edge": "384649120#2", "links": [5, 6, 7, 8], "bearing": 27.2}}, {"type": "Feature", "geometry": {"type": "Point", "coordinates": [-73.9859435, 40.7524092]}, "properties": {"tls": "42430317", "edge": "-384649120#10", "links": [0, 1, 2], "bearing": 209.2}}, {"type": "Feature", "geometry": {"type": "Point", "coordinates": [-73.9858105, 40.7522759]}, "properties": {"tls": "42430317", "edge": "-542257009#5", "links": [3, 4, 5], "bearing": 298.3}}, {"type": "Feature", "geometry": {"type": "Point", "coordinates": [-73.9859941, 40.7522432]}, "properties": {"tls": "42430317", "edge": "384649120#5", "links": [6, 7, 8, 9, 10], "bearing": 28.4}}, {"type": "Feature", "geometry": {"type": "Point", "coordinates": [-73.9860772, 40.7523669]}, "properties": {"tls": "42430317", "edge": "542257009#0", "links": [11, 12, 13], "bearing": 118.5}}, {"type": "Feature", "geometry": {"type": "Point", "coordinates": [-73.9854789, 40.7530361]}, "properties": {"tls": "42430320", "edge": "-384649120#13", "links": [0, 1, 2], "bearing": 209.7}}, {"type": "Feature", "geometry": {"type": "Point", "coordinates": [-73.9853541, 40.7528916]}, "properties": {"tls": "42430320", "edge": "36806906#0", "links": [3, 4, 5], "bearing": 299.6}}, {"type": "Feature", "geometry": {"type": "Point", "coordinates": [-73.9855302, 40.7528678]}, "properties": {"tls": "42430320", "edge": "384649120#8", "links": [6, 7, 8, 9, 10], "bearing": 27.4}}, {"type": "Feature", "geometry": {"type": "Point", "coordinates": [-73.9856194, 40.7529852]}, "properties": {"tls": "42430320", "edge": "-36806906#5", "links": [11, 12, 13], "bearing": 118.7}}, {"type": "Feature", "geometry": {"type": "Point", "coordinates": [-73.9850629, 40.7536463]}, "properties": {"tls": "42430324", "edge": "-440122868#1", "links": [0, 1], "bearing": 208.1}}, {"type": "Feature", "geometry": {"type": "Point", "coordinates": [-73.9850835, 40.7534881]}, "properties": {"tls": "42430324", "edge": "384649120#11", "links": [2, 3, 4, 5, 6, 7], "bearing": 27.9}}, {"type": "Feature", "geometry": {"type": "Point", "coordinates": [-73.9851738, 40.7536144]}, "properties": {"tls": "42430324", "edge": "542258061#0", "links": [8, 9, 10, 11, 12], "bearing": 118.1}}, {"type": "Feature", "geometry": {"type": "Point", "coordinates": [-73.9846277, 40.7542533]}, "properties": {"tls": "42430329", "edge": "-1021065071#1", "links": [0, 1], "bearing": 207.9}}, {"type": "Feature", "geometry": {"type": "Point", "coordinates": [-73.9846336, 40.7541153]}, "properties": {"tls": "42430329", "edge": "1021068251#0", "links": [2, 3, 4, 5, 6], "bearing": 28.0}}, {"type": "Feature", "geometry": {"type": "Point", "coordinates": [-73.9840968, 40.7549882]}, "properties": {"tls": "42430333", "edge": "-127693103#2", "links": [0, 1, 2], "bearing": 209.4}}, {"type": "Feature", "geometry": {"type": "Point", "coordinates": [-73.9839388, 40.7547995]}, "properties": {"tls": "42430333", "edge": "1320232776#0", "links": [3, 4, 5], "bearing": 298.7}}, {"type": "Feature", "geometry": {"type": "Point", "coordinates": [-73.9841983, 40.7547209]}, "properties": {"tls": "42430333", "edge": "448686048#0", "links": [6, 7, 8, 9, 10, 11], "bearing": 28.1}}, {"type": "Feature", "geometry": {"type": "Point", "coordinates": [-73.9842962, 40.7548846]}, "properties": {"tls": "42430333", "edge": "-167922072#1", "links": [12, 13, 14, 15], "bearing": 118.3}}, {"type": "Feature", "geometry": {"type": "Point", "coordinates": [-73.9836366, 40.7556172]}, "properties": {"tls": "42430338", "edge": "-127693103#5", "links": [0, 1, 2], "bearing": 208.4}}, {"type": "Feature", "geometry": {"type": "Point", "coordinates": [-73.9834771, 40.7554593]}, "properties": {"tls": "42430338", "edge": "5672464#0", "links": [3, 4, 5, 6, 7, 8], "bearing": 298.3}}, {"type": "Feature", "geometry": {"type": "Point", "coordinates": [-73.9836867, 40.755421]}, "properties": {"tls": "42430338", "edge": "127693103#0", "links": [9, 10, 11, 12, 13, 14], "bearing": 28.5}}, {"type": "Feature", "geometry": {"type": "Point", "coordinates": [-73.9831813, 40.756242]}, "properties": {"tls": "42430342", "edge": "-464516471#2", "links": [0, 1, 2], "bearing": 207.7}}, {"type": "Feature", "geometry": {"type": "Point", "coordinates": [-73.9830134, 40.7560938]}, "properties": {"tls": "42430342", "edge": "-464515890#1", "links": [3, 4, 5], "bearing": 298.3}}, {"type": "Feature", "geometry": {"type": "Point", "coordinates": [-73.9832137, 40.7560682]}, "properties": {"tls": "42430342", "edge": "127693103#3", "links": [6, 7, 8, 9, 10, 11], "bearing": 28.3}}, {"type": "Feature", "geometry": {"type": "Point", "coordinates": [-73.9833136, 40.7561988]}, "properties": {"tls": "42430342", "edge": "1117867028", "links": [12, 13, 14], "bearing": 118.1}}, {"type": "Feature", "geometry": {"type": "Point", "coordinates": [-73.982719, 40.7568799]}, "properties": {"tls": "42430344", "edge": "-464516471#5", "links": [0, 1], "bearing": 208.4}}, {"type": "Feature", "geometry": {"type": "Point", "coordinates": [-73.9825672, 40.7567109]}, "properties": {"tls": "42430344", "edge": "5670124", "links": [2, 3], "bearing": 298.0}}, {"type": "Feature", "geometry": {"type": "Point", "coordinates": [-73.9827649, 40.7566888]}, "properties": {"tls": "42430344", "edge": "464516471#0", "links": [4, 5, 6, 7, 8], "bearing": 28.1}}, {"type": "Feature", "geometry": {"type": "Point", "coordinates": [-73.9822616, 40.7574984]}, "properties": {"tls": "42430347", "edge": "-464516471#8", "links": [0, 1], "bearing": 208.1}}, {"type": "Feature", "geometry": {"type": "Point", "coordinates": [-73.982308, 40.7573077]}, "properties": {"tls": "42430347", "edge": "464516471#3", "links": [2, 3, 4, 5, 6], "bearing": 28.6}}, {"type": "Feature", "geometry": {"type": "Point", "coordinates": [-73.9823979, 40.7574509]}, "properties": {"tls": "42430347", "edge": "1051744070#0", "links": [7, 8], "bearing": 118.3}}, {"type": "Feature", "geometry": {"type": "Point", "coordinates": [-73.9818149, 40.758112]}, "properties": {"tls": "42430350", "edge": "-464516471#11", "links": [0, 1], "bearing": 208.0}}, {"type": "Feature", "geometry": {"type": "Point", "coordinates": [-73.9816532, 40.757956]}, "properties": {"tls": "42430350", "edge": "5672036#0", "links": [2, 3, 4, 5], "bearing": 298.0}}, {"type": "Feature", "geometry": {"type": "Point", "coordinates": [-73.9818418, 40.7579464]}, "properties": {"tls": "42430350", "edge": "464516471#6", "links": [6, 7, 8, 9, 10], "bearing": 28.4}}, {"type": "Feature", "geometry": {"type": "Point", "coordinates": [-73.9813547, 40.7587454]}, "properties": {"tls": "42430352", "edge": "-464516471#14", "links": [0, 1, 2], "bearing": 208.3}}, {"type": "Feature", "geometry": {"type": "Point", "coordinates": [-73.9811878, 40.7585971]}, "properties": {"tls": "42430352", "edge": "-226041029#2", "links": [3, 4, 5], "bearing": 298.2}}, {"type": "Feature", "geometry": {"type": "Point", "coordinates": [-73.9813879, 40.7585708]}, "properties": {"tls": "42430352", "edge": "464516471#9", "links": [6, 7, 8, 9, 10, 11], "bearing": 28.2}}, {"type": "Feature", "geometry": {"type": "Point", "coordinates": [-73.9814873, 40.7587033]}, "properties": {"tls": "42430352", "edge": "1160618888#0", "links": [12, 13, 14], "bearing": 119.1}}, {"type": "Feature", "geometry": {"type": "Point", "coordinates": [-73.9808996, 40.7593701]}, "properties": {"tls": "42430356", "edge": "-464516471#17", "links": [0, 1], "bearing": 208.4}}, {"type": "Feature", "geometry": {"type": "Point", "coordinates": [-73.9807389, 40.7592134]}, "properties": {"tls": "42430356", "edge": "5670114#0", "links": [2, 3, 4, 5, 6], "bearing": 298.5}}, {"type": "Feature", "geometry": {"type": "Point", "coordinates": [-73.9809358, 40.759192]}, "properties": {"tls": "42430356", "edge": "464516471#12", "links": [7, 8, 9, 10, 11], "bearing": 28.3}}, {"type": "Feature", "geometry": {"type": "Point", "coordinates": [-73.980426, 40.7600192]}, "properties": {"tls": "42430358", "edge": "-1211049193#1", "links": [0, 1], "bearing": 208.0}}, {"type": "Feature", "geometry": {"type": "Point", "coordinates": [-73.9804712, 40.759828]}, "properties": {"tls": "42430358", "edge": "464516471#15", "links": [2, 3, 4, 5, 6], "bearing": 28.3}}, {"type": "Feature", "geometry": {"type": "Point", "coordinates": [-73.9805619, 40.7599713]}, "properties": {"tls": "42430358", "edge": "420908138#0", "links": [7, 8, 9, 10, 11], "bearing": 118.3}}, {"type": "Feature", "geometry": {"type": "Point", "coordinates": [-73.979977, 40.7606382]}, "properties": {"tls": "42430361", "edge": "-569345537#2", "links": [0, 1, 2], "bearing": 207.6}}, {"type": "Feature", "geometry": {"type": "Point", "coordinates": [-73.9798232, 40.7604701]}, "properties": {"tls": "42430361", "edge": "569345536#0", "links": [3, 4], "bearing": 297.2}}, {"type": "Feature", "geometry": {"type": "Point", "coordinates": [-73.9800276, 40.7604394]}, "properties": {"tls": "42430361", "edge": "1211049194#0", "links": [5, 6, 7, 8, 9, 10, 11], "bearing": 28.3}}, {"type": "Feature", "geometry": {"type": "Point", "coordinates": [-73.9795354, 40.7612443]}, "properties": {"tls": "42430363", "edge": "-569345537#5", "links": [0, 1], "bearing": 208.3}}, {"type": "Feature", "geometry": {"type": "Point", "coordinates": [-73.9795568, 40.7610866]}, "properties": {"tls": "42430363", "edge": "569345537#0", "links": [2, 3, 4, 5, 6, 7], "bearing": 28.3}}, {"type": "Feature", "geometry": {"type": "Point", "coordinates": [-73.9796524, 40.7612045]}, "properties": {"tls": "42430363", "edge": "717625447#0", "links": [8, 9, 10, 11, 12, 13], "bearing": 118.2}}, {"type": "Feature", "geometry": {"type": "Point", "coordinates": [-73.9790714, 40.7618822]}, "properties": {"tls": "42430367", "edge": "-569345537#8", "links": [0, 1], "bearing": 208.0}}, {"type": "Feature", "geometry": {"type": "Point", "coordinates": [-73.9789193, 40.7617132]}, "properties": {"tls": "42430367", "edge": "5671709#0", "links": [2, 3], "bearing": 298.2}}, {"type": "Feature", "geometry": {"type": "Point", "coordinates": [-73.9791169, 40.7616912]}, "properties": {"tls": "42430367", "edge": "569345537#3", "links": [4, 5, 6, 7, 8], "bearing": 28.3}}, {"type": "Feature", "geometry": {"type": "Point", "coordinates": [-73.9786029, 40.7625261]}, "properties": {"tls": "42430371", "edge": "-569345537#11", "links": [0, 1, 2], "bearing": 208.3}}, {"type": "Feature", "geometry": {"type": "Point", "coordinates": [-73.9786746, 40.762299]}, "properties": {"tls": "42430371", "edge": "569345537#6", "links": [3, 4, 5, 6, 7, 8], "bearing": 28.3}}, {"type": "Feature", "geometry": {"type": "Point", "coordinates": [-73.9787553, 40.7624571]}, "properties": {"tls": "42430371", "edge": "226041032#0", "links": [9, 10, 11, 12, 13], "bearing": 118.9}}, {"type": "Feature", "geometry": {"type": "Point", "coordinates": [-73.9781373, 40.7631646]}, "properties": {"tls": "42430375", "edge": "-541350711#2", "links": [0, 1, 2], "bearing": 208.6}}, {"type": "Feature", "geometry": {"type": "Point", "coordinates": [-73.9779933, 40.7629852]}, "properties": {"tls": "42430375", "edge": "1222356566#0", "links": [3, 4], "bearing": 298.0}}, {"type": "Feature", "geometry": {"type": "Point", "coordinates": [-73.9782047, 40.7629449]}, "properties": {"tls": "42430375", "edge": "569345537#9", "links": [5, 6, 7, 8, 9, 10], "bearing": 28.3}}, {"type": "Feature", "geometry": {"type": "Point", "coordinates": [-73.9783109, 40.7630667]}, "properties": {"tls": "42430375", "edge": "-499172074#2", "links": [11, 12, 13], "bearing": 118.4}}, {"type": "Feature", "geometry": {"type": "Point", "coordinates": [-73.9777005, 40.7637574]}, "properties": {"tls": "42430378", "edge": "-541350711#5", "links": [0, 1], "bearing": 208.6}}, {"type": "Feature", "geometry": {"type": "Point", "coordinates": [-73.9777471, 40.7635672]}, "properties": {"tls": "42430378", "edge": "541350711#0", "links": [2, 3, 4, 5, 6], "bearing": 28.6}}, {"type": "Feature", "geometry": {"type": "Point", "coordinates": [-73.9778368, 40.7637103]}, "properties": {"tls": "42430378", "edge": "1442249234#3", "links": [7, 8, 9, 10, 11], "bearing": 118.5}}, {"type": "Feature", "geometry": {"type": "Point", "coordinates": [-73.9772154, 40.7644702]}, "properties": {"tls": "42430384", "edge": "-497258108#1", "links": [0, 1, 2], "bearing": 208.3}}, {"type": "Feature", "geometry": {"type": "Point", "coordinates": [-73.9770042, 40.7642764]}, "properties": {"tls": "42430384", "edge": "-497258109#4", "links": [3, 4, 5, 6], "bearing": 298.2}}, {"type": "Feature", "geometry": {"type": "Point", "coordinates": [-73.9772686, 40.7642164]}, "properties": {"tls": "42430384", "edge": "541350711#3", "links": [7, 8, 9, 10, 11], "bearing": 28.6}}, {"type": "Feature", "geometry": {"type": "Point", "coordinates": [-73.9773882, 40.7643722]}, "properties": {"tls": "42430384", "edge": "-496986969#3", "links": [12, 13, 14, 15], "bearing": 118.4}}, {"type": "Feature", "geometry": {"type": "Point", "coordinates": [-73.9973116, 40.7621843]}, "properties": {"tls": "42430680", "edge": "1156946157#0", "links": [0, 1, 2, 3, 4, 5], "bearing": 208.3}}, {"type": "Feature", "geometry": {"type": "Point", "coordinates": [-73.997206, 40.7620729]}, "properties": {"tls": "42430680", "edge": "-739911955#1", "links": [6], "bearing": 298.3}}, {"type": "Feature", "geometry": {"type": "Point", "coordinates": [-73.9974886, 40.7621654]}, "properties": {"tls": "42430680", "edge": "5671117#0", "links": [7, 8, 9, 10], "bearing": 118.5}}, {"type": "Feature", "geometry": {"type": "Point", "coordinates": [-73.9968425, 40.7628314]}, "properties": {"tls": "42430685", "edge": "1156946158#0", "links": [0, 1, 2, 3, 4, 5, 6], "bearing": 207.9}}, {"type": "Feature", "geometry": {"type": "Point", "coordinates": [-73.9967612, 40.762686]}, "properties": {"tls": "42430685", "edge": "1156946156#0", "links": [7, 8, 9, 10, 11, 12], "bearing": 298.2}}, {"type": "Feature", "geometry": {"type": "Point", "coordinates": [-73.9963885, 40.7634586]}, "properties": {"tls": "42430688", "edge": "1156946161#0", "links": [0, 1, 2, 3, 4, 5, 6], "bearing": 208.4}}, {"type": "Feature", "geometry": {"type": "Point", "coordinates": [-73.996577, 40.7634241]}, "properties": {"tls": "42430688", "edge": "992144531#0", "links": [7, 8, 9, 10, 11, 12], "bearing": 117.6}}, {"type": "Feature", "geometry": {"type": "Point", "coordinates": [-73.9959517, 40.7640587]}, "properties": {"tls": "42430691", "edge": "989265272#0", "links": [0, 1, 2, 3, 4, 5, 6], "bearing": 208.5}}, {"type": "Feature", "geometry": {"type": "Point", "coordinates": [-73.9958526, 40.7639387]}, "properties": {"tls": "42430691", "edge": "1156946160#0", "links": [7, 8, 9, 10], "bearing": 298.2}}, {"type": "Feature", "geometry": {"type": "Point", "coordinates": [-73.9954733, 40.764709]}, "properties": {"tls": "42430694", "edge": "1533485924#0", "links": [0, 1, 2, 3, 4, 5], "bearing": 207.9}}, {"type": "Feature", "geometry": {"type": "Point", "coordinates": [-73.9956594, 40.7646777]}, "properties": {"tls": "42430694", "edge": "989265270#0", "links": [6, 7, 8, 9], "bearing": 118.8}}, {"type": "Feature", "geometry": {"type": "Point", "coordinates": [-73.9950171, 40.7653411]}, "properties": {"tls": "42430698", "edge": "989265273#0", "links": [0, 1, 2, 3, 4, 5, 6], "bearing": 208.4}}, {"type": "Feature", "geometry": {"type": "Point", "coordinates": [-73.9949372, 40.7651955]}, "properties": {"tls": "42430698", "edge": "1532350683#0", "links": [7, 8, 9, 10, 11, 12], "bearing": 298.3}}, {"type": "Feature", "geometry": {"type": "Point", "coordinates": [-73.9945588, 40.7659693]}, "properties": {"tls": "42430704", "edge": "1061979015#0", "links": [0, 1, 2, 3, 4, 5, 6], "bearing": 207.9}}, {"type": "Feature", "geometry": {"type": "Point", "coordinates": [-73.9947454, 40.7659364]}, "properties": {"tls": "42430704", "edge": "1313054202", "links": [7, 8, 9, 10, 11], "bearing": 118.2}}, {"type": "Feature", "geometry": {"type": "Point", "coordinates": [-73.9941261, 40.766564]}, "properties": {"tls": "42430707", "edge": "420894352#0", "links": [0, 1, 2, 3, 4, 5, 6], "bearing": 208.8}}, {"type": "Feature", "geometry": {"type": "Point", "coordinates": [-73.9940276, 40.766444]}, "properties": {"tls": "42430707", "edge": "814278018#0", "links": [7, 8, 9, 10], "bearing": 298.1}}, {"type": "Feature", "geometry": {"type": "Point", "coordinates": [-73.993657, 40.7671977]}, "properties": {"tls": "42430713", "edge": "1061979013#0", "links": [0, 1, 2, 3, 4, 5, 6], "bearing": 208.6}}, {"type": "Feature", "geometry": {"type": "Point", "coordinates": [-73.9938291, 40.7671849]}, "properties": {"tls": "42430713", "edge": "1313054200", "links": [7, 8, 9, 10, 11], "bearing": 120.4}}, {"type": "Feature", "geometry": {"type": "Point", "coordinates": [-73.9932016, 40.7678249]}, "properties": {"tls": "42430722", "edge": "1061979012#0", "links": [0, 1, 2, 3, 4], "bearing": 209.1}}, {"type": "Feature", "geometry": {"type": "Point", "coordinates": [-73.9931004, 40.7676918]}, "properties": {"tls": "42430722", "edge": "1531861167#0", "links": [5, 6, 7], "bearing": 298.2}}, {"type": "Feature", "geometry": {"type": "Point", "coordinates": [-73.9926642, 40.7683367]}, "properties": {"tls": "42430736", "edge": "-195743211#2", "links": [0], "bearing": 297.5}}, {"type": "Feature", "geometry": {"type": "Point", "coordinates": [-73.9744131, 40.7623709]}, "properties": {"tls": "42431544", "edge": "195743336#0", "links": [0, 1, 2, 3, 4, 5], "bearing": 208.3}}, {"type": "Feature", "geometry": {"type": "Point", "coordinates": [-73.9746271, 40.7623562]}, "properties": {"tls": "42431544", "edge": "1442249234#6", "links": [6, 7, 8, 9], "bearing": 118.5}}, {"type": "Feature", "geometry": {"type": "Point", "coordinates": [-73.9804785, 40.7649222]}, "properties": {"tls": "42431549", "edge": "496989355#0", "links": [0, 1, 2, 3], "bearing": 208.1}}, {"type": "Feature", "geometry": {"type": "Point", "coordinates": [-73.9805425, 40.7647359]}, "properties": {"tls": "42431549", "edge": "-496989355#5", "links": [4, 5], "bearing": 28.3}}, {"type": "Feature", "geometry": {"type": "Point", "coordinates": [-73.9806629, 40.7648902]}, "properties": {"tls": "42431549", "edge": "1442249234#0", "links": [6, 7, 8, 9], "bearing": 116.2}}, {"type": "Feature", "geometry": {"type": "Point", "coordinates": [-73.983401, 40.7661462]}, "properties": {"tls": "42431556", "edge": "-439933933#1", "links": [0, 1], "bearing": 208.6}}, {"type": "Feature", "geometry": {"type": "Point", "coordinates": [-73.9834319, 40.7659491]}, "properties": {"tls": "42431556", "edge": "420890029#0", "links": [2, 3, 4, 5, 6, 7], "bearing": 29.1}}, {"type": "Feature", "geometry": {"type": "Point", "coordinates": [-73.9835378, 40.7660989]}, "properties": {"tls": "42431556", "edge": "618990022#6", "links": [8, 9, 10, 11, 12, 13], "bearing": 118.0}}, {"type": "Feature", "geometry": {"type": "Point", "coordinates": [-73.9861525, 40.7673291]}, "properties": {"tls": "42431560", "edge": "420892264#0", "links": [0, 1, 2, 3, 4], "bearing": 208.8}}, {"type": "Feature", "geometry": {"type": "Point", "coordinates": [-73.9862016, 40.7671376]}, "properties": {"tls": "42431560", "edge": "-420892275#1", "links": [5, 6], "bearing": 27.8}}, {"type": "Feature", "geometry": {"type": "Point", "coordinates": [-73.9863519, 40.767308]}, "properties": {"tls": "42431560", "edge": "618990022#3", "links": [7, 8, 9, 10, 11], "bearing": 118.3}}, {"type": "Feature", "geometry": {"type": "Point", "coordinates": [-73.9890399, 40.7685467]}, "properties": {"tls": "42431563", "edge": "-808190584#4", "links": [0, 1], "bearing": 208.3}}, {"type": "Feature", "geometry": {"type": "Point", "coordinates": [-73.9891016, 40.7683621]}, "properties": {"tls": "42431563", "edge": "808190584#0", "links": [2, 3, 4, 5], "bearing": 28.0}}, {"type": "Feature", "geometry": {"type": "Point", "coordinates": [-73.9891763, 40.7684992]}, "properties": {"tls": "42431563", "edge": "618990022#0", "links": [6, 7, 8, 9, 10], "bearing": 118.3}}, {"type": "Feature", "geometry": {"type": "Point", "coordinates": [-73.9706804, 40.7674613]}, "properties": {"tls": "42431649", "edge": "1533402211#0", "links": [0, 1, 2, 3], "bearing": 207.5}}, {"type": "Feature", "geometry": {"type": "Point", "coordinates": [-73.9691765, 40.7666509]}, "properties": {"tls": "42431650", "edge": "458180199#8", "links": [0, 1, 2, 3], "bearing": 28.4}}, {"type": "Feature", "geometry": {"type": "Point", "coordinates": [-73.9692493, 40.7667702]}, "properties": {"tls": "42431650", "edge": "5670029#0", "links": [4, 5, 6], "bearing": 118.5}}, {"type": "Feature", "geometry": {"type": "Point", "coordinates": [-73.9813196, 40.7528965]}, "properties": {"tls": "42432436", "edge": "511699185#0", "links": [0, 1, 2, 3, 4, 5, 6], "bearing": 209.1}}, {"type": "Feature", "geometry": {"type": "Point", "coordinates": [-73.9798359, 40.7520622]}, "properties": {"tls": "42432438", "edge": "511699182#0", "links": [0, 1, 2, 3, 4], "bearing": 28.4}}, {"type": "Feature", "geometry": {"type": "Point", "coordinates": [-73.9799149, 40.7521983]}, "properties": {"tls": "42432438", "edge": "1316295724#0", "links": [5, 6, 7, 8], "bearing": 118.3}}, {"type": "Feature", "geometry": {"type": "Point", "coordinates": [-73.9726363, 40.7492592]}, "properties": {"tls": "42432464", "edge": "1030139835#0", "links": [0, 1, 2, 3, 4, 5, 6, 7], "bearing": 209.0}}, {"type": "Feature", "geometry": {"type": "Point", "coordinates": [-73.9726608, 40.749042]}, "properties": {"tls": "42432464", "edge": "-1030139836#1", "links": [8, 9, 10], "bearing": 29.0}}, {"type": "Feature", "geometry": {"type": "Point", "coordinates": [-73.9728851, 40.7492284]}, "properties": {"tls": "42432464", "edge": "36271338#5", "links": [11, 12, 13, 14, 15, 16, 17, 18], "bearing": 119.4}}, {"type": "Feature", "geometry": {"type": "Point", "coordinates": [-73.9775954, 40.7580029]}, "properties": {"tls": "42432580", "edge": "458180190#0", "links": [0, 1, 2, 3, 4], "bearing": 207.9}}, {"type": "Feature", "geometry": {"type": "Point", "coordinates": [-73.9775231, 40.7578515]}, "properties": {"tls": "42432580", "edge": "458180184#0", "links": [5, 6, 7], "bearing": 298.0}}, {"type": "Feature", "geometry": {"type": "Point", "coordinates": [-73.9836465, 40.7605581]}, "properties": {"tls": "42432585", "edge": "569345540#0", "links": [0, 1, 2, 3], "bearing": 208.5}}, {"type": "Feature", "geometry": {"type": "Point", "coordinates": [-73.9835793, 40.7604097]}, "properties": {"tls": "42432585", "edge": "1051745205#0", "links": [4, 5, 6, 7], "bearing": 298.6}}, {"type": "Feature", "geometry": {"type": "Point", "coordinates": [-73.9837256, 40.76035]}, "properties": {"tls": "42432585", "edge": "-569345540#5", "links": [8, 9], "bearing": 29.1}}, {"type": "Feature", "geometry": {"type": "Point", "coordinates": [-73.9865657, 40.7617567]}, "properties": {"tls": "42432589", "edge": "-420907906#1", "links": [0, 1], "bearing": 208.7}}, {"type": "Feature", "geometry": {"type": "Point", "coordinates": [-73.9864216, 40.7616068]}, "properties": {"tls": "42432589", "edge": "1320234484#3", "links": [2, 3, 4], "bearing": 298.4}}, {"type": "Feature", "geometry": {"type": "Point", "coordinates": [-73.9866086, 40.761595]}, "properties": {"tls": "42432589", "edge": "420907903#0", "links": [5, 6, 7, 8], "bearing": 26.5}}, {"type": "Feature", "geometry": {"type": "Point", "coordinates": [-73.9893474, 40.7629442]}, "properties": {"tls": "42432594", "edge": "1320234482#0", "links": [0, 1, 2, 3], "bearing": 208.6}}, {"type": "Feature", "geometry": {"type": "Point", "coordinates": [-73.9892577, 40.7628011]}, "properties": {"tls": "42432594", "edge": "1320234485#0", "links": [4, 5], "bearing": 298.3}}, {"type": "Feature", "geometry": {"type": "Point", "coordinates": [-73.9893932, 40.7627534]}, "properties": {"tls": "42432594", "edge": "-1025734021", "links": [6, 7], "bearing": 28.3}}, {"type": "Feature", "geometry": {"type": "Point", "coordinates": [-73.9922556, 40.7641544]}, "properties": {"tls": "42432598", "edge": "-1308875367#1", "links": [0, 1], "bearing": 209.3}}, {"type": "Feature", "geometry": {"type": "Point", "coordinates": [-73.9920973, 40.7639967]}, "properties": {"tls": "42432598", "edge": "1499234748", "links": [2, 3, 4, 5], "bearing": 298.4}}, {"type": "Feature", "geometry": {"type": "Point", "coordinates": [-73.9922857, 40.7639877]}, "properties": {"tls": "42432598", "edge": "1499234750#0", "links": [6, 7, 8, 9, 10], "bearing": 28.2}}, {"type": "Feature", "geometry": {"type": "Point", "coordinates": [-73.9794401, 40.7554827]}, "properties": {"tls": "42432693", "edge": "458180183#0", "links": [0, 1, 2, 3, 4], "bearing": 207.9}}, {"type": "Feature", "geometry": {"type": "Point", "coordinates": [-73.979335, 40.7553473]}, "properties": {"tls": "42432693", "edge": "458177130#0", "links": [5, 6, 7], "bearing": 298.0}}, {"type": "Feature", "geometry": {"type": "Point", "coordinates": [-73.9883859, 40.7592484]}, "properties": {"tls": "42432700", "edge": "-194926851#2", "links": [0, 1], "bearing": 208.5}}, {"type": "Feature", "geometry": {"type": "Point", "coordinates": [-73.9882583, 40.7591058]}, "properties": {"tls": "42432700", "edge": "1117867040#1", "links": [2, 3, 4], "bearing": 298.3}}, {"type": "Feature", "geometry": {"type": "Point", "coordinates": [-73.98843, 40.7590896]}, "properties": {"tls": "42432700", "edge": "1198594029#0", "links": [5, 6, 7], "bearing": 28.3}}, {"type": "Feature", "geometry": {"type": "Point", "coordinates": [-73.9911727, 40.7604389]}, "properties": {"tls": "42432703", "edge": "420907908#0", "links": [0, 1, 2, 3], "bearing": 208.3}}, {"type": "Feature", "geometry": {"type": "Point", "coordinates": [-73.9910807, 40.7602964]}, "properties": {"tls": "42432703", "edge": "1051744778#0", "links": [4, 5], "bearing": 297.3}}, {"type": "Feature", "geometry": {"type": "Point", "coordinates": [-73.9912177, 40.7602478]}, "properties": {"tls": "42432703", "edge": "-968513228#1", "links": [6, 7], "bearing": 28.1}}, {"type": "Feature", "geometry": {"type": "Point", "coordinates": [-73.994069, 40.7616403]}, "properties": {"tls": "42432706", "edge": "-1536562612#2", "links": [0, 1], "bearing": 208.4}}, {"type": "Feature", "geometry": {"type": "Point", "coordinates": [-73.9939413, 40.761498]}, "properties": {"tls": "42432706", "edge": "968513230#0", "links": [2, 3, 4], "bearing": 298.3}}, {"type": "Feature", "geometry": {"type": "Point", "coordinates": [-73.9941128, 40.7614815]}, "properties": {"tls": "42432706", "edge": "1531976889#0", "links": [5, 6, 7, 8], "bearing": 28.2}}, {"type": "Feature", "geometry": {"type": "Point", "coordinates": [-73.9738977, 40.763078]}, "properties": {"tls": "42432818", "edge": "422298615#0", "links": [0, 1, 2, 3, 4], "bearing": 208.2}}, {"type": "Feature", "geometry": {"type": "Point", "coordinates": [-73.9738006, 40.7629321]}, "properties": {"tls": "42432818", "edge": "-1087048475#1", "links": [5, 6, 7, 8], "bearing": 298.3}}, {"type": "Feature", "geometry": {"type": "Point", "coordinates": [-73.9741487, 40.7630122]}, "properties": {"tls": "42432818", "edge": "497258109#0", "links": [9, 10, 11, 12], "bearing": 117.8}}, {"type": "Feature", "geometry": {"type": "Point", "coordinates": [-73.9721914, 40.7622539]}, "properties": {"tls": "42432825", "edge": "-388696206#3", "links": [0, 1, 2], "bearing": 298.4}}, {"type": "Feature", "geometry": {"type": "Point", "coordinates": [-73.9724422, 40.7621886]}, "properties": {"tls": "42432825", "edge": "421850829#0", "links": [3, 4, 5, 6, 7], "bearing": 28.3}}, {"type": "Feature", "geometry": {"type": "Point", "coordinates": [-73.9725389, 40.7623348]}, "properties": {"tls": "42432825", "edge": "5670139#0", "links": [8, 9, 10], "bearing": 118.3}}, {"type": "Feature", "geometry": {"type": "Point", "coordinates": [-73.9692905, 40.7609635]}, "properties": {"tls": "42432847", "edge": "497165757#0", "links": [0, 1, 2, 3], "bearing": 118.1}}, {"type": "Feature", "geometry": {"type": "Point", "coordinates": [-73.9826657, 40.7510438]}, "properties": {"tls": "42433604", "edge": "438385431#6", "links": [0, 1, 2, 3, 4, 5, 6], "bearing": 208.1}}, {"type": "Feature", "geometry": {"type": "Point", "coordinates": [-73.9825531, 40.7509194]}, "properties": {"tls": "42433604", "edge": "-483236728#2", "links": [7, 8, 9], "bearing": 298.4}}, {"type": "Feature", "geometry": {"type": "Point", "coordinates": [-73.9828848, 40.7510212]}, "properties": {"tls": "42433604", "edge": "542257009#3", "links": [10, 11, 12, 13], "bearing": 118.4}}, {"type": "Feature", "geometry": {"type": "Point", "coordinates": [-73.9887407, 40.7535891]}, "properties": {"tls": "42433611", "edge": "1049920718#0", "links": [0, 1, 2, 3, 4], "bearing": 209.1}}, {"type": "Feature", "geometry": {"type": "Point", "coordinates": [-73.9886531, 40.7534744]}, "properties": {"tls": "42433611", "edge": "-1049920717#2", "links": [5, 6, 7], "bearing": 298.7}}, {"type": "Feature", "geometry": {"type": "Point", "coordinates": [-73.9888001, 40.7534128]}, "properties": {"tls": "42433611", "edge": "-569345547#1", "links": [8, 9, 10], "bearing": 31.0}}, {"type": "Feature", "geometry": {"type": "Point", "coordinates": [-73.9889271, 40.7535535]}, "properties": {"tls": "42433611", "edge": "542257008#0", "links": [11, 12, 13, 14], "bearing": 118.7}}, {"type": "Feature", "geometry": {"type": "Point", "coordinates": [-73.9916119, 40.7548249]}, "properties": {"tls": "42433620", "edge": "-1124078899#1", "links": [0, 1, 2], "bearing": 208.4}}, {"type": "Feature", "geometry": {"type": "Point", "coordinates": [-73.991496, 40.7546664]}, "properties": {"tls": "42433620", "edge": "-542257008#2", "links": [3, 4, 5], "bearing": 298.0}}, {"type": "Feature", "geometry": {"type": "Point", "coordinates": [-73.9916975, 40.7546081]}, "properties": {"tls": "42433620", "edge": "1124078898#0", "links": [6, 7, 8], "bearing": 28.2}}, {"type": "Feature", "geometry": {"type": "Point", "coordinates": [-73.9917632, 40.7547571]}, "properties": {"tls": "42433620", "edge": "1051734607#0", "links": [9, 10, 11], "bearing": 118.5}}, {"type": "Feature", "geometry": {"type": "Point", "coordinates": [-73.9944233, 40.7559874]}, "properties": {"tls": "42433625", "edge": "1135614655#0", "links": [0, 1, 2, 3, 4, 5], "bearing": 207.6}}, {"type": "Feature", "geometry": {"type": "Point", "coordinates": [-73.9943018, 40.7558546]}, "properties": {"tls": "42433625", "edge": "-5670197#1", "links": [6, 7, 8, 9], "bearing": 298.5}}, {"type": "Feature", "geometry": {"type": "Point", "coordinates": [-73.9944626, 40.7557776]}, "properties": {"tls": "42433625", "edge": "-1051734606#1", "links": [10, 11, 12], "bearing": 28.9}}, {"type": "Feature", "geometry": {"type": "Point", "coordinates": [-73.9946489, 40.7559607]}, "properties": {"tls": "42433625", "edge": "36806683", "links": [13, 14], "bearing": 114.2}}, {"type": "Feature", "geometry": {"type": "Point", "coordinates": [-73.9973795, 40.7572092]}, "properties": {"tls": "42433644", "edge": "-1211608942#2", "links": [0, 1, 2], "bearing": 209.2}}, {"type": "Feature", "geometry": {"type": "Point", "coordinates": [-73.9971235, 40.7570311]}, "properties": {"tls": "42433644", "edge": "-36806682", "links": [3, 4, 5], "bearing": 298.5}}, {"type": "Feature", "geometry": {"type": "Point", "coordinates": [-73.9973668, 40.7570198]}, "properties": {"tls": "42433644", "edge": "1527798601#2", "links": [6, 7, 8, 9, 10, 11], "bearing": 28.4}}, {"type": "Feature", "geometry": {"type": "Point", "coordinates": [-73.9975135, 40.7571663]}, "properties": {"tls": "42433644", "edge": "46481741#0", "links": [12, 13, 14], "bearing": 118.2}}, {"type": "Feature", "geometry": {"type": "Point", "coordinates": [-73.9789722, 40.7561052]}, "properties": {"tls": "42434072", "edge": "511699175#0", "links": [0, 1, 2, 3, 4, 5], "bearing": 208.8}}, {"type": "Feature", "geometry": {"type": "Point", "coordinates": [-73.9791804, 40.7561005]}, "properties": {"tls": "42434072", "edge": "46522000#0", "links": [6, 7, 8], "bearing": 116.6}}, {"type": "Feature", "geometry": {"type": "Point", "coordinates": [-73.9774587, 40.755295]}, "properties": {"tls": "42434074", "edge": "420906755#0", "links": [0, 1, 2, 3, 4], "bearing": 29.5}}, {"type": "Feature", "geometry": {"type": "Point", "coordinates": [-73.977546, 40.7554199]}, "properties": {"tls": "42434074", "edge": "5670225#0", "links": [5, 6, 7], "bearing": 118.1}}, {"type": "Feature", "geometry": {"type": "Point", "coordinates": [-73.9741239, 40.7540841]}, "properties": {"tls": "42434085", "edge": "458180187#6", "links": [0, 1, 2, 3], "bearing": 208.6}}, {"type": "Feature", "geometry": {"type": "Point", "coordinates": [-73.9743106, 40.7540462]}, "properties": {"tls": "42434085", "edge": "1061623142#0", "links": [4, 5], "bearing": 119.1}}, {"type": "Feature", "geometry": {"type": "Point", "coordinates": [-73.972648, 40.7534694]}, "properties": {"tls": "42434087", "edge": "-1455345750#5", "links": [0, 1], "bearing": 208.4}}, {"type": "Feature", "geometry": {"type": "Point", "coordinates": [-73.9726659, 40.7532381]}, "properties": {"tls": "42434087", "edge": "1455345750#0", "links": [2, 3, 4, 5, 6], "bearing": 28.4}}, {"type": "Feature", "geometry": {"type": "Point", "coordinates": [-73.9727928, 40.7534107]}, "properties": {"tls": "42434087", "edge": "1135622595#0", "links": [7, 8], "bearing": 118.0}}, {"type": "Feature", "geometry": {"type": "Point", "coordinates": [-73.9702797, 40.7524727]}, "properties": {"tls": "42434090", "edge": "420901681#3", "links": [0, 1, 2, 3], "bearing": 208.2}}, {"type": "Feature", "geometry": {"type": "Point", "coordinates": [-73.9703581, 40.7522667]}, "properties": {"tls": "42434090", "edge": "-1030123273#2", "links": [4, 5], "bearing": 28.5}}, {"type": "Feature", "geometry": {"type": "Point", "coordinates": [-73.9704685, 40.7524327]}, "properties": {"tls": "42434090", "edge": "1051751160#0", "links": [6, 7, 8], "bearing": 118.3}}, {"type": "Feature", "geometry": {"type": "Point", "coordinates": [-73.9960815, 40.7434983]}, "properties": {"tls": "42434270", "edge": "954659191#0", "links": [0, 1, 2, 3], "bearing": 208.3}}, {"type": "Feature", "geometry": {"type": "Point", "coordinates": [-73.9961249, 40.7433451]}, "properties": {"tls": "42434270", "edge": "-813970416#3", "links": [4], "bearing": 26.5}}, {"type": "Feature", "geometry": {"type": "Point", "coordinates": [-73.9962678, 40.7434896]}, "properties": {"tls": "42434270", "edge": "813970415#0", "links": [5, 6], "bearing": 118.5}}, {"type": "Feature", "geometry": {"type": "Point", "coordinates": [-73.9989691, 40.7447179]}, "properties": {"tls": "42434271", "edge": "-465098290#1", "links": [0, 1], "bearing": 208.8}}, {"type": "Feature", "geometry": {"type": "Point", "coordinates": [-73.9990141, 40.7445599]}, "properties": {"tls": "42434271", "edge": "156994969#0", "links": [2, 3, 4, 5], "bearing": 28.5}}, {"type": "Feature", "geometry": {"type": "Point", "coordinates": [-73.9990973, 40.7446831]}, "properties": {"tls": "42434271", "edge": "963567033#0", "links": [6, 7, 8, 9], "bearing": 117.9}}, {"type": "Feature", "geometry": {"type": "Point", "coordinates": [-73.9975372, 40.7540709]}, "properties": {"tls": "42434427", "edge": "139919706#0", "links": [0, 1], "bearing": 209.7}}, {"type": "Feature", "geometry": {"type": "Point", "coordinates": [-73.9974679, 40.7539192]}, "properties": {"tls": "42434427", "edge": "-36806903", "links": [2, 3, 4], "bearing": 298.0}}, {"type": "Feature", "geometry": {"type": "Point", "coordinates": [-73.9977499, 40.7539705]}, "properties": {"tls": "42434427", "edge": "1088325198", "links": [5, 6, 7], "bearing": 117.9}}, {"type": "Feature", "geometry": {"type": "Point", "coordinates": [-73.9942385, 40.7583485]}, "properties": {"tls": "42434434", "edge": "46334593#0", "links": [0, 1, 2, 3, 4], "bearing": 284.2}}, {"type": "Feature", "geometry": {"type": "Point", "coordinates": [-73.9944796, 40.75825]}, "properties": {"tls": "42434434", "edge": "46492638#0", "links": [5, 6, 7, 8, 9], "bearing": 27.2}}, {"type": "Feature", "geometry": {"type": "Point", "coordinates": [-73.9938141, 40.7589589]}, "properties": {"tls": "42434439", "edge": "-1320549615#1", "links": [0, 1], "bearing": 298.4}}, {"type": "Feature", "geometry": {"type": "Point", "coordinates": [-73.9940155, 40.758873]}, "properties": {"tls": "42434439", "edge": "273895449#0", "links": [2, 3, 4], "bearing": 29.0}}, {"type": "Feature", "geometry": {"type": "Point", "coordinates": [-73.9940612, 40.7589974]}, "properties": {"tls": "42434439", "edge": "420904618#0", "links": [5, 6], "bearing": 118.5}}, {"type": "Feature", "geometry": {"type": "Point", "coordinates": [-73.9876873, 40.7441478]}, "properties": {"tls": "42434800", "edge": "464515614#9", "links": [0, 1, 2, 3, 4], "bearing": 208.3}}, {"type": "Feature", "geometry": {"type": "Point", "coordinates": [-73.9876064, 40.7440086]}, "properties": {"tls": "42434800", "edge": "5672487#4", "links": [5, 6, 7, 8], "bearing": 298.4}}, {"type": "Feature", "geometry": {"type": "Point", "coordinates": [-73.9937597, 40.7467007]}, "properties": {"tls": "42434807", "edge": "420512231#0", "links": [0, 1, 2, 3, 4], "bearing": 208.3}}, {"type": "Feature", "geometry": {"type": "Point", "coordinates": [-73.9936689, 40.7465576]}, "properties": {"tls": "42434807", "edge": "968394451#0", "links": [5, 6, 7, 8], "bearing": 298.1}}, {"type": "Feature", "geometry": {"type": "Point", "coordinates": [-73.9938053, 40.7465099]}, "properties": {"tls": "42434807", "edge": "-420598330#1", "links": [9, 10], "bearing": 28.4}}, {"type": "Feature", "geometry": {"type": "Point", "coordinates": [-73.9966552, 40.7479259]}, "properties": {"tls": "42434810", "edge": "-127693383#2", "links": [0], "bearing": 208.9}}, {"type": "Feature", "geometry": {"type": "Point", "coordinates": [-73.9964987, 40.7477678]}, "properties": {"tls": "42434810", "edge": "420512232#0", "links": [1, 2, 3], "bearing": 302.9}}, {"type": "Feature", "geometry": {"type": "Point", "coordinates": [-73.9966804, 40.7477644]}, "properties": {"tls": "42434810", "edge": "1532218058#0", "links": [4, 5, 6, 7], "bearing": 28.4}}, {"type": "Feature", "geometry": {"type": "Point", "coordinates": [-73.9840027, 40.7491978]}, "properties": {"tls": "42434946", "edge": "458166892#0", "links": [0, 1, 2, 3, 4, 5], "bearing": 208.3}}, {"type": "Feature", "geometry": {"type": "Point", "coordinates": [-73.9839149, 40.7490389]}, "properties": {"tls": "42434946", "edge": "46469731#0", "links": [6, 7, 8, 9, 10, 11], "bearing": 298.4}}, {"type": "Feature", "geometry": {"type": "Point", "coordinates": [-73.9823375, 40.7483718]}, "properties": {"tls": "42434948", "edge": "1201643838#0", "links": [0, 1, 2], "bearing": 298.1}}, {"type": "Feature", "geometry": {"type": "Point", "coordinates": [-73.9825436, 40.7483354]}, "properties": {"tls": "42434948", "edge": "542096279#0", "links": [3, 4, 5, 6, 7, 8], "bearing": 27.4}}, {"type": "Feature", "geometry": {"type": "Point", "coordinates": [-73.9767152, 40.7461304]}, "properties": {"tls": "42434962", "edge": "658488325", "links": [0, 1, 2, 3, 4], "bearing": 208.7}}, {"type": "Feature", "geometry": {"type": "Point", "coordinates": [-73.9766445, 40.7460163]}, "properties": {"tls": "42434962", "edge": "46469732#0", "links": [5, 6, 7, 8, 9], "bearing": 295.3}}, {"type": "Feature", "geometry": {"type": "Point", "coordinates": [-73.9753355, 40.7455508]}, "properties": {"tls": "42434965", "edge": "1020832418", "links": [0, 1, 2, 3, 4, 5, 6], "bearing": 208.6}}, {"type": "Feature", "geometry": {"type": "Point", "coordinates": [-73.9752211, 40.7453814]}, "properties": {"tls": "42434965", "edge": "942444177#0", "links": [7, 8, 9, 10], "bearing": 298.4}}, {"type": "Feature", "geometry": {"type": "Point", "coordinates": [-73.9753676, 40.7453209]}, "properties": {"tls": "42434965", "edge": "-420872195#1", "links": [11, 12], "bearing": 28.6}}, {"type": "Feature", "geometry": {"type": "Point", "coordinates": [-73.975585, 40.7455186]}, "properties": {"tls": "42434965", "edge": "-420872209#1", "links": [13, 14], "bearing": 118.3}}, {"type": "Feature", "geometry": {"type": "Point", "coordinates": [-73.974637, 40.7451348]}, "properties": {"tls": "42434969", "edge": "991939499#2", "links": [0, 1], "bearing": 298.4}}, {"type": "Feature", "geometry": {"type": "Point", "coordinates": [-73.9747911, 40.7451106]}, "properties": {"tls": "42434969", "edge": "46139023#0", "links": [2, 3], "bearing": 27.4}}, {"type": "Feature", "geometry": {"type": "Point", "coordinates": [-73.9730423, 40.7445448]}, "properties": {"tls": "42434974", "edge": "-954929769#1", "links": [0], "bearing": 209.0}}, {"type": "Feature", "geometry": {"type": "Point", "coordinates": [-73.9728719, 40.7443822]}, "properties": {"tls": "42434974", "edge": "991939499#0", "links": [1, 2, 3], "bearing": 298.8}}, {"type": "Feature", "geometry": {"type": "Point", "coordinates": [-73.9730761, 40.7443789]}, "properties": {"tls": "42434974", "edge": "954878305#0", "links": [4, 5, 6, 7, 8], "bearing": 27.5}}, {"type": "Feature", "geometry": {"type": "Point", "coordinates": [-73.9924104, 40.7485414]}, "properties": {"tls": "42435420", "edge": "68668556#0", "links": [0, 1, 2, 3, 4], "bearing": 208.3}}, {"type": "Feature", "geometry": {"type": "Point", "coordinates": [-73.9924556, 40.7483612]}, "properties": {"tls": "42435420", "edge": "-1022184080#2", "links": [5], "bearing": 29.1}}, {"type": "Feature", "geometry": {"type": "Point", "coordinates": [-73.9926033, 40.7485159]}, "properties": {"tls": "42435420", "edge": "1038939784#0", "links": [6, 7, 8, 9], "bearing": 118.5}}, {"type": "Feature", "geometry": {"type": "Point", "coordinates": [-73.9920062, 40.7491898]}, "properties": {"tls": "42435422", "edge": "195743190#0", "links": [0, 1], "bearing": 208.4}}, {"type": "Feature", "geometry": {"type": "Point", "coordinates": [-73.9918508, 40.7490356]}, "properties": {"tls": "42435422", "edge": "464515259#0", "links": [2, 3], "bearing": 298.6}}, {"type": "Feature", "geometry": {"type": "Point", "coordinates": [-73.9984573, 40.7454403]}, "properties": {"tls": "42435624", "edge": "-420598366#3", "links": [0, 1, 2], "bearing": 208.1}}, {"type": "Feature", "geometry": {"type": "Point", "coordinates": [-73.9983083, 40.7452692]}, "properties": {"tls": "42435624", "edge": "-420598407#2", "links": [3, 4, 5, 6], "bearing": 298.4}}, {"type": "Feature", "geometry": {"type": "Point", "coordinates": [-73.9985439, 40.7451976]}, "properties": {"tls": "42435624", "edge": "420598339#0", "links": [7, 8, 9, 10], "bearing": 28.4}}, {"type": "Feature", "geometry": {"type": "Point", "coordinates": [-73.9986345, 40.745341]}, "properties": {"tls": "42435624", "edge": "-384178812#2", "links": [11, 12, 13, 14], "bearing": 118.3}}, {"type": "Feature", "geometry": {"type": "Point", "coordinates": [-73.9975666, 40.7466756]}, "properties": {"tls": "42435629", "edge": "-630828583#2", "links": [0, 1], "bearing": 208.4}}, {"type": "Feature", "geometry": {"type": "Point", "coordinates": [-73.9973888, 40.7465124]}, "properties": {"tls": "42435629", "edge": "1018454468#0", "links": [2, 3, 4, 5], "bearing": 298.1}}, {"type": "Feature", "geometry": {"type": "Point", "coordinates": [-73.9975934, 40.7465095]}, "properties": {"tls": "42435629", "edge": "420598332#0", "links": [6, 7, 8, 9, 10], "bearing": 28.0}}, {"type": "Feature", "geometry": {"type": "Point", "coordinates": [-73.9971074, 40.7473067]}, "properties": {"tls": "42435632", "edge": "-1532218058#2", "links": [0, 1], "bearing": 207.8}}, {"type": "Feature", "geometry": {"type": "Point", "coordinates": [-73.9971316, 40.7471445]}, "properties": {"tls": "42435632", "edge": "630828583#0", "links": [2, 3, 4, 5, 6, 7], "bearing": 28.6}}, {"type": "Feature", "geometry": {"type": "Point", "coordinates": [-73.9972234, 40.7472686]}, "properties": {"tls": "42435632", "edge": "1312939984#3", "links": [8, 9, 10, 11, 12, 13], "bearing": 120.3}}, {"type": "Feature", "geometry": {"type": "Point", "coordinates": [-73.9961957, 40.7485467]}, "properties": {"tls": "42435633", "edge": "-127693383#4", "links": [0, 1], "bearing": 208.9}}, {"type": "Feature", "geometry": {"type": "Point", "coordinates": [-73.9962435, 40.7483563]}, "properties": {"tls": "42435633", "edge": "127693383#0", "links": [2, 3, 4, 5, 6], "bearing": 28.7}}, {"type": "Feature", "geometry": {"type": "Point", "coordinates": [-73.996332, 40.7485045]}, "properties": {"tls": "42435633", "edge": "1088321124#0", "links": [7, 8], "bearing": 122.5}}, {"type": "Feature", "geometry": {"type": "Point", "coordinates": [-73.9939578, 40.7516009]}, "properties": {"tls": "42435642", "edge": "-600848485#1", "links": [0, 1], "bearing": 208.3}}, {"type": "Feature", "geometry": {"type": "Point", "coordinates": [-73.9939817, 40.7514697]}, "properties": {"tls": "42435642", "edge": "1157664114#0", "links": [2, 3, 4, 5], "bearing": 28.4}}, {"type": "Feature", "geometry": {"type": "Point", "coordinates": [-73.9934145, 40.752319]}, "properties": {"tls": "42435644", "edge": "-1027181005#1", "links": [0, 1, 2], "bearing": 208.1}}, {"type": "Feature", "geometry": {"type": "Point", "coordinates": [-73.993296, 40.7521672]}, "properties": {"tls": "42435644", "edge": "-195743208#2", "links": [3, 4, 5, 6], "bearing": 296.8}}, {"type": "Feature", "geometry": {"type": "Point", "coordinates": [-73.9935304, 40.7520891]}, "properties": {"tls": "42435644", "edge": "1207834768#0", "links": [7, 8, 9, 10], "bearing": 28.1}}, {"type": "Feature", "geometry": {"type": "Point", "coordinates": [-73.9936237, 40.752231]}, "properties": {"tls": "42435644", "edge": "1536703392#0", "links": [11, 12, 13, 14], "bearing": 116.6}}, {"type": "Feature", "geometry": {"type": "Point", "coordinates": [-73.9929508, 40.7529526]}, "properties": {"tls": "42435645", "edge": "-1124078896#1", "links": [0], "bearing": 208.0}}, {"type": "Feature", "geometry": {"type": "Point", "coordinates": [-73.9928537, 40.7528067]}, "properties": {"tls": "42435645", "edge": "1051750428#0", "links": [1, 2], "bearing": 298.3}}, {"type": "Feature", "geometry": {"type": "Point", "coordinates": [-73.9930347, 40.752778]}, "properties": {"tls": "42435645", "edge": "1027181006#0", "links": [3, 4, 5], "bearing": 28.7}}, {"type": "Feature", "geometry": {"type": "Point", "coordinates": [-73.9925166, 40.7535792]}, "properties": {"tls": "42435646", "edge": "-1124078897#2", "links": [0, 1], "bearing": 208.0}}, {"type": "Feature", "geometry": {"type": "Point", "coordinates": [-73.9925785, 40.7533954]}, "properties": {"tls": "42435646", "edge": "1207834767#0", "links": [2, 3, 4], "bearing": 28.4}}, {"type": "Feature", "geometry": {"type": "Point", "coordinates": [-73.9926528, 40.7535314]}, "properties": {"tls": "42435646", "edge": "1034529064#0", "links": [5, 6], "bearing": 118.1}}, {"type": "Feature", "geometry": {"type": "Point", "coordinates": [-73.9920709, 40.7541921]}, "properties": {"tls": "42435650", "edge": "-1124078898#2", "links": [0, 1], "bearing": 208.3}}, {"type": "Feature", "geometry": {"type": "Point", "coordinates": [-73.9919518, 40.7540374]}, "properties": {"tls": "42435650", "edge": "464543614#0", "links": [2, 3], "bearing": 298.3}}, {"type": "Feature", "geometry": {"type": "Point", "coordinates": [-73.9921323, 40.7540085]}, "properties": {"tls": "42435650", "edge": "1124078897#0", "links": [4, 5, 6], "bearing": 28.3}}, {"type": "Feature", "geometry": {"type": "Point", "coordinates": [-73.9911916, 40.7554294]}, "properties": {"tls": "42435654", "edge": "-125479721#2", "links": [0, 1, 2], "bearing": 208.1}}, {"type": "Feature", "geometry": {"type": "Point", "coordinates": [-73.9910305, 40.7552732]}, "properties": {"tls": "42435654", "edge": "542257982#0", "links": [3, 4, 5], "bearing": 298.5}}, {"type": "Feature", "geometry": {"type": "Point", "coordinates": [-73.9912242, 40.7552564]}, "properties": {"tls": "42435654", "edge": "194926854#0", "links": [6, 7, 8, 9], "bearing": 28.4}}, {"type": "Feature", "geometry": {"type": "Point", "coordinates": [-73.9913289, 40.7553796]}, "properties": {"tls": "42435654", "edge": "-505317783#1", "links": [10, 11, 12], "bearing": 119.0}}, {"type": "Feature", "geometry": {"type": "Point", "coordinates": [-73.9907245, 40.756071]}, "properties": {"tls": "42435657", "edge": "-542257430#2", "links": [0, 1], "bearing": 208.3}}, {"type": "Feature", "geometry": {"type": "Point", "coordinates": [-73.990789, 40.7558552]}, "properties": {"tls": "42435657", "edge": "125479721#0", "links": [2, 3, 4, 5, 6], "bearing": 28.3}}, {"type": "Feature", "geometry": {"type": "Point", "coordinates": [-73.9908705, 40.7560132]}, "properties": {"tls": "42435657", "edge": "505317789", "links": [7, 8, 9, 10], "bearing": 120.1}}, {"type": "Feature", "geometry": {"type": "Point", "coordinates": [-73.9902766, 40.7566556]}, "properties": {"tls": "42435660", "edge": "-195743345#1", "links": [0, 1], "bearing": 208.2}}, {"type": "Feature", "geometry": {"type": "Point", "coordinates": [-73.9901321, 40.7565063]}, "properties": {"tls": "42435660", "edge": "195743209#0", "links": [2, 3, 4], "bearing": 298.3}}, {"type": "Feature", "geometry": {"type": "Point", "coordinates": [-73.9903203, 40.756497]}, "properties": {"tls": "42435660", "edge": "542257430#0", "links": [5, 6, 7, 8], "bearing": 28.3}}, {"type": "Feature", "geometry": {"type": "Point", "coordinates": [-73.9897721, 40.7573784]}, "properties": {"tls": "42435663", "edge": "-1027181007#1", "links": [0, 1, 2], "bearing": 208.6}}, {"type": "Feature", "geometry": {"type": "Point", "coordinates": [-73.989629, 40.7571979]}, "properties": {"tls": "42435663", "edge": "525729008#0", "links": [3, 4, 5, 6], "bearing": 298.4}}, {"type": "Feature", "geometry": {"type": "Point", "coordinates": [-73.9898731, 40.757112]}, "properties": {"tls": "42435663", "edge": "420907902#0", "links": [7, 8, 9, 10], "bearing": 28.3}}, {"type": "Feature", "geometry": {"type": "Point", "coordinates": [-73.9899564, 40.7572672]}, "properties": {"tls": "42435663", "edge": "-1321771943#1", "links": [11, 12, 13], "bearing": 117.2}}, {"type": "Feature", "geometry": {"type": "Point", "coordinates": [-73.9888267, 40.758614]}, "properties": {"tls": "42435671", "edge": "-1207834766", "links": [0, 1], "bearing": 208.4}}, {"type": "Feature", "geometry": {"type": "Point", "coordinates": [-73.9888871, 40.7584624]}, "properties": {"tls": "42435671", "edge": "1198594026#0", "links": [2, 3, 4], "bearing": 28.3}}, {"type": "Feature", "geometry": {"type": "Point", "coordinates": [-73.9889704, 40.758586]}, "properties": {"tls": "42435671", "edge": "226041027#0", "links": [5, 6, 7], "bearing": 118.3}}, {"type": "Feature", "geometry": {"type": "Point", "coordinates": [-73.9879285, 40.7598757]}, "properties": {"tls": "42435675", "edge": "-1198594030#1", "links": [0, 1], "bearing": 208.5}}, {"type": "Feature", "geometry": {"type": "Point", "coordinates": [-73.9879728, 40.759717]}, "properties": {"tls": "42435675", "edge": "194926851#0", "links": [2, 3, 4], "bearing": 28.3}}, {"type": "Feature", "geometry": {"type": "Point", "coordinates": [-73.9880559, 40.7598408]}, "properties": {"tls": "42435675", "edge": "846142552#0", "links": [5, 6, 7, 8], "bearing": 118.2}}, {"type": "Feature", "geometry": {"type": "Point", "coordinates": [-73.9874601, 40.7604902]}, "properties": {"tls": "42435677", "edge": "-1027189507#1", "links": [0, 1], "bearing": 207.8}}, {"type": "Feature", "geometry": {"type": "Point", "coordinates": [-73.9873316, 40.7603482]}, "properties": {"tls": "42435677", "edge": "452322756#0", "links": [2, 3, 4], "bearing": 298.3}}, {"type": "Feature", "geometry": {"type": "Point", "coordinates": [-73.9875142, 40.7603368]}, "properties": {"tls": "42435677", "edge": "1027189508", "links": [5, 6, 7], "bearing": 28.8}}, {"type": "Feature", "geometry": {"type": "Point", "coordinates": [-73.9870183, 40.7611253]}, "properties": {"tls": "42435680", "edge": "-1049888072#1", "links": [0, 1], "bearing": 208.1}}, {"type": "Feature", "geometry": {"type": "Point", "coordinates": [-73.9870711, 40.760954]}, "properties": {"tls": "42435680", "edge": "1027189507#0", "links": [2, 3, 4, 5], "bearing": 28.4}}, {"type": "Feature", "geometry": {"type": "Point", "coordinates": [-73.9871451, 40.7610903]}, "properties": {"tls": "42435680", "edge": "5671115#6", "links": [6, 7, 8, 9, 10], "bearing": 118.4}}, {"type": "Feature", "geometry": {"type": "Point", "coordinates": [-73.9860999, 40.7624148]}, "properties": {"tls": "42435684", "edge": "-1207834765", "links": [0, 1], "bearing": 208.3}}, {"type": "Feature", "geometry": {"type": "Point", "coordinates": [-73.9861648, 40.7621992]}, "properties": {"tls": "42435684", "edge": "420907906#0", "links": [2, 3, 4, 5, 6], "bearing": 28.8}}, {"type": "Feature", "geometry": {"type": "Point", "coordinates": [-73.9862449, 40.7623546]}, "properties": {"tls": "42435684", "edge": "1376951512", "links": [7, 8, 9], "bearing": 118.3}}, {"type": "Feature", "geometry": {"type": "Point", "coordinates": [-73.9856839, 40.763017]}, "properties": {"tls": "42435687", "edge": "-1027189509#1", "links": [0, 1], "bearing": 207.7}}, {"type": "Feature", "geometry": {"type": "Point", "coordinates": [-73.9854884, 40.762848]}, "properties": {"tls": "42435687", "edge": "226041030#0", "links": [2, 3, 4, 5], "bearing": 299.1}}, {"type": "Feature", "geometry": {"type": "Point", "coordinates": [-73.9856921, 40.762846]}, "properties": {"tls": "42435687", "edge": "1376935153#0", "links": [6, 7, 8, 9], "bearing": 28.2}}, {"type": "Feature", "geometry": {"type": "Point", "coordinates": [-73.9852315, 40.7636513]}, "properties": {"tls": "42435702", "edge": "-420890026#1", "links": [0, 1], "bearing": 209.3}}, {"type": "Feature", "geometry": {"type": "Point", "coordinates": [-73.9852375, 40.7634856]}, "properties": {"tls": "42435702", "edge": "1027189510#0", "links": [2, 3, 4, 5, 6, 7, 8], "bearing": 27.5}}, {"type": "Feature", "geometry": {"type": "Point", "coordinates": [-73.9853497, 40.7636122]}, "properties": {"tls": "42435702", "edge": "965833822#3", "links": [9, 10, 11, 12, 13, 14, 15], "bearing": 118.2}}, {"type": "Feature", "geometry": {"type": "Point", "coordinates": [-73.9847643, 40.7642754]}, "properties": {"tls": "42435705", "edge": "-420890028", "links": [0, 1], "bearing": 208.8}}, {"type": "Feature", "geometry": {"type": "Point", "coordinates": [-73.9845808, 40.7640916]}, "properties": {"tls": "42435705", "edge": "812949647#0", "links": [2, 3, 4, 5, 6], "bearing": 298.5}}, {"type": "Feature", "geometry": {"type": "Point", "coordinates": [-73.9847949, 40.7640768]}, "properties": {"tls": "42435705", "edge": "1027189509#2", "links": [7, 8, 9, 10, 11], "bearing": 28.4}}, {"type": "Feature", "geometry": {"type": "Point", "coordinates": [-73.9842941, 40.7649152]}, "properties": {"tls": "42435707", "edge": "-420890027#1", "links": [0, 1], "bearing": 207.4}}, {"type": "Feature", "geometry": {"type": "Point", "coordinates": [-73.9843233, 40.7647153]}, "properties": {"tls": "42435707", "edge": "420890024#0", "links": [2, 3, 4, 5, 6], "bearing": 28.7}}, {"type": "Feature", "geometry": {"type": "Point", "coordinates": [-73.9844293, 40.764868]}, "properties": {"tls": "42435707", "edge": "226041033", "links": [7, 8], "bearing": 118.9}}, {"type": "Feature", "geometry": {"type": "Point", "coordinates": [-73.9838307, 40.7655722]}, "properties": {"tls": "42435710", "edge": "-420890029#2", "links": [0, 1, 2], "bearing": 209.1}}, {"type": "Feature", "geometry": {"type": "Point", "coordinates": [-73.9836522, 40.7653792]}, "properties": {"tls": "42435710", "edge": "499172074#6", "links": [3, 4, 5, 6], "bearing": 296.2}}, {"type": "Feature", "geometry": {"type": "Point", "coordinates": [-73.9838834, 40.7653408]}, "properties": {"tls": "42435710", "edge": "420890025#0", "links": [7, 8, 9, 10, 11, 12, 13], "bearing": 26.3}}, {"type": "Feature", "geometry": {"type": "Point", "coordinates": [-73.984009, 40.7654699]}, "properties": {"tls": "42435710", "edge": "-499172074#11", "links": [14, 15, 16, 17], "bearing": 117.5}}, {"type": "Feature", "geometry": {"type": "Point", "coordinates": [-73.9828764, 40.7668569]}, "properties": {"tls": "42435714", "edge": "-420890022#1", "links": [0, 1, 2], "bearing": 208.9}}, {"type": "Feature", "geometry": {"type": "Point", "coordinates": [-73.9826932, 40.7666727]}, "properties": {"tls": "42435714", "edge": "196117083#0", "links": [3, 4, 5, 6, 7], "bearing": 299.1}}, {"type": "Feature", "geometry": {"type": "Point", "coordinates": [-73.9829459, 40.7666078]}, "properties": {"tls": "42435714", "edge": "663543997#0", "links": [8, 9, 10, 11, 12], "bearing": 28.8}}, {"type": "Feature", "geometry": {"type": "Point", "coordinates": [-73.9830524, 40.7667582]}, "properties": {"tls": "42435714", "edge": "-196117084#2", "links": [13, 14, 15, 16, 17], "bearing": 118.2}}, {"type": "Feature", "geometry": {"type": "Point", "coordinates": [-73.9720608, 40.7656013]}, "properties": {"tls": "42436510", "edge": "1532178066#0", "links": [0, 1, 2], "bearing": 208.8}}, {"type": "Feature", "geometry": {"type": "Point", "coordinates": [-73.9719887, 40.7654823]}, "properties": {"tls": "42436510", "edge": "1396611411#0", "links": [3, 4, 5], "bearing": 298.4}}, {"type": "Feature", "geometry": {"type": "Point", "coordinates": [-73.9703746, 40.7647908]}, "properties": {"tls": "42436511", "edge": "1396611412#0", "links": [0, 1, 2], "bearing": 298.3}}, {"type": "Feature", "geometry": {"type": "Point", "coordinates": [-73.9705564, 40.7647631]}, "properties": {"tls": "42436511", "edge": "458180199#0", "links": [3, 4, 5, 6, 7], "bearing": 29.1}}, {"type": "Feature", "geometry": {"type": "Point", "coordinates": [-73.9757845, 40.7604869]}, "properties": {"tls": "42436700", "edge": "458180197#0", "links": [0, 1, 2, 3, 4], "bearing": 209.3}}, {"type": "Feature", "geometry": {"type": "Point", "coordinates": [-73.9757048, 40.7603487]}, "properties": {"tls": "42436700", "edge": "420281338#0", "links": [5, 6, 7, 8], "bearing": 298.8}}, {"type": "Feature", "geometry": {"type": "Point", "coordinates": [-73.9740752, 40.7596678]}, "properties": {"tls": "42436701", "edge": "458180192#0", "links": [0, 1, 2, 3], "bearing": 298.0}}, {"type": "Feature", "geometry": {"type": "Point", "coordinates": [-73.9742888, 40.7596515]}, "properties": {"tls": "42436701", "edge": "1023238044", "links": [4, 5, 6, 7, 8], "bearing": 28.3}}, {"type": "Feature", "geometry": {"type": "Point", "coordinates": [-73.9709305, 40.7584581]}, "properties": {"tls": "42436705", "edge": "458180195#0", "links": [0, 1, 2, 3], "bearing": 208.6}}, {"type": "Feature", "geometry": {"type": "Point", "coordinates": [-73.9708514, 40.758319]}, "properties": {"tls": "42436705", "edge": "46521998#0", "links": [4, 5, 6, 7], "bearing": 298.7}}, {"type": "Feature", "geometry": {"type": "Point", "coordinates": [-73.9851159, 40.7445859]}, "properties": {"tls": "42436746", "edge": "420514148#1", "links": [0, 1], "bearing": 298.1}}, {"type": "Feature", "geometry": {"type": "Point", "coordinates": [-73.9852955, 40.7445594]}, "properties": {"tls": "42436746", "edge": "196117042#5", "links": [2, 3, 4, 5, 6], "bearing": 28.2}}, {"type": "Feature", "geometry": {"type": "Point", "coordinates": [-73.9853749, 40.7446699]}, "properties": {"tls": "42436746", "edge": "-226040992#1", "links": [7, 8], "bearing": 118.3}}, {"type": "Feature", "geometry": {"type": "Point", "coordinates": [-73.9807915, 40.7536011]}, "properties": {"tls": "42437358", "edge": "511699184#0", "links": [0, 1, 2, 3, 4, 5, 6], "bearing": 207.7}}, {"type": "Feature", "geometry": {"type": "Point", "coordinates": [-73.9807091, 40.753447]}, "properties": {"tls": "42437358", "edge": "438384692#0", "links": [7, 8, 9], "bearing": 298.1}}, {"type": "Feature", "geometry": {"type": "Point", "coordinates": [-73.9810601, 40.7535162]}, "properties": {"tls": "42437358", "edge": "-511699183#2", "links": [10, 11, 12, 13], "bearing": 115.3}}, {"type": "Feature", "geometry": {"type": "Point", "coordinates": [-73.9868765, 40.7561448]}, "properties": {"tls": "42437363", "edge": "569345544#0", "links": [0, 1, 2, 3, 4], "bearing": 208.4}}, {"type": "Feature", "geometry": {"type": "Point", "coordinates": [-73.9867846, 40.7560023]}, "properties": {"tls": "42437363", "edge": "167922076#0", "links": [5, 6, 7, 8], "bearing": 297.4}}, {"type": "Feature", "geometry": {"type": "Point", "coordinates": [-73.9869792, 40.7559095]}, "properties": {"tls": "42437363", "edge": "-167922070#2", "links": [9, 10, 11], "bearing": 29.8}}, {"type": "Feature", "geometry": {"type": "Point", "coordinates": [-73.9871114, 40.7560713]}, "properties": {"tls": "42437363", "edge": "-525729008#5", "links": [12, 13, 14, 15], "bearing": 117.9}}, {"type": "Feature", "geometry": {"type": "Point", "coordinates": [-73.9925591, 40.7585562]}, "properties": {"tls": "42437368", "edge": "194926855#0", "links": [0, 1, 2, 3, 4, 5, 6], "bearing": 209.3}}, {"type": "Feature", "geometry": {"type": "Point", "coordinates": [-73.9924449, 40.7583849]}, "properties": {"tls": "42437368", "edge": "1320290376#0", "links": [7, 8, 9], "bearing": 298.4}}, {"type": "Feature", "geometry": {"type": "Point", "coordinates": [-73.9926489, 40.7582796]}, "properties": {"tls": "42437368", "edge": "-525729009#2", "links": [10, 11, 12], "bearing": 28.3}}, {"type": "Feature", "geometry": {"type": "Point", "coordinates": [-73.99284, 40.7584817]}, "properties": {"tls": "42437368", "edge": "167922077#0", "links": [13, 14, 15], "bearing": 118.4}}, {"type": "Feature", "geometry": {"type": "Point", "coordinates": [-73.9954617, 40.7597602]}, "properties": {"tls": "42437371", "edge": "-1518515024#2", "links": [0, 1, 2], "bearing": 208.4}}, {"type": "Feature", "geometry": {"type": "Point", "coordinates": [-73.9952667, 40.7595724]}, "properties": {"tls": "42437371", "edge": "-420904618#2", "links": [3, 4, 5, 6], "bearing": 298.4}}, {"type": "Feature", "geometry": {"type": "Point", "coordinates": [-73.9955445, 40.7595186]}, "properties": {"tls": "42437371", "edge": "945460473#0", "links": [7, 8, 9, 10, 11], "bearing": 28.4}}, {"type": "Feature", "geometry": {"type": "Point", "coordinates": [-73.9956779, 40.759681]}, "properties": {"tls": "42437371", "edge": "974611019#0", "links": [12, 13, 14, 15], "bearing": 118.7}}, {"type": "Feature", "geometry": {"type": "Point", "coordinates": [-73.9844594, 40.7485697]}, "properties": {"tls": "42437644", "edge": "458166892#3", "links": [0, 1, 2, 3, 4, 5], "bearing": 208.3}}, {"type": "Feature", "geometry": {"type": "Point", "coordinates": [-73.984371, 40.748413]}, "properties": {"tls": "42437644", "edge": "420904659#0", "links": [6, 7, 8], "bearing": 298.4}}, {"type": "Feature", "geometry": {"type": "Point", "coordinates": [-73.9847178, 40.7484912]}, "properties": {"tls": "42437644", "edge": "-1088325196#1", "links": [9, 10, 11], "bearing": 117.6}}, {"type": "Feature", "geometry": {"type": "Point", "coordinates": [-73.9905391, 40.751117]}, "properties": {"tls": "42437654", "edge": "1051750427#0", "links": [0, 1, 2, 3, 4], "bearing": 209.3}}, {"type": "Feature", "geometry": {"type": "Point", "coordinates": [-73.9904492, 40.7509738]}, "properties": {"tls": "42437654", "edge": "-384649121#7", "links": [5, 6, 7, 8], "bearing": 298.3}}, {"type": "Feature", "geometry": {"type": "Point", "coordinates": [-73.9907742, 40.751044]}, "properties": {"tls": "42437654", "edge": "1536703973#0", "links": [9, 10, 11, 12], "bearing": 118.1}}, {"type": "Feature", "geometry": {"type": "Point", "coordinates": [-73.9962379, 40.7535293]}, "properties": {"tls": "42437663", "edge": "420901921#0", "links": [0, 1, 2, 3, 4], "bearing": 208.3}}, {"type": "Feature", "geometry": {"type": "Point", "coordinates": [-73.9961367, 40.7533683]}, "properties": {"tls": "42437663", "edge": "-420509471#4", "links": [5, 6, 7, 8], "bearing": 297.1}}, {"type": "Feature", "geometry": {"type": "Point", "coordinates": [-73.9963351, 40.7532618]}, "properties": {"tls": "42437663", "edge": "-420901924#1", "links": [9, 10, 11], "bearing": 27.5}}, {"type": "Feature", "geometry": {"type": "Point", "coordinates": [-73.9964975, 40.7534497]}, "properties": {"tls": "42437663", "edge": "1088325197#0", "links": [12, 13, 14], "bearing": 118.0}}, {"type": "Feature", "geometry": {"type": "Point", "coordinates": [-73.9991773, 40.7547536]}, "properties": {"tls": "42437670", "edge": "-1537619201#2", "links": [0, 1, 2], "bearing": 207.0}}, {"type": "Feature", "geometry": {"type": "Point", "coordinates": [-73.9989424, 40.7545366]}, "properties": {"tls": "42437670", "edge": "-589494596#1", "links": [3, 4, 5], "bearing": 298.5}}, {"type": "Feature", "geometry": {"type": "Point", "coordinates": [-73.9992291, 40.7544699]}, "properties": {"tls": "42437670", "edge": "589494595#0", "links": [6, 7, 8, 9, 10, 11], "bearing": 27.7}}, {"type": "Feature", "geometry": {"type": "Point", "coordinates": [-73.9993559, 40.7546456]}, "properties": {"tls": "42437670", "edge": "273019810#2", "links": [12, 13, 14, 15], "bearing": 118.0}}, {"type": "Feature", "geometry": {"type": "Point", "coordinates": [-73.986348, 40.7459815]}, "properties": {"tls": "42437686", "edge": "464515614#0", "links": [0, 1, 2], "bearing": 208.4}}, {"type": "Feature", "geometry": {"type": "Point", "coordinates": [-73.9864766, 40.7459462]}, "properties": {"tls": "42437686", "edge": "46334597#0", "links": [3, 4, 5, 6], "bearing": 118.1}}, {"type": "Feature", "geometry": {"type": "Point", "coordinates": [-73.9955667, 40.7442146]}, "properties": {"tls": "42437890", "edge": "420598327#0", "links": [0, 1, 2, 3, 4], "bearing": 208.1}}, {"type": "Feature", "geometry": {"type": "Point", "coordinates": [-73.995461, 40.7440626]}, "properties": {"tls": "42437890", "edge": "-1088320657#1", "links": [5, 6], "bearing": 299.7}}, {"type": "Feature", "geometry": {"type": "Point", "coordinates": [-73.9956656, 40.7439794]}, "properties": {"tls": "42437890", "edge": "-5670836#1", "links": [7, 8, 9], "bearing": 28.2}}, {"type": "Feature", "geometry": {"type": "Point", "coordinates": [-73.9958173, 40.7441494]}, "properties": {"tls": "42437890", "edge": "420598407#0", "links": [10, 11, 12, 13], "bearing": 118.8}}, {"type": "Feature", "geometry": {"type": "Point", "coordinates": [-73.9872513, 40.744746]}, "properties": {"tls": "42438544", "edge": "464515614#6", "links": [0, 1], "bearing": 208.4}}, {"type": "Feature", "geometry": {"type": "Point", "coordinates": [-73.9873896, 40.7447161]}, "properties": {"tls": "42438544", "edge": "788278348#0", "links": [2, 3], "bearing": 118.5}}, {"type": "Feature", "geometry": {"type": "Point", "coordinates": [-73.9933126, 40.7473042]}, "properties": {"tls": "42438547", "edge": "1022184084#0", "links": [0, 1, 2, 3], "bearing": 208.4}}, {"type": "Feature", "geometry": {"type": "Point", "coordinates": [-73.9933442, 40.747142]}, "properties": {"tls": "42438547", "edge": "-420512231#2", "links": [4], "bearing": 28.4}}, {"type": "Feature", "geometry": {"type": "Point", "coordinates": [-73.9935041, 40.7472982]}, "properties": {"tls": "42438547", "edge": "1088321125#0", "links": [5, 6, 7], "bearing": 119.3}}, {"type": "Feature", "geometry": {"type": "Point", "coordinates": [-73.9759093, 40.7571776]}, "properties": {"tls": "42438881", "edge": "458180186#5", "links": [0, 1, 2, 3], "bearing": 297.5}}, {"type": "Feature", "geometry": {"type": "Point", "coordinates": [-73.9761077, 40.7571554]}, "properties": {"tls": "42438881", "edge": "496993762#0", "links": [4, 5, 6, 7, 8], "bearing": 28.7}}, {"type": "Feature", "geometry": {"type": "Point", "coordinates": [-73.9727614, 40.7559504]}, "properties": {"tls": "42438889", "edge": "458180189#0", "links": [0, 1, 2, 3], "bearing": 208.2}}, {"type": "Feature", "geometry": {"type": "Point", "coordinates": [-73.9726809, 40.7558117]}, "properties": {"tls": "42438889", "edge": "46522002#0", "links": [4, 5, 6, 7], "bearing": 298.3}}, {"type": "Feature", "geometry": {"type": "Point", "coordinates": [-73.9712782, 40.755344]}, "properties": {"tls": "42438891", "edge": "-1455345752#2", "links": [0, 1], "bearing": 208.4}}, {"type": "Feature", "geometry": {"type": "Point", "coordinates": [-73.9710479, 40.7551251]}, "properties": {"tls": "42438891", "edge": "1135661892#0", "links": [2, 3, 4, 5], "bearing": 298.4}}, {"type": "Feature", "geometry": {"type": "Point", "coordinates": [-73.9712985, 40.7551093]}, "properties": {"tls": "42438891", "edge": "1455345751#0", "links": [6, 7, 8, 9, 10], "bearing": 28.4}}, {"type": "Feature", "geometry": {"type": "Point", "coordinates": [-73.9915148, 40.7497734]}, "properties": {"tls": "42439440", "edge": "492489884#0", "links": [0, 1, 2, 3, 4, 5], "bearing": 207.9}}, {"type": "Feature", "geometry": {"type": "Point", "coordinates": [-73.9946652, 40.7454533]}, "properties": {"tls": "42439840", "edge": "986615541#0", "links": [0, 1, 2, 3], "bearing": 208.0}}, {"type": "Feature", "geometry": {"type": "Point", "coordinates": [-73.9945816, 40.7453293]}, "properties": {"tls": "42439840", "edge": "483704512#2", "links": [4, 5, 6, 7], "bearing": 298.3}}, {"type": "Feature", "geometry": {"type": "Point", "coordinates": [-73.9947088, 40.7452943]}, "properties": {"tls": "42439840", "edge": "-1018454469#1", "links": [8, 9], "bearing": 28.6}}, {"type": "Feature", "geometry": {"type": "Point", "coordinates": [-73.9941998, 40.7460891]}, "properties": {"tls": "42439842", "edge": "986615539#0", "links": [0, 1, 2, 3, 4], "bearing": 208.4}}, {"type": "Feature", "geometry": {"type": "Point", "coordinates": [-73.99426, 40.7459166]}, "properties": {"tls": "42439842", "edge": "-986615541#2", "links": [5], "bearing": 27.8}}, {"type": "Feature", "geometry": {"type": "Point", "coordinates": [-73.9944044, 40.7460683]}, "properties": {"tls": "42439842", "edge": "1312939985#0", "links": [6, 7, 8, 9], "bearing": 118.0}}, {"type": "Feature", "geometry": {"type": "Point", "coordinates": [-73.9900826, 40.7517413]}, "properties": {"tls": "42439952", "edge": "464543615#0", "links": [0, 1, 2, 3, 4], "bearing": 207.5}}, {"type": "Feature", "geometry": {"type": "Point", "coordinates": [-73.9899902, 40.7515982]}, "properties": {"tls": "42439952", "edge": "1051750426#0", "links": [5, 6], "bearing": 298.3}}, {"type": "Feature", "geometry": {"type": "Point", "coordinates": [-73.9901268, 40.7515507]}, "properties": {"tls": "42439952", "edge": "-1051750427#2", "links": [7, 8], "bearing": 28.6}}, {"type": "Feature", "geometry": {"type": "Point", "coordinates": [-73.9896342, 40.752371]}, "properties": {"tls": "42439955", "edge": "1135620538#0", "links": [0, 1, 2, 3], "bearing": 208.5}}, {"type": "Feature", "geometry": {"type": "Point", "coordinates": [-73.9896944, 40.752188]}, "properties": {"tls": "42439955", "edge": "-464543615#2", "links": [4, 5], "bearing": 27.6}}, {"type": "Feature", "geometry": {"type": "Point", "coordinates": [-73.9898148, 40.7523419]}, "properties": {"tls": "42439955", "edge": "46481747#0", "links": [6, 7, 8, 9], "bearing": 118.2}}, {"type": "Feature", "geometry": {"type": "Point", "coordinates": [-73.9891893, 40.7529779]}, "properties": {"tls": "42439960", "edge": "1376929274#0", "links": [0, 1, 2], "bearing": 208.4}}, {"type": "Feature", "geometry": {"type": "Point", "coordinates": [-73.9891149, 40.7528419]}, "properties": {"tls": "42439960", "edge": "500717399#0", "links": [3, 4, 5, 6, 7], "bearing": 298.0}}, {"type": "Feature", "geometry": {"type": "Point", "coordinates": [-73.989252, 40.7527943]}, "properties": {"tls": "42439960", "edge": "-1135620538#2", "links": [8, 9], "bearing": 28.5}}, {"type": "Feature", "geometry": {"type": "Point", "coordinates": [-73.9882672, 40.754234]}, "properties": {"tls": "42439964", "edge": "1049920716#0", "links": [0, 1, 2, 3, 4], "bearing": 208.4}}, {"type": "Feature", "geometry": {"type": "Point", "coordinates": [-73.9881918, 40.7540997]}, "properties": {"tls": "42439964", "edge": "1049920715#0", "links": [5, 6, 7], "bearing": 297.1}}, {"type": "Feature", "geometry": {"type": "Point", "coordinates": [-73.9883335, 40.7540435]}, "properties": {"tls": "42439964", "edge": "-1049920718#2", "links": [8, 9, 10], "bearing": 28.0}}, {"type": "Feature", "geometry": {"type": "Point", "coordinates": [-73.9884597, 40.7541855]}, "properties": {"tls": "42439964", "edge": "-542257982#2", "links": [11, 12, 13], "bearing": 116.9}}, {"type": "Feature", "geometry": {"type": "Point", "coordinates": [-73.9878274, 40.75485]}, "properties": {"tls": "42439968", "edge": "569345545#0", "links": [0, 1, 2, 3], "bearing": 207.7}}, {"type": "Feature", "geometry": {"type": "Point", "coordinates": [-73.9878916, 40.7546608]}, "properties": {"tls": "42439968", "edge": "-1049920716#2", "links": [4, 5], "bearing": 28.5}}, {"type": "Feature", "geometry": {"type": "Point", "coordinates": [-73.9880322, 40.7548159]}, "properties": {"tls": "42439968", "edge": "542258060#0", "links": [6, 7, 8, 9, 10], "bearing": 118.2}}, {"type": "Feature", "geometry": {"type": "Point", "coordinates": [-73.9874017, 40.7554431]}, "properties": {"tls": "42439972", "edge": "167922070#0", "links": [0, 1, 2], "bearing": 208.8}}, {"type": "Feature", "geometry": {"type": "Point", "coordinates": [-73.987319, 40.7553202]}, "properties": {"tls": "42439972", "edge": "803047266#0", "links": [3, 4, 5, 6], "bearing": 297.8}}, {"type": "Feature", "geometry": {"type": "Point", "coordinates": [-73.9874456, 40.7552846]}, "properties": {"tls": "42439972", "edge": "-195743344#1", "links": [7, 8], "bearing": 27.9}}, {"type": "Feature", "geometry": {"type": "Point", "coordinates": [-73.9859608, 40.7574171]}, "properties": {"tls": "42439984", "edge": "682360554#0", "links": [0, 1, 2, 3], "bearing": 209.8}}, {"type": "Feature", "geometry": {"type": "Point", "coordinates": [-73.9858574, 40.757295]}, "properties": {"tls": "42439984", "edge": "-226041026#1", "links": [4, 5], "bearing": 298.2}}, {"type": "Feature", "geometry": {"type": "Point", "coordinates": [-73.9859928, 40.7572474]}, "properties": {"tls": "42439984", "edge": "-397795464#3", "links": [6, 7], "bearing": 27.7}}, {"type": "Feature", "geometry": {"type": "Point", "coordinates": [-73.9861561, 40.757402]}, "properties": {"tls": "42439984", "edge": "1198594027", "links": [8, 9, 10], "bearing": 117.6}}, {"type": "Feature", "geometry": {"type": "Point", "coordinates": [-73.9850348, 40.7586669]}, "properties": {"tls": "42439990", "edge": "483360105#0", "links": [0, 1, 2, 3, 4, 5], "bearing": 208.5}}, {"type": "Feature", "geometry": {"type": "Point", "coordinates": [-73.9850449, 40.7584943]}, "properties": {"tls": "42439990", "edge": "-569345542#1", "links": [6, 7], "bearing": 27.8}}, {"type": "Feature", "geometry": {"type": "Point", "coordinates": [-73.985241, 40.7586633]}, "properties": {"tls": "42439990", "edge": "846142553#0", "links": [8, 9, 10, 11], "bearing": 117.8}}, {"type": "Feature", "geometry": {"type": "Point", "coordinates": [-73.9841102, 40.7599348]}, "properties": {"tls": "42439996", "edge": "569345540#3", "links": [0, 1, 2, 3], "bearing": 209.1}}, {"type": "Feature", "geometry": {"type": "Point", "coordinates": [-73.9841914, 40.7597273]}, "properties": {"tls": "42439996", "edge": "-167922071#2", "links": [4, 5], "bearing": 28.0}}, {"type": "Feature", "geometry": {"type": "Point", "coordinates": [-73.9843013, 40.7598947]}, "properties": {"tls": "42439996", "edge": "167922074#0", "links": [6, 7, 8], "bearing": 118.4}}, {"type": "Feature", "geometry": {"type": "Point", "coordinates": [-73.9831977, 40.7611779]}, "properties": {"tls": "42440001", "edge": "588157337#0", "links": [0, 1, 2, 3], "bearing": 208.4}}, {"type": "Feature", "geometry": {"type": "Point", "coordinates": [-73.9832576, 40.760994]}, "properties": {"tls": "42440001", "edge": "-569345540#2", "links": [4, 5], "bearing": 27.3}}, {"type": "Feature", "geometry": {"type": "Point", "coordinates": [-73.9833779, 40.7611487]}, "properties": {"tls": "42440001", "edge": "420908137#0", "links": [6, 7, 8, 9], "bearing": 118.4}}, {"type": "Feature", "geometry": {"type": "Point", "coordinates": [-73.9827537, 40.7618019]}, "properties": {"tls": "42440004", "edge": "1023136586#0", "links": [0, 1, 2, 3, 4], "bearing": 208.2}}, {"type": "Feature", "geometry": {"type": "Point", "coordinates": [-73.9826822, 40.7616801]}, "properties": {"tls": "42440004", "edge": "569345539#0", "links": [5, 6, 7, 8, 9, 10, 11], "bearing": 297.9}}, {"type": "Feature", "geometry": {"type": "Point", "coordinates": [-73.982809, 40.7616255]}, "properties": {"tls": "42440004", "edge": "-588157337#2", "links": [12, 13], "bearing": 27.7}}, {"type": "Feature", "geometry": {"type": "Point", "coordinates": [-73.9823009, 40.7624213]}, "properties": {"tls": "42440009", "edge": "382740985#3", "links": [0, 1, 2, 3, 4], "bearing": 208.0}}, {"type": "Feature", "geometry": {"type": "Point", "coordinates": [-73.9823578, 40.7622449]}, "properties": {"tls": "42440009", "edge": "-1023136586#2", "links": [5, 6], "bearing": 28.4}}, {"type": "Feature", "geometry": {"type": "Point", "coordinates": [-73.9824888, 40.762391]}, "properties": {"tls": "42440009", "edge": "717625448#1", "links": [7, 8, 9, 10, 11], "bearing": 116.8}}, {"type": "Feature", "geometry": {"type": "Point", "coordinates": [-73.9818435, 40.7630471]}, "properties": {"tls": "42440012", "edge": "382740985#0", "links": [0, 1, 2, 3, 4], "bearing": 208.7}}, {"type": "Feature", "geometry": {"type": "Point", "coordinates": [-73.9817536, 40.7629039]}, "properties": {"tls": "42440012", "edge": "420905130#0", "links": [5, 6, 7], "bearing": 298.6}}, {"type": "Feature", "geometry": {"type": "Point", "coordinates": [-73.9818895, 40.7628565]}, "properties": {"tls": "42440012", "edge": "-382740985#5", "links": [8, 9], "bearing": 28.2}}, {"type": "Feature", "geometry": {"type": "Point", "coordinates": [-73.9813671, 40.763696]}, "properties": {"tls": "42440015", "edge": "496989355#6", "links": [0, 1, 2, 3, 4], "bearing": 208.2}}, {"type": "Feature", "geometry": {"type": "Point", "coordinates": [-73.981277, 40.7635817]}, "properties": {"tls": "42440015", "edge": "-226041032#2", "links": [5, 6], "bearing": 298.1}}, {"type": "Feature", "geometry": {"type": "Point", "coordinates": [-73.9814256, 40.7634876]}, "properties": {"tls": "42440015", "edge": "-382740985#2", "links": [7, 8], "bearing": 28.7}}, {"type": "Feature", "geometry": {"type": "Point", "coordinates": [-73.9815756, 40.7636571]}, "properties": {"tls": "42440015", "edge": "324118554#0", "links": [9, 10], "bearing": 118.9}}, {"type": "Feature", "geometry": {"type": "Point", "coordinates": [-73.9809132, 40.7643255]}, "properties": {"tls": "42440020", "edge": "496989355#3", "links": [0, 1, 2, 3, 4], "bearing": 208.3}}, {"type": "Feature", "geometry": {"type": "Point", "coordinates": [-73.9808418, 40.7641813]}, "properties": {"tls": "42440020", "edge": "499172074#0", "links": [5, 6, 7], "bearing": 295.6}}, {"type": "Feature", "geometry": {"type": "Point", "coordinates": [-73.9809929, 40.7641126]}, "properties": {"tls": "42440020", "edge": "-496989355#8", "links": [8, 9, 10], "bearing": 28.2}}, {"type": "Feature", "geometry": {"type": "Point", "coordinates": [-73.9811315, 40.7642483]}, "properties": {"tls": "42440020", "edge": "-499172074#5", "links": [11, 12, 13], "bearing": 119.5}}, {"type": "Feature", "geometry": {"type": "Point", "coordinates": [-73.9799641, 40.7656291]}, "properties": {"tls": "42440022", "edge": "496986970#0", "links": [0, 1, 2, 3, 4], "bearing": 208.3}}, {"type": "Feature", "geometry": {"type": "Point", "coordinates": [-73.9798899, 40.7654926]}, "properties": {"tls": "42440022", "edge": "496986969#0", "links": [5, 6, 7, 8], "bearing": 298.2}}, {"type": "Feature", "geometry": {"type": "Point", "coordinates": [-73.9800625, 40.7653942]}, "properties": {"tls": "42440022", "edge": "-496989355#2", "links": [9, 10, 11], "bearing": 27.9}}, {"type": "Feature", "geometry": {"type": "Point", "coordinates": [-73.9801822, 40.7655507]}, "properties": {"tls": "42440022", "edge": "-5672752#2", "links": [12, 13, 14, 15], "bearing": 118.8}}, {"type": "Feature", "geometry": {"type": "Point", "coordinates": [-73.9794714, 40.7663113]}, "properties": {"tls": "42440025", "edge": "1022822153#0", "links": [0, 1, 2, 3], "bearing": 207.0}}, {"type": "Feature", "geometry": {"type": "Point", "coordinates": [-73.9795503, 40.7660994]}, "properties": {"tls": "42440025", "edge": "-496986970#2", "links": [4, 5], "bearing": 28.4}}, {"type": "Feature", "geometry": {"type": "Point", "coordinates": [-73.9796916, 40.76628]}, "properties": {"tls": "42440025", "edge": "1022822152#0", "links": [6, 7, 8, 9, 10], "bearing": 118.0}}, {"type": "Feature", "geometry": {"type": "Point", "coordinates": [-73.9771475, 40.7586259]}, "properties": {"tls": "42440153", "edge": "1352944235#0", "links": [0, 1, 2, 3, 4], "bearing": 207.9}}, {"type": "Feature", "geometry": {"type": "Point", "coordinates": [-73.9773434, 40.758606]}, "properties": {"tls": "42440153", "edge": "5670867#0", "links": [5, 6, 7, 8], "bearing": 120.2}}, {"type": "Feature", "geometry": {"type": "Point", "coordinates": [-73.9888897, 40.7635727]}, "properties": {"tls": "42440163", "edge": "1025734019#0", "links": [0, 1, 2, 3], "bearing": 208.3}}, {"type": "Feature", "geometry": {"type": "Point", "coordinates": [-73.9889363, 40.7633821]}, "properties": {"tls": "42440163", "edge": "-1320234483#1", "links": [4, 5], "bearing": 30.1}}, {"type": "Feature", "geometry": {"type": "Point", "coordinates": [-73.9890871, 40.7635509]}, "properties": {"tls": "42440163", "edge": "194920158#0", "links": [6, 7, 8, 9, 10], "bearing": 118.4}}, {"type": "Feature", "geometry": {"type": "Point", "coordinates": [-73.9917762, 40.7647876]}, "properties": {"tls": "42440170", "edge": "-1308875366#2", "links": [0, 1], "bearing": 208.4}}, {"type": "Feature", "geometry": {"type": "Point", "coordinates": [-73.9918388, 40.7646038]}, "properties": {"tls": "42440170", "edge": "1537161337#0", "links": [2, 3, 4, 5], "bearing": 28.8}}, {"type": "Feature", "geometry": {"type": "Point", "coordinates": [-73.9919126, 40.76474]}, "properties": {"tls": "42440170", "edge": "1537161336#0", "links": [6, 7, 8, 9, 10], "bearing": 118.3}}, {"type": "Feature", "geometry": {"type": "Point", "coordinates": [-73.9766857, 40.7592536]}, "properties": {"tls": "42440452", "edge": "458180191#3", "links": [0, 1, 2, 3, 4], "bearing": 208.3}}, {"type": "Feature", "geometry": {"type": "Point", "coordinates": [-73.9766042, 40.7591118]}, "properties": {"tls": "42440452", "edge": "569345535#0", "links": [5, 6], "bearing": 300.8}}, {"type": "Feature", "geometry": {"type": "Point", "coordinates": [-73.9768884, 40.7592258]}, "properties": {"tls": "42440452", "edge": "-46538335#1", "links": [7], "bearing": 120.3}}, {"type": "Feature", "geometry": {"type": "Point", "coordinates": [-73.9749784, 40.7584225]}, "properties": {"tls": "42440453", "edge": "569345525#0", "links": [0, 1, 2], "bearing": 297.9}}, {"type": "Feature", "geometry": {"type": "Point", "coordinates": [-73.9751924, 40.7584077]}, "properties": {"tls": "42440453", "edge": "1023236297#0", "links": [3, 4, 5, 6, 7], "bearing": 28.5}}, {"type": "Feature", "geometry": {"type": "Point", "coordinates": [-73.9718551, 40.7571964]}, "properties": {"tls": "42440459", "edge": "458180193#3", "links": [0, 1, 2, 3, 4], "bearing": 208.2}}, {"type": "Feature", "geometry": {"type": "Point", "coordinates": [-73.9717651, 40.7570696]}, "properties": {"tls": "42440459", "edge": "658583340#3", "links": [5, 6, 7], "bearing": 298.4}}, {"type": "Feature", "geometry": {"type": "Point", "coordinates": [-73.9703806, 40.7565722]}, "properties": {"tls": "42440463", "edge": "-1531577067#2", "links": [0, 1], "bearing": 208.4}}, {"type": "Feature", "geometry": {"type": "Point", "coordinates": [-73.970132, 40.7563784]}, "properties": {"tls": "42440463", "edge": "658583340#0", "links": [2, 3, 4, 5], "bearing": 298.4}}, {"type": "Feature", "geometry": {"type": "Point", "coordinates": [-73.9703642, 40.7563881]}, "properties": {"tls": "42440463", "edge": "1455345753#0", "links": [6, 7, 8, 9, 10], "bearing": 28.4}}, {"type": "Feature", "geometry": {"type": "Point", "coordinates": [-73.9748543, 40.7617739]}, "properties": {"tls": "42440951", "edge": "195743336#3", "links": [0, 1, 2, 3, 4, 5, 6], "bearing": 208.7}}, {"type": "Feature", "geometry": {"type": "Point", "coordinates": [-73.9747688, 40.7616148]}, "properties": {"tls": "42440951", "edge": "226041012#3", "links": [7, 8, 9], "bearing": 297.8}}, {"type": "Feature", "geometry": {"type": "Point", "coordinates": [-73.9751066, 40.7617038]}, "properties": {"tls": "42440951", "edge": "-1222356565#1", "links": [10, 11, 12], "bearing": 118.6}}, {"type": "Feature", "geometry": {"type": "Point", "coordinates": [-73.9866014, 40.766734]}, "properties": {"tls": "42440960", "edge": "420892265#0", "links": [0, 1, 2, 3, 4], "bearing": 209.2}}, {"type": "Feature", "geometry": {"type": "Point", "coordinates": [-73.9865033, 40.7665735]}, "properties": {"tls": "42440960", "edge": "499172074#9", "links": [5, 6, 7], "bearing": 298.6}}, {"type": "Feature", "geometry": {"type": "Point", "coordinates": [-73.986685, 40.7665214]}, "properties": {"tls": "42440960", "edge": "-420892274#1", "links": [8, 9, 10], "bearing": 28.2}}, {"type": "Feature", "geometry": {"type": "Point", "coordinates": [-73.9868531, 40.7666682]}, "properties": {"tls": "42440960", "edge": "-499172074#14", "links": [11, 12, 13], "bearing": 118.3}}, {"type": "Feature", "geometry": {"type": "Point", "coordinates": [-73.9894749, 40.7679425]}, "properties": {"tls": "42440966", "edge": "-808190584#2", "links": [0, 1], "bearing": 208.0}}, {"type": "Feature", "geometry": {"type": "Point", "coordinates": [-73.9893537, 40.7677718]}, "properties": {"tls": "42440966", "edge": "499172074#12", "links": [2, 3], "bearing": 298.1}}, {"type": "Feature", "geometry": {"type": "Point", "coordinates": [-73.989565, 40.7677314]}, "properties": {"tls": "42440966", "edge": "808190577#0", "links": [4, 5, 6, 7], "bearing": 28.2}}, {"type": "Feature", "geometry": {"type": "Point", "coordinates": [-73.9896605, 40.7678492]}, "properties": {"tls": "42440966", "edge": "-499172074#17", "links": [8, 9], "bearing": 118.1}}, {"type": "Feature", "geometry": {"type": "Point", "coordinates": [-73.9772652, 40.7429741]}, "properties": {"tls": "42442906", "edge": "118400729#0", "links": [0], "bearing": 208.5}}, {"type": "Feature", "geometry": {"type": "Point", "coordinates": [-73.9767955, 40.7435827]}, "properties": {"tls": "42442910", "edge": "1057527156#0", "links": [0, 1, 2], "bearing": 208.1}}, {"type": "Feature", "geometry": {"type": "Point", "coordinates": [-73.9768259, 40.7434156]}, "properties": {"tls": "42442910", "edge": "-118400729#2", "links": [3], "bearing": 29.3}}, {"type": "Feature", "geometry": {"type": "Point", "coordinates": [-73.9769667, 40.7435671]}, "properties": {"tls": "42442910", "edge": "385668565#0", "links": [4, 5], "bearing": 119.1}}, {"type": "Feature", "geometry": {"type": "Point", "coordinates": [-73.9763342, 40.7441891]}, "properties": {"tls": "42442913", "edge": "1031400324#0", "links": [0, 1, 2, 3, 4, 5], "bearing": 208.7}}, {"type": "Feature", "geometry": {"type": "Point", "coordinates": [-73.9762348, 40.7440511]}, "properties": {"tls": "42442913", "edge": "5672190#0", "links": [6, 7, 8, 9], "bearing": 303.6}}, {"type": "Feature", "geometry": {"type": "Point", "coordinates": [-73.9763812, 40.7439982]}, "properties": {"tls": "42442913", "edge": "-1499800687#1", "links": [10, 11, 12], "bearing": 29.7}}, {"type": "Feature", "geometry": {"type": "Point", "coordinates": [-73.974435, 40.7467787]}, "properties": {"tls": "42442918", "edge": "420901683#0", "links": [0, 1, 2, 3, 4, 5], "bearing": 208.2}}, {"type": "Feature", "geometry": {"type": "Point", "coordinates": [-73.9743199, 40.7466081]}, "properties": {"tls": "42442918", "edge": "46201642#0", "links": [6, 7, 8], "bearing": 298.4}}, {"type": "Feature", "geometry": {"type": "Point", "coordinates": [-73.974465, 40.7465483]}, "properties": {"tls": "42442918", "edge": "-157014137#1", "links": [9, 10], "bearing": 27.2}}, {"type": "Feature", "geometry": {"type": "Point", "coordinates": [-73.9746822, 40.7467491]}, "properties": {"tls": "42442918", "edge": "-381477008#1", "links": [11], "bearing": 118.7}}, {"type": "Feature", "geometry": {"type": "Point", "coordinates": [-73.9739989, 40.7473815]}, "properties": {"tls": "42442931", "edge": "1030139837#0", "links": [0, 1, 2, 3, 4, 5], "bearing": 208.1}}, {"type": "Feature", "geometry": {"type": "Point", "coordinates": [-73.9738597, 40.7472456]}, "properties": {"tls": "42442931", "edge": "-453367786#2", "links": [6, 7, 8, 9], "bearing": 298.1}}, {"type": "Feature", "geometry": {"type": "Point", "coordinates": [-73.9740161, 40.747169]}, "properties": {"tls": "42442931", "edge": "-420901683#2", "links": [10, 11, 12], "bearing": 28.2}}, {"type": "Feature", "geometry": {"type": "Point", "coordinates": [-73.9742351, 40.7473653]}, "properties": {"tls": "42442931", "edge": "936539648#0", "links": [13, 14, 15, 16, 17], "bearing": 117.6}}, {"type": "Feature", "geometry": {"type": "Point", "coordinates": [-73.9735393, 40.7480164]}, "properties": {"tls": "42442933", "edge": "1523945330", "links": [0, 1, 2, 3, 4, 5], "bearing": 208.1}}, {"type": "Feature", "geometry": {"type": "Point", "coordinates": [-73.9734484, 40.747873]}, "properties": {"tls": "42442933", "edge": "1090370026#0", "links": [6, 7, 8, 9], "bearing": 298.2}}, {"type": "Feature", "geometry": {"type": "Point", "coordinates": [-73.9735903, 40.7478174]}, "properties": {"tls": "42442933", "edge": "-420901679#1", "links": [10, 11, 12], "bearing": 28.5}}, {"type": "Feature", "geometry": {"type": "Point", "coordinates": [-73.9737578, 40.7479652]}, "properties": {"tls": "42442933", "edge": "-226041000#3", "links": [13, 14, 15], "bearing": 118.2}}, {"type": "Feature", "geometry": {"type": "Point", "coordinates": [-73.9731026, 40.7486199]}, "properties": {"tls": "42442935", "edge": "420901673#0", "links": [0, 1, 2, 3, 4, 5, 6], "bearing": 208.1}}, {"type": "Feature", "geometry": {"type": "Point", "coordinates": [-73.9731141, 40.7484452]}, "properties": {"tls": "42442935", "edge": "-1523945331#1", "links": [7, 8], "bearing": 28.2}}, {"type": "Feature", "geometry": {"type": "Point", "coordinates": [-73.9733261, 40.7486207]}, "properties": {"tls": "42442935", "edge": "226041005#4", "links": [9, 10, 11, 12, 13], "bearing": 116.5}}, {"type": "Feature", "geometry": {"type": "Point", "coordinates": [-73.9716621, 40.7505715]}, "properties": {"tls": "42442939", "edge": "1030123270#0", "links": [0, 1, 2, 3, 4, 5], "bearing": 209.0}}, {"type": "Feature", "geometry": {"type": "Point", "coordinates": [-73.9715472, 40.7504339]}, "properties": {"tls": "42442939", "edge": "1536063029#0", "links": [6, 7, 8, 9, 10], "bearing": 298.5}}, {"type": "Feature", "geometry": {"type": "Point", "coordinates": [-73.9716738, 40.7503991]}, "properties": {"tls": "42442939", "edge": "-420901677#2", "links": [11, 12], "bearing": 28.4}}, {"type": "Feature", "geometry": {"type": "Point", "coordinates": [-73.9712178, 40.7511918]}, "properties": {"tls": "42442943", "edge": "1530354498#0", "links": [0, 1, 2, 3, 4], "bearing": 208.9}}, {"type": "Feature", "geometry": {"type": "Point", "coordinates": [-73.9712445, 40.751027]}, "properties": {"tls": "42442943", "edge": "-1030123270#2", "links": [5, 6], "bearing": 27.6}}, {"type": "Feature", "geometry": {"type": "Point", "coordinates": [-73.9714067, 40.7511825]}, "properties": {"tls": "42442943", "edge": "420356171#0", "links": [7, 8, 9, 10], "bearing": 118.2}}, {"type": "Feature", "geometry": {"type": "Point", "coordinates": [-73.9707426, 40.7518408]}, "properties": {"tls": "42442947", "edge": "1030123273#0", "links": [0, 1, 2, 3, 4], "bearing": 208.5}}, {"type": "Feature", "geometry": {"type": "Point", "coordinates": [-73.970661, 40.7516881]}, "properties": {"tls": "42442947", "edge": "5671192#0", "links": [5, 6, 7, 8], "bearing": 297.9}}, {"type": "Feature", "geometry": {"type": "Point", "coordinates": [-73.9708037, 40.7516292]}, "properties": {"tls": "42442947", "edge": "-1030123272#1", "links": [9, 10], "bearing": 28.3}}, {"type": "Feature", "geometry": {"type": "Point", "coordinates": [-73.9698438, 40.7530706]}, "properties": {"tls": "42442948", "edge": "420901681#0", "links": [0, 1, 2, 3], "bearing": 208.8}}, {"type": "Feature", "geometry": {"type": "Point", "coordinates": [-73.969881, 40.7529217]}, "properties": {"tls": "42442948", "edge": "-420901681#5", "links": [4, 5], "bearing": 27.9}}, {"type": "Feature", "geometry": {"type": "Point", "coordinates": [-73.9780593, 40.757355]}, "properties": {"tls": "42443528", "edge": "384178816#0", "links": [0, 1, 2, 3, 4, 5], "bearing": 207.9}}, {"type": "Feature", "geometry": {"type": "Point", "coordinates": [-73.9779636, 40.757237]}, "properties": {"tls": "42443528", "edge": "-5671629#2", "links": [6, 7], "bearing": 298.8}}, {"type": "Feature", "geometry": {"type": "Point", "coordinates": [-73.9782525, 40.7573375]}, "properties": {"tls": "42443528", "edge": "226041029#0", "links": [8, 9], "bearing": 118.2}}, {"type": "Feature", "geometry": {"type": "Point", "coordinates": [-73.9898151, 40.7623027]}, "properties": {"tls": "42443532", "edge": "1025734020#0", "links": [0, 1, 2, 3], "bearing": 208.2}}, {"type": "Feature", "geometry": {"type": "Point", "coordinates": [-73.989842, 40.7621371]}, "properties": {"tls": "42443532", "edge": "-814278019#2", "links": [4, 5], "bearing": 28.4}}, {"type": "Feature", "geometry": {"type": "Point", "coordinates": [-73.9900031, 40.7622934]}, "properties": {"tls": "42443532", "edge": "5671115#3", "links": [6, 7, 8, 9], "bearing": 118.4}}, {"type": "Feature", "geometry": {"type": "Point", "coordinates": [-73.9927053, 40.7635111]}, "properties": {"tls": "42443534", "edge": "-460585328#6", "links": [0, 1], "bearing": 206.6}}, {"type": "Feature", "geometry": {"type": "Point", "coordinates": [-73.9927454, 40.7633578]}, "properties": {"tls": "42443534", "edge": "460585328#3", "links": [2, 3, 4, 5], "bearing": 28.5}}, {"type": "Feature", "geometry": {"type": "Point", "coordinates": [-73.9928276, 40.7634821]}, "properties": {"tls": "42443534", "edge": "5671115#0", "links": [6, 7, 8, 9], "bearing": 118.8}}, {"type": "Feature", "geometry": {"type": "Point", "coordinates": [-73.9798818, 40.7548678]}, "properties": {"tls": "42443556", "edge": "438397345#0", "links": [0, 1, 2, 3, 4, 5], "bearing": 208.0}}, {"type": "Feature", "geometry": {"type": "Point", "coordinates": [-73.979796, 40.7547371]}, "properties": {"tls": "42443556", "edge": "-5672149#2", "links": [6, 7], "bearing": 298.4}}, {"type": "Feature", "geometry": {"type": "Point", "coordinates": [-73.9800836, 40.7548389]}, "properties": {"tls": "42443556", "edge": "1051846230#0", "links": [8, 9], "bearing": 119.2}}, {"type": "Feature", "geometry": {"type": "Point", "coordinates": [-73.9916358, 40.759801]}, "properties": {"tls": "42443561", "edge": "968513231#0", "links": [0, 1, 2, 3, 4], "bearing": 209.1}}, {"type": "Feature", "geometry": {"type": "Point", "coordinates": [-73.9916697, 40.7596287]}, "properties": {"tls": "42443561", "edge": "-968513229#2", "links": [5, 6, 7], "bearing": 28.7}}, {"type": "Feature", "geometry": {"type": "Point", "coordinates": [-73.9918305, 40.759785]}, "properties": {"tls": "42443561", "edge": "46482609#0", "links": [8, 9, 10, 11], "bearing": 118.3}}, {"type": "Feature", "geometry": {"type": "Point", "coordinates": [-73.9945237, 40.7610169]}, "properties": {"tls": "42443563", "edge": "-1531976889#2", "links": [0, 1, 2], "bearing": 208.5}}, {"type": "Feature", "geometry": {"type": "Point", "coordinates": [-73.9943724, 40.7608796]}, "properties": {"tls": "42443563", "edge": "-46482609#2", "links": [3, 4, 5], "bearing": 296.9}}, {"type": "Feature", "geometry": {"type": "Point", "coordinates": [-73.9945721, 40.7608515]}, "properties": {"tls": "42443563", "edge": "1518515024#3", "links": [6, 7, 8, 9], "bearing": 28.1}}, {"type": "Feature", "geometry": {"type": "Point", "coordinates": [-73.994672, 40.7609813]}, "properties": {"tls": "42443563", "edge": "46482611#0", "links": [10, 11, 12], "bearing": 118.4}}, {"type": "Feature", "geometry": {"type": "Point", "coordinates": [-73.9729173, 40.7615354]}, "properties": {"tls": "42443612", "edge": "421850830#0", "links": [0, 1, 2, 3, 4], "bearing": 28.6}}, {"type": "Feature", "geometry": {"type": "Point", "coordinates": [-73.9730135, 40.7616806]}, "properties": {"tls": "42443612", "edge": "5671129#0", "links": [5, 6, 7, 8], "bearing": 118.1}}, {"type": "Feature", "geometry": {"type": "Point", "coordinates": [-73.9695744, 40.7603209]}, "properties": {"tls": "42443614", "edge": "569345502#0", "links": [0, 1, 2, 3, 4], "bearing": 208.2}}, {"type": "Feature", "geometry": {"type": "Point", "coordinates": [-73.9697621, 40.7603119]}, "properties": {"tls": "42443614", "edge": "1538467118#0", "links": [5, 6, 7], "bearing": 118.6}}, {"type": "Feature", "geometry": {"type": "Point", "coordinates": [-73.9854228, 40.7472451]}, "properties": {"tls": "42443680", "edge": "195743343#3", "links": [0, 1, 2, 3, 4], "bearing": 208.3}}, {"type": "Feature", "geometry": {"type": "Point", "coordinates": [-73.9856294, 40.7472101]}, "properties": {"tls": "42443680", "edge": "415849235#0", "links": [5, 6, 7, 8], "bearing": 118.1}}, {"type": "Feature", "geometry": {"type": "Point", "coordinates": [-73.9769329, 40.7544391]}, "properties": {"tls": "42443810", "edge": "-46520921#4", "links": [0, 1], "bearing": 208.1}}, {"type": "Feature", "geometry": {"type": "Point", "coordinates": [-73.976869, 40.7543059]}, "properties": {"tls": "42443810", "edge": "727702632#0", "links": [2, 3, 4, 5], "bearing": 298.3}}, {"type": "Feature", "geometry": {"type": "Point", "coordinates": [-73.9770164, 40.7542631]}, "properties": {"tls": "42443810", "edge": "46520921#0", "links": [6, 7], "bearing": 28.1}}, {"type": "Feature", "geometry": {"type": "Point", "coordinates": [-73.9831167, 40.7504218]}, "properties": {"tls": "42443950", "edge": "438385431#9", "links": [0, 1, 2, 3, 4, 5], "bearing": 208.2}}, {"type": "Feature", "geometry": {"type": "Point", "coordinates": [-73.9830195, 40.7502759]}, "properties": {"tls": "42443950", "edge": "420499931#0", "links": [6, 7, 8, 9, 10], "bearing": 298.3}}, {"type": "Feature", "geometry": {"type": "Point", "coordinates": [-73.9978181, 40.7566072]}, "properties": {"tls": "42443975", "edge": "-1527798601#4", "links": [0, 1], "bearing": 208.4}}, {"type": "Feature", "geometry": {"type": "Point", "coordinates": [-73.9975791, 40.7564014]}, "properties": {"tls": "42443975", "edge": "46481738#0", "links": [2, 3, 4, 5, 6], "bearing": 298.2}}, {"type": "Feature", "geometry": {"type": "Point", "coordinates": [-73.9978202, 40.7563977]}, "properties": {"tls": "42443975", "edge": "1529974552#0", "links": [7, 8, 9, 10, 11], "bearing": 28.3}}, {"type": "Feature", "geometry": {"type": "Point", "coordinates": [-73.9777128, 40.7546685]}, "properties": {"tls": "42444043", "edge": "511699176#0", "links": [0, 1, 2], "bearing": 298.7}}, {"type": "Feature", "geometry": {"type": "Point", "coordinates": [-73.9779256, 40.7546539]}, "properties": {"tls": "42444043", "edge": "420356173#0", "links": [3, 4, 5, 6, 7], "bearing": 28.0}}, {"type": "Feature", "geometry": {"type": "Point", "coordinates": [-73.9745987, 40.753435]}, "properties": {"tls": "42444049", "edge": "196117039#0", "links": [0, 1, 2, 3], "bearing": 208.2}}, {"type": "Feature", "geometry": {"type": "Point", "coordinates": [-73.9745254, 40.7533159]}, "properties": {"tls": "42444049", "edge": "46522007#0", "links": [4, 5, 6], "bearing": 297.8}}, {"type": "Feature", "geometry": {"type": "Point", "coordinates": [-73.973106, 40.7528425]}, "properties": {"tls": "42444051", "edge": "-1455345750#2", "links": [0, 1], "bearing": 208.4}}, {"type": "Feature", "geometry": {"type": "Point", "coordinates": [-73.9728747, 40.7526249]}, "properties": {"tls": "42444051", "edge": "420902874#0", "links": [2, 3], "bearing": 298.9}}, {"type": "Feature", "geometry": {"type": "Point", "coordinates": [-73.9731245, 40.7526112]}, "properties": {"tls": "42444051", "edge": "1455345749#0", "links": [4, 5, 6, 7, 8], "bearing": 28.9}}, {"type": "Feature", "geometry": {"type": "Point", "coordinates": [-74.0003879, 40.7478475]}, "properties": {"tls": "42444928", "edge": "350726028#0", "links": [0, 1, 2, 3], "bearing": 207.9}}, {"type": "Feature", "geometry": {"type": "Point", "coordinates": [-74.0002941, 40.747724]}, "properties": {"tls": "42444928", "edge": "846127260#0", "links": [4, 5, 6], "bearing": 304.0}}, {"type": "Feature", "geometry": {"type": "Point", "coordinates": [-74.0004031, 40.7476978]}, "properties": {"tls": "42444928", "edge": "-350726028#4", "links": [7], "bearing": 28.4}}, {"type": "Feature", "geometry": {"type": "Point", "coordinates": [-73.9999156, 40.7484962]}, "properties": {"tls": "42444933", "edge": "1027130510#0", "links": [0, 1, 2, 3, 4], "bearing": 208.4}}, {"type": "Feature", "geometry": {"type": "Point", "coordinates": [-73.999945, 40.7483295]}, "properties": {"tls": "42444933", "edge": "-350726028#2", "links": [5, 6], "bearing": 29.0}}, {"type": "Feature", "geometry": {"type": "Point", "coordinates": [-74.0001168, 40.7484765]}, "properties": {"tls": "42444933", "edge": "1312939984#0", "links": [7, 8, 9, 10, 11, 12], "bearing": 115.3}}, {"type": "Feature", "geometry": {"type": "Point", "coordinates": [-73.9967932, 40.7528267]}, "properties": {"tls": "42444954", "edge": "194926856#0", "links": [0, 1], "bearing": 213.9}}, {"type": "Feature", "geometry": {"type": "Point", "coordinates": [-73.9966749, 40.7526826]}, "properties": {"tls": "42444954", "edge": "600848479#0", "links": [2, 3, 4], "bearing": 298.0}}, {"type": "Feature", "geometry": {"type": "Point", "coordinates": [-73.9968558, 40.752675]}, "properties": {"tls": "42444954", "edge": "-350726030#4", "links": [5, 6], "bearing": 34.6}}, {"type": "Feature", "geometry": {"type": "Point", "coordinates": [-73.9957977, 40.7541412]}, "properties": {"tls": "42444960", "edge": "420901920#0", "links": [0, 1, 2, 3, 4, 5], "bearing": 208.9}}, {"type": "Feature", "geometry": {"type": "Point", "coordinates": [-73.9956833, 40.7540019]}, "properties": {"tls": "42444960", "edge": "542255948#0", "links": [6, 7, 8, 9, 10], "bearing": 299.2}}, {"type": "Feature", "geometry": {"type": "Point", "coordinates": [-73.9958101, 40.7539677]}, "properties": {"tls": "42444960", "edge": "-420901922#1", "links": [11, 12], "bearing": 28.2}}, {"type": "Feature", "geometry": {"type": "Point", "coordinates": [-73.9953306, 40.7547707]}, "properties": {"tls": "42444964", "edge": "420901919#0", "links": [0, 1, 2, 3], "bearing": 207.1}}, {"type": "Feature", "geometry": {"type": "Point", "coordinates": [-73.9953641, 40.7545693]}, "properties": {"tls": "42444964", "edge": "-420901917#1", "links": [4, 5], "bearing": 31.0}}, {"type": "Feature", "geometry": {"type": "Point", "coordinates": [-73.9955432, 40.754755]}, "properties": {"tls": "42444964", "edge": "733667933#0", "links": [6, 7, 8, 9, 10], "bearing": 118.7}}, {"type": "Feature", "geometry": {"type": "Point", "coordinates": [-73.9939628, 40.7566204]}, "properties": {"tls": "42444985", "edge": "525729010#0", "links": [0, 1, 2, 3, 4], "bearing": 207.2}}, {"type": "Feature", "geometry": {"type": "Point", "coordinates": [-73.9938519, 40.7564716]}, "properties": {"tls": "42444985", "edge": "1040888764#0", "links": [5, 6], "bearing": 297.1}}, {"type": "Feature", "geometry": {"type": "Point", "coordinates": [-73.9939953, 40.756415]}, "properties": {"tls": "42444985", "edge": "-1135614654#1", "links": [7, 8, 9], "bearing": 28.4}}, {"type": "Feature", "geometry": {"type": "Point", "coordinates": [-73.9941881, 40.7565871]}, "properties": {"tls": "42444985", "edge": "-46432183", "links": [10, 11, 12, 13], "bearing": 118.3}}, {"type": "Feature", "geometry": {"type": "Point", "coordinates": [-73.993515, 40.7572487]}, "properties": {"tls": "42444991", "edge": "1025734022#0", "links": [0, 1, 2, 3, 4], "bearing": 209.0}}, {"type": "Feature", "geometry": {"type": "Point", "coordinates": [-73.9935619, 40.7570268]}, "properties": {"tls": "42444991", "edge": "-1135614656#1", "links": [5, 6], "bearing": 27.5}}, {"type": "Feature", "geometry": {"type": "Point", "coordinates": [-73.9937369, 40.757222]}, "properties": {"tls": "42444991", "edge": "273895450#0", "links": [7, 8, 9, 10, 11, 12], "bearing": 117.7}}, {"type": "Feature", "geometry": {"type": "Point", "coordinates": [-73.9929923, 40.7579662]}, "properties": {"tls": "42445001", "edge": "525729009#0", "links": [0, 1, 2, 3, 4], "bearing": 208.4}}, {"type": "Feature", "geometry": {"type": "Point", "coordinates": [-73.9929387, 40.7577521]}, "properties": {"tls": "42445001", "edge": "1043336433#0", "links": [5, 6, 7], "bearing": 308.8}}, {"type": "Feature", "geometry": {"type": "Point", "coordinates": [-73.9930712, 40.7577175]}, "properties": {"tls": "42445001", "edge": "-1025734023#1", "links": [8, 9], "bearing": 26.8}}, {"type": "Feature", "geometry": {"type": "Point", "coordinates": [-73.9920829, 40.7591896]}, "properties": {"tls": "42445011", "edge": "968513229#0", "links": [0, 1, 2, 3], "bearing": 208.2}}, {"type": "Feature", "geometry": {"type": "Point", "coordinates": [-73.9919755, 40.7590413]}, "properties": {"tls": "42445011", "edge": "194926846#0", "links": [4, 5, 6, 7, 8], "bearing": 298.4}}, {"type": "Feature", "geometry": {"type": "Point", "coordinates": [-73.9921089, 40.7589988]}, "properties": {"tls": "42445011", "edge": "-1021047632#1", "links": [9, 10, 11], "bearing": 29.3}}, {"type": "Feature", "geometry": {"type": "Point", "coordinates": [-73.9923007, 40.759138]}, "properties": {"tls": "42445011", "edge": "-1032030521#1", "links": [12, 13, 14, 15], "bearing": 117.8}}, {"type": "Feature", "geometry": {"type": "Point", "coordinates": [-73.9907147, 40.7610682]}, "properties": {"tls": "42445018", "edge": "1136391284#0", "links": [0, 1, 2, 3, 4], "bearing": 208.1}}, {"type": "Feature", "geometry": {"type": "Point", "coordinates": [-73.9907602, 40.7608771]}, "properties": {"tls": "42445018", "edge": "-420907908#2", "links": [5, 6], "bearing": 28.3}}, {"type": "Feature", "geometry": {"type": "Point", "coordinates": [-73.9909135, 40.7610451]}, "properties": {"tls": "42445018", "edge": "46482602#0", "links": [7, 8, 9, 10], "bearing": 117.0}}, {"type": "Feature", "geometry": {"type": "Point", "coordinates": [-73.9902716, 40.7616757]}, "properties": {"tls": "42445020", "edge": "814278019#0", "links": [0, 1, 2, 3], "bearing": 208.4}}, {"type": "Feature", "geometry": {"type": "Point", "coordinates": [-73.9901728, 40.7615435]}, "properties": {"tls": "42445020", "edge": "452322756#2", "links": [4, 5, 6, 7], "bearing": 298.8}}, {"type": "Feature", "geometry": {"type": "Point", "coordinates": [-73.9902997, 40.7615091]}, "properties": {"tls": "42445020", "edge": "-420907907#1", "links": [8, 9], "bearing": 28.4}}, {"type": "Feature", "geometry": {"type": "Point", "coordinates": [-73.9884453, 40.7641827]}, "properties": {"tls": "42445025", "edge": "5671276#0", "links": [0, 1, 2, 3, 4], "bearing": 208.2}}, {"type": "Feature", "geometry": {"type": "Point", "coordinates": [-73.9883454, 40.764052]}, "properties": {"tls": "42445025", "edge": "226041031", "links": [5, 6, 7, 8], "bearing": 298.2}}, {"type": "Feature", "geometry": {"type": "Point", "coordinates": [-73.9884726, 40.7640168]}, "properties": {"tls": "42445025", "edge": "-1025734018#1", "links": [9, 10], "bearing": 28.5}}, {"type": "Feature", "geometry": {"type": "Point", "coordinates": [-73.9879841, 40.764816]}, "properties": {"tls": "42445027", "edge": "420892270#0", "links": [0, 1, 2, 3], "bearing": 208.3}}, {"type": "Feature", "geometry": {"type": "Point", "coordinates": [-73.9880235, 40.7646634]}, "properties": {"tls": "42445027", "edge": "-5671276#2", "links": [4, 5], "bearing": 28.2}}, {"type": "Feature", "geometry": {"type": "Point", "coordinates": [-73.9881484, 40.7647921]}, "properties": {"tls": "42445027", "edge": "965833822#0", "links": [6, 7, 8, 9, 10], "bearing": 116.9}}, {"type": "Feature", "geometry": {"type": "Point", "coordinates": [-73.9870776, 40.7660676]}, "properties": {"tls": "42445033", "edge": "420892269#0", "links": [0, 1, 2, 3], "bearing": 208.7}}, {"type": "Feature", "geometry": {"type": "Point", "coordinates": [-73.9869886, 40.7659526]}, "properties": {"tls": "42445033", "edge": "-324118557#1", "links": [4, 5, 6], "bearing": 298.4}}, {"type": "Feature", "geometry": {"type": "Point", "coordinates": [-73.9871279, 40.7659008]}, "properties": {"tls": "42445033", "edge": "-420892272#1", "links": [7, 8, 9], "bearing": 27.9}}, {"type": "Feature", "geometry": {"type": "Point", "coordinates": [-73.9872561, 40.7660431]}, "properties": {"tls": "42445033", "edge": "584971503#0", "links": [10, 11, 12], "bearing": 118.1}}, {"type": "Feature", "geometry": {"type": "Point", "coordinates": [-73.9856267, 40.7680471]}, "properties": {"tls": "42445037", "edge": "420892266#0", "links": [0, 1, 2, 3], "bearing": 208.3}}, {"type": "Feature", "geometry": {"type": "Point", "coordinates": [-73.9855554, 40.76788]}, "properties": {"tls": "42445037", "edge": "505582406#0", "links": [4, 5, 6, 7, 8], "bearing": 298.5}}, {"type": "Feature", "geometry": {"type": "Point", "coordinates": [-73.9857459, 40.7677577]}, "properties": {"tls": "42445037", "edge": "-420892263#1", "links": [9, 10, 11], "bearing": 28.1}}, {"type": "Feature", "geometry": {"type": "Point", "coordinates": [-73.985889, 40.7679387]}, "properties": {"tls": "42445037", "edge": "-835176553#2", "links": [12, 13, 14, 15], "bearing": 118.4}}, {"type": "Feature", "geometry": {"type": "Point", "coordinates": [-73.9828033, 40.7477368]}, "properties": {"tls": "42445365", "edge": "420904658#0", "links": [0, 1, 2], "bearing": 296.8}}, {"type": "Feature", "geometry": {"type": "Point", "coordinates": [-73.9830473, 40.7476538]}, "properties": {"tls": "42445365", "edge": "420499932#3", "links": [3, 4, 5, 6, 7, 8], "bearing": 27.8}}, {"type": "Feature", "geometry": {"type": "Point", "coordinates": [-73.9831197, 40.7478064]}, "properties": {"tls": "42445365", "edge": "-5671315#1", "links": [9, 10, 11], "bearing": 117.9}}, {"type": "Feature", "geometry": {"type": "Point", "coordinates": [-73.9772564, 40.7455061]}, "properties": {"tls": "42445382", "edge": "420872212#0", "links": [0, 1, 2, 3], "bearing": 208.9}}, {"type": "Feature", "geometry": {"type": "Point", "coordinates": [-73.977194, 40.745375]}, "properties": {"tls": "42445382", "edge": "-554083352", "links": [4, 5], "bearing": 298.3}}, {"type": "Feature", "geometry": {"type": "Point", "coordinates": [-73.9774737, 40.7454261]}, "properties": {"tls": "42445382", "edge": "-1088325194", "links": [6, 7], "bearing": 118.0}}, {"type": "Feature", "geometry": {"type": "Point", "coordinates": [-73.9750898, 40.7444864]}, "properties": {"tls": "42445387", "edge": "50603617#0", "links": [0, 1, 2], "bearing": 299.1}}, {"type": "Feature", "geometry": {"type": "Point", "coordinates": [-73.9753285, 40.7445214]}, "properties": {"tls": "42445387", "edge": "420872204#0", "links": [3, 4, 5], "bearing": 118.5}}, {"type": "Feature", "geometry": {"type": "Point", "coordinates": [-73.9734874, 40.7439326]}, "properties": {"tls": "42445390", "edge": "-144001606#1", "links": [0, 1, 2], "bearing": 208.6}}, {"type": "Feature", "geometry": {"type": "Point", "coordinates": [-73.9733297, 40.7437439]}, "properties": {"tls": "42445390", "edge": "68668529#0", "links": [3, 4, 5], "bearing": 298.5}}, {"type": "Feature", "geometry": {"type": "Point", "coordinates": [-73.9735904, 40.743666]}, "properties": {"tls": "42445390", "edge": "1027227129#0", "links": [6, 7, 8, 9, 10], "bearing": 28.8}}, {"type": "Feature", "geometry": {"type": "Point", "coordinates": [-73.9736874, 40.7438292]}, "properties": {"tls": "42445390", "edge": "-556075523#1", "links": [11, 12, 13, 14], "bearing": 118.4}}, {"type": "Feature", "geometry": {"type": "Point", "coordinates": [-73.984849, 40.7451745]}, "properties": {"tls": "42445404", "edge": "447001272#0", "links": [0, 1, 2, 3], "bearing": 28.3}}, {"type": "Feature", "geometry": {"type": "Point", "coordinates": [-73.9849222, 40.7452935]}, "properties": {"tls": "42445404", "edge": "5671317#0", "links": [4, 5, 6, 7, 8], "bearing": 118.5}}, {"type": "Feature", "geometry": {"type": "Point", "coordinates": [-73.9822147, 40.7516656]}, "properties": {"tls": "42445649", "edge": "438385431#3", "links": [0, 1, 2, 3, 4, 5, 6], "bearing": 208.2}}, {"type": "Feature", "geometry": {"type": "Point", "coordinates": [-73.9821173, 40.75152]}, "properties": {"tls": "42445649", "edge": "1150636501#0", "links": [7, 8], "bearing": 298.0}}, {"type": "Feature", "geometry": {"type": "Point", "coordinates": [-73.9824396, 40.7516355]}, "properties": {"tls": "42445649", "edge": "-36806906#2", "links": [9, 10, 11], "bearing": 120.5}}, {"type": "Feature", "geometry": {"type": "Point", "coordinates": [-73.9805502, 40.7508601]}, "properties": {"tls": "42445651", "edge": "1150636500#0", "links": [0, 1], "bearing": 298.4}}, {"type": "Feature", "geometry": {"type": "Point", "coordinates": [-73.9807382, 40.7508245]}, "properties": {"tls": "42445651", "edge": "1530333337#0", "links": [2, 3, 4, 5, 6], "bearing": 27.8}}, {"type": "Feature", "geometry": {"type": "Point", "coordinates": [-73.9808096, 40.7509451]}, "properties": {"tls": "42445651", "edge": "-226041001#1", "links": [7, 8], "bearing": 118.7}}, {"type": "Feature", "geometry": {"type": "Point", "coordinates": [-73.9726809, 40.7476546]}, "properties": {"tls": "42445666", "edge": "5672483#0", "links": [0, 1], "bearing": 208.2}}, {"type": "Feature", "geometry": {"type": "Point", "coordinates": [-73.9726171, 40.7475228]}, "properties": {"tls": "42445666", "edge": "5671349#0", "links": [2, 3, 4], "bearing": 298.2}}, {"type": "Feature", "geometry": {"type": "Point", "coordinates": [-73.9727877, 40.747479]}, "properties": {"tls": "42445666", "edge": "-46139021#2", "links": [5, 6], "bearing": 28.9}}, {"type": "Feature", "geometry": {"type": "Point", "coordinates": [-73.9728829, 40.7475965]}, "properties": {"tls": "42445666", "edge": "-1090370026#2", "links": [7, 8], "bearing": 118.3}}, {"type": "Feature", "geometry": {"type": "Point", "coordinates": [-73.9712433, 40.7470083]}, "properties": {"tls": "42445667", "edge": "-1313071250#1", "links": [0, 1], "bearing": 209.8}}, {"type": "Feature", "geometry": {"type": "Point", "coordinates": [-73.9712547, 40.7468711]}, "properties": {"tls": "42445667", "edge": "368938761#0", "links": [2, 3, 4, 5, 6], "bearing": 29.8}}, {"type": "Feature", "geometry": {"type": "Point", "coordinates": [-73.9713434, 40.7469661]}, "properties": {"tls": "42445667", "edge": "-5671349#2", "links": [7, 8, 9], "bearing": 118.3}}, {"type": "Feature", "geometry": {"type": "Point", "coordinates": [-73.9860213, 40.7433426]}, "properties": {"tls": "42445885", "edge": "5672487#1", "links": [0, 1, 2], "bearing": 298.4}}, {"type": "Feature", "geometry": {"type": "Point", "coordinates": [-73.9862016, 40.7433142]}, "properties": {"tls": "42445885", "edge": "196117042#0", "links": [3, 4, 5, 6], "bearing": 28.2}}, {"type": "Feature", "geometry": {"type": "Point", "coordinates": [-73.9857451, 40.7439406]}, "properties": {"tls": "42445888", "edge": "196117042#3", "links": [0, 1, 2, 3], "bearing": 28.1}}, {"type": "Feature", "geometry": {"type": "Point", "coordinates": [-73.9858199, 40.7440548]}, "properties": {"tls": "42445888", "edge": "5671401#0", "links": [4, 5, 6], "bearing": 115.8}}, {"type": "Feature", "geometry": {"type": "Point", "coordinates": [-73.9842234, 40.7458075]}, "properties": {"tls": "42445896", "edge": "447001271#1", "links": [0, 1], "bearing": 298.1}}, {"type": "Feature", "geometry": {"type": "Point", "coordinates": [-73.984395, 40.7457911]}, "properties": {"tls": "42445896", "edge": "447001272#3", "links": [2, 3, 4, 5], "bearing": 28.3}}, {"type": "Feature", "geometry": {"type": "Point", "coordinates": [-73.9839604, 40.7463893]}, "properties": {"tls": "42445899", "edge": "447001272#6", "links": [0, 1, 2, 3, 4], "bearing": 28.2}}, {"type": "Feature", "geometry": {"type": "Point", "coordinates": [-73.9840302, 40.7465406]}, "properties": {"tls": "42445899", "edge": "5671693#0", "links": [5, 6, 7, 8, 9], "bearing": 118.2}}, {"type": "Feature", "geometry": {"type": "Point", "coordinates": [-73.9833036, 40.7470426]}, "properties": {"tls": "42445903", "edge": "46520833#0", "links": [0, 1, 2], "bearing": 298.1}}, {"type": "Feature", "geometry": {"type": "Point", "coordinates": [-73.9834912, 40.7470321]}, "properties": {"tls": "42445903", "edge": "420499932#0", "links": [3, 4, 5, 6, 7], "bearing": 27.5}}, {"type": "Feature", "geometry": {"type": "Point", "coordinates": [-73.9820802, 40.7489733]}, "properties": {"tls": "42445908", "edge": "1201643837#0", "links": [0, 1, 2, 3, 4], "bearing": 27.7}}, {"type": "Feature", "geometry": {"type": "Point", "coordinates": [-73.9821608, 40.7491132]}, "properties": {"tls": "42445908", "edge": "5673231#0", "links": [5, 6, 7, 8], "bearing": 118.3}}, {"type": "Feature", "geometry": {"type": "Point", "coordinates": [-73.9814319, 40.7496066]}, "properties": {"tls": "42445909", "edge": "1536568236#0", "links": [0, 1, 2], "bearing": 297.9}}, {"type": "Feature", "geometry": {"type": "Point", "coordinates": [-73.9816304, 40.7495841]}, "properties": {"tls": "42445909", "edge": "458166894#0", "links": [3, 4, 5, 6], "bearing": 28.7}}, {"type": "Feature", "geometry": {"type": "Point", "coordinates": [-73.9809823, 40.7502542]}, "properties": {"tls": "42445910", "edge": "-858965315#3", "links": [0, 1], "bearing": 298.9}}, {"type": "Feature", "geometry": {"type": "Point", "coordinates": [-73.9811851, 40.7501978]}, "properties": {"tls": "42445910", "edge": "1530333338#0", "links": [2, 3, 4, 5, 6], "bearing": 28.0}}, {"type": "Feature", "geometry": {"type": "Point", "coordinates": [-73.9812491, 40.7503302]}, "properties": {"tls": "42445910", "edge": "483236728#0", "links": [7, 8, 9], "bearing": 118.0}}, {"type": "Feature", "geometry": {"type": "Point", "coordinates": [-73.980282, 40.7514557]}, "properties": {"tls": "42445914", "edge": "195743182#0", "links": [0, 1, 2, 3, 4], "bearing": 27.7}}, {"type": "Feature", "geometry": {"type": "Point", "coordinates": [-73.9803676, 40.7515769]}, "properties": {"tls": "42445914", "edge": "5672155#0", "links": [5, 6, 7, 8, 9, 10], "bearing": 118.5}}, {"type": "Feature", "geometry": {"type": "Point", "coordinates": [-73.979129, 40.7527769]}, "properties": {"tls": "42445916", "edge": "1364312922", "links": [0, 1, 2, 3], "bearing": 297.9}}, {"type": "Feature", "geometry": {"type": "Point", "coordinates": [-73.9793722, 40.7526954]}, "properties": {"tls": "42445916", "edge": "511699182#3", "links": [4, 5, 6, 7, 8, 9, 10], "bearing": 28.5}}, {"type": "Feature", "geometry": {"type": "Point", "coordinates": [-73.9794535, 40.7528352]}, "properties": {"tls": "42445916", "edge": "-1272613981#1", "links": [11, 12, 13], "bearing": 118.4}}, {"type": "Feature", "geometry": {"type": "Point", "coordinates": [-73.9786177, 40.7534263]}, "properties": {"tls": "42445917", "edge": "511699178#0", "links": [0, 1], "bearing": 298.1}}, {"type": "Feature", "geometry": {"type": "Point", "coordinates": [-73.9788287, 40.753399]}, "properties": {"tls": "42445917", "edge": "966105510#0", "links": [2, 3, 4, 5], "bearing": 28.2}}, {"type": "Feature", "geometry": {"type": "Point", "coordinates": [-73.9789423, 40.7535375]}, "properties": {"tls": "42445917", "edge": "-5673515#2", "links": [6, 7], "bearing": 118.4}}, {"type": "Feature", "geometry": {"type": "Point", "coordinates": [-73.9782152, 40.754067]}, "properties": {"tls": "42445920", "edge": "-5672149#4", "links": [0, 1], "bearing": 298.5}}, {"type": "Feature", "geometry": {"type": "Point", "coordinates": [-73.9783828, 40.7540278]}, "properties": {"tls": "42445920", "edge": "438384693#0", "links": [2, 3, 4, 5], "bearing": 28.9}}, {"type": "Feature", "geometry": {"type": "Point", "coordinates": [-73.9784379, 40.7541397]}, "properties": {"tls": "42445920", "edge": "5672149#0", "links": [6, 7], "bearing": 118.4}}, {"type": "Feature", "geometry": {"type": "Point", "coordinates": [-73.9768094, 40.7559206]}, "properties": {"tls": "42445924", "edge": "1106482765#0", "links": [0, 1, 2], "bearing": 298.7}}, {"type": "Feature", "geometry": {"type": "Point", "coordinates": [-73.9770138, 40.7559188]}, "properties": {"tls": "42445924", "edge": "420906743#0", "links": [3, 4, 5, 6, 7], "bearing": 28.4}}, {"type": "Feature", "geometry": {"type": "Point", "coordinates": [-73.9765639, 40.7565329]}, "properties": {"tls": "42445926", "edge": "420356172#0", "links": [0, 1, 2, 3, 4, 5], "bearing": 28.5}}, {"type": "Feature", "geometry": {"type": "Point", "coordinates": [-73.9766526, 40.7566589]}, "properties": {"tls": "42445926", "edge": "5671629#0", "links": [6, 7, 8], "bearing": 118.5}}, {"type": "Feature", "geometry": {"type": "Point", "coordinates": [-73.9756505, 40.7577796]}, "properties": {"tls": "42445928", "edge": "458180185#0", "links": [0, 1, 2, 3], "bearing": 28.0}}, {"type": "Feature", "geometry": {"type": "Point", "coordinates": [-73.9757296, 40.7579208]}, "properties": {"tls": "42445928", "edge": "5673497#0", "links": [4, 5, 6, 7], "bearing": 121.5}}, {"type": "Feature", "geometry": {"type": "Point", "coordinates": [-73.9747317, 40.7590457]}, "properties": {"tls": "42445930", "edge": "420906753#0", "links": [0, 1, 2, 3, 4, 5], "bearing": 28.2}}, {"type": "Feature", "geometry": {"type": "Point", "coordinates": [-73.9748167, 40.7591603]}, "properties": {"tls": "42445930", "edge": "496992867#0", "links": [6, 7, 8, 9, 10], "bearing": 118.3}}, {"type": "Feature", "geometry": {"type": "Point", "coordinates": [-73.9738373, 40.7602738]}, "properties": {"tls": "42445936", "edge": "420281339#0", "links": [0, 1, 2, 3], "bearing": 28.4}}, {"type": "Feature", "geometry": {"type": "Point", "coordinates": [-73.9739261, 40.7604357]}, "properties": {"tls": "42445936", "edge": "5672954#0", "links": [4, 5, 6, 7, 8], "bearing": 118.1}}, {"type": "Feature", "geometry": {"type": "Point", "coordinates": [-73.9731522, 40.7609428]}, "properties": {"tls": "42445941", "edge": "226041012#0", "links": [0, 1], "bearing": 298.3}}, {"type": "Feature", "geometry": {"type": "Point", "coordinates": [-73.9733695, 40.7609034]}, "properties": {"tls": "42445941", "edge": "420906750", "links": [2, 3, 4, 5], "bearing": 28.8}}, {"type": "Feature", "geometry": {"type": "Point", "coordinates": [-73.9734947, 40.7610245]}, "properties": {"tls": "42445941", "edge": "-226041012#5", "links": [6, 7], "bearing": 118.2}}, {"type": "Feature", "geometry": {"type": "Point", "coordinates": [-73.9719331, 40.7628753]}, "properties": {"tls": "42445947", "edge": "388696207#0", "links": [0, 1, 2, 3, 4], "bearing": 27.2}}, {"type": "Feature", "geometry": {"type": "Point", "coordinates": [-73.9720072, 40.7630298]}, "properties": {"tls": "42445947", "edge": "1106474773#0", "links": [5, 6], "bearing": 118.3}}, {"type": "Feature", "geometry": {"type": "Point", "coordinates": [-73.9714922, 40.7634877]}, "properties": {"tls": "42445950", "edge": "388696207#3", "links": [0, 1, 2, 3, 4], "bearing": 28.5}}, {"type": "Feature", "geometry": {"type": "Point", "coordinates": [-73.9715615, 40.7636518]}, "properties": {"tls": "42445950", "edge": "5671574#0", "links": [5, 6, 7, 8, 9], "bearing": 118.6}}, {"type": "Feature", "geometry": {"type": "Point", "coordinates": [-73.9707986, 40.7641705]}, "properties": {"tls": "42445953", "edge": "1499498642#0", "links": [0, 1, 2], "bearing": 299.0}}, {"type": "Feature", "geometry": {"type": "Point", "coordinates": [-73.9710162, 40.7641554]}, "properties": {"tls": "42445953", "edge": "964208970#0", "links": [3, 4, 5, 6, 7], "bearing": 30.4}}, {"type": "Feature", "geometry": {"type": "Point", "coordinates": [-73.969911, 40.7654275]}, "properties": {"tls": "42445961", "edge": "-1499246908#4", "links": [0, 1], "bearing": 298.4}}, {"type": "Feature", "geometry": {"type": "Point", "coordinates": [-73.9700948, 40.7653947]}, "properties": {"tls": "42445961", "edge": "458180199#3", "links": [2, 3, 4, 5, 6], "bearing": 28.5}}, {"type": "Feature", "geometry": {"type": "Point", "coordinates": [-73.9701676, 40.7655139]}, "properties": {"tls": "42445961", "edge": "1499246908#0", "links": [7, 8], "bearing": 118.3}}, {"type": "Feature", "geometry": {"type": "Point", "coordinates": [-73.9762373, 40.759873]}, "properties": {"tls": "42446353", "edge": "458180191#0", "links": [0, 1, 2, 3, 4, 5], "bearing": 207.7}}, {"type": "Feature", "geometry": {"type": "Point", "coordinates": [-73.9764228, 40.7598466]}, "properties": {"tls": "42446353", "edge": "1165644579#0", "links": [6, 7, 8, 9], "bearing": 120.0}}, {"type": "Feature", "geometry": {"type": "Point", "coordinates": [-73.9908626, 40.7660256]}, "properties": {"tls": "42446363", "edge": "-601733867#1", "links": [0, 1], "bearing": 207.4}}, {"type": "Feature", "geometry": {"type": "Point", "coordinates": [-73.9909009, 40.7658751]}, "properties": {"tls": "42446363", "edge": "808190587#0", "links": [2, 3, 4, 5, 6], "bearing": 29.4}}, {"type": "Feature", "geometry": {"type": "Point", "coordinates": [-73.9909777, 40.7659857]}, "properties": {"tls": "42446363", "edge": "1537185114#0", "links": [7, 8, 9, 10, 11, 12], "bearing": 118.5}}, {"type": "Feature", "geometry": {"type": "Point", "coordinates": [-73.98178, 40.7522649]}, "properties": {"tls": "42446488", "edge": "438385431#0", "links": [0, 1, 2, 3, 4, 5, 6], "bearing": 208.2}}, {"type": "Feature", "geometry": {"type": "Point", "coordinates": [-73.9819744, 40.7522577]}, "properties": {"tls": "42446488", "edge": "226041022#0", "links": [7, 8, 9, 10, 11], "bearing": 118.4}}, {"type": "Feature", "geometry": {"type": "Point", "coordinates": [-73.9964479, 40.7584842]}, "properties": {"tls": "42446504", "edge": "-1211608943#1", "links": [0, 1], "bearing": 208.6}}, {"type": "Feature", "geometry": {"type": "Point", "coordinates": [-73.9964696, 40.7582497]}, "properties": {"tls": "42446504", "edge": "1041012063#0", "links": [2, 3, 4, 5, 6, 7], "bearing": 28.4}}, {"type": "Feature", "geometry": {"type": "Point", "coordinates": [-73.9965947, 40.7584244]}, "properties": {"tls": "42446504", "edge": "46482538", "links": [8, 9, 10, 11, 12, 13, 14], "bearing": 118.6}}, {"type": "Feature", "geometry": {"type": "Point", "coordinates": [-73.9974788, 40.7589307]}, "properties": {"tls": "42446506", "edge": "5669227", "links": [0, 1], "bearing": 220.5}}, {"type": "Feature", "geometry": {"type": "Point", "coordinates": [-73.9976892, 40.7588973]}, "properties": {"tls": "42446506", "edge": "5671425#2", "links": [2, 3, 4], "bearing": 120.6}}, {"type": "Feature", "geometry": {"type": "Point", "coordinates": [-73.9996723, 40.754064]}, "properties": {"tls": "42446668", "edge": "-1498955410#1", "links": [0, 1], "bearing": 208.4}}, {"type": "Feature", "geometry": {"type": "Point", "coordinates": [-73.9994296, 40.7538591]}, "properties": {"tls": "42446668", "edge": "456447349", "links": [2, 3, 4, 5], "bearing": 298.4}}, {"type": "Feature", "geometry": {"type": "Point", "coordinates": [-73.9996797, 40.7538473]}, "properties": {"tls": "42446668", "edge": "767990686#0", "links": [6, 7, 8, 9, 10], "bearing": 28.3}}, {"type": "Feature", "geometry": {"type": "Point", "coordinates": [-73.9849887, 40.7478418]}, "properties": {"tls": "42446701", "edge": "195743343#0", "links": [0, 1, 2, 3, 4], "bearing": 208.4}}, {"type": "Feature", "geometry": {"type": "Point", "coordinates": [-73.9848994, 40.7477155]}, "properties": {"tls": "42446701", "edge": "46520833#3", "links": [5, 6, 7], "bearing": 298.3}}, {"type": "Feature", "geometry": {"type": "Point", "coordinates": [-73.9755046, 40.752189]}, "properties": {"tls": "42446971", "edge": "496990647#3", "links": [0, 1, 2], "bearing": 208.1}}, {"type": "Feature", "geometry": {"type": "Point", "coordinates": [-73.9754315, 40.7520696]}, "properties": {"tls": "42446971", "edge": "619454130#0", "links": [3, 4], "bearing": 298.0}}, {"type": "Feature", "geometry": {"type": "Point", "coordinates": [-73.975053, 40.7528089]}, "properties": {"tls": "42446977", "edge": "496990647#0", "links": [0, 1, 2, 3], "bearing": 208.1}}, {"type": "Feature", "geometry": {"type": "Point", "coordinates": [-73.9736832, 40.7546809]}, "properties": {"tls": "42446986", "edge": "458180187#3", "links": [0, 1, 2, 3], "bearing": 208.9}}, {"type": "Feature", "geometry": {"type": "Point", "coordinates": [-73.9736117, 40.7545615]}, "properties": {"tls": "42446986", "edge": "988977545#3", "links": [4, 5, 6], "bearing": 299.1}}, {"type": "Feature", "geometry": {"type": "Point", "coordinates": [-73.9732154, 40.7553219]}, "properties": {"tls": "42446987", "edge": "458180187#0", "links": [0, 1, 2, 3], "bearing": 208.2}}, {"type": "Feature", "geometry": {"type": "Point", "coordinates": [-73.9731365, 40.7552108]}, "properties": {"tls": "42446987", "edge": "-226041006#2", "links": [4], "bearing": 298.7}}, {"type": "Feature", "geometry": {"type": "Point", "coordinates": [-73.9733903, 40.7553012]}, "properties": {"tls": "42446987", "edge": "1376704197#0", "links": [5, 6], "bearing": 117.5}}, {"type": "Feature", "geometry": {"type": "Point", "coordinates": [-73.9723038, 40.7565784]}, "properties": {"tls": "42446991", "edge": "458180193#6", "links": [0, 1, 2, 3, 4], "bearing": 208.2}}, {"type": "Feature", "geometry": {"type": "Point", "coordinates": [-73.9725047, 40.7565538]}, "properties": {"tls": "42446991", "edge": "511924978#0", "links": [5, 6, 7, 8], "bearing": 118.3}}, {"type": "Feature", "geometry": {"type": "Point", "coordinates": [-73.9713992, 40.7578175]}, "properties": {"tls": "42446994", "edge": "458180193#0", "links": [0, 1, 2, 3, 4, 5], "bearing": 208.4}}, {"type": "Feature", "geometry": {"type": "Point", "coordinates": [-73.9715779, 40.7578038]}, "properties": {"tls": "42446994", "edge": "743358444#1", "links": [6, 7, 8, 9, 10], "bearing": 118.5}}, {"type": "Feature", "geometry": {"type": "Point", "coordinates": [-73.9704746, 40.7590831]}, "properties": {"tls": "42446998", "edge": "1250866957#0", "links": [0, 1, 2, 3], "bearing": 208.1}}, {"type": "Feature", "geometry": {"type": "Point", "coordinates": [-73.9706718, 40.7590611]}, "properties": {"tls": "42446998", "edge": "226041011#1", "links": [4, 5, 6, 7], "bearing": 118.5}}, {"type": "Feature", "geometry": {"type": "Point", "coordinates": [-73.9717517, 40.7546959]}, "properties": {"tls": "42448813", "edge": "-1455345750#10", "links": [0, 1, 2], "bearing": 208.5}}, {"type": "Feature", "geometry": {"type": "Point", "coordinates": [-73.9714965, 40.7545113]}, "properties": {"tls": "42448813", "edge": "-226041006#5", "links": [3, 4, 5], "bearing": 298.3}}, {"type": "Feature", "geometry": {"type": "Point", "coordinates": [-73.971741, 40.7545039]}, "properties": {"tls": "42448813", "edge": "1455345750#6", "links": [6, 7, 8, 9, 10, 11], "bearing": 28.5}}, {"type": "Feature", "geometry": {"type": "Point", "coordinates": [-73.9718844, 40.7546533]}, "properties": {"tls": "42448813", "edge": "226041006#0", "links": [12, 13, 14], "bearing": 118.5}}, {"type": "Feature", "geometry": {"type": "Point", "coordinates": [-73.9790894, 40.7445691]}, "properties": {"tls": "42449314", "edge": "-388240124#11", "links": [0, 1], "bearing": 208.5}}, {"type": "Feature", "geometry": {"type": "Point", "coordinates": [-73.9791185, 40.7443716]}, "properties": {"tls": "42449314", "edge": "388240124#4", "links": [2, 3, 4, 5, 6, 7], "bearing": 28.2}}, {"type": "Feature", "geometry": {"type": "Point", "coordinates": [-73.9792255, 40.7445218]}, "properties": {"tls": "42449314", "edge": "1316295714#0", "links": [8, 9], "bearing": 118.6}}, {"type": "Feature", "geometry": {"type": "Point", "coordinates": [-73.9904048, 40.7666652]}, "properties": {"tls": "42449550", "edge": "-808190588#2", "links": [0], "bearing": 208.1}}, {"type": "Feature", "geometry": {"type": "Point", "coordinates": [-73.9902752, 40.7665049]}, "properties": {"tls": "42449550", "edge": "812949647#6", "links": [1, 2], "bearing": 298.9}}, {"type": "Feature", "geometry": {"type": "Point", "coordinates": [-73.9904718, 40.7664834]}, "properties": {"tls": "42449550", "edge": "808190579#0", "links": [3, 4, 5, 6], "bearing": 27.3}}, {"type": "Feature", "geometry": {"type": "Point", "coordinates": [-73.9735919, 40.7464383]}, "properties": {"tls": "42449689", "edge": "381477004#0", "links": [0, 1], "bearing": 208.3}}, {"type": "Feature", "geometry": {"type": "Point", "coordinates": [-73.9735284, 40.7462742]}, "properties": {"tls": "42449689", "edge": "368938760", "links": [2, 3, 4, 5, 6], "bearing": 298.1}}, {"type": "Feature", "geometry": {"type": "Point", "coordinates": [-73.9740317, 40.7515758]}, "properties": {"tls": "42449947", "edge": "-1455345748#5", "links": [0, 1], "bearing": 208.4}}, {"type": "Feature", "geometry": {"type": "Point", "coordinates": [-73.9737829, 40.751382]}, "properties": {"tls": "42449947", "edge": "46469727#0", "links": [2, 3, 4, 5], "bearing": 298.5}}, {"type": "Feature", "geometry": {"type": "Point", "coordinates": [-73.9740154, 40.7513912]}, "properties": {"tls": "42449947", "edge": "1455345748#0", "links": [6, 7, 8, 9, 10], "bearing": 28.3}}, {"type": "Feature", "geometry": {"type": "Point", "coordinates": [-73.9722101, 40.7540687]}, "properties": {"tls": "42449954", "edge": "-1455345750#8", "links": [0, 1], "bearing": 208.4}}, {"type": "Feature", "geometry": {"type": "Point", "coordinates": [-73.9719615, 40.7538748]}, "properties": {"tls": "42449954", "edge": "988977545#0", "links": [2, 3, 4, 5], "bearing": 298.9}}, {"type": "Feature", "geometry": {"type": "Point", "coordinates": [-73.9721941, 40.7538839]}, "properties": {"tls": "42449954", "edge": "1455345750#3", "links": [6, 7, 8, 9, 10], "bearing": 28.5}}, {"type": "Feature", "geometry": {"type": "Point", "coordinates": [-73.9708284, 40.7559598]}, "properties": {"tls": "42449956", "edge": "-1455345752#4", "links": [0, 1], "bearing": 208.0}}, {"type": "Feature", "geometry": {"type": "Point", "coordinates": [-73.9708295, 40.7557512]}, "properties": {"tls": "42449956", "edge": "1455345752#0", "links": [2, 3, 4, 5, 6], "bearing": 28.4}}, {"type": "Feature", "geometry": {"type": "Point", "coordinates": [-73.9709639, 40.7559123]}, "properties": {"tls": "42449956", "edge": "458180188#0", "links": [7, 8, 9, 10, 11], "bearing": 118.3}}, {"type": "Feature", "geometry": {"type": "Point", "coordinates": [-73.9700293, 40.7571461]}, "properties": {"tls": "42449961", "edge": "743358443#0", "links": [0], "bearing": 118.1}}, {"type": "Feature", "geometry": {"type": "Point", "coordinates": [-73.9753104, 40.7611448]}, "properties": {"tls": "42450426", "edge": "988984235#0", "links": [0, 1, 2, 3, 4], "bearing": 208.0}}, {"type": "Feature", "geometry": {"type": "Point", "coordinates": [-73.9752312, 40.761036]}, "properties": {"tls": "42450426", "edge": "-5672954#2", "links": [5], "bearing": 298.2}}, {"type": "Feature", "geometry": {"type": "Point", "coordinates": [-73.9755148, 40.7611069]}, "properties": {"tls": "42450426", "edge": "46521993#0", "links": [6, 7, 8], "bearing": 119.7}}, {"type": "Feature", "geometry": {"type": "Point", "coordinates": [-73.9899596, 40.7672758]}, "properties": {"tls": "42450434", "edge": "-195743301#1", "links": [0, 1, 2], "bearing": 208.3}}, {"type": "Feature", "geometry": {"type": "Point", "coordinates": [-73.9898261, 40.7671406]}, "properties": {"tls": "42450434", "edge": "-584971503#2", "links": [3, 4, 5], "bearing": 298.9}}, {"type": "Feature", "geometry": {"type": "Point", "coordinates": [-73.9900093, 40.7671082]}, "properties": {"tls": "42450434", "edge": "808190588#0", "links": [6, 7, 8, 9, 10], "bearing": 27.3}}, {"type": "Feature", "geometry": {"type": "Point", "coordinates": [-73.9900924, 40.7672334]}, "properties": {"tls": "42450434", "edge": "195743211#0", "links": [11, 12, 13], "bearing": 118.7}}, {"type": "Feature", "geometry": {"type": "Point", "coordinates": [-73.9859106, 40.7466061]}, "properties": {"tls": "42451674", "edge": "588168464#0", "links": [0, 1], "bearing": 208.3}}, {"type": "Feature", "geometry": {"type": "Point", "coordinates": [-73.9858212, 40.7464799]}, "properties": {"tls": "42451674", "edge": "447001271#4", "links": [2, 3], "bearing": 298.2}}, {"type": "Feature", "geometry": {"type": "Point", "coordinates": [-73.9785077, 40.7567286]}, "properties": {"tls": "42452353", "edge": "384178816#3", "links": [0, 1, 2, 3], "bearing": 207.9}}, {"type": "Feature", "geometry": {"type": "Point", "coordinates": [-73.9784193, 40.7566001]}, "properties": {"tls": "42452353", "edge": "1106482765#2", "links": [4, 5, 6], "bearing": 298.3}}, {"type": "Feature", "geometry": {"type": "Point", "coordinates": [-73.9931571, 40.7628913]}, "properties": {"tls": "42452365", "edge": "-460585328#5", "links": [0, 1], "bearing": 208.2}}, {"type": "Feature", "geometry": {"type": "Point", "coordinates": [-73.9930291, 40.7627489]}, "properties": {"tls": "42452365", "edge": "1136391283#0", "links": [2, 3, 4], "bearing": 298.3}}, {"type": "Feature", "geometry": {"type": "Point", "coordinates": [-73.9932007, 40.7627327]}, "properties": {"tls": "42452365", "edge": "460585328#0", "links": [5, 6, 7, 8], "bearing": 28.3}}, {"type": "Feature", "geometry": {"type": "Point", "coordinates": [-73.983559, 40.7498087]}, "properties": {"tls": "42452973", "edge": "420496529#0", "links": [0, 1, 2, 3, 4, 5], "bearing": 208.1}}, {"type": "Feature", "geometry": {"type": "Point", "coordinates": [-73.9837728, 40.7497934]}, "properties": {"tls": "42452973", "edge": "46522006#0", "links": [6, 7, 8, 9], "bearing": 118.3}}, {"type": "Feature", "geometry": {"type": "Point", "coordinates": [-73.9982599, 40.7559996]}, "properties": {"tls": "42452975", "edge": "-1527798601#1", "links": [0, 1], "bearing": 208.9}}, {"type": "Feature", "geometry": {"type": "Point", "coordinates": [-73.9982629, 40.755791]}, "properties": {"tls": "42452975", "edge": "496986803#0", "links": [2, 3, 4, 5, 6], "bearing": 28.6}}, {"type": "Feature", "geometry": {"type": "Point", "coordinates": [-73.9983965, 40.7559526]}, "properties": {"tls": "42452975", "edge": "5672142#3", "links": [7, 8, 9, 10, 11], "bearing": 118.7}}, {"type": "Feature", "geometry": {"type": "Point", "coordinates": [-73.9740355, 40.7431786]}, "properties": {"tls": "42453187", "edge": "-1537896629", "links": [0], "bearing": 208.6}}, {"type": "Feature", "geometry": {"type": "Point", "coordinates": [-73.9740586, 40.7430293]}, "properties": {"tls": "42453187", "edge": "1027227128#0", "links": [1, 2, 3, 4, 5], "bearing": 28.6}}, {"type": "Feature", "geometry": {"type": "Point", "coordinates": [-73.9741525, 40.7431322]}, "properties": {"tls": "42453187", "edge": "-5672190#2", "links": [6, 7], "bearing": 118.4}}, {"type": "Feature", "geometry": {"type": "Point", "coordinates": [-73.9731768, 40.7470383]}, "properties": {"tls": "42454006", "edge": "46139021#0", "links": [0, 1], "bearing": 208.5}}, {"type": "Feature", "geometry": {"type": "Point", "coordinates": [-73.9730648, 40.7469136]}, "properties": {"tls": "42454006", "edge": "-1523329087#1", "links": [2, 3, 4], "bearing": 298.4}}, {"type": "Feature", "geometry": {"type": "Point", "coordinates": [-73.9732346, 40.7468417]}, "properties": {"tls": "42454006", "edge": "-381477004#2", "links": [5, 6], "bearing": 29.5}}, {"type": "Feature", "geometry": {"type": "Point", "coordinates": [-73.9733311, 40.7469868]}, "properties": {"tls": "42454006", "edge": "453367786#0", "links": [7, 8, 9, 10], "bearing": 118.1}}, {"type": "Feature", "geometry": {"type": "Point", "coordinates": [-73.9716479, 40.7463983]}, "properties": {"tls": "42454010", "edge": "-1027228244#1", "links": [0, 1, 2], "bearing": 208.2}}, {"type": "Feature", "geometry": {"type": "Point", "coordinates": [-73.9715228, 40.7462528]}, "properties": {"tls": "42454010", "edge": "-628093103#1", "links": [3, 4, 5], "bearing": 298.2}}, {"type": "Feature", "geometry": {"type": "Point", "coordinates": [-73.9717342, 40.7462127]}, "properties": {"tls": "42454010", "edge": "955205137#0", "links": [6, 7, 8, 9], "bearing": 27.9}}, {"type": "Feature", "geometry": {"type": "Point", "coordinates": [-73.9718232, 40.7463567]}, "properties": {"tls": "42454010", "edge": "453367786#3", "links": [10, 11, 12], "bearing": 118.2}}, {"type": "Feature", "geometry": {"type": "Point", "coordinates": [-73.9913296, 40.7653973]}, "properties": {"tls": "42454042", "edge": "-808190587#2", "links": [0, 1], "bearing": 208.2}}, {"type": "Feature", "geometry": {"type": "Point", "coordinates": [-73.9912017, 40.7652548]}, "properties": {"tls": "42454042", "edge": "814278021#0", "links": [2, 3, 4], "bearing": 298.3}}, {"type": "Feature", "geometry": {"type": "Point", "coordinates": [-73.9913736, 40.7652387]}, "properties": {"tls": "42454042", "edge": "1308875366#0", "links": [5, 6, 7, 8], "bearing": 28.4}}, {"type": "Feature", "geometry": {"type": "Point", "coordinates": [-73.9803397, 40.7542372]}, "properties": {"tls": "42454428", "edge": "464515891#0", "links": [0, 1, 2, 3, 4, 5], "bearing": 208.4}}, {"type": "Feature", "geometry": {"type": "Point", "coordinates": [-73.98025, 40.754111]}, "properties": {"tls": "42454428", "edge": "5673515#0", "links": [6, 7], "bearing": 298.1}}, {"type": "Feature", "geometry": {"type": "Point", "coordinates": [-73.98054, 40.7542111]}, "properties": {"tls": "42454428", "edge": "-5672464#2", "links": [8, 9], "bearing": 118.3}}, {"type": "Feature", "geometry": {"type": "Point", "coordinates": [-73.9949774, 40.7604239]}, "properties": {"tls": "42454433", "edge": "-1518515025#1", "links": [0, 1, 2], "bearing": 208.4}}, {"type": "Feature", "geometry": {"type": "Point", "coordinates": [-73.9948256, 40.7602548]}, "properties": {"tls": "42454433", "edge": "194926847#0", "links": [3, 4], "bearing": 298.8}}, {"type": "Feature", "geometry": {"type": "Point", "coordinates": [-73.9950282, 40.7602256]}, "properties": {"tls": "42454433", "edge": "1518515024#0", "links": [5, 6, 7, 8, 9, 10], "bearing": 28.1}}, {"type": "Feature", "geometry": {"type": "Point", "coordinates": [-73.9951255, 40.7603597]}, "properties": {"tls": "42454433", "edge": "-226041024#1", "links": [11, 12, 13], "bearing": 118.2}}, {"type": "Feature", "geometry": {"type": "Point", "coordinates": [-73.9743772, 40.7457039]}, "properties": {"tls": "42454495", "edge": "942444178#0", "links": [0, 1], "bearing": 27.1}}, {"type": "Feature", "geometry": {"type": "Point", "coordinates": [-73.9744092, 40.7458175]}, "properties": {"tls": "42454495", "edge": "46334595#0", "links": [2, 3, 4], "bearing": 116.2}}, {"type": "Feature", "geometry": {"type": "Point", "coordinates": [-73.9987191, 40.7553706]}, "properties": {"tls": "42455735", "edge": "-1537619200#1", "links": [0, 1], "bearing": 208.5}}, {"type": "Feature", "geometry": {"type": "Point", "coordinates": [-73.9984713, 40.7551774]}, "properties": {"tls": "42455735", "edge": "273019812", "links": [2, 3, 4, 5], "bearing": 298.4}}, {"type": "Feature", "geometry": {"type": "Point", "coordinates": [-73.9987031, 40.7551866]}, "properties": {"tls": "42455735", "edge": "1537619201#0", "links": [6, 7, 8, 9, 10], "bearing": 28.4}}, {"type": "Feature", "geometry": {"type": "Point", "coordinates": [-73.9959597, 40.7591526]}, "properties": {"tls": "42455751", "edge": "-1518515023#1", "links": [0, 1], "bearing": 208.1}}, {"type": "Feature", "geometry": {"type": "Point", "coordinates": [-73.9957303, 40.7589156]}, "properties": {"tls": "42455751", "edge": "273895448#0", "links": [2, 3, 4, 5], "bearing": 298.3}}, {"type": "Feature", "geometry": {"type": "Point", "coordinates": [-73.9960132, 40.7588752]}, "properties": {"tls": "42455751", "edge": "954520389#0", "links": [6, 7, 8, 9, 10, 11], "bearing": 28.2}}, {"type": "Feature", "geometry": {"type": "Point", "coordinates": [-73.9935888, 40.762299]}, "properties": {"tls": "42455761", "edge": "-460585328#2", "links": [0, 1], "bearing": 208.4}}, {"type": "Feature", "geometry": {"type": "Point", "coordinates": [-73.9936695, 40.7620899]}, "properties": {"tls": "42455761", "edge": "1536562612#0", "links": [2, 3, 4, 5], "bearing": 28.3}}, {"type": "Feature", "geometry": {"type": "Point", "coordinates": [-73.9937343, 40.7622389]}, "properties": {"tls": "42455761", "edge": "1531976890#0", "links": [6, 7, 8, 9, 10], "bearing": 118.5}}, {"type": "Feature", "geometry": {"type": "Point", "coordinates": [-73.9725629, 40.7452023]}, "properties": {"tls": "42455915", "edge": "-954929768#1", "links": [0, 1], "bearing": 208.5}}, {"type": "Feature", "geometry": {"type": "Point", "coordinates": [-73.972646, 40.744962]}, "properties": {"tls": "42455915", "edge": "954926502#0", "links": [2, 3, 4, 5], "bearing": 28.6}}, {"type": "Feature", "geometry": {"type": "Point", "coordinates": [-73.9727194, 40.7451296]}, "properties": {"tls": "42455915", "edge": "1528643466#0", "links": [6, 7, 8, 9], "bearing": 117.9}}, {"type": "Feature", "geometry": {"type": "Point", "coordinates": [-73.9716046, 40.7662085]}, "properties": {"tls": "42456683", "edge": "1532515756#0", "links": [0, 1, 2, 3], "bearing": 208.7}}, {"type": "Feature", "geometry": {"type": "Point", "coordinates": [-73.9715307, 40.76611]}, "properties": {"tls": "42456683", "edge": "-1499246908#2", "links": [4, 5], "bearing": 298.4}}, {"type": "Feature", "geometry": {"type": "Point", "coordinates": [-73.973547, 40.7647012]}, "properties": {"tls": "4347534767", "edge": "5670873#0", "links": [0, 1, 2, 3], "bearing": 211.0}}, {"type": "Feature", "geometry": {"type": "Point", "coordinates": [-73.9738201, 40.7646084]}, "properties": {"tls": "4347534767", "edge": "5670253#0", "links": [4, 5, 6, 7], "bearing": 126.1}}, {"type": "Feature", "geometry": {"type": "Point", "coordinates": [-73.9724909, 40.7650104]}, "properties": {"tls": "4347534783", "edge": "1174928402#0", "links": [0, 1, 2], "bearing": 208.0}}, {"type": "Feature", "geometry": {"type": "Point", "coordinates": [-73.9724195, 40.7648541]}, "properties": {"tls": "4347534783", "edge": "1052631409#0", "links": [3, 4, 5], "bearing": 301.3}}, {"type": "Feature", "geometry": {"type": "Point", "coordinates": [-73.995309, 40.7497749]}, "properties": {"tls": "4443775464", "edge": "-767683112#1", "links": [0, 1], "bearing": 209.1}}, {"type": "Feature", "geometry": {"type": "Point", "coordinates": [-73.9953465, 40.7495923]}, "properties": {"tls": "4443775464", "edge": "1027181003#0", "links": [2, 3, 4, 5, 6, 7], "bearing": 27.3}}, {"type": "Feature", "geometry": {"type": "Point", "coordinates": [-73.9954367, 40.7497217]}, "properties": {"tls": "4443775464", "edge": "1041018377#0", "links": [8, 9, 10, 11, 12], "bearing": 118.7}}, {"type": "Feature", "geometry": {"type": "Point", "coordinates": [-73.9948447, 40.7503831]}, "properties": {"tls": "4443775465", "edge": "-767683114#2", "links": [0, 1], "bearing": 208.5}}, {"type": "Feature", "geometry": {"type": "Point", "coordinates": [-73.9947001, 40.7502351]}, "properties": {"tls": "4443775465", "edge": "464515259#3", "links": [2, 3, 4], "bearing": 297.5}}, {"type": "Feature", "geometry": {"type": "Point", "coordinates": [-73.9948908, 40.7502233]}, "properties": {"tls": "4443775465", "edge": "1038780408#0", "links": [5, 6, 7, 8], "bearing": 28.9}}, {"type": "Feature", "geometry": {"type": "Point", "coordinates": [-73.9910499, 40.7504102]}, "properties": {"tls": "4461990857", "edge": "5670803#0", "links": [0, 1, 2], "bearing": 208.0}}, {"type": "Feature", "geometry": {"type": "Point", "coordinates": [-73.9909759, 40.7502916]}, "properties": {"tls": "4461990857", "edge": "492489893#0", "links": [3, 4], "bearing": 297.9}}, {"type": "Feature", "geometry": {"type": "Point", "coordinates": [-73.9976652, 40.7516053]}, "properties": {"tls": "4557517549", "edge": "350726030#0", "links": [0, 1], "bearing": 208.6}}, {"type": "Feature", "geometry": {"type": "Point", "coordinates": [-73.9976293, 40.7514679]}, "properties": {"tls": "4557517549", "edge": "767683108#0", "links": [2, 3, 4, 5, 6], "bearing": 297.9}}, {"type": "Feature", "geometry": {"type": "Point", "coordinates": [-73.9977637, 40.7514189]}, "properties": {"tls": "4557517549", "edge": "-1027130505#1", "links": [7, 8], "bearing": 26.6}}, {"type": "Feature", "geometry": {"type": "Point", "coordinates": [-73.9700008, 40.7597352]}, "properties": {"tls": "4862610026", "edge": "569345502#3", "links": [0, 1, 2, 3], "bearing": 208.3}}, {"type": "Feature", "geometry": {"type": "Point", "coordinates": [-73.9699301, 40.7595817]}, "properties": {"tls": "4862610026", "edge": "544812894#0", "links": [4, 5], "bearing": 298.2}}, {"type": "Feature", "geometry": {"type": "Point", "coordinates": [-73.970237, 40.7596606]}, "properties": {"tls": "4862610026", "edge": "-1498928836", "links": [6, 7], "bearing": 118.1}}, {"type": "Feature", "geometry": {"type": "Point", "coordinates": [-73.9758059, 40.7449119]}, "properties": {"tls": "5131026388", "edge": "420872188#0", "links": [0, 1, 2, 3, 4, 5], "bearing": 208.6}}, {"type": "Feature", "geometry": {"type": "Point", "coordinates": [-73.9756828, 40.7447544]}, "properties": {"tls": "5131026388", "edge": "-420872204#2", "links": [6, 7, 8, 9], "bearing": 298.5}}, {"type": "Feature", "geometry": {"type": "Point", "coordinates": [-73.9759083, 40.7446456]}, "properties": {"tls": "5131026388", "edge": "-1031400325#1", "links": [10, 11, 12], "bearing": 28.7}}, {"type": "Feature", "geometry": {"type": "Point", "coordinates": [-73.976083, 40.7448416]}, "properties": {"tls": "5131026388", "edge": "1088325193#0", "links": [13, 14, 15, 16, 17], "bearing": 118.4}}, {"type": "Feature", "geometry": {"type": "Point", "coordinates": [-73.9729538, 40.7643768]}, "properties": {"tls": "5706568771", "edge": "962626218#0", "links": [0, 1, 2, 3, 4, 5], "bearing": 208.9}}, {"type": "Feature", "geometry": {"type": "Point", "coordinates": [-73.9731829, 40.7643421]}, "properties": {"tls": "5706568771", "edge": "5670874#0", "links": [6, 7, 8], "bearing": 118.3}}, {"type": "Feature", "geometry": {"type": "Point", "coordinates": [-73.989278, 40.7580256]}, "properties": {"tls": "5849918504", "edge": "-1198594026#1", "links": [0, 1], "bearing": 208.4}}, {"type": "Feature", "geometry": {"type": "Point", "coordinates": [-73.9891524, 40.7578507]}, "properties": {"tls": "5849918504", "edge": "1049845754#0", "links": [2, 3, 4], "bearing": 298.5}}, {"type": "Feature", "geometry": {"type": "Point", "coordinates": [-73.9893589, 40.7578166]}, "properties": {"tls": "5849918504", "edge": "125480075#0", "links": [5, 6, 7, 8], "bearing": 28.4}}, {"type": "Feature", "geometry": {"type": "Point", "coordinates": [-73.9894498, 40.7579593]}, "properties": {"tls": "5849918504", "edge": "-194926846#3", "links": [9, 10], "bearing": 118.1}}, {"type": "Feature", "geometry": {"type": "Point", "coordinates": [-73.9996336, 40.7591121]}, "properties": {"tls": "593839894", "edge": "420903239#0", "links": [0, 1, 2, 3, 4, 5, 6], "bearing": 207.6}}, {"type": "Feature", "geometry": {"type": "Point", "coordinates": [-73.9995191, 40.7588519]}, "properties": {"tls": "593839894", "edge": "46482541", "links": [7, 8, 9, 10, 11], "bearing": 298.5}}, {"type": "Feature", "geometry": {"type": "Point", "coordinates": [-73.9996792, 40.7588196]}, "properties": {"tls": "593839894", "edge": "-36801165#1", "links": [12, 13, 14, 15], "bearing": 27.7}}, {"type": "Feature", "geometry": {"type": "Point", "coordinates": [-73.9708722, 40.7452538]}, "properties": {"tls": "6176628861", "edge": "1529946082", "links": [0, 1, 2, 3], "bearing": 211.0}}, {"type": "Feature", "geometry": {"type": "Point", "coordinates": [-73.9710271, 40.7452122]}, "properties": {"tls": "6176628861", "edge": "-5671719#1", "links": [4], "bearing": 117.7}}, {"type": "Feature", "geometry": {"type": "Point", "coordinates": [-73.9881867, 40.7482398]}, "properties": {"tls": "6223969260", "edge": "-1224490988#1", "links": [0, 1], "bearing": 7.6}}, {"type": "Feature", "geometry": {"type": "Point", "coordinates": [-73.9882622, 40.7483224]}, "properties": {"tls": "6223969260", "edge": "460606348#0", "links": [2, 3, 4, 5], "bearing": 118.0}}, {"type": "Feature", "geometry": {"type": "Point", "coordinates": [-73.9745699, 40.7490564]}, "properties": {"tls": "GS_11337295598", "edge": "5673626#0", "links": [0, 1, 2, 3], "bearing": 28.5}}, {"type": "Feature", "geometry": {"type": "Point", "coordinates": [-73.9746419, 40.7491768]}, "properties": {"tls": "GS_11337295598", "edge": "226041005#0", "links": [4, 5, 6], "bearing": 118.8}}, {"type": "Feature", "geometry": {"type": "Point", "coordinates": [-73.9754201, 40.7495938]}, "properties": {"tls": "GS_11337295601", "edge": "-1087744935#3", "links": [0, 1], "bearing": 209.2}}, {"type": "Feature", "geometry": {"type": "Point", "coordinates": [-73.9754496, 40.7494292]}, "properties": {"tls": "GS_11337295601", "edge": "1316831700#0", "links": [2, 3, 4, 5, 6], "bearing": 29.0}}, {"type": "Feature", "geometry": {"type": "Point", "coordinates": [-73.9755477, 40.7495597]}, "properties": {"tls": "GS_11337295601", "edge": "1316831699#0", "links": [7, 8, 9, 10], "bearing": 118.3}}, {"type": "Feature", "geometry": {"type": "Point", "coordinates": [-73.9759687, 40.7515573]}, "properties": {"tls": "GS_11337295604", "edge": "1531856345#0", "links": [0, 1, 2, 3, 4, 5, 6], "bearing": 208.1}}, {"type": "Feature", "geometry": {"type": "Point", "coordinates": [-73.9758892, 40.7514181]}, "properties": {"tls": "GS_11337295604", "edge": "420356168#0", "links": [7, 8, 9], "bearing": 298.6}}, {"type": "Feature", "geometry": {"type": "Point", "coordinates": [-73.9762127, 40.7514731]}, "properties": {"tls": "GS_11337295604", "edge": "-1272613980#2", "links": [10, 11, 12], "bearing": 118.5}}, {"type": "Feature", "geometry": {"type": "Point", "coordinates": [-73.9744973, 40.7509383]}, "properties": {"tls": "GS_11337295608", "edge": "-1455345748#2", "links": [0, 1, 2], "bearing": 208.7}}, {"type": "Feature", "geometry": {"type": "Point", "coordinates": [-73.9742667, 40.7507196]}, "properties": {"tls": "GS_11337295608", "edge": "-420356169#2", "links": [3, 4, 5], "bearing": 298.2}}, {"type": "Feature", "geometry": {"type": "Point", "coordinates": [-73.9745544, 40.7506519]}, "properties": {"tls": "GS_11337295608", "edge": "1316831694#0", "links": [6, 7, 8, 9, 10], "bearing": 27.9}}, {"type": "Feature", "geometry": {"type": "Point", "coordinates": [-73.9746786, 40.7508261]}, "properties": {"tls": "GS_11337295608", "edge": "-420356168#4", "links": [11, 12, 13], "bearing": 119.3}}, {"type": "Feature", "geometry": {"type": "Point", "coordinates": [-73.998011, 40.7460535]}, "properties": {"tls": "GS_42427427", "edge": "-1061731838", "links": [0, 1], "bearing": 208.9}}, {"type": "Feature", "geometry": {"type": "Point", "coordinates": [-73.9980376, 40.7458915]}, "properties": {"tls": "GS_42427427", "edge": "420598366#0", "links": [2, 3, 4, 5, 6], "bearing": 28.8}}, {"type": "Feature", "geometry": {"type": "Point", "coordinates": [-73.9981424, 40.7460101]}, "properties": {"tls": "GS_42427427", "edge": "396444294#0", "links": [7, 8, 9, 10], "bearing": 107.7}}, {"type": "Feature", "geometry": {"type": "Point", "coordinates": [-73.9764707, 40.7508784]}, "properties": {"tls": "GS_42432444", "edge": "630828556#0", "links": [0, 1, 2, 3], "bearing": 208.8}}, {"type": "Feature", "geometry": {"type": "Point", "coordinates": [-73.9766811, 40.750842]}, "properties": {"tls": "GS_42432444", "edge": "1316295725#4", "links": [4, 5, 6], "bearing": 117.4}}, {"type": "Feature", "geometry": {"type": "Point", "coordinates": [-73.9749788, 40.7502332]}, "properties": {"tls": "GS_42432451", "edge": "-1316831694#3", "links": [0, 1], "bearing": 207.7}}, {"type": "Feature", "geometry": {"type": "Point", "coordinates": [-73.9747855, 40.7500608]}, "properties": {"tls": "GS_42432451", "edge": "-36271338#4", "links": [2, 3, 4], "bearing": 298.9}}, {"type": "Feature", "geometry": {"type": "Point", "coordinates": [-73.975007, 40.7500327]}, "properties": {"tls": "GS_42432451", "edge": "1087744935#0", "links": [5, 6, 7, 8, 9, 10], "bearing": 27.6}}, {"type": "Feature", "geometry": {"type": "Point", "coordinates": [-73.9751144, 40.7501859]}, "properties": {"tls": "GS_42432451", "edge": "1316831693#0", "links": [11, 12, 13, 14], "bearing": 119.0}}, {"type": "Feature", "geometry": {"type": "Point", "coordinates": [-73.9739422, 40.7497037]}, "properties": {"tls": "GS_42432458", "edge": "-36271338#8", "links": [0], "bearing": 298.5}}, {"type": "Feature", "geometry": {"type": "Point", "coordinates": [-73.9741153, 40.7496551]}, "properties": {"tls": "GS_42432458", "edge": "742215272#0", "links": [1, 2], "bearing": 28.0}}, {"type": "Feature", "geometry": {"type": "Point", "coordinates": [-73.9742048, 40.7497819]}, "properties": {"tls": "GS_42432458", "edge": "36271338#0", "links": [3], "bearing": 118.3}}, {"type": "Feature", "geometry": {"type": "Point", "coordinates": [-73.9791863, 40.7471728]}, "properties": {"tls": "GS_42434954", "edge": "518451322#0", "links": [0, 1, 2, 3], "bearing": 208.7}}, {"type": "Feature", "geometry": {"type": "Point", "coordinates": [-73.9791163, 40.7470215]}, "properties": {"tls": "GS_42434954", "edge": "518451327#4", "links": [4, 5, 6], "bearing": 298.3}}, {"type": "Feature", "geometry": {"type": "Point", "coordinates": [-73.9776508, 40.7465145]}, "properties": {"tls": "GS_42434959", "edge": "-1531811269", "links": [0, 1], "bearing": 209.1}}, {"type": "Feature", "geometry": {"type": "Point", "coordinates": [-73.9775016, 40.7463427]}, "properties": {"tls": "GS_42434959", "edge": "518451327#0", "links": [2, 3, 4, 5, 6, 7], "bearing": 298.4}}, {"type": "Feature", "geometry": {"type": "Point", "coordinates": [-73.9777081, 40.7463085]}, "properties": {"tls": "GS_42434959", "edge": "554083353#0", "links": [8, 9, 10, 11, 12], "bearing": 28.3}}, {"type": "Feature", "geometry": {"type": "Point", "coordinates": [-73.9819602, 40.7433476]}, "properties": {"tls": "GS_42436751", "edge": "1051841852#0", "links": [0, 1, 2], "bearing": 208.1}}, {"type": "Feature", "geometry": {"type": "Point", "coordinates": [-73.9818871, 40.7432279]}, "properties": {"tls": "GS_42436751", "edge": "226040993#0", "links": [3, 4], "bearing": 298.0}}, {"type": "Feature", "geometry": {"type": "Point", "coordinates": [-73.9821436, 40.743316]}, "properties": {"tls": "GS_42436751", "edge": "-226040993#5", "links": [5, 6], "bearing": 119.6}}, {"type": "Feature", "geometry": {"type": "Point", "coordinates": [-73.9804618, 40.7426906]}, "properties": {"tls": "GS_42436753", "edge": "-1539481862#7", "links": [0, 1], "bearing": 208.3}}, {"type": "Feature", "geometry": {"type": "Point", "coordinates": [-73.9804531, 40.7425453]}, "properties": {"tls": "GS_42436753", "edge": "1539481862#0", "links": [2, 3, 4, 5, 6, 7], "bearing": 28.6}}, {"type": "Feature", "geometry": {"type": "Point", "coordinates": [-73.9805664, 40.7426496]}, "properties": {"tls": "GS_42436753", "edge": "-226040993#3", "links": [8, 9, 10, 11], "bearing": 117.8}}, {"type": "Feature", "geometry": {"type": "Point", "coordinates": [-73.9990064, 40.749746]}, "properties": {"tls": "GS_42438672", "edge": "1027130507#0", "links": [0, 1, 2, 3, 4], "bearing": 208.4}}, {"type": "Feature", "geometry": {"type": "Point", "coordinates": [-73.9990498, 40.7495588]}, "properties": {"tls": "GS_42438672", "edge": "-1027130509#2", "links": [5, 6], "bearing": 28.1}}, {"type": "Feature", "geometry": {"type": "Point", "coordinates": [-73.9992287, 40.7497186]}, "properties": {"tls": "GS_42438672", "edge": "5670719#0", "links": [7, 8, 9, 10, 11], "bearing": 118.1}}, {"type": "Feature", "geometry": {"type": "Point", "coordinates": [-73.9965226, 40.7428991]}, "properties": {"tls": "GS_42439836", "edge": "813970416#0", "links": [0, 1, 2, 3, 4], "bearing": 208.3}}, {"type": "Feature", "geometry": {"type": "Point", "coordinates": [-73.9964398, 40.7427751]}, "properties": {"tls": "GS_42439836", "edge": "156994961#0", "links": [5, 6, 7], "bearing": 298.6}}, {"type": "Feature", "geometry": {"type": "Point", "coordinates": [-73.9965721, 40.7427324]}, "properties": {"tls": "GS_42439836", "edge": "-813970416#5", "links": [8, 9, 10], "bearing": 28.1}}, {"type": "Feature", "geometry": {"type": "Point", "coordinates": [-73.9967062, 40.7428666]}, "properties": {"tls": "GS_42439836", "edge": "-156994961#7", "links": [11, 12, 13], "bearing": 118.4}}, {"type": "Feature", "geometry": {"type": "Point", "coordinates": [-73.9863978, 40.7568051]}, "properties": {"tls": "GS_42439981", "edge": "397795464#0", "links": [0, 1, 2, 3], "bearing": 207.5}}, {"type": "Feature", "geometry": {"type": "Point", "coordinates": [-73.9863146, 40.7566497]}, "properties": {"tls": "GS_42439981", "edge": "226041025#0", "links": [4, 5, 6], "bearing": 298.3}}, {"type": "Feature", "geometry": {"type": "Point", "coordinates": [-73.9864604, 40.7565896]}, "properties": {"tls": "GS_42439981", "edge": "-569345544#2", "links": [7, 8], "bearing": 28.2}}, {"type": "Feature", "geometry": {"type": "Point", "coordinates": [-73.9721181, 40.7499538]}, "properties": {"tls": "GS_42442937", "edge": "420901682#0", "links": [0, 1, 2, 3, 4], "bearing": 208.5}}, {"type": "Feature", "geometry": {"type": "Point", "coordinates": [-73.9720249, 40.7497878]}, "properties": {"tls": "GS_42442937", "edge": "-747908052#2", "links": [5, 6, 7], "bearing": 300.0}}, {"type": "Feature", "geometry": {"type": "Point", "coordinates": [-73.9722389, 40.7496938]}, "properties": {"tls": "GS_42442937", "edge": "-1021051876#1", "links": [8, 9, 10], "bearing": 28.9}}, {"type": "Feature", "geometry": {"type": "Point", "coordinates": [-73.9723786, 40.749877]}, "properties": {"tls": "GS_42442937", "edge": "988980354", "links": [11, 12, 13, 14], "bearing": 118.7}}, {"type": "Feature", "geometry": {"type": "Point", "coordinates": [-73.9796653, 40.7465128]}, "properties": {"tls": "GS_42445374", "edge": "541351705#0", "links": [0, 1, 2, 3], "bearing": 208.7}}, {"type": "Feature", "geometry": {"type": "Point", "coordinates": [-73.9795843, 40.7463745]}, "properties": {"tls": "GS_42445374", "edge": "1545181773#0", "links": [4, 5, 6], "bearing": 297.3}}, {"type": "Feature", "geometry": {"type": "Point", "coordinates": [-73.979902, 40.7464394]}, "properties": {"tls": "GS_42445374", "edge": "-571651963#2", "links": [7, 8, 9], "bearing": 118.2}}, {"type": "Feature", "geometry": {"type": "Point", "coordinates": [-73.9781158, 40.7458764]}, "properties": {"tls": "GS_42445378", "edge": "-554083353#3", "links": [0, 1, 2], "bearing": 207.4}}, {"type": "Feature", "geometry": {"type": "Point", "coordinates": [-73.9779589, 40.7456735]}, "properties": {"tls": "GS_42445378", "edge": "587038129#0", "links": [3, 4, 5], "bearing": 302.2}}, {"type": "Feature", "geometry": {"type": "Point", "coordinates": [-73.9782034, 40.7456282]}, "properties": {"tls": "GS_42445378", "edge": "1528044512#0", "links": [6, 7, 8, 9, 10, 11], "bearing": 29.0}}, {"type": "Feature", "geometry": {"type": "Point", "coordinates": [-73.9783012, 40.7457862]}, "properties": {"tls": "GS_42445378", "edge": "-542096278#2", "links": [12, 13, 14], "bearing": 118.3}}, {"type": "Feature", "geometry": {"type": "Point", "coordinates": [-73.9800022, 40.7433178]}, "properties": {"tls": "GS_42445413", "edge": "-388240124#3", "links": [0, 1], "bearing": 208.8}}, {"type": "Feature", "geometry": {"type": "Point", "coordinates": [-73.9800183, 40.7431377]}, "properties": {"tls": "GS_42445413", "edge": "1539481862#4", "links": [2, 3, 4, 5, 6, 7], "bearing": 28.0}}, {"type": "Feature", "geometry": {"type": "Point", "coordinates": [-73.9801358, 40.7432747]}, "properties": {"tls": "GS_42445413", "edge": "226040998#4", "links": [8, 9, 10, 11, 12, 13, 14], "bearing": 118.4}}, {"type": "Feature", "geometry": {"type": "Point", "coordinates": [-73.9773783, 40.7496375]}, "properties": {"tls": "GS_42445656", "edge": "458177133#0", "links": [0, 1, 2, 3, 4, 5], "bearing": 208.3}}, {"type": "Feature", "geometry": {"type": "Point", "coordinates": [-73.977298, 40.7494981]}, "properties": {"tls": "GS_42445656", "edge": "1271749957#0", "links": [6, 7], "bearing": 298.8}}, {"type": "Feature", "geometry": {"type": "Point", "coordinates": [-73.9775866, 40.7496021]}, "properties": {"tls": "GS_42445656", "edge": "-1316060565", "links": [8, 9], "bearing": 119.5}}, {"type": "Feature", "geometry": {"type": "Point", "coordinates": [-73.9758539, 40.7490016]}, "properties": {"tls": "GS_42445661", "edge": "-1316831700#3", "links": [0, 1, 2], "bearing": 208.3}}, {"type": "Feature", "geometry": {"type": "Point", "coordinates": [-73.9757023, 40.7488323]}, "properties": {"tls": "GS_42445661", "edge": "989791208#0", "links": [3, 4], "bearing": 299.1}}, {"type": "Feature", "geometry": {"type": "Point", "coordinates": [-73.9759044, 40.7488036]}, "properties": {"tls": "GS_42445661", "edge": "729972918#3", "links": [5, 6, 7, 8, 9, 10], "bearing": 28.1}}, {"type": "Feature", "geometry": {"type": "Point", "coordinates": [-73.9760028, 40.7489357]}, "properties": {"tls": "GS_42445661", "edge": "-226040999#1", "links": [11, 12, 13], "bearing": 116.6}}, {"type": "Feature", "geometry": {"type": "Point", "coordinates": [-73.9748464, 40.7484623]}, "properties": {"tls": "GS_42445664", "edge": "226041000#0", "links": [0, 1, 2], "bearing": 298.2}}, {"type": "Feature", "geometry": {"type": "Point", "coordinates": [-73.9750337, 40.7484257]}, "properties": {"tls": "GS_42445664", "edge": "989791207#0", "links": [3, 4, 5, 6], "bearing": 28.9}}, {"type": "Feature", "geometry": {"type": "Point", "coordinates": [-73.975112, 40.7485368]}, "properties": {"tls": "GS_42445664", "edge": "-989791208#3", "links": [7, 8], "bearing": 119.1}}, {"type": "Feature", "geometry": {"type": "Point", "coordinates": [-73.9810711, 40.7445725]}, "properties": {"tls": "GS_42446933", "edge": "458166896#4", "links": [0, 1, 2, 3], "bearing": 208.2}}, {"type": "Feature", "geometry": {"type": "Point", "coordinates": [-73.9809812, 40.7444462]}, "properties": {"tls": "GS_42446933", "edge": "46334598#0", "links": [4, 5, 6], "bearing": 298.2}}, {"type": "Feature", "geometry": {"type": "Point", "coordinates": [-73.9806205, 40.7451957]}, "properties": {"tls": "GS_42446934", "edge": "458166896#0", "links": [0, 1, 2, 3, 4], "bearing": 208.1}}, {"type": "Feature", "geometry": {"type": "Point", "coordinates": [-73.980809, 40.7451854]}, "properties": {"tls": "GS_42446934", "edge": "1316295713#1", "links": [5, 6, 7], "bearing": 118.0}}, {"type": "Feature", "geometry": {"type": "Point", "coordinates": [-73.9801745, 40.7458163]}, "properties": {"tls": "GS_42446935", "edge": "1529988902#0", "links": [0, 1, 2, 3], "bearing": 207.3}}, {"type": "Feature", "geometry": {"type": "Point", "coordinates": [-73.9800842, 40.7456878]}, "properties": {"tls": "GS_42446935", "edge": "540356239#0", "links": [4, 5, 6], "bearing": 298.1}}, {"type": "Feature", "geometry": {"type": "Point", "coordinates": [-73.978737, 40.7477904]}, "properties": {"tls": "GS_42446941", "edge": "458177129#0", "links": [0, 1, 2, 3], "bearing": 207.7}}, {"type": "Feature", "geometry": {"type": "Point", "coordinates": [-73.9789425, 40.7477552]}, "properties": {"tls": "GS_42446941", "edge": "518451332#0", "links": [4, 5, 6], "bearing": 118.2}}, {"type": "Feature", "geometry": {"type": "Point", "coordinates": [-73.9782747, 40.748405]}, "properties": {"tls": "GS_42446942", "edge": "458177133#8", "links": [0, 1, 2, 3, 4], "bearing": 208.3}}, {"type": "Feature", "geometry": {"type": "Point", "coordinates": [-73.978204, 40.7482538]}, "properties": {"tls": "GS_42446942", "edge": "46469720#0", "links": [5, 6, 7], "bearing": 298.0}}, {"type": "Feature", "geometry": {"type": "Point", "coordinates": [-73.9778399, 40.7490028]}, "properties": {"tls": "GS_42446945", "edge": "458177133#4", "links": [0, 1, 2, 3, 4, 5], "bearing": 208.2}}, {"type": "Feature", "geometry": {"type": "Point", "coordinates": [-73.9777444, 40.7488856]}, "properties": {"tls": "GS_42446945", "edge": "-858965316#3", "links": [6, 7], "bearing": 298.3}}, {"type": "Feature", "geometry": {"type": "Point", "coordinates": [-73.9780422, 40.7489732]}, "properties": {"tls": "GS_42446945", "edge": "1049879867#0", "links": [8, 9], "bearing": 118.4}}, {"type": "Feature", "geometry": {"type": "Point", "coordinates": [-73.9769383, 40.750242]}, "properties": {"tls": "GS_42446949", "edge": "1316295726#0", "links": [0, 1, 2, 3, 4], "bearing": 208.4}}, {"type": "Feature", "geometry": {"type": "Point", "coordinates": [-73.9771264, 40.7502145]}, "properties": {"tls": "GS_42446949", "edge": "1046745000#0", "links": [5, 6, 7, 8], "bearing": 118.6}}, {"type": "Feature", "geometry": {"type": "Point", "coordinates": [-73.9767516, 40.7477719]}, "properties": {"tls": "GS_42449685", "edge": "-729972918#2", "links": [0, 1], "bearing": 208.5}}, {"type": "Feature", "geometry": {"type": "Point", "coordinates": [-73.9766136, 40.7475798]}, "properties": {"tls": "GS_42449685", "edge": "380147339#0", "links": [2, 3, 4, 5], "bearing": 298.0}}, {"type": "Feature", "geometry": {"type": "Point", "coordinates": [-73.9768272, 40.7475301]}, "properties": {"tls": "GS_42449685", "edge": "1462663361#0", "links": [6, 7, 8, 9, 10], "bearing": 26.7}}, {"type": "Feature", "geometry": {"type": "Point", "coordinates": [-73.9795529, 40.743935]}, "properties": {"tls": "GS_42449926", "edge": "-388240124#7", "links": [0, 1], "bearing": 208.3}}, {"type": "Feature", "geometry": {"type": "Point", "coordinates": [-73.9793586, 40.7437648]}, "properties": {"tls": "GS_42449926", "edge": "5672992#0", "links": [2, 3, 4, 5], "bearing": 298.3}}, {"type": "Feature", "geometry": {"type": "Point", "coordinates": [-73.979564, 40.7437622]}, "properties": {"tls": "GS_42449926", "edge": "388240124#0", "links": [6, 7, 8, 9, 10, 11], "bearing": 28.5}}, {"type": "Feature", "geometry": {"type": "Point", "coordinates": [-73.9786531, 40.7451666]}, "properties": {"tls": "GS_42449928", "edge": "-587061869#2", "links": [0, 1], "bearing": 208.5}}, {"type": "Feature", "geometry": {"type": "Point", "coordinates": [-73.9784593, 40.7449962]}, "properties": {"tls": "GS_42449928", "edge": "1536614048#0", "links": [2, 3, 4, 5], "bearing": 299.0}}, {"type": "Feature", "geometry": {"type": "Point", "coordinates": [-73.9786631, 40.7449945]}, "properties": {"tls": "GS_42449928", "edge": "388240124#8", "links": [6, 7, 8, 9, 10, 11], "bearing": 28.2}}, {"type": "Feature", "geometry": {"type": "Point", "coordinates": [-73.9771886, 40.7471349]}, "properties": {"tls": "GS_42449932", "edge": "-1462663361#3", "links": [0, 1], "bearing": 206.7}}, {"type": "Feature", "geometry": {"type": "Point", "coordinates": [-73.9772576, 40.7469094]}, "properties": {"tls": "GS_42449932", "edge": "1462663362#0", "links": [2, 3, 4, 5], "bearing": 29.2}}, {"type": "Feature", "geometry": {"type": "Point", "coordinates": [-73.9773297, 40.7470751]}, "properties": {"tls": "GS_42449932", "edge": "458166895#0", "links": [6, 7, 8, 9, 10, 11, 12], "bearing": 119.1}}, {"type": "Feature", "geometry": {"type": "Point", "coordinates": [-73.9763208, 40.7483625]}, "properties": {"tls": "GS_42449938", "edge": "-729972918#6", "links": [0, 1, 2], "bearing": 208.6}}, {"type": "Feature", "geometry": {"type": "Point", "coordinates": [-73.9761624, 40.7482013]}, "properties": {"tls": "GS_42449938", "edge": "-1049879868#3", "links": [3, 4, 5], "bearing": 298.6}}, {"type": "Feature", "geometry": {"type": "Point", "coordinates": [-73.9763713, 40.7481634]}, "properties": {"tls": "GS_42449938", "edge": "1528409790#0", "links": [6, 7, 8, 9, 10, 11], "bearing": 28.0}}, {"type": "Feature", "geometry": {"type": "Point", "coordinates": [-73.9764626, 40.748307]}, "properties": {"tls": "GS_42449938", "edge": "858965316#0", "links": [12, 13, 14], "bearing": 118.3}}, {"type": "Feature", "geometry": {"type": "Point", "coordinates": [-73.9752941, 40.7478486]}, "properties": {"tls": "GS_42453999", "edge": "-936539648#2", "links": [0, 1], "bearing": 298.2}}, {"type": "Feature", "geometry": {"type": "Point", "coordinates": [-73.9754937, 40.747787]}, "properties": {"tls": "GS_42453999", "edge": "936539647#0", "links": [2, 3, 4, 5], "bearing": 25.5}}, {"type": "Feature", "geometry": {"type": "Point", "coordinates": [-73.975562, 40.747923]}, "properties": {"tls": "GS_42453999", "edge": "1049879868#0", "links": [6, 7, 8], "bearing": 118.1}}, {"type": "Feature", "geometry": {"type": "Point", "coordinates": [-73.9812493, 40.7679362]}, "properties": {"tls": "GS_4347550071", "edge": "1211612938", "links": [0], "bearing": 336.4}}, {"type": "Feature", "geometry": {"type": "Point", "coordinates": [-73.9985601, 40.7503581]}, "properties": {"tls": "GS_5545401594", "edge": "989270322#0", "links": [0, 1, 2, 3, 4], "bearing": 208.3}}, {"type": "Feature", "geometry": {"type": "Point", "coordinates": [-73.9984668, 40.7502174]}, "properties": {"tls": "GS_5545401594", "edge": "1268207914#0", "links": [5, 6, 7], "bearing": 297.1}}, {"type": "Feature", "geometry": {"type": "Point", "coordinates": [-73.9986037, 40.7501692]}, "properties": {"tls": "GS_5545401594", "edge": "-1027130508#1", "links": [8, 9], "bearing": 28.9}}, {"type": "Feature", "geometry": {"type": "Point", "coordinates": [-73.9987654, 40.7503199]}, "properties": {"tls": "GS_5545401594", "edge": "-506680905", "links": [10, 11], "bearing": 118.4}}, {"type": "Feature", "geometry": {"type": "Point", "coordinates": [-73.9994112, 40.7441177]}, "properties": {"tls": "GS_5849918502", "edge": "-156994969#2", "links": [0, 1, 2], "bearing": 208.6}}, {"type": "Feature", "geometry": {"type": "Point", "coordinates": [-73.9992666, 40.7439689]}, "properties": {"tls": "GS_5849918502", "edge": "156994961#4", "links": [3, 4, 5], "bearing": 298.4}}, {"type": "Feature", "geometry": {"type": "Point", "coordinates": [-73.9994612, 40.7439509]}, "properties": {"tls": "GS_5849918502", "edge": "420598333#0", "links": [6, 7, 8, 9], "bearing": 28.6}}, {"type": "Feature", "geometry": {"type": "Point", "coordinates": [-73.9995675, 40.744072]}, "properties": {"tls": "GS_5849918502", "edge": "-458106344#3", "links": [10, 11, 12], "bearing": 117.5}}, {"type": "Feature", "geometry": {"type": "Point", "coordinates": [-73.9815218, 40.7439492]}, "properties": {"tls": "GS_8482948064", "edge": "1135346523#0", "links": [0, 1, 2, 3, 4], "bearing": 208.1}}, {"type": "Feature", "geometry": {"type": "Point", "coordinates": [-73.9816995, 40.7439351]}, "properties": {"tls": "GS_8482948064", "edge": "226040998#0", "links": [5, 6, 7, 8], "bearing": 118.7}}, {"type": "Feature", "geometry": {"type": "Point", "coordinates": [-73.9753841, 40.755427]}, "properties": {"tls": "GS_cluster_100522728_42457476", "edge": "1376704196#0", "links": [0, 1, 2, 3], "bearing": 208.2}}, {"type": "Feature", "geometry": {"type": "Point", "coordinates": [-73.9751458, 40.755223]}, "properties": {"tls": "GS_cluster_100522728_42457476", "edge": "988977545#6", "links": [4, 5, 6, 7, 8], "bearing": 298.4}}, {"type": "Feature", "geometry": {"type": "Point", "coordinates": [-73.9753256, 40.7551953]}, "properties": {"tls": "GS_cluster_100522728_42457476", "edge": "1049841322#0", "links": [9, 10, 11, 12], "bearing": 28.2}}, {"type": "Feature", "geometry": {"type": "Point", "coordinates": [-73.998642, 40.7644212]}, "properties": {"tls": "GS_cluster_11017187937_42453555", "edge": "421852030#0", "links": [0, 1, 2, 3, 4], "bearing": 208.7}}, {"type": "Feature", "geometry": {"type": "Point", "coordinates": [-73.9985716, 40.7641508]}, "properties": {"tls": "GS_cluster_11017187937_42453555", "edge": "169267539", "links": [5, 6, 7, 8, 9], "bearing": 28.6}}, {"type": "Feature", "geometry": {"type": "Point", "coordinates": [-73.9813602, 40.7472553]}, "properties": {"tls": "GS_cluster_3786901743_561042190", "edge": "989793295#0", "links": [0, 1, 2, 3, 4], "bearing": 208.0}}, {"type": "Feature", "geometry": {"type": "Point", "coordinates": [-73.9811359, 40.7470248]}, "properties": {"tls": "GS_cluster_3786901743_561042190", "edge": "1088325195#0", "links": [5, 6, 7], "bearing": 297.9}}, {"type": "Feature", "geometry": {"type": "Point", "coordinates": [-73.981361, 40.7469316]}, "properties": {"tls": "GS_cluster_3786901743_561042190", "edge": "5673380#0", "links": [8, 9, 10, 11], "bearing": 30.7}}, {"type": "Feature", "geometry": {"type": "Point", "coordinates": [-73.9815945, 40.7471505]}, "properties": {"tls": "GS_cluster_3786901743_561042190", "edge": "-420904658#3", "links": [12, 13, 14, 15], "bearing": 118.1}}, {"type": "Feature", "geometry": {"type": "Point", "coordinates": [-73.9707704, 40.7617587]}, "properties": {"tls": "GS_cluster_42432834_596775935", "edge": "671208357#0", "links": [0, 1, 2, 3, 4], "bearing": 208.4}}, {"type": "Feature", "geometry": {"type": "Point", "coordinates": [-73.9705299, 40.7615511]}, "properties": {"tls": "GS_cluster_42432834_596775935", "edge": "-497165757#3", "links": [5, 6, 7, 8], "bearing": 298.2}}, {"type": "Feature", "geometry": {"type": "Point", "coordinates": [-73.9707483, 40.7614719]}, "properties": {"tls": "GS_cluster_42432834_596775935", "edge": "573228989#0", "links": [9, 10, 11, 12, 13], "bearing": 28.4}}, {"type": "Feature", "geometry": {"type": "Point", "coordinates": [-73.970989, 40.7616786]}, "properties": {"tls": "GS_cluster_42432834_596775935", "edge": "388696206#0", "links": [14, 15, 16, 17], "bearing": 118.3}}, {"type": "Feature", "geometry": {"type": "Point", "coordinates": [-73.9726382, 40.7591878]}, "properties": {"tls": "GS_cluster_42436703_596775900", "edge": "497165753#12", "links": [0, 1, 2, 3], "bearing": 208.0}}, {"type": "Feature", "geometry": {"type": "Point", "coordinates": [-73.9724106, 40.7589739]}, "properties": {"tls": "GS_cluster_42436703_596775900", "edge": "1201651434#0", "links": [4, 5, 6], "bearing": 298.4}}, {"type": "Feature", "geometry": {"type": "Point", "coordinates": [-73.9726004, 40.7589325]}, "properties": {"tls": "GS_cluster_42436703_596775900", "edge": "1201651435#4", "links": [7, 8, 9, 10], "bearing": 28.4}}, {"type": "Feature", "geometry": {"type": "Point", "coordinates": [-73.9744701, 40.7566796]}, "properties": {"tls": "GS_cluster_42438886_596775867", "edge": "569345515#4", "links": [0, 1, 2, 3, 4], "bearing": 208.2}}, {"type": "Feature", "geometry": {"type": "Point", "coordinates": [-73.9742341, 40.7564733]}, "properties": {"tls": "GS_cluster_42438886_596775867", "edge": "458180186#0", "links": [5, 6, 7, 8, 9], "bearing": 298.8}}, {"type": "Feature", "geometry": {"type": "Point", "coordinates": [-73.9744147, 40.7564452]}, "properties": {"tls": "GS_cluster_42438886_596775867", "edge": "1376704198#0", "links": [10, 11, 12, 13], "bearing": 28.2}}, {"type": "Feature", "geometry": {"type": "Point", "coordinates": [-73.9735564, 40.7579322]}, "properties": {"tls": "GS_cluster_42440456_596775876", "edge": "1536092164#0", "links": [0, 1, 2, 3, 4], "bearing": 208.2}}, {"type": "Feature", "geometry": {"type": "Point", "coordinates": [-73.9733182, 40.7577268]}, "properties": {"tls": "GS_cluster_42440456_596775876", "edge": "569345508#0", "links": [5, 6], "bearing": 298.9}}, {"type": "Feature", "geometry": {"type": "Point", "coordinates": [-73.9734989, 40.7576993]}, "properties": {"tls": "GS_cluster_42440456_596775876", "edge": "1538411807#0", "links": [7, 8, 9, 10], "bearing": 29.2}}, {"type": "Feature", "geometry": {"type": "Point", "coordinates": [-73.9996698, 40.7632387]}, "properties": {"tls": "GS_cluster_42443570_62915509", "edge": "1313135175#0", "links": [0, 1, 2, 3, 4], "bearing": 223.8}}, {"type": "Feature", "geometry": {"type": "Point", "coordinates": [-73.9996592, 40.763025]}, "properties": {"tls": "GS_cluster_42443570_62915509", "edge": "505777313#0", "links": [5, 6, 7, 8, 9], "bearing": 43.6}}, {"type": "Feature", "geometry": {"type": "Point", "coordinates": [-73.9712828, 40.76105]}, "properties": {"tls": "GS_cluster_42443613_596775951", "edge": "497165753#0", "links": [0, 1, 2, 3], "bearing": 208.0}}, {"type": "Feature", "geometry": {"type": "Point", "coordinates": [-73.97121, 40.7608414]}, "properties": {"tls": "GS_cluster_42443613_596775951", "edge": "1498928840#0", "links": [4, 5, 6, 7], "bearing": 28.5}}, {"type": "Feature", "geometry": {"type": "Point", "coordinates": [-73.9714545, 40.761033]}, "properties": {"tls": "GS_cluster_42443613_596775951", "edge": "528748997#0", "links": [8, 9, 10, 11], "bearing": 117.9}}, {"type": "Feature", "geometry": {"type": "Point", "coordinates": [-73.9717122, 40.7604601]}, "properties": {"tls": "GS_cluster_42448338_596775907", "edge": "497165753#4", "links": [0, 1, 2, 3, 4, 5], "bearing": 208.4}}, {"type": "Feature", "geometry": {"type": "Point", "coordinates": [-73.971488, 40.7602417]}, "properties": {"tls": "GS_cluster_42448338_596775907", "edge": "1498928837#0", "links": [6, 7, 8], "bearing": 298.4}}, {"type": "Feature", "geometry": {"type": "Point", "coordinates": [-73.9716848, 40.7601907]}, "properties": {"tls": "GS_cluster_42448338_596775907", "edge": "497165756#4", "links": [9, 10, 11, 12, 13], "bearing": 28.1}}, {"type": "Feature", "geometry": {"type": "Point", "coordinates": [-73.9719352, 40.760374]}, "properties": {"tls": "GS_cluster_42448338_596775907", "edge": "-226041012#2", "links": [14, 15, 16], "bearing": 118.4}}, {"type": "Feature", "geometry": {"type": "Point", "coordinates": [-73.974934, 40.7560455]}, "properties": {"tls": "GS_cluster_42448811_596775882", "edge": "569345515#8", "links": [0, 1, 2, 3], "bearing": 208.7}}, {"type": "Feature", "geometry": {"type": "Point", "coordinates": [-73.9748584, 40.7558352]}, "properties": {"tls": "GS_cluster_42448811_596775882", "edge": "1049841322#4", "links": [4, 5, 6, 7], "bearing": 28.7}}, {"type": "Feature", "geometry": {"type": "Point", "coordinates": [-73.975123, 40.7560353]}, "properties": {"tls": "GS_cluster_42448811_596775882", "edge": "439768850#0", "links": [8, 9, 10, 11], "bearing": 117.4}}, {"type": "Feature", "geometry": {"type": "Point", "coordinates": [-73.9731112, 40.7585446]}, "properties": {"tls": "GS_cluster_42452875_596775914", "edge": "1201651437#0", "links": [0, 1, 2, 3, 4, 5], "bearing": 208.6}}, {"type": "Feature", "geometry": {"type": "Point", "coordinates": [-73.9730284, 40.7583418]}, "properties": {"tls": "GS_cluster_42452875_596775914", "edge": "1201651435#0", "links": [6, 7, 8, 9, 10], "bearing": 27.0}}, {"type": "Feature", "geometry": {"type": "Point", "coordinates": [-73.9732895, 40.758531]}, "properties": {"tls": "GS_cluster_42452875_596775914", "edge": "5672118#0", "links": [11, 12, 13, 14, 15, 16, 17, 18], "bearing": 118.8}}, {"type": "Feature", "geometry": {"type": "Point", "coordinates": [-73.9827502, 40.7452782]}, "properties": {"tls": "GS_cluster_42456568_4597668044", "edge": "464683341#0", "links": [0, 1, 2, 3], "bearing": 207.8}}, {"type": "Feature", "geometry": {"type": "Point", "coordinates": [-73.9825513, 40.7451054]}, "properties": {"tls": "GS_cluster_42456568_4597668044", "edge": "1135346522#0", "links": [4, 5, 6, 7], "bearing": 298.2}}, {"type": "Feature", "geometry": {"type": "Point", "coordinates": [-73.9827235, 40.745089]}, "properties": {"tls": "GS_cluster_42456568_4597668044", "edge": "420514149#4", "links": [8, 9, 10, 11], "bearing": 28.6}}, {"type": "Feature", "geometry": {"type": "Point", "coordinates": [-73.970287, 40.7624227]}, "properties": {"tls": "GS_cluster_42456598_596775941", "edge": "1536593475#0", "links": [0, 1, 2, 3], "bearing": 208.4}}, {"type": "Feature", "geometry": {"type": "Point", "coordinates": [-73.9702414, 40.7621593]}, "properties": {"tls": "GS_cluster_42456598_596775941", "edge": "46240204#0", "links": [4, 5, 6, 7, 8], "bearing": 28.5}}, {"type": "Feature", "geometry": {"type": "Point", "coordinates": [-73.9704767, 40.7623816]}, "properties": {"tls": "GS_cluster_42456598_596775941", "edge": "5672951#0", "links": [9, 10, 11], "bearing": 118.7}}, {"type": "Feature", "geometry": {"type": "Point", "coordinates": [-73.9721886, 40.7598101]}, "properties": {"tls": "GS_cluster_42456611_596775919", "edge": "497165753#8", "links": [0, 1, 2, 3], "bearing": 208.5}}, {"type": "Feature", "geometry": {"type": "Point", "coordinates": [-73.9721326, 40.7595732]}, "properties": {"tls": "GS_cluster_42456611_596775919", "edge": "497165756#0", "links": [4, 5, 6, 7], "bearing": 28.8}}, {"type": "Feature", "geometry": {"type": "Point", "coordinates": [-73.9723695, 40.7597813]}, "properties": {"tls": "GS_cluster_42456611_596775919", "edge": "541331485#0", "links": [8, 9, 10, 11, 12], "bearing": 118.4}}, {"type": "Feature", "geometry": {"type": "Point", "coordinates": [-73.9740166, 40.7573008]}, "properties": {"tls": "GS_cluster_42459098_596775870", "edge": "569345515#0", "links": [0, 1, 2, 3, 4], "bearing": 208.3}}, {"type": "Feature", "geometry": {"type": "Point", "coordinates": [-73.9739626, 40.7570629]}, "properties": {"tls": "GS_cluster_42459098_596775870", "edge": "1376704198#4", "links": [5, 6, 7, 8], "bearing": 28.4}}, {"type": "Feature", "geometry": {"type": "Point", "coordinates": [-73.9742171, 40.7572776]}, "properties": {"tls": "GS_cluster_42459098_596775870", "edge": "441405436#0", "links": [9, 10, 11, 12, 13, 14], "bearing": 118.5}}, {"type": "Feature", "geometry": {"type": "Point", "coordinates": [-73.999403, 40.7523303]}, "properties": {"tls": "GS_cluster_427840998_427841062", "edge": "68325075", "links": [0, 1, 2], "bearing": 207.9}}, {"type": "Feature", "geometry": {"type": "Point", "coordinates": [-73.999272, 40.7521615]}, "properties": {"tls": "GS_cluster_427840998_427841062", "edge": "460069727#0", "links": [3, 4, 5], "bearing": 298.9}}, {"type": "Feature", "geometry": {"type": "Point", "coordinates": [-73.9994438, 40.7521121]}, "properties": {"tls": "GS_cluster_427840998_427841062", "edge": "46226335#0", "links": [6, 7, 8], "bearing": 29.1}}, {"type": "Feature", "geometry": {"type": "Point", "coordinates": [-73.9997172, 40.7518991]}, "properties": {"tls": "GS_cluster_427841071_427841073", "edge": "1238990622#0", "links": [0, 1], "bearing": 198.8}}, {"type": "Feature", "geometry": {"type": "Point", "coordinates": [-73.999565, 40.7517282]}, "properties": {"tls": "GS_cluster_427841071_427841073", "edge": "31984136#0", "links": [2, 3], "bearing": 330.9}}, {"type": "Feature", "geometry": {"type": "Point", "coordinates": [-73.999862, 40.7518293]}, "properties": {"tls": "GS_cluster_427841071_427841073", "edge": "31984130#0", "links": [4, 5, 6], "bearing": 105.5}}, {"type": "Feature", "geometry": {"type": "Point", "coordinates": [-73.9781109, 40.7513238]}, "properties": {"tls": "GS_cluster_561042200_8122411159", "edge": "68674960#0", "links": [0], "bearing": 29.0}}, {"type": "Feature", "geometry": {"type": "Point", "coordinates": [-73.9783583, 40.7515513]}, "properties": {"tls": "GS_cluster_561042200_8122411159", "edge": "1316295725#0", "links": [1, 2, 3, 4], "bearing": 118.4}}, {"type": "Feature", "geometry": {"type": "Point", "coordinates": [-73.9980012, 40.7511351]}, "properties": {"tls": "cluster_10173309977_358448394_42437688", "edge": "1027130505#0", "links": [0, 1, 2, 3, 4, 5, 6], "bearing": 208.5}}, {"type": "Feature", "geometry": {"type": "Point", "coordinates": [-73.9981629, 40.7507758]}, "properties": {"tls": "cluster_10173309977_358448394_42437688", "edge": "-989270322#2", "links": [7, 8], "bearing": 28.3}}, {"type": "Feature", "geometry": {"type": "Point", "coordinates": [-73.9983135, 40.7509748]}, "properties": {"tls": "cluster_10173309977_358448394_42437688", "edge": "36806658#0", "links": [9, 10, 11, 12], "bearing": 118.3}}, {"type": "Feature", "geometry": {"type": "Point", "coordinates": [-73.9963821, 40.7675275]}, "properties": {"tls": "cluster_11017186436_12153915856", "edge": "1425350541#0", "links": [0, 1, 2, 3], "bearing": 208.2}}, {"type": "Feature", "geometry": {"type": "Point", "coordinates": [-73.9960846, 40.7673142]}, "properties": {"tls": "cluster_11017186436_12153915856", "edge": "1061979016#0", "links": [4, 5, 6, 7], "bearing": 298.4}}, {"type": "Feature", "geometry": {"type": "Point", "coordinates": [-73.9962728, 40.7673049]}, "properties": {"tls": "cluster_11017186436_12153915856", "edge": "1425350540", "links": [8, 9, 10, 11], "bearing": 28.3}}, {"type": "Feature", "geometry": {"type": "Point", "coordinates": [-73.9968188, 40.7669276]}, "properties": {"tls": "cluster_11017186437_12153915859", "edge": "1186131872", "links": [0, 1, 2, 3, 4], "bearing": 208.3}}, {"type": "Feature", "geometry": {"type": "Point", "coordinates": [-73.9967489, 40.7666547]}, "properties": {"tls": "cluster_11017186437_12153915859", "edge": "681042531#0", "links": [5, 6, 7, 8, 9], "bearing": 28.4}}, {"type": "Feature", "geometry": {"type": "Point", "coordinates": [-73.9972761, 40.7663002]}, "properties": {"tls": "cluster_11017187935_62915536", "edge": "421852039#0", "links": [0, 1, 2, 3], "bearing": 208.3}}, {"type": "Feature", "geometry": {"type": "Point", "coordinates": [-73.997001, 40.7660616]}, "properties": {"tls": "cluster_11017187935_62915536", "edge": "1532350682", "links": [4, 5, 6, 7, 8], "bearing": 299.2}}, {"type": "Feature", "geometry": {"type": "Point", "coordinates": [-73.9972069, 40.7660286]}, "properties": {"tls": "cluster_11017187935_62915536", "edge": "421852041", "links": [9, 10, 11, 12], "bearing": 28.3}}, {"type": "Feature", "geometry": {"type": "Point", "coordinates": [-73.997731, 40.7656767]}, "properties": {"tls": "cluster_11017187936_12154598280_12154598283_247120149_#2more", "edge": "421852029", "links": [0, 1, 2, 3, 4], "bearing": 208.5}}, {"type": "Feature", "geometry": {"type": "Point", "coordinates": [-73.9977247, 40.7653166]}, "properties": {"tls": "cluster_11017187936_12154598280_12154598283_247120149_#2more", "edge": "1341940285", "links": [5, 6, 7, 8, 9], "bearing": 28.4}}, {"type": "Feature", "geometry": {"type": "Point", "coordinates": [-73.974872, 40.7461791]}, "properties": {"tls": "cluster_11942111840_42423020_6913714562", "edge": "457948936#0", "links": [0, 1, 2, 3, 4, 5, 6, 7], "bearing": 209.3}}, {"type": "Feature", "geometry": {"type": "Point", "coordinates": [-73.9749391, 40.7459324]}, "properties": {"tls": "cluster_11942111840_42423020_6913714562", "edge": "-421852618#1", "links": [8, 9], "bearing": 28.6}}, {"type": "Feature", "geometry": {"type": "Point", "coordinates": [-73.9751167, 40.7461419]}, "properties": {"tls": "cluster_11942111840_42423020_6913714562", "edge": "46469722", "links": [10, 11, 12, 13, 14, 15, 16, 17], "bearing": 118.5}}, {"type": "Feature", "geometry": {"type": "Point", "coordinates": [-73.9808883, 40.7478906]}, "properties": {"tls": "cluster_12181374928_42434951_561042191", "edge": "1536568237#4", "links": [0, 1, 2], "bearing": 208.8}}, {"type": "Feature", "geometry": {"type": "Point", "coordinates": [-73.9806429, 40.7476657]}, "properties": {"tls": "cluster_12181374928_42434951_561042191", "edge": "989793294#0", "links": [3, 4, 5, 6, 7], "bearing": 298.1}}, {"type": "Feature", "geometry": {"type": "Point", "coordinates": [-73.9808317, 40.7476268]}, "properties": {"tls": "cluster_12181374928_42434951_561042191", "edge": "989793293#0", "links": [8, 9, 10, 11], "bearing": 28.4}}, {"type": "Feature", "geometry": {"type": "Point", "coordinates": [-73.9804433, 40.748494]}, "properties": {"tls": "cluster_12181374934_42458333_561042193", "edge": "1536568237#0", "links": [0, 1, 2], "bearing": 209.1}}, {"type": "Feature", "geometry": {"type": "Point", "coordinates": [-73.9803765, 40.7482552]}, "properties": {"tls": "cluster_12181374934_42458333_561042193", "edge": "68674961#0", "links": [3, 4, 5, 6], "bearing": 28.0}}, {"type": "Feature", "geometry": {"type": "Point", "coordinates": [-73.9806084, 40.7484583]}, "properties": {"tls": "cluster_12181374934_42458333_561042193", "edge": "458166893#0", "links": [7, 8, 9, 10, 11], "bearing": 118.5}}, {"type": "Feature", "geometry": {"type": "Point", "coordinates": [-73.9799828, 40.7491247]}, "properties": {"tls": "cluster_12181374941_42449683_561042192", "edge": "68674968#4", "links": [0, 1, 2], "bearing": 208.8}}, {"type": "Feature", "geometry": {"type": "Point", "coordinates": [-73.9797456, 40.7489029]}, "properties": {"tls": "cluster_12181374941_42449683_561042192", "edge": "458177128#0", "links": [3, 4, 5, 6], "bearing": 298.7}}, {"type": "Feature", "geometry": {"type": "Point", "coordinates": [-73.9799347, 40.7488621]}, "properties": {"tls": "cluster_12181374941_42449683_561042192", "edge": "68674961#4", "links": [7, 8, 9, 10], "bearing": 28.4}}, {"type": "Feature", "geometry": {"type": "Point", "coordinates": [-73.9795418, 40.7497271]}, "properties": {"tls": "cluster_12181374945_42453986_561042194", "edge": "68674968#0", "links": [0, 1, 2, 3], "bearing": 208.9}}, {"type": "Feature", "geometry": {"type": "Point", "coordinates": [-73.9792825, 40.7495335]}, "properties": {"tls": "cluster_12181374945_42453986_561042194", "edge": "-1316295723#2", "links": [4, 5, 6], "bearing": 299.7}}, {"type": "Feature", "geometry": {"type": "Point", "coordinates": [-73.9794859, 40.7494771]}, "properties": {"tls": "cluster_12181374945_42453986_561042194", "edge": "1537180165#0", "links": [7, 8, 9, 10, 11], "bearing": 28.6}}, {"type": "Feature", "geometry": {"type": "Point", "coordinates": [-73.9797125, 40.7496854]}, "properties": {"tls": "cluster_12181374945_42453986_561042194", "edge": "858965315#0", "links": [12, 13, 14, 15], "bearing": 119.5}}, {"type": "Feature", "geometry": {"type": "Point", "coordinates": [-73.9790922, 40.7503558]}, "properties": {"tls": "cluster_12181374952_42445653_561042195", "edge": "771759769#0", "links": [0, 1, 2, 3, 4], "bearing": 207.0}}, {"type": "Feature", "geometry": {"type": "Point", "coordinates": [-73.9788538, 40.7501503]}, "properties": {"tls": "cluster_12181374952_42445653_561042195", "edge": "1150636497#0", "links": [5, 6], "bearing": 298.7}}, {"type": "Feature", "geometry": {"type": "Point", "coordinates": [-73.9790261, 40.7501073]}, "properties": {"tls": "cluster_12181374952_42445653_561042195", "edge": "1530348720#0", "links": [7, 8, 9, 10], "bearing": 28.3}}, {"type": "Feature", "geometry": {"type": "Point", "coordinates": [-73.9792652, 40.7503049]}, "properties": {"tls": "cluster_12181374952_42445653_561042195", "edge": "-1150636499#1", "links": [11, 12, 13], "bearing": 119.0}}, {"type": "Feature", "geometry": {"type": "Point", "coordinates": [-73.9756322, 40.747214]}, "properties": {"tls": "cluster_12187390432_1701844670_42426816_6166333257_#2more", "edge": "381477008#0", "links": [0, 1], "bearing": 304.5}}, {"type": "Feature", "geometry": {"type": "Point", "coordinates": [-73.9757062, 40.7470719]}, "properties": {"tls": "cluster_12187390432_1701844670_42426816_6166333257_#2more", "edge": "1461922852", "links": [2, 3], "bearing": 298.5}}, {"type": "Feature", "geometry": {"type": "Point", "coordinates": [-73.9758239, 40.7470716]}, "properties": {"tls": "cluster_12187390432_1701844670_42426816_6166333257_#2more", "edge": "1461919267", "links": [4, 5, 6, 7], "bearing": 354.3}}, {"type": "Feature", "geometry": {"type": "Point", "coordinates": [-73.997094, 40.7547193]}, "properties": {"tls": "cluster_1533280147_7037071175_8261123400_9971300853_#1more", "edge": "46492639#0", "links": [0, 1, 2], "bearing": 213.3}}, {"type": "Feature", "geometry": {"type": "Point", "coordinates": [-73.9969678, 40.7545509]}, "properties": {"tls": "cluster_1533280147_7037071175_8261123400_9971300853_#1more", "edge": "1088327050#0", "links": [3, 4, 5], "bearing": 297.2}}, {"type": "Feature", "geometry": {"type": "Point", "coordinates": [-73.9973308, 40.754273]}, "properties": {"tls": "cluster_1533280147_7037071175_8261123400_9971300853_#1more", "edge": "-139919706#1", "links": [6, 7], "bearing": 27.6}}, {"type": "Feature", "geometry": {"type": "Point", "coordinates": [-73.9977775, 40.7615746]}, "properties": {"tls": "cluster_42430677_7280430895", "edge": "1213301201", "links": [0, 1, 2, 3, 4, 5, 6, 7], "bearing": 210.0}}, {"type": "Feature", "geometry": {"type": "Point", "coordinates": [-73.9976632, 40.7614333]}, "properties": {"tls": "cluster_42430677_7280430895", "edge": "739911956#0", "links": [8, 9, 10, 11], "bearing": 301.5}}, {"type": "Feature", "geometry": {"type": "Point", "coordinates": [-73.9979652, 40.7615584]}, "properties": {"tls": "cluster_42430677_7280430895", "edge": "-739911957#3", "links": [12, 13], "bearing": 120.8}}, {"type": "Feature", "geometry": {"type": "Point", "coordinates": [-73.9965283, 40.7553624]}, "properties": {"tls": "cluster_42434429_427842070", "edge": "954552256#1", "links": [0, 1, 2, 3, 4, 5], "bearing": 208.6}}, {"type": "Feature", "geometry": {"type": "Point", "coordinates": [-73.9965109, 40.7550361]}, "properties": {"tls": "cluster_42434429_427842070", "edge": "1202082384#0", "links": [6, 7], "bearing": 44.4}}, {"type": "Feature", "geometry": {"type": "Point", "coordinates": [-73.9967971, 40.7552823]}, "properties": {"tls": "cluster_42434429_427842070", "edge": "1539480057#0", "links": [8, 9, 10, 11, 12], "bearing": 118.1}}, {"type": "Feature", "geometry": {"type": "Point", "coordinates": [-73.9836321, 40.7440687]}, "properties": {"tls": "cluster_42436748_4597668043", "edge": "464683341#8", "links": [0, 1, 2, 3, 4, 5], "bearing": 208.1}}, {"type": "Feature", "geometry": {"type": "Point", "coordinates": [-73.983442, 40.7438819]}, "properties": {"tls": "cluster_42436748_4597668043", "edge": "1049837362#0", "links": [6, 7, 8], "bearing": 298.5}}, {"type": "Feature", "geometry": {"type": "Point", "coordinates": [-73.9836296, 40.7438457]}, "properties": {"tls": "cluster_42436748_4597668043", "edge": "1536088486#0", "links": [9, 10, 11, 12, 13], "bearing": 28.9}}, {"type": "Feature", "geometry": {"type": "Point", "coordinates": [-73.9838249, 40.744023]}, "properties": {"tls": "cluster_42436748_4597668043", "edge": "-420514148#3", "links": [14, 15, 16], "bearing": 118.5}}, {"type": "Feature", "geometry": {"type": "Point", "coordinates": [-73.9720347, 40.7433199]}, "properties": {"tls": "cluster_42445392_4412043541", "edge": "194926840#0", "links": [0, 1, 2], "bearing": 201.6}}, {"type": "Feature", "geometry": {"type": "Point", "coordinates": [-73.9722133, 40.7428806]}, "properties": {"tls": "cluster_42445392_4412043541", "edge": "711924577", "links": [3, 4, 5, 6], "bearing": 17.5}}, {"type": "Feature", "geometry": {"type": "Point", "coordinates": [-73.9722368, 40.7432133]}, "properties": {"tls": "cluster_42445392_4412043541", "edge": "-1424092635", "links": [7, 8, 9, 10], "bearing": 117.5}}, {"type": "Feature", "geometry": {"type": "Point", "coordinates": [-73.9831941, 40.7446668]}, "properties": {"tls": "cluster_42445409_4597668033", "edge": "464683341#4", "links": [0, 1, 2, 3, 4], "bearing": 208.3}}, {"type": "Feature", "geometry": {"type": "Point", "coordinates": [-73.9831735, 40.7444708]}, "properties": {"tls": "cluster_42445409_4597668033", "edge": "420514149#0", "links": [5, 6, 7, 8, 9], "bearing": 28.3}}, {"type": "Feature", "geometry": {"type": "Point", "coordinates": [-73.9833682, 40.7446478]}, "properties": {"tls": "cluster_42445409_4597668033", "edge": "226040996#0", "links": [10, 11, 12, 13, 14], "bearing": 118.4}}, {"type": "Feature", "geometry": {"type": "Point", "coordinates": [-73.9840931, 40.7434324]}, "properties": {"tls": "cluster_42446266_4597668030", "edge": "464683339#0", "links": [0, 1, 2, 3], "bearing": 208.2}}, {"type": "Feature", "geometry": {"type": "Point", "coordinates": [-73.9840698, 40.7432397]}, "properties": {"tls": "cluster_42446266_4597668030", "edge": "1536088485#0", "links": [4, 5, 6, 7], "bearing": 29.4}}, {"type": "Feature", "geometry": {"type": "Point", "coordinates": [-73.984268, 40.7434123]}, "properties": {"tls": "cluster_42446266_4597668030", "edge": "1536088484#0", "links": [8, 9, 10, 11], "bearing": 117.1}}, {"type": "Feature", "geometry": {"type": "Point", "coordinates": [-73.9822601, 40.7459184]}, "properties": {"tls": "cluster_42449308_4597668020", "edge": "573476359#0", "links": [0, 1], "bearing": 212.7}}, {"type": "Feature", "geometry": {"type": "Point", "coordinates": [-73.9822937, 40.7456775]}, "properties": {"tls": "cluster_42449308_4597668020", "edge": "447001270#0", "links": [2, 3, 4, 5], "bearing": 28.9}}, {"type": "Feature", "geometry": {"type": "Point", "coordinates": [-73.9824631, 40.7458833]}, "properties": {"tls": "cluster_42449308_4597668020", "edge": "195743165#0", "links": [6, 7, 8, 9], "bearing": 118.4}}, {"type": "Feature", "geometry": {"type": "Point", "coordinates": [-73.9710298, 40.7471868]}, "properties": {"tls": "joinedS_12154055788_12840833852_42453011", "edge": "1313071250#0", "links": [0, 1, 2, 3, 4], "bearing": 26.5}}, {"type": "Feature", "geometry": {"type": "Point", "coordinates": [-73.9710638, 40.7473631]}, "properties": {"tls": "joinedS_12154055788_12840833852_42453011", "edge": "-36185650#1", "links": [5, 6, 7], "bearing": 179.2}}, {"type": "Feature", "geometry": {"type": "Point", "coordinates": [-73.970847, 40.7476593]}, "properties": {"tls": "joinedS_12154055788_12840833852_42453011", "edge": "-1414774493#1", "links": [8, 9], "bearing": 209.3}}, {"type": "Feature", "geometry": {"type": "Point", "coordinates": [-73.9709058, 40.7475183]}, "properties": {"tls": "joinedS_12154055788_12840833852_42453011", "edge": "36185650#0", "links": [10, 11, 12, 13], "bearing": 26.8}}, {"type": "Feature", "geometry": {"type": "Point", "coordinates": [-73.9709649, 40.7476211]}, "properties": {"tls": "joinedS_12154055788_12840833852_42453011", "edge": "226041003#2", "links": [14, 15, 16, 17, 18], "bearing": 119.4}}, {"type": "Feature", "geometry": {"type": "Point", "coordinates": [-73.9708327, 40.7474862]}, "properties": {"tls": "joinedS_12154055788_12840833852_42453011", "edge": "771939270#0", "links": [19, 20, 21], "bearing": 27.4}}, {"type": "Feature", "geometry": {"type": "Point", "coordinates": [-73.9708737, 40.7475918]}, "properties": {"tls": "joinedS_12154055788_12840833852_42453011", "edge": "1414774494", "links": [22], "bearing": 119.1}}, {"type": "Feature", "geometry": {"type": "Point", "coordinates": [-73.9850045, 40.7594945]}, "properties": {"tls": "joinedS_12989986305_42428303_42439994", "edge": "1413518739#0", "links": [0, 1], "bearing": 195.0}}, {"type": "Feature", "geometry": {"type": "Point", "coordinates": [-73.9849224, 40.7593537]}, "properties": {"tls": "joinedS_12989986305_42428303_42439994", "edge": "452322757#0", "links": [2, 3, 4], "bearing": 298.0}}, {"type": "Feature", "geometry": {"type": "Point", "coordinates": [-73.9851429, 40.7594082]}, "properties": {"tls": "joinedS_12989986305_42428303_42439994", "edge": "-452322757#3", "links": [5, 6], "bearing": 119.1}}, {"type": "Feature", "geometry": {"type": "Point", "coordinates": [-73.9851102, 40.7595287]}, "properties": {"tls": "joinedS_12989986305_42428303_42439994", "edge": "626514137#0", "links": [7, 8], "bearing": 195.1}}, {"type": "Feature", "geometry": {"type": "Point", "coordinates": [-73.9850617, 40.7594122]}, "properties": {"tls": "joinedS_12989986305_42428303_42439994", "edge": "452322757#3", "links": [9, 10], "bearing": 297.2}}, {"type": "Feature", "geometry": {"type": "Point", "coordinates": [-73.9845639, 40.7593092]}, "properties": {"tls": "joinedS_12989986305_42428303_42439994", "edge": "167922071#0", "links": [11, 12, 13, 14], "bearing": 208.0}}, {"type": "Feature", "geometry": {"type": "Point", "coordinates": [-73.984493, 40.7591684]}, "properties": {"tls": "joinedS_12989986305_42428303_42439994", "edge": "5672036#3", "links": [15, 16, 17, 18], "bearing": 298.9}}, {"type": "Feature", "geometry": {"type": "Point", "coordinates": [-73.9846202, 40.7591345]}, "properties": {"tls": "joinedS_12989986305_42428303_42439994", "edge": "-483360105#2", "links": [19, 20], "bearing": 29.0}}, {"type": "Feature", "geometry": {"type": "Point", "coordinates": [-73.9847651, 40.7592504]}, "properties": {"tls": "joinedS_12989986305_42428303_42439994", "edge": "-452322757#2", "links": [21, 22], "bearing": 117.9}}, {"type": "Feature", "geometry": {"type": "Point", "coordinates": [-73.9817379, 40.7675684]}, "properties": {"tls": "joinedS_1701856476_1825841704_42435716", "edge": "976050707#0", "links": [0, 1], "bearing": 154.3}}, {"type": "Feature", "geometry": {"type": "Point", "coordinates": [-73.9819736, 40.7677374]}, "properties": {"tls": "joinedS_1701856476_1825841704_42435716", "edge": "-439801902", "links": [2, 3], "bearing": 286.6}}, {"type": "Feature", "geometry": {"type": "Point", "coordinates": [-73.982216, 40.767597]}, "properties": {"tls": "joinedS_1701856476_1825841704_42435716", "edge": "420890023#0", "links": [4, 5, 6, 7], "bearing": 30.8}}, {"type": "Feature", "geometry": {"type": "Point", "coordinates": [-73.9822418, 40.7677764]}, "properties": {"tls": "joinedS_1701856476_1825841704_42435716", "edge": "460065822#0", "links": [8, 9, 10, 11, 12], "bearing": 128.3}}, {"type": "Feature", "geometry": {"type": "Point", "coordinates": [-73.9823744, 40.7674991]}, "properties": {"tls": "joinedS_1701856476_1825841704_42435716", "edge": "-420890023#2", "links": [13, 14], "bearing": 210.1}}, {"type": "Feature", "geometry": {"type": "Point", "coordinates": [-73.9824297, 40.7672992]}, "properties": {"tls": "joinedS_1701856476_1825841704_42435716", "edge": "196117092#0", "links": [15, 16, 17, 18, 19], "bearing": 28.4}}, {"type": "Feature", "geometry": {"type": "Point", "coordinates": [-73.9825187, 40.7674733]}, "properties": {"tls": "joinedS_1701856476_1825841704_42435716", "edge": "46525065#0", "links": [20, 21, 22, 23, 24, 25], "bearing": 121.2}}, {"type": "Feature", "geometry": {"type": "Point", "coordinates": [-73.9787134, 40.7508928]}, "properties": {"tls": "joinedS_3639382768_561042198_cluster_100522479_11506834428_3639382767", "edge": "771759768", "links": [0], "bearing": 204.0}}, {"type": "Feature", "geometry": {"type": "Point", "coordinates": [-73.9786714, 40.7508728]}, "properties": {"tls": "joinedS_3639382768_561042198_cluster_100522479_11506834428_3639382767", "edge": "771759766", "links": [1], "bearing": 233.1}}, {"type": "Feature", "geometry": {"type": "Point", "coordinates": [-73.9786567, 40.7509858]}, "properties": {"tls": "joinedS_3639382768_561042198_cluster_100522479_11506834428_3639382767", "edge": "381565180#0", "links": [2, 3, 4], "bearing": 207.4}}, {"type": "Feature", "geometry": {"type": "Point", "coordinates": [-73.9787966, 40.7509417]}, "properties": {"tls": "joinedS_3639382768_561042198_cluster_100522479_11506834428_3639382767", "edge": "226041004#0", "links": [5, 6, 7], "bearing": 118.7}}, {"type": "Feature", "geometry": {"type": "Point", "coordinates": [-73.9785599, 40.7509773]}, "properties": {"tls": "joinedS_3639382768_561042198_cluster_100522479_11506834428_3639382767", "edge": "-872052106", "links": [8, 9, 10], "bearing": 208.6}}, {"type": "Feature", "geometry": {"type": "Point", "coordinates": [-73.9785782, 40.7508477]}, "properties": {"tls": "joinedS_3639382768_561042198_cluster_100522479_11506834428_3639382767", "edge": "386972970#0", "links": [11, 12, 13, 14], "bearing": 15.8}}, {"type": "Feature", "geometry": {"type": "Point", "coordinates": [-73.9787197, 40.7508978]}, "properties": {"tls": "joinedS_3639382768_561042198_cluster_100522479_11506834428_3639382767", "edge": "771759767", "links": [15, 16, 17, 18], "bearing": 119.2}}, {"type": "Feature", "geometry": {"type": "Point", "coordinates": [-73.9767306, 40.7651416]}, "properties": {"tls": "joinedS_42430390_42430394", "edge": "-497258108#2", "links": [0, 1], "bearing": 208.4}}, {"type": "Feature", "geometry": {"type": "Point", "coordinates": [-73.9767701, 40.764905]}, "properties": {"tls": "joinedS_42430390_42430394", "edge": "497258108#0", "links": [2, 3, 4, 5], "bearing": 28.1}}, {"type": "Feature", "geometry": {"type": "Point", "coordinates": [-73.9768787, 40.7650783]}, "properties": {"tls": "joinedS_42430390_42430394", "edge": "308322447#0", "links": [6, 7, 8, 9, 10, 11], "bearing": 118.7}}, {"type": "Feature", "geometry": {"type": "Point", "coordinates": [-73.9760201, 40.7656372]}, "properties": {"tls": "joinedS_42430390_42430394", "edge": "-5670253#2", "links": [12, 13, 14], "bearing": 298.2}}, {"type": "Feature", "geometry": {"type": "Point", "coordinates": [-73.9763225, 40.76552]}, "properties": {"tls": "joinedS_42430390_42430394", "edge": "1211049195#0", "links": [15, 16, 17, 18], "bearing": 28.3}}, {"type": "Feature", "geometry": {"type": "Point", "coordinates": [-73.976425, 40.7657231]}, "properties": {"tls": "joinedS_42430390_42430394", "edge": "-420899371", "links": [19, 20, 21], "bearing": 118.4}}, {"type": "Feature", "geometry": {"type": "Point", "coordinates": [-73.9992346, 40.7596621]}, "properties": {"tls": "joinedS_42430664_cluster_11252642361_8288270553_9019680390", "edge": "420903240#0", "links": [0, 1, 2, 3, 4, 5, 6], "bearing": 208.6}}, {"type": "Feature", "geometry": {"type": "Point", "coordinates": [-73.9993055, 40.7594811]}, "properties": {"tls": "joinedS_42430664_cluster_11252642361_8288270553_9019680390", "edge": "-420903239#1", "links": [7, 8], "bearing": 29.1}}, {"type": "Feature", "geometry": {"type": "Point", "coordinates": [-73.9994017, 40.759607]}, "properties": {"tls": "joinedS_42430664_cluster_11252642361_8288270553_9019680390", "edge": "5671654#0", "links": [9, 10, 11, 12, 13, 14], "bearing": 121.1}}, {"type": "Feature", "geometry": {"type": "Point", "coordinates": [-73.9991095, 40.7596131]}, "properties": {"tls": "joinedS_42430664_cluster_11252642361_8288270553_9019680390", "edge": "974611016#0", "links": [15, 16, 17], "bearing": 209.0}}, {"type": "Feature", "geometry": {"type": "Point", "coordinates": [-73.9992759, 40.7595697]}, "properties": {"tls": "joinedS_42430664_cluster_11252642361_8288270553_9019680390", "edge": "988987062", "links": [18, 19, 20], "bearing": 126.9}}, {"type": "Feature", "geometry": {"type": "Point", "coordinates": [-73.998809, 40.7602396]}, "properties": {"tls": "joinedS_42430669_9019680389", "edge": "46139027#0", "links": [0, 1, 2, 3, 4], "bearing": 207.9}}, {"type": "Feature", "geometry": {"type": "Point", "coordinates": [-73.9987643, 40.760144]}, "properties": {"tls": "joinedS_42430669_9019680389", "edge": "974611017", "links": [5, 6, 7], "bearing": 296.6}}, {"type": "Feature", "geometry": {"type": "Point", "coordinates": [-73.9986651, 40.7602088]}, "properties": {"tls": "joinedS_42430669_9019680389", "edge": "974611018#0", "links": [8, 9, 10], "bearing": 208.0}}, {"type": "Feature", "geometry": {"type": "Point", "coordinates": [-73.9985999, 40.7600783]}, "properties": {"tls": "joinedS_42430669_9019680389", "edge": "46482539#0", "links": [11, 12, 13], "bearing": 297.9}}, {"type": "Feature", "geometry": {"type": "Point", "coordinates": [-73.9982722, 40.7609624]}, "properties": {"tls": "joinedS_42430673_9019680388", "edge": "779661114#0", "links": [0, 1, 2], "bearing": 207.5}}, {"type": "Feature", "geometry": {"type": "Point", "coordinates": [-73.9982475, 40.7608441]}, "properties": {"tls": "joinedS_42430673_9019680388", "edge": "-420904620", "links": [3, 4, 5], "bearing": 300.5}}, {"type": "Feature", "geometry": {"type": "Point", "coordinates": [-73.9984887, 40.7608815]}, "properties": {"tls": "joinedS_42430673_9019680388", "edge": "989265269#0", "links": [6, 7], "bearing": 118.0}}, {"type": "Feature", "geometry": {"type": "Point", "coordinates": [-73.9981651, 40.7609129]}, "properties": {"tls": "joinedS_42430673_9019680388", "edge": "974611015#0", "links": [8, 9, 10, 11], "bearing": 208.7}}, {"type": "Feature", "geometry": {"type": "Point", "coordinates": [-73.9981, 40.7607792]}, "properties": {"tls": "joinedS_42430673_9019680388", "edge": "-68325079#1", "links": [12, 13], "bearing": 298.6}}, {"type": "Feature", "geometry": {"type": "Point", "coordinates": [-73.9983354, 40.7608339]}, "properties": {"tls": "joinedS_42430673_9019680388", "edge": "420904620", "links": [14, 15, 16], "bearing": 120.5}}, {"type": "Feature", "geometry": {"type": "Point", "coordinates": [-73.9764717, 40.7550756]}, "properties": {"tls": "joinedS_42434077_cluster_100522741_596775840", "edge": "-46520921#6", "links": [0, 1], "bearing": 208.4}}, {"type": "Feature", "geometry": {"type": "Point", "coordinates": [-73.9765568, 40.754901]}, "properties": {"tls": "joinedS_42434077_cluster_100522741_596775840", "edge": "46520921#2", "links": [2, 3], "bearing": 28.1}}, {"type": "Feature", "geometry": {"type": "Point", "coordinates": [-73.9766204, 40.7550328]}, "properties": {"tls": "joinedS_42434077_cluster_100522741_596775840", "edge": "458180181#0", "links": [4, 5], "bearing": 117.8}}, {"type": "Feature", "geometry": {"type": "Point", "coordinates": [-73.9758407, 40.7548025]}, "properties": {"tls": "joinedS_42434077_cluster_100522741_596775840", "edge": "1376704196#4", "links": [6, 7, 8], "bearing": 213.9}}, {"type": "Feature", "geometry": {"type": "Point", "coordinates": [-73.9757324, 40.7545505]}, "properties": {"tls": "joinedS_42434077_cluster_100522741_596775840", "edge": "575746067", "links": [9, 10, 11, 12], "bearing": 21.7}}, {"type": "Feature", "geometry": {"type": "Point", "coordinates": [-73.9760444, 40.7547843]}, "properties": {"tls": "joinedS_42434077_cluster_100522741_596775840", "edge": "420902878#0", "links": [13, 14, 15, 16], "bearing": 118.9}}, {"type": "Feature", "geometry": {"type": "Point", "coordinates": [-73.994949, 40.7553708]}, "properties": {"tls": "joinedS_9807801426_cluster_4207913309_4491359481_8288270359", "edge": "485746107#0", "links": [0, 1, 2], "bearing": 215.7}}, {"type": "Feature", "geometry": {"type": "Point", "coordinates": [-73.994932, 40.7552968]}, "properties": {"tls": "joinedS_9807801426_cluster_4207913309_4491359481_8288270359", "edge": "452319915", "links": [3, 4], "bearing": 300.5}}, {"type": "Feature", "geometry": {"type": "Point", "coordinates": [-73.9947872, 40.7554973]}, "properties": {"tls": "joinedS_9807801426_cluster_4207913309_4491359481_8288270359", "edge": "1051734606#0", "links": [5, 6, 7, 8, 9, 10], "bearing": 208.9}}, {"type": "Feature", "geometry": {"type": "Point", "coordinates": [-73.9947698, 40.7552282]}, "properties": {"tls": "joinedS_9807801426_cluster_4207913309_4491359481_8288270359", "edge": "511755381#0", "links": [11, 12], "bearing": 298.7}}, {"type": "Feature", "geometry": {"type": "Point", "coordinates": [-73.9949396, 40.7551955]}, "properties": {"tls": "joinedS_9807801426_cluster_4207913309_4491359481_8288270359", "edge": "-988515374#1", "links": [13, 14], "bearing": 28.9}}]}