{"type":"FeatureCollection","features":[{"type":"Feature","geometry":{"type":"LineString","coordinates":[[2.186824,41.405068],[2.186348,41.405432]]},"properties":{"name":"Carril bici unidireccional Independ\u00e8ncia"}},{"type":"Feature","geometry":{"type":"LineString","coordinates":[[2.186913,41.417189],[2.186995,41.417346],[2.187018,41.417487],[2.187032,41.417974],[2.187003,41.418505],[2.18691,41.418635]]},"properties":{"name":"Carril bici unidireccional Meridiana - Navas - Felip II"}},{"type":"Feature","geometry":{"type":"LineString","coordinates":[[2.18691,41.418631],[2.186839,41.418493],[2.186851,41.418142],[2.186833,41.417467],[2.186841,41.417322],[2.186902,41.417176]]},"properties":{"name":"Carril bici unidireccional Maridiana - Felip II - Navas"}},{"type":"Feature","geometry":{"type":"LineString","coordinates":[[2.157392,41.386489],[2.157393,41.386399],[2.157343,41.386415],[2.157291,41.386417]]},"properties":{"name":"Carril bici unidireccional "}},{"type":"Feature","geometry":{"type":"LineString","coordinates":[[2.168853,41.400155],[2.168733,41.400145]]},"properties":{"name":"Carril bici unidireccional Connexi\u00f3 pg Sant Joan - Proven\u00e7a"}},{"type":"Feature","geometry":{"type":"LineString","coordinates":[[2.18151,41.399121],[2.182436,41.399817],[2.183547,41.400654],[2.183709,41.40084],[2.184747,41.401631]]},"properties":{"name":"Carril bici unidireccional Lateral Gran Via Corts Catalanes "}},{"type":"Feature","geometry":{"type":"LineString","coordinates":[[2.174549,41.395939],[2.174428,41.396029],[2.174399,41.396004],[2.174365,41.395995],[2.17434,41.395991],[2.174306,41.395998],[2.174272,41.396016],[2.174071,41.395873],[2.174111,41.395838],[2.174115,41.39582],[2.174113,41.395801],[2.174093,41.395772],[2.174058,41.395748],[2.174167,41.39566],[2.174232,41.395703],[2.174289,41.395709],[2.174322,41.395697],[2.174347,41.395677],[2.174513,41.395801],[2.174482,41.395834],[2.174474,41.39585],[2.174476,41.395871],[2.174492,41.395904],[2.174549,41.395939]]},"properties":{"name":"Carril bici unidireccional Cruilla pg Sant Joan - Diputaci\u00f3"}},{"type":"Feature","geometry":{"type":"LineString","coordinates":[[2.125361,41.375665],[2.121482,41.375718],[2.118098,41.375776]]},"properties":{"name":"Carril bici unidireccional Carrer de Sants (tram Arizala - R"}},{"type":"Feature","geometry":{"type":"LineString","coordinates":[[2.173343,41.403595],[2.173335,41.403399]]},"properties":{"name":"Carril bici unidireccional Enlla\u00e7 Proven\u00e7a - Sardenya"}},{"type":"Feature","geometry":{"type":"LineString","coordinates":[[2.186888,41.408882],[2.186835,41.408726]]},"properties":{"name":"Carril bici unidireccional Connexi\u00f3 Meridiana - Arag\u00f3"}},{"type":"Feature","geometry":{"type":"LineString","coordinates":[[2.166655,41.398141],[2.169081,41.398757],[2.169751,41.398944]]},"properties":{"name":"Carril bici unidireccional av Diagonal - nada mar (obres col"}},{"type":"Feature","geometry":{"type":"LineString","coordinates":[[2.174358,41.399226],[2.177675,41.396713]]},"properties":{"name":"Carril bici unidireccional Carrer de N\u00e0pols"}},{"type":"Feature","geometry":{"type":"LineString","coordinates":[[2.185406,41.401149],[2.185414,41.401144],[2.187012,41.399962],[2.187243,41.399944],[2.187256,41.399719]]},"properties":{"name":"Carril bici unidireccional Carrer de Castillejos"}},{"type":"Feature","geometry":{"type":"LineString","coordinates":[[2.143037,41.412783],[2.142897,41.412724],[2.142814,41.412627],[2.142772,41.4126]]},"properties":{"name":"Carril bici unidireccional Connexi\u00f3 av Vallcarca amb Esteve "}},{"type":"Feature","geometry":{"type":"LineString","coordinates":[[2.194783,41.387198],[2.196726,41.385737],[2.196878,41.385628],[2.196891,41.385598],[2.195742,41.38472],[2.195806,41.384525]]},"properties":{"name":"Carril bici unidireccional Ramon Trias Fargas"}},{"type":"Feature","geometry":{"type":"LineString","coordinates":[[2.162966,41.405452],[2.163086,41.405545],[2.163205,41.405977],[2.164766,41.411888]]},"properties":{"name":"Carril bici unidireccional Pi i Margall"}},{"type":"Feature","geometry":{"type":"LineString","coordinates":[[2.135126,41.393809],[2.137625,41.394427]]},"properties":{"name":"Carril bici unidireccional Santa Fe de Nou M\u00e8xic"}},{"type":"Feature","geometry":{"type":"LineString","coordinates":[[2.169123,41.398739],[2.16882,41.398513],[2.166372,41.396685],[2.164539,41.395312],[2.162463,41.393759],[2.154116,41.387473],[2.152645,41.386341]]},"properties":{"name":"Carril bici unidireccional Mallorca (tram Sic\u00edlia - Urgell)"}},{"type":"Feature","geometry":{"type":"LineString","coordinates":[[2.151813,41.385702],[2.150411,41.384651]]},"properties":{"name":"Carril bici unidireccional Mallorca tram 3"}},{"type":"Feature","geometry":{"type":"LineString","coordinates":[[2.149529,41.383967],[2.149454,41.383908],[2.148329,41.383073],[2.148179,41.382962],[2.148036,41.382794],[2.147953,41.38272],[2.14435,41.381131]]},"properties":{"name":"Carril bici unidireccional Av Roma (banda muntanya)"}},{"type":"Feature","geometry":{"type":"LineString","coordinates":[[2.137809,41.366302],[2.137546,41.366498]]},"properties":{"name":"Carril bici unidireccional Enlla\u00e7 Qu\u00edmica - av Carrilet"}},{"type":"Feature","geometry":{"type":"LineString","coordinates":[[2.135967,41.36493],[2.137348,41.365958],[2.137709,41.36626],[2.138217,41.366649],[2.139525,41.367631]]},"properties":{"name":"Carril bici unidireccional Gran Via lateral mar (tram Mineri"}},{"type":"Feature","geometry":{"type":"LineString","coordinates":[[2.175409,41.376194],[2.175933,41.376091],[2.176183,41.37603],[2.176936,41.375796]]},"properties":{"name":"Carril bici unidireccional Drassanes"}},{"type":"Feature","geometry":{"type":"LineString","coordinates":[[2.176995,41.375873],[2.176584,41.376009],[2.176245,41.37611],[2.17602,41.376156],[2.175632,41.37624],[2.175386,41.376276]]},"properties":{"name":"Carril bici unidireccional Drassanes"}},{"type":"Feature","geometry":{"type":"LineString","coordinates":[[2.182035,41.381533],[2.177383,41.385042],[2.177105,41.385253],[2.176779,41.385496],[2.176561,41.385651]]},"properties":{"name":"Carril bici unidireccional Via Laietana"}},{"type":"Feature","geometry":{"type":"LineString","coordinates":[[2.173324,41.400018],[2.174358,41.399226]]},"properties":{"name":"Carril bici unidireccional N\u00e0pols"}},{"type":"Feature","geometry":{"type":"LineString","coordinates":[[2.18668,41.422581],[2.186673,41.420805]]},"properties":{"name":"Carril bici unidireccional Meridiana"}},{"type":"Feature","geometry":{"type":"LineString","coordinates":[[2.18715,41.420909],[2.187126,41.422517]]},"properties":{"name":"Carril bici unidireccional Meridiana"}},{"type":"Feature","geometry":{"type":"LineString","coordinates":[[2.173542,41.389222],[2.172467,41.388812]]},"properties":{"name":"Carril bici unidireccional Urquinaona sentit Bes\u00f2s"}},{"type":"Feature","geometry":{"type":"LineString","coordinates":[[2.139416,41.36787],[2.139236,41.367764],[2.138595,41.367277],[2.138503,41.367245],[2.138478,41.367229],[2.13843,41.367154],[2.138134,41.366941],[2.13695,41.366062],[2.136841,41.365941],[2.136223,41.365488],[2.135773,41.365166]]},"properties":{"name":"Carril bici unidireccional Gran Via Corts Catalanes sentit L"}},{"type":"Feature","geometry":{"type":"LineString","coordinates":[[2.139342,41.367824],[2.13957,41.367653]]},"properties":{"name":"Carril bici unidireccional Connexi\u00f3 Amadeu Oller - Mineria"}},{"type":"Feature","geometry":{"type":"LineString","coordinates":[[2.139605,41.36768],[2.139379,41.367847]]},"properties":{"name":"Carril bici unidireccional Connexi\u00f3 Mineria - Amadeu Oller "}},{"type":"Feature","geometry":{"type":"LineString","coordinates":[[2.14024,41.368158],[2.141349,41.368994],[2.141742,41.369285]]},"properties":{"name":"Carril bici unidireccional Gran Via Corts Catalanes  sentit "}},{"type":"Feature","geometry":{"type":"LineString","coordinates":[[2.142444,41.369819],[2.144787,41.371577]]},"properties":{"name":"Carril bici unidireccional Gran Via Corts Catalanes sentit B"}},{"type":"Feature","geometry":{"type":"LineString","coordinates":[[2.145118,41.371827],[2.145823,41.37235],[2.146229,41.372659],[2.146354,41.372744],[2.146885,41.373123],[2.14736,41.373462],[2.14755,41.373596],[2.147992,41.373926],[2.148148,41.374042],[2.147855,41.374266]]},"properties":{"name":"Carril bici unidireccional Gran Via Corts Catalanes sentit B"}},{"type":"Feature","geometry":{"type":"LineString","coordinates":[[2.141081,41.36876],[2.140818,41.368955]]},"properties":{"name":"Carril bici unidireccional Connexi\u00f3 carrer de Traj\u00e0"}},{"type":"Feature","geometry":{"type":"LineString","coordinates":[[2.147445,41.373999],[2.14745,41.373998],[2.147454,41.373997],[2.147458,41.373996],[2.147461,41.373994],[2.147464,41.373992],[2.147466,41.37399],[2.147468,41.373987],[2.14747,41.373984],[2.147471,41.37398],[2.147471,41.373976],[2.147471,41.373971],[2.147469,41.373966],[2.147468,41.373964],[2.147465,41.373959]]},"properties":{"name":"Carril bici unidireccional Connexi\u00f3 carretera de la Bordeta "}},{"type":"Feature","geometry":{"type":"LineString","coordinates":[[2.161311,41.397173],[2.161916,41.396708],[2.164106,41.395035],[2.165258,41.394158],[2.165757,41.393792],[2.166332,41.393352],[2.166807,41.392986],[2.170952,41.389854],[2.171387,41.38953],[2.172268,41.388886],[2.172475,41.388811]]},"properties":{"name":"Carril bici unidireccional Pau Claris"}},{"type":"Feature","geometry":{"type":"LineString","coordinates":[[2.171872,41.397663],[2.171866,41.397657],[2.171815,41.397619],[2.17184,41.397598],[2.171857,41.397576],[2.171858,41.397545],[2.171847,41.397512],[2.171826,41.39749],[2.171808,41.397472],[2.171926,41.397383]]},"properties":{"name":"Carril bici unidireccional Connexi\u00f3 pg Sant Joan - Arag\u00f3"}},{"type":"Feature","geometry":{"type":"LineString","coordinates":[[2.186348,41.405432],[2.186272,41.405499],[2.186258,41.405544],[2.186261,41.405581],[2.185845,41.405894],[2.185696,41.405951],[2.185487,41.4061],[2.185463,41.406186],[2.18471,41.406743],[2.184632,41.406774],[2.184386,41.406961],[2.184327,41.407032],[2.183546,41.407635],[2.183429,41.40766],[2.183245,41.407801],[2.183213,41.407878],[2.182464,41.408451],[2.182328,41.40851],[2.182136,41.40865],[2.182085,41.408745],[2.181405,41.409258],[2.181296,41.409307],[2.181074,41.409484],[2.180887,41.409658],[2.177753,41.412063],[2.177763,41.411994],[2.17757,41.412158],[2.177531,41.412223],[2.176787,41.412768],[2.176587,41.412853]]},"properties":{"name":"Carril bici unidireccional Carrer Independ\u00e8ncia"}},{"type":"Feature","geometry":{"type":"LineString","coordinates":[[2.192753,41.402414],[2.191758,41.401673],[2.19062,41.400837],[2.190318,41.400631],[2.18946,41.39999],[2.188374,41.399194],[2.188376,41.399166],[2.188061,41.398919],[2.188018,41.398914],[2.186743,41.397963]]},"properties":{"name":"Carril bici unidireccional Carrer Tanger"}},{"type":"Feature","geometry":{"type":"LineString","coordinates":[[2.187243,41.399719],[2.18928,41.398229]]},"properties":{"name":"Carril bici unidireccional Carrer Pamplona"}},{"type":"Feature","geometry":{"type":"LineString","coordinates":[[2.184683,41.398095],[2.183747,41.39741],[2.183501,41.397219]]},"properties":{"name":"Carril bici unidireccional Ausias Marc (tram1)"}},{"type":"Feature","geometry":{"type":"LineString","coordinates":[[2.183501,41.397219],[2.182657,41.396594],[2.182298,41.396327]]},"properties":{"name":"Carril bici unidireccional Ausias Marc (tram2)"}},{"type":"Feature","geometry":{"type":"LineString","coordinates":[[2.182298,41.396327],[2.180391,41.394879],[2.180101,41.394666],[2.180005,41.394633]]},"properties":{"name":"Carril bici unidireccional Ausias Marc (tram3)"}},{"type":"Feature","geometry":{"type":"LineString","coordinates":[[2.180005,41.394633],[2.179601,41.394325],[2.179568,41.394278],[2.179289,41.394067],[2.1789,41.39377]]},"properties":{"name":"Carril bici unidireccional Ausias Marc (tram4)"}},{"type":"Feature","geometry":{"type":"LineString","coordinates":[[2.1789,41.39377],[2.178529,41.393486],[2.178481,41.393468],[2.178285,41.393327],[2.17827,41.393294],[2.178045,41.393131]]},"properties":{"name":"Carril bici unidireccional Ausias Marc (tram5)"}},{"type":"Feature","geometry":{"type":"LineString","coordinates":[[2.181335,41.395595],[2.181121,41.395754],[2.180632,41.396127],[2.18036,41.396337],[2.180012,41.396601]]},"properties":{"name":"Carril bici unidireccional Sic\u00edlia (tram1)"}},{"type":"Feature","geometry":{"type":"LineString","coordinates":[[2.180011,41.396602],[2.179105,41.397293]]},"properties":{"name":"Carril bici unidireccional Sic\u00edlia (tram2)"}},{"type":"Feature","geometry":{"type":"LineString","coordinates":[[2.14247,41.370186],[2.142298,41.370061],[2.141752,41.369658],[2.141037,41.369119],[2.140427,41.368657]]},"properties":{"name":"Carril bici unidireccional Gran Via Corts Catalanes sentit L"}},{"type":"Feature","geometry":{"type":"LineString","coordinates":[[2.199079,41.421293],[2.199257,41.421425],[2.198994,41.4216],[2.198667,41.421895],[2.198516,41.422144],[2.198465,41.422318],[2.198445,41.42262],[2.198489,41.422863],[2.198526,41.423067],[2.198635,41.423289],[2.198832,41.423558],[2.199071,41.423805],[2.199652,41.424487],[2.200455,41.425598],[2.200679,41.425824],[2.200894,41.426016],[2.201264,41.4266]]},"properties":{"name":"Carril bici unidireccional Santander"}},{"type":"Feature","geometry":{"type":"LineString","coordinates":[[2.201143,41.42672],[2.200453,41.426233],[2.199853,41.425769],[2.200244,41.425442],[2.199461,41.424411],[2.199343,41.424325],[2.199166,41.424259],[2.199018,41.424096],[2.198828,41.423864],[2.198824,41.423782],[2.198698,41.423644],[2.198623,41.423549],[2.198555,41.423511],[2.198473,41.423431],[2.198365,41.423228],[2.198295,41.423001],[2.198246,41.42277],[2.198311,41.422688],[2.198305,41.422442],[2.198334,41.422228],[2.19831,41.422137],[2.198253,41.422057],[2.198297,41.421922],[2.198435,41.421719]]},"properties":{"name":"Carril bici unidireccional Cantabria sentit Llobregat"}},{"type":"Feature","geometry":{"type":"LineString","coordinates":[[2.176561,41.385651],[2.172857,41.388462],[2.17281,41.388549]]},"properties":{"name":"Carril bici unidireccional Via Laietana"}},{"type":"Feature","geometry":{"type":"LineString","coordinates":[[2.172809,41.388548],[2.173468,41.389039],[2.17352,41.389129],[2.173543,41.389212]]},"properties":{"name":"Carril bici unidireccional Urquinaona sentit Llobregat"}},{"type":"Feature","geometry":{"type":"LineString","coordinates":[[2.121504,41.401466],[2.121635,41.401398],[2.121802,41.401297],[2.121834,41.401275],[2.12197,41.401186],[2.12205,41.401134],[2.122109,41.401095],[2.122297,41.400955],[2.122398,41.400882],[2.12243,41.400859],[2.122666,41.40064],[2.122815,41.400505],[2.123186,41.400144],[2.123283,41.400051],[2.123417,41.399918],[2.123592,41.399765],[2.123694,41.399687],[2.123837,41.399572],[2.123999,41.39952],[2.12418,41.399467],[2.124228,41.399426],[2.124253,41.399388],[2.125164,41.398694],[2.125245,41.398633],[2.125291,41.39862],[2.125534,41.398446],[2.125979,41.398128],[2.126143,41.398035],[2.126207,41.398002],[2.126276,41.397972],[2.126361,41.397934],[2.126483,41.397893],[2.126638,41.397844],[2.1268,41.397796],[2.127041,41.397753],[2.127487,41.397718],[2.12771,41.397718],[2.127974,41.397716],[2.128779,41.397713],[2.130247,41.397715],[2.130386,41.397719],[2.131712,41.397727],[2.132629,41.397724],[2.132663,41.397692],[2.132917,41.397695],[2.132963,41.397717],[2.13334,41.397729],[2.134307,41.397735],[2.135323,41.397733],[2.136,41.397738],[2.136798,41.397734],[2.138253,41.397745],[2.138741,41.397733],[2.139941,41.397804],[2.140723,41.397938],[2.141088,41.398016],[2.141606,41.39816],[2.142337,41.398394],[2.142745,41.398577],[2.143243,41.398822],[2.145061,41.399977],[2.146131,41.400657],[2.146234,41.400716],[2.146655,41.400922],[2.1467,41.400938],[2.146748,41.400946],[2.146957,41.400988],[2.147192,41.40105],[2.14728,41.401073],[2.147334,41.401081],[2.147374,41.401085],[2.147423,41.401089],[2.147452,41.401091],[2.147484,41.40109],[2.147545,41.401088],[2.1476,41.401082],[2.147855,41.401107],[2.148646,41.401123],[2.148761,41.401117],[2.149396,41.401043],[2.149713,41.400973],[2.149808,41.400954],[2.150217,41.400822],[2.15047,41.400733],[2.150687,41.400668],[2.150762,41.400638],[2.150828,41.400601],[2.1512,41.400345],[2.151432,41.40017],[2.15196,41.399662],[2.152271,41.399361],[2.153131,41.398483],[2.15315,41.398441],[2.153218,41.398348],[2.154099,41.397486],[2.154905,41.396678],[2.155023,41.3965],[2.155219,41.396225],[2.155405,41.395893],[2.155439,41.395842],[2.155466,41.395833],[2.15553,41.395732],[2.155682,41.395454]]},"properties":{"name":"Carril bici unidireccional Via Augusta lateral Llobregat"}},{"type":"Feature","geometry":{"type":"LineString","coordinates":[[2.144792,41.371938],[2.144624,41.371814],[2.143932,41.371294],[2.143481,41.370953],[2.142939,41.370539]]},"properties":{"name":"Carril bici unidireccional Gran Via Corts Catalanes sentit L"}},{"type":"Feature","geometry":{"type":"LineString","coordinates":[[2.180654,41.419393],[2.180571,41.419003],[2.180472,41.418604],[2.180357,41.41773],[2.180335,41.41729],[2.180336,41.416808],[2.180343,41.416434],[2.180372,41.416114],[2.180479,41.415638],[2.180662,41.414936],[2.180803,41.414425],[2.181189,41.413318]]},"properties":{"name":"Carril bici unidireccional pg Maragall sentit mar"}},{"type":"Feature","geometry":{"type":"LineString","coordinates":[[2.147553,41.374027],[2.146125,41.372939],[2.145279,41.372309]]},"properties":{"name":"Carril bici unidireccional Gran Via Corts Catalanes ( sentit"}},{"type":"Feature","geometry":{"type":"LineString","coordinates":[[2.175301,41.401958],[2.177533,41.400243],[2.177604,41.400241],[2.177866,41.400041],[2.17789,41.399979],[2.178694,41.399376],[2.178765,41.399369],[2.179009,41.399174],[2.179029,41.399114],[2.187907,41.392426],[2.187938,41.392428],[2.188045,41.392346],[2.190229,41.390647],[2.190303,41.390621],[2.190559,41.390432],[2.190582,41.39037],[2.194773,41.387204]]},"properties":{"name":"Carril bici unidireccional Sardenya - Tram 2"}},{"type":"Feature","geometry":{"type":"LineString","coordinates":[[2.190968,41.415125],[2.189208,41.413772],[2.189056,41.413645],[2.186884,41.412043],[2.186091,41.41146],[2.185934,41.411477]]},"properties":{"name":"Carril bici unidireccional Carrer Mallorca"}},{"type":"Feature","geometry":{"type":"LineString","coordinates":[[2.1424,41.398389],[2.142247,41.398507]]},"properties":{"name":"Carril bici unidireccional Connexi\u00f3 carrer de Santal\u00f3"}},{"type":"Feature","geometry":{"type":"LineString","coordinates":[[2.146643,41.401051],[2.146762,41.400948]]},"properties":{"name":"Carril bici unidireccional Connexi\u00f3 Alfons XII"}},{"type":"Feature","geometry":{"type":"LineString","coordinates":[[2.155784,41.395714],[2.155726,41.395745],[2.155683,41.395815],[2.15564,41.39589],[2.155378,41.396344],[2.155312,41.396416],[2.155047,41.396796],[2.153511,41.398343],[2.153366,41.398484],[2.153322,41.398541],[2.153244,41.398563],[2.151751,41.40009],[2.15163,41.400222],[2.151484,41.400345],[2.151278,41.400496],[2.150903,41.400732],[2.150793,41.400782],[2.150683,41.400829],[2.150577,41.400873],[2.150343,41.400956],[2.150112,41.401035],[2.149922,41.401097],[2.149873,41.401111],[2.149508,41.401189],[2.149119,41.401248],[2.148545,41.401294],[2.148132,41.401295],[2.14786,41.401278],[2.147633,41.401249],[2.14743,41.401203],[2.147156,41.401158],[2.146732,41.401059],[2.146647,41.401034],[2.146524,41.400994],[2.146452,41.400969],[2.146381,41.400939],[2.146214,41.400852],[2.146063,41.400769],[2.145714,41.400541],[2.145044,41.400118],[2.144412,41.399712],[2.143279,41.399003],[2.143029,41.398837],[2.142209,41.398453],[2.141359,41.398183],[2.140784,41.398035],[2.140226,41.397935],[2.139976,41.397899],[2.139482,41.397859],[2.138983,41.397836],[2.138701,41.397837],[2.138348,41.397837],[2.136604,41.397825],[2.135278,41.397829],[2.132626,41.397817],[2.131805,41.397803],[2.129343,41.397804],[2.1275,41.397817],[2.127021,41.397891],[2.1268,41.397942],[2.126652,41.397974],[2.126281,41.398133],[2.126126,41.398245],[2.124455,41.399491],[2.124232,41.399717],[2.123106,41.400814],[2.122841,41.40101],[2.122452,41.401323],[2.122243,41.401473],[2.122083,41.401583],[2.121879,41.401683]]},"properties":{"name":"Carril bici unidireccional Via Augusta lateral Bes\u00f2s"}},{"type":"Feature","geometry":{"type":"LineString","coordinates":[[2.175475,41.40007],[2.174628,41.399419],[2.173459,41.398555],[2.172072,41.397491],[2.169862,41.395845],[2.166503,41.393335],[2.165503,41.392614],[2.157519,41.386585],[2.15422,41.384121],[2.15393,41.383892],[2.153003,41.383204],[2.152691,41.382969],[2.151734,41.382245],[2.150573,41.381365],[2.148481,41.37979],[2.148467,41.379734],[2.148178,41.379535],[2.148123,41.379527],[2.146233,41.378108],[2.146197,41.37808],[2.14616,41.378036],[2.146152,41.377997],[2.146155,41.37796],[2.146164,41.37793],[2.146293,41.377816],[2.14664,41.377562],[2.147015,41.377288],[2.147182,41.377151],[2.146835,41.376987]]},"properties":{"name":"Carril bici unidireccional Carrer Arag\u00f3"}},{"type":"Feature","geometry":{"type":"LineString","coordinates":[[2.146232,41.378106],[2.14614,41.378182],[2.146062,41.378144],[2.145987,41.378123],[2.145937,41.378122],[2.145882,41.378134],[2.145736,41.378237],[2.14545,41.378021]]},"properties":{"name":"Carril bici unidireccional Connexi\u00f3  Arag\u00f3 - Tallagona senti"}},{"type":"Feature","geometry":{"type":"LineString","coordinates":[[2.131452,41.397448],[2.133522,41.395345]]},"properties":{"name":"Carril bici unidireccional \u00c0ngel Guimer\u00e0"}},{"type":"Feature","geometry":{"type":"LineString","coordinates":[[2.145447,41.351296],[2.145556,41.351354],[2.141759,41.356593],[2.138258,41.361385],[2.138222,41.361464],[2.136784,41.363435],[2.136513,41.363813],[2.136283,41.364148],[2.135991,41.364546]]},"properties":{"name":"Carril bici unidireccional Passeig de la Zona Franca"}},{"type":"Feature","geometry":{"type":"LineString","coordinates":[[2.13564,41.364298],[2.135676,41.364294],[2.135706,41.364288],[2.135722,41.364283],[2.135739,41.364276],[2.135749,41.36427],[2.135765,41.364258],[2.135779,41.364248],[2.135929,41.364135],[2.13607,41.364005],[2.136161,41.363891],[2.136312,41.363687],[2.136319,41.363666],[2.136316,41.363648],[2.136302,41.363609],[2.136477,41.363439],[2.136534,41.363379],[2.138034,41.361308],[2.138548,41.360605],[2.138668,41.360449],[2.14011,41.358457],[2.143175,41.354241],[2.143295,41.354089],[2.14533,41.351257],[2.145447,41.351296]]},"properties":{"name":"Carril bici unidireccional Passeig de la Zona Franca"}},{"type":"Feature","geometry":{"type":"LineString","coordinates":[[2.170745,41.414004],[2.171033,41.413786],[2.172108,41.414574],[2.173277,41.415443],[2.174006,41.415985],[2.17407,41.416038],[2.174184,41.416184],[2.174313,41.416346],[2.174426,41.416555],[2.17459,41.41671],[2.174837,41.416925],[2.175228,41.417245],[2.175333,41.417317],[2.175621,41.417562],[2.176139,41.418011],[2.176317,41.418168],[2.176046,41.418242]]},"properties":{"name":"Carril bici unidireccional Ronda Guinard\u00f3 - sentit Bes\u00f2s"}},{"type":"Feature","geometry":{"type":"LineString","coordinates":[[2.173317,41.415897],[2.172394,41.41522],[2.170744,41.414003]]},"properties":{"name":"Carril bici unidireccional Ronda Guinard\u00f3 - sentit Llobregat"}},{"type":"Feature","geometry":{"type":"LineString","coordinates":[[2.176265,41.418859],[2.176294,41.41877],[2.176215,41.418592],[2.176131,41.418407],[2.176032,41.418216],[2.175922,41.418073],[2.175691,41.417833],[2.175148,41.417345],[2.174657,41.416935],[2.173994,41.416404]]},"properties":{"name":"Carril bici unidireccional Ronda Guindard\u00f3 - sentit Llobrega"}},{"type":"Feature","geometry":{"type":"LineString","coordinates":[[2.129046,41.387154],[2.128401,41.388105]]},"properties":{"name":"Carril bici unidireccional bike-link carrer Joan G\u00fcell"}},{"type":"Feature","geometry":{"type":"LineString","coordinates":[[2.162111,41.377791],[2.159298,41.375674],[2.158683,41.37522],[2.158707,41.374982]]},"properties":{"name":"Carril bici unidireccional Carrer Manso"}},{"type":"Feature","geometry":{"type":"LineString","coordinates":[[2.138713,41.397932],[2.138709,41.397698]]},"properties":{"name":"Carril bici unidireccional Connexi\u00f3 carrer Vallmajor"}},{"type":"Feature","geometry":{"type":"LineString","coordinates":[[2.179683,41.410584],[2.181313,41.413318]]},"properties":{"name":"Carril bici unidireccional Carrer del Freser"}},{"type":"Feature","geometry":{"type":"LineString","coordinates":[[2.181312,41.413318],[2.181205,41.413538],[2.181166,41.413653],[2.180969,41.41422],[2.18091,41.414552],[2.180785,41.415009],[2.180532,41.415993],[2.180466,41.416535],[2.180451,41.416853],[2.18046,41.417501],[2.180501,41.4179],[2.180545,41.418302],[2.180638,41.418747],[2.180794,41.419483]]},"properties":{"name":"Carril bici unidireccional Eix Rossell\u00f3 - Freser - pg Maraga"}},{"type":"Feature","geometry":{"type":"LineString","coordinates":[[2.181872,41.402159],[2.181979,41.402058],[2.182065,41.401995],[2.182294,41.401822]]},"properties":{"name":"Carril bici unidireccional Padilla"}},{"type":"Feature","geometry":{"type":"LineString","coordinates":[[2.209658,41.415161],[2.207543,41.41358],[2.205174,41.411785]]},"properties":{"name":"Carril bici unidireccional Carrer Marroc"}},{"type":"Feature","geometry":{"type":"LineString","coordinates":[[2.169162,41.408523],[2.169081,41.408583],[2.165009,41.411652]]},"properties":{"name":"Carril bici unidireccional Marina - Alcalde de Mostoles"}},{"type":"Feature","geometry":{"type":"LineString","coordinates":[[2.163373,41.385495],[2.163601,41.385661],[2.166898,41.388139],[2.167278,41.388438],[2.168228,41.389113],[2.168244,41.389126],[2.168257,41.389133],[2.168277,41.389143],[2.168298,41.389146],[2.168316,41.389145],[2.168336,41.389146],[2.168351,41.389144],[2.168378,41.389139],[2.168395,41.389136],[2.168446,41.389163],[2.168655,41.389308],[2.168635,41.389358],[2.168639,41.389409],[2.168676,41.389467],[2.16874,41.389511],[2.168731,41.389533],[2.169958,41.390447],[2.170156,41.390586]]},"properties":{"name":"Carril bici unidireccional Gran Via Corts Catalanes (tram Ar"}},{"type":"Feature","geometry":{"type":"LineString","coordinates":[[2.169839,41.390847],[2.169638,41.390699],[2.169146,41.39033],[2.168253,41.389659],[2.167004,41.388696],[2.166567,41.388389],[2.165287,41.387424],[2.165202,41.387255],[2.163119,41.385689]]},"properties":{"name":"Carril bici unidireccional Gran Via Corts Catalanes (tram Pa"}},{"type":"Feature","geometry":{"type":"LineString","coordinates":[[2.144581,41.3787],[2.144827,41.378885],[2.144889,41.378917],[2.144961,41.378931],[2.145034,41.378957],[2.14544,41.379261],[2.146027,41.379696],[2.146976,41.380414],[2.148699,41.381693],[2.151457,41.383804],[2.152734,41.384769]]},"properties":{"name":"Carril bici unidireccional Carrer Val\u00e8ncia - tram Tarragona "}},{"type":"Feature","geometry":{"type":"LineString","coordinates":[[2.172684,41.410817],[2.183517,41.402566]]},"properties":{"name":"Carril bici unidireccional Carrer de Castillejos"}},{"type":"Feature","geometry":{"type":"LineString","coordinates":[[2.147186,41.38058],[2.147134,41.380669]]},"properties":{"name":"Carril bici unidireccional Connexi\u00f3 Val\u00e8nca - Vilamar\u00ed"}},{"type":"Feature","geometry":{"type":"LineString","coordinates":[[2.160172,41.389447],[2.160167,41.388737]]},"properties":{"name":"Carril bici unidireccional Pla\u00e7a del Doctor Letamendi"}},{"type":"Feature","geometry":{"type":"LineString","coordinates":[[2.168175,41.379687],[2.168125,41.379664],[2.168091,41.379633],[2.16807,41.379606],[2.168068,41.379574],[2.168077,41.379529],[2.168109,41.379489],[2.169155,41.37858],[2.169652,41.378168],[2.170208,41.377704],[2.170332,41.377679],[2.170417,41.377698],[2.170476,41.37775],[2.170532,41.377842]]},"properties":{"name":"Carril bici unidireccional Rbla Raval Llobregat"}},{"type":"Feature","geometry":{"type":"LineString","coordinates":[[2.186786,41.408521],[2.184991,41.407196],[2.18429,41.406676],[2.184281,41.40667],[2.1826,41.405418],[2.180983,41.404223],[2.18097,41.404213],[2.179402,41.402999],[2.178018,41.401957],[2.177719,41.401745],[2.177303,41.401431],[2.176821,41.401073],[2.175477,41.400071]]},"properties":{"name":"Carril bici unidireccional Arag\u00f3 (tram Meridiana - Marina)"}},{"type":"Feature","geometry":{"type":"LineString","coordinates":[[2.16794,41.389468],[2.168019,41.389403],[2.168059,41.389338],[2.168113,41.389286],[2.168174,41.389251],[2.168276,41.389233],[2.168333,41.389212],[2.16839,41.389175],[2.168417,41.389147]]},"properties":{"name":"Carril bici unidireccional Connexi\u00f3 passeig de Gr\u00e0cia latera"}},{"type":"Feature","geometry":{"type":"LineString","coordinates":[[2.176672,41.418483],[2.17658,41.418587],[2.176396,41.41874],[2.176265,41.418859],[2.176265,41.418859]]},"properties":{"name":"Carril bici unidireccional Enlla\u00e7 carrer de la Vinya - ronda"}},{"type":"Feature","geometry":{"type":"LineString","coordinates":[[2.158992,41.396511],[2.1591,41.396312]]},"properties":{"name":"Carril bici unidireccional Pas av Diagonal - Cinc d'Oros (Ll"}},{"type":"Feature","geometry":{"type":"LineString","coordinates":[[2.159936,41.396438],[2.159816,41.396734],[2.159798,41.396785],[2.15962,41.396843],[2.159351,41.39686],[2.159189,41.397006]]},"properties":{"name":"Carril bici unidireccional Pas Diagonal Cic Oros (bes\u00f2s)"}},{"type":"Feature","geometry":{"type":"LineString","coordinates":[[2.184518,41.401807],[2.183615,41.401125],[2.183224,41.400887],[2.182152,41.400083],[2.180954,41.39919]]},"properties":{"name":"Carril bici unidireccional Gl\u00f2ries - lateral muntanya Gran V"}},{"type":"Feature","geometry":{"type":"LineString","coordinates":[[2.169751,41.398944],[2.169927,41.399002],[2.170002,41.399044],[2.170072,41.399099]]},"properties":{"name":"Carril bici unidireccional Connexi\u00f3 Verdaguer "}},{"type":"Feature","geometry":{"type":"LineString","coordinates":[[2.176595,41.407838],[2.178071,41.408932],[2.178698,41.40941],[2.179107,41.409656],[2.180052,41.410298]]},"properties":{"name":"Carril bici unidireccional Carrer de Rosell\u00f3"}},{"type":"Feature","geometry":{"type":"LineString","coordinates":[[2.178185,41.376196],[2.181924,41.380852]]},"properties":{"name":"Carril bici unidireccional Pg Colom - terciana mar"}},{"type":"Feature","geometry":{"type":"LineString","coordinates":[[2.182435,41.381285],[2.183251,41.382258],[2.183363,41.382384],[2.183383,41.382404],[2.183415,41.382409],[2.183511,41.382371],[2.183601,41.382474],[2.183601,41.38252],[2.184021,41.383049],[2.183951,41.383094],[2.183638,41.383208]]},"properties":{"name":"Carril bici unidireccional Pg Isabel II - mar"}},{"type":"Feature","geometry":{"type":"LineString","coordinates":[[2.186802,41.402144],[2.18676,41.398199],[2.186771,41.394861]]},"properties":{"name":"Carril bici unidireccional Meridiana Pujades- Gl\u00f2ries Llobre"}},{"type":"Feature","geometry":{"type":"LineString","coordinates":[[2.209174,41.425351],[2.20917,41.425365],[2.209163,41.425379],[2.20915,41.425394],[2.209135,41.425403],[2.209117,41.425413],[2.209094,41.425417],[2.209047,41.42541],[2.209004,41.425379],[2.20897,41.425354],[2.208727,41.425176],[2.207855,41.424537],[2.20653,41.423534],[2.206031,41.423146],[2.205362,41.42263],[2.204728,41.422188],[2.204612,41.422071],[2.203786,41.421463],[2.202664,41.420616],[2.201816,41.419979],[2.194977,41.414862],[2.193574,41.413794],[2.191154,41.412001],[2.189423,41.41068],[2.186835,41.408726],[2.18682,41.408675],[2.186788,41.408532],[2.186755,41.408225],[2.186749,41.407606],[2.186738,41.406533],[2.18672,41.405319],[2.186862,41.404983]]},"properties":{"name":"Carril bici unidireccional Arag\u00f3 - Guipuzcuoa  mar"}},{"type":"Feature","geometry":{"type":"LineString","coordinates":[[2.163119,41.385689],[2.162868,41.38561],[2.156207,41.380592],[2.155125,41.379758],[2.15444,41.379276],[2.152883,41.37811],[2.151474,41.377026]]},"properties":{"name":"Carril bici unidireccional Gran via pl Espanya - Aribau mar"}},{"type":"Feature","geometry":{"type":"LineString","coordinates":[[2.181809,41.380917],[2.180624,41.37944],[2.179682,41.378282],[2.178076,41.376284]]},"properties":{"name":"Carril bici unidireccional Pg Colom terciana - muntanya"}},{"type":"Feature","geometry":{"type":"LineString","coordinates":[[2.152734,41.384769],[2.154024,41.385744],[2.155188,41.386613],[2.157157,41.388082],[2.158326,41.388977],[2.162067,41.391767],[2.172268,41.399437],[2.176665,41.402753],[2.180646,41.405723],[2.18689,41.410414]]},"properties":{"name":"Carril bici unidireccional Val\u00e8ncia - tram 2"}},{"type":"Feature","geometry":{"type":"LineString","coordinates":[[2.170532,41.377842],[2.170435,41.378039],[2.168541,41.379594],[2.168475,41.379651],[2.168394,41.379686],[2.16832,41.379703],[2.168266,41.379705],[2.168175,41.379687]]},"properties":{"name":"Carril bici unidireccional Rbla Raval Bes\u00f3s"}},{"type":"Feature","geometry":{"type":"LineString","coordinates":[[2.177355,41.390097],[2.178425,41.38929]]},"properties":{"name":"Carril bici unidireccional Mendez Nu\u00f1ez"}},{"type":"Feature","geometry":{"type":"LineString","coordinates":[[2.164093,41.412014],[2.163157,41.412312],[2.162178,41.412633]]},"properties":{"name":"Carril bici unidireccional Ronda del Guinard\u00f3"}},{"type":"Feature","geometry":{"type":"LineString","coordinates":[[2.173365,41.396829],[2.173367,41.39683],[2.177615,41.399959],[2.177872,41.400151],[2.177916,41.400217],[2.178723,41.400816],[2.17878,41.400824]]},"properties":{"name":"Carril bici unidireccional Consell de Cent "}},{"type":"Feature","geometry":{"type":"LineString","coordinates":[[2.182284,41.401822],[2.173327,41.395149],[2.171796,41.393986],[2.171345,41.393641],[2.169704,41.392416],[2.166937,41.390357],[2.159836,41.385008],[2.155055,41.381374],[2.150536,41.378014]]},"properties":{"name":"Carril bici unidireccional Diputaci\u00f3"}},{"type":"Feature","geometry":{"type":"LineString","coordinates":[[2.182685,41.430293],[2.183008,41.429895],[2.18376,41.428865],[2.186184,41.42525],[2.18652,41.424535],[2.186701,41.423395],[2.18668,41.422581]]},"properties":{"name":"Carril bici unidireccional Meridiana muntanya"}},{"type":"Feature","geometry":{"type":"LineString","coordinates":[[2.187126,41.422517],[2.187138,41.423899],[2.187047,41.424415],[2.186876,41.42479],[2.186211,41.426028],[2.184554,41.42849],[2.184552,41.428642],[2.184461,41.428752],[2.184289,41.428817],[2.183644,41.429842],[2.183529,41.430066],[2.183542,41.430317],[2.182676,41.430299]]},"properties":{"name":"Carril bici unidireccional Meridiana mar"}},{"type":"Feature","geometry":{"type":"LineString","coordinates":[[2.189038,41.403767],[2.192694,41.404698],[2.193665,41.404932],[2.213904,41.409986],[2.214231,41.409941],[2.215237,41.410264],[2.215188,41.410462]]},"properties":{"name":"Carril bici unidireccional Av Diagonal est 2"}},{"type":"Feature","geometry":{"type":"LineString","coordinates":[[2.215148,41.410478],[2.215113,41.4106],[2.214145,41.410341],[2.213818,41.410086],[2.20068,41.406818],[2.193699,41.405049],[2.190313,41.404198],[2.189018,41.403873]]},"properties":{"name":"Carril bici unidireccional Av Diagonal est 1"}},{"type":"Feature","geometry":{"type":"LineString","coordinates":[[2.175427,41.376333],[2.175262,41.376115],[2.175138,41.375963],[2.174979,41.375772],[2.174803,41.375651],[2.174195,41.375322],[2.173312,41.374841],[2.173208,41.374816],[2.173204,41.374819]]},"properties":{"name":"Carril bici unidireccional Portal Sta madrona mar"}},{"type":"Feature","geometry":{"type":"LineString","coordinates":[[2.162195,41.412457],[2.163208,41.411269],[2.163562,41.410889],[2.163757,41.410683],[2.164001,41.410493],[2.164457,41.410151],[2.167698,41.407714],[2.167762,41.407694],[2.168002,41.407503],[2.168031,41.407457],[2.173336,41.403399]]},"properties":{"name":"Carril bici unidireccional Sradenya entre rda Guinard\u00ed i Pro"}},{"type":"Feature","geometry":{"type":"LineString","coordinates":[[2.173354,41.37481],[2.173977,41.375142],[2.174543,41.375448],[2.174737,41.37555],[2.174834,41.3756],[2.174921,41.37565],[2.175047,41.37576],[2.175175,41.3759],[2.175283,41.376049],[2.175361,41.37615],[2.175409,41.376194]]},"properties":{"name":"Carril bici unidireccional Portal Sta Madrona muntanya"}},{"type":"Feature","geometry":{"type":"LineString","coordinates":[[2.138528,41.39451],[2.138528,41.394512],[2.138528,41.394514],[2.138528,41.394515],[2.138528,41.394517],[2.138528,41.394519],[2.138527,41.394521],[2.138527,41.394523],[2.138527,41.394524],[2.138527,41.394526],[2.138527,41.394528],[2.138527,41.39453],[2.138527,41.394532],[2.138526,41.394533],[2.138526,41.394535],[2.138526,41.394537],[2.138526,41.394539],[2.138526,41.39454],[2.138525,41.394542],[2.138525,41.394544],[2.138525,41.394546],[2.138525,41.394548],[2.138524,41.394549],[2.138524,41.394551],[2.138524,41.394553],[2.138523,41.394555],[2.138523,41.394557],[2.138523,41.394558],[2.138522,41.39456],[2.138522,41.394562],[2.138522,41.394564],[2.138521,41.394565],[2.138521,41.394567],[2.13852,41.394569],[2.13852,41.394571],[2.138519,41.394573],[2.138519,41.394574],[2.138518,41.394576],[2.138518,41.394578],[2.138517,41.39458],[2.138517,41.394581],[2.138516,41.394583],[2.138516,41.394585],[2.138515,41.394587],[2.138515,41.394588],[2.138514,41.39459],[2.138514,41.394592],[2.138513,41.394594],[2.138512,41.394595],[2.138512,41.394597],[2.138511,41.394599],[2.138511,41.394601],[2.13851,41.394602],[2.138509,41.394604],[2.138509,41.394606],[2.138508,41.394608],[2.138507,41.394609],[2.138506,41.394611],[2.138506,41.394613],[2.138505,41.394614],[2.138504,41.394616],[2.138503,41.394618],[2.138503,41.394619],[2.138502,41.394621],[2.138501,41.394623],[2.1385,41.394625],[2.138499,41.394626],[2.138499,41.394628],[2.138498,41.39463],[2.138497,41.394631],[2.138496,41.394633],[2.138495,41.394635],[2.138494,41.394636],[2.138493,41.394638],[2.138492,41.39464],[2.138492,41.394641],[2.138491,41.394643],[2.13849,41.394645],[2.138489,41.394646],[2.138488,41.394648],[2.138487,41.39465],[2.138486,41.394651],[2.138485,41.394653],[2.138484,41.394655],[2.138483,41.394656],[2.138482,41.394658],[2.138481,41.394659],[2.13848,41.394661],[2.138478,41.394663],[2.138477,41.394664],[2.138476,41.394666],[2.138475,41.394667],[2.138474,41.394669],[2.138473,41.394671],[2.138472,41.394672],[2.138471,41.394674],[2.138469,41.394675],[2.138468,41.394677],[2.138467,41.394678],[2.138466,41.39468],[2.138465,41.394682],[2.138463,41.394683],[2.138462,41.394685],[2.138461,41.394686],[2.13846,41.394688],[2.138458,41.394689],[2.138457,41.394691],[2.138456,41.394692],[2.138455,41.394694],[2.138453,41.394695],[2.138452,41.394697],[2.138451,41.394698],[2.138449,41.3947],[2.138448,41.394701],[2.138447,41.394703],[2.138445,41.394704],[2.138444,41.394706],[2.138443,41.394707],[2.138441,41.394709],[2.13844,41.39471],[2.138438,41.394712],[2.138437,41.394713],[2.138436,41.394715],[2.138434,41.394716],[2.138433,41.394717],[2.138431,41.394719],[2.13843,41.39472],[2.138428,41.394722],[2.138427,41.394723],[2.138425,41.394724],[2.138424,41.394726],[2.138422,41.394727],[2.138421,41.394729],[2.138419,41.39473],[2.138418,41.394731],[2.138416,41.394733],[2.138414,41.394734],[2.138413,41.394735],[2.138411,41.394737],[2.13841,41.394738],[2.138408,41.39474],[2.138406,41.394741],[2.138405,41.394742],[2.138403,41.394743],[2.138402,41.394745],[2.1384,41.394746],[2.138398,41.394747],[2.138397,41.394749],[2.138395,41.39475],[2.138393,41.394751],[2.138391,41.394753],[2.13839,41.394754],[2.138388,41.394755],[2.138386,41.394756],[2.138385,41.394758],[2.138383,41.394759],[2.138381,41.39476],[2.138379,41.394761],[2.138378,41.394762],[2.138376,41.394764],[2.138374,41.394765],[2.138372,41.394766],[2.13837,41.394767],[2.138369,41.394768],[2.138367,41.39477],[2.138365,41.394771],[2.138363,41.394772],[2.138361,41.394773],[2.138359,41.394774],[2.138358,41.394775],[2.138356,41.394776],[2.138354,41.394778],[2.138352,41.394779],[2.13835,41.39478],[2.138348,41.394781],[2.138346,41.394782],[2.138344,41.394783],[2.138343,41.394784],[2.138341,41.394785],[2.138339,41.394786],[2.138337,41.394787],[2.138335,41.394788],[2.138333,41.394789],[2.138331,41.394791],[2.138329,41.394792],[2.138327,41.394793],[2.138325,41.394794],[2.138323,41.394795],[2.138321,41.394796],[2.138319,41.394797],[2.138317,41.394798],[2.138315,41.394799],[2.138313,41.394799],[2.138311,41.3948],[2.138309,41.394801],[2.138307,41.394802],[2.138305,41.394803],[2.138303,41.394804],[2.138301,41.394805],[2.138299,41.394806],[2.138296,41.394807],[2.138294,41.394808],[2.138292,41.394809],[2.13829,41.39481],[2.138288,41.39481],[2.138286,41.394811],[2.138284,41.394812],[2.138282,41.394813],[2.13828,41.394814],[2.138278,41.394815],[2.138275,41.394815],[2.138273,41.394816],[2.138271,41.394817],[2.138269,41.394818],[2.138267,41.394819],[2.138265,41.394819],[2.138263,41.39482],[2.13826,41.394821],[2.138258,41.394822],[2.138256,41.394822],[2.138254,41.394823],[2.138252,41.394824],[2.138249,41.394825],[2.138247,41.394825],[2.138245,41.394826],[2.138243,41.394827],[2.138241,41.394827],[2.138238,41.394828],[2.138236,41.394829],[2.138234,41.394829],[2.138232,41.39483],[2.138229,41.394831],[2.138227,41.394831],[2.138225,41.394832],[2.138223,41.394832],[2.13822,41.394833],[2.138218,41.394834],[2.138216,41.394834],[2.138214,41.394835],[2.138211,41.394835],[2.138209,41.394836],[2.138207,41.394836],[2.138205,41.394837],[2.138202,41.394838],[2.1382,41.394838],[2.138198,41.394839],[2.138195,41.394839],[2.138193,41.39484],[2.138191,41.39484],[2.138188,41.394841],[2.138186,41.394841],[2.138184,41.394841],[2.138181,41.394842],[2.138179,41.394842],[2.138177,41.394843],[2.138175,41.394843],[2.138172,41.394844],[2.13817,41.394844],[2.138168,41.394844],[2.138165,41.394845],[2.138163,41.394845],[2.138161,41.394846],[2.138158,41.394846],[2.138156,41.394846],[2.138153,41.394847],[2.138151,41.394847],[2.138149,41.394847],[2.138146,41.394848],[2.138144,41.394848],[2.138142,41.394848],[2.138139,41.394848],[2.138137,41.394849],[2.138135,41.394849],[2.138132,41.394849],[2.13813,41.394849],[2.138127,41.39485],[2.138125,41.39485],[2.138123,41.39485],[2.13812,41.39485],[2.138118,41.394851],[2.138116,41.394851],[2.138113,41.394851],[2.138111,41.394851],[2.138108,41.394851],[2.138106,41.394851],[2.138104,41.394852],[2.138101,41.394852],[2.138099,41.394852],[2.138097,41.394852],[2.138094,41.394852],[2.138092,41.394852],[2.138089,41.394852],[2.138087,41.394852],[2.138085,41.394852],[2.138082,41.394852],[2.13808,41.394852],[2.138077,41.394853],[2.138075,41.394853],[2.138073,41.394853],[2.13807,41.394853],[2.138068,41.394853],[2.138065,41.394853],[2.138063,41.394853],[2.138061,41.394853],[2.138058,41.394853],[2.138056,41.394852],[2.138053,41.394852],[2.138051,41.394852],[2.138049,41.394852],[2.138046,41.394852],[2.138044,41.394852],[2.138042,41.394852],[2.138039,41.394852],[2.138037,41.394852],[2.138034,41.394852],[2.138032,41.394852],[2.13803,41.394851],[2.138027,41.394851],[2.138025,41.394851],[2.138022,41.394851],[2.13802,41.394851],[2.138018,41.39485],[2.138015,41.39485],[2.138013,41.39485],[2.138011,41.39485],[2.138008,41.39485],[2.138006,41.394849],[2.138003,41.394849],[2.138001,41.394849],[2.137999,41.394849],[2.137996,41.394848],[2.137994,41.394848],[2.137992,41.394848],[2.137989,41.394847],[2.137987,41.394847],[2.137985,41.394847],[2.137982,41.394846],[2.13798,41.394846],[2.137977,41.394846],[2.137975,41.394845],[2.137973,41.394845],[2.13797,41.394845],[2.137968,41.394844],[2.137966,41.394844],[2.137963,41.394843],[2.137961,41.394843],[2.137959,41.394843],[2.137957,41.394842],[2.137954,41.394842],[2.137952,41.394841],[2.13795,41.394841],[2.137947,41.39484],[2.137945,41.39484],[2.137943,41.394839],[2.13794,41.394839],[2.137938,41.394838],[2.137936,41.394838],[2.137933,41.394837],[2.137931,41.394837],[2.137929,41.394836],[2.137927,41.394836],[2.137924,41.394835],[2.137922,41.394835],[2.13792,41.394834],[2.137918,41.394833],[2.137915,41.394833],[2.137913,41.394832],[2.137911,41.394832],[2.137909,41.394831],[2.137906,41.39483],[2.137904,41.39483],[2.137902,41.394829],[2.1379,41.394828],[2.137897,41.394828],[2.137895,41.394827],[2.137893,41.394826],[2.137891,41.394826],[2.137889,41.394825],[2.137886,41.394824],[2.137884,41.394824],[2.137882,41.394823],[2.13788,41.394822],[2.137878,41.394821],[2.137875,41.394821],[2.137873,41.39482],[2.137871,41.394819],[2.137869,41.394818],[2.137867,41.394818],[2.137865,41.394817],[2.137862,41.394816],[2.13786,41.394815],[2.137858,41.394814],[2.137856,41.394814],[2.137854,41.394813],[2.137852,41.394812],[2.13785,41.394811],[2.137848,41.39481],[2.137846,41.394809],[2.137843,41.394808],[2.137841,41.394807],[2.137839,41.394807],[2.137837,41.394806],[2.137835,41.394805],[2.137833,41.394804],[2.137831,41.394803],[2.137829,41.394802],[2.137827,41.394801],[2.137825,41.3948],[2.137823,41.394799],[2.137821,41.394798],[2.137819,41.394797],[2.137817,41.394796],[2.137815,41.394795],[2.137813,41.394794],[2.137811,41.394793],[2.137809,41.394792],[2.137807,41.394791],[2.137805,41.39479],[2.137803,41.394789],[2.137801,41.394788],[2.137799,41.394787],[2.137797,41.394786],[2.137795,41.394785],[2.137793,41.394784],[2.137791,41.394783],[2.137789,41.394782],[2.137788,41.394781],[2.137786,41.394779],[2.137784,41.394778],[2.137782,41.394777],[2.13778,41.394776],[2.137778,41.394775],[2.137776,41.394774],[2.137775,41.394773],[2.137773,41.394772],[2.137771,41.39477],[2.137769,41.394769],[2.137767,41.394768],[2.137765,41.394767],[2.137764,41.394766],[2.137762,41.394764],[2.13776,41.394763],[2.137758,41.394762],[2.137756,41.394761],[2.137755,41.39476],[2.137753,41.394758],[2.137751,41.394757],[2.13775,41.394756],[2.137748,41.394755],[2.137746,41.394753],[2.137744,41.394752],[2.137743,41.394751],[2.137741,41.39475],[2.137739,41.394748],[2.137738,41.394747],[2.137736,41.394746],[2.137734,41.394744],[2.137733,41.394743],[2.137731,41.394742],[2.137729,41.39474],[2.137728,41.394739],[2.137726,41.394738],[2.137725,41.394736],[2.137723,41.394735],[2.137722,41.394734],[2.13772,41.394732],[2.137718,41.394731],[2.137717,41.39473],[2.137715,41.394728],[2.137714,41.394727],[2.137712,41.394725],[2.137711,41.394724],[2.137709,41.394723],[2.137708,41.394721],[2.137706,41.39472],[2.137705,41.394718],[2.137703,41.394717],[2.137702,41.394716],[2.1377,41.394714],[2.137699,41.394713],[2.137698,41.394711],[2.137696,41.39471],[2.137695,41.394708],[2.137693,41.394707],[2.137692,41.394705],[2.137691,41.394704],[2.137689,41.394702],[2.137688,41.394701],[2.137687,41.394699],[2.137685,41.394698],[2.137684,41.394696],[2.137683,41.394695],[2.137681,41.394693],[2.13768,41.394692],[2.137679,41.39469],[2.137678,41.394689],[2.137676,41.394687],[2.137675,41.394686],[2.137674,41.394684],[2.137673,41.394683],[2.137671,41.394681],[2.13767,41.39468],[2.137669,41.394678],[2.137668,41.394676],[2.137667,41.394675],[2.137665,41.394673],[2.137664,41.394672],[2.137663,41.39467],[2.137662,41.394668],[2.137661,41.394667],[2.13766,41.394665],[2.137659,41.394664],[2.137658,41.394662],[2.137657,41.39466],[2.137656,41.394659],[2.137654,41.394657],[2.137653,41.394656],[2.137652,41.394654],[2.137651,41.394652],[2.13765,41.394651],[2.137649,41.394649],[2.137648,41.394647],[2.137647,41.394646],[2.137646,41.394644],[2.137646,41.394642],[2.137645,41.394641],[2.137644,41.394639],[2.137643,41.394638],[2.137642,41.394636],[2.137641,41.394634],[2.13764,41.394632],[2.137639,41.394631],[2.137638,41.394629],[2.137638,41.394627],[2.137637,41.394626],[2.137636,41.394624],[2.137635,41.394622],[2.137634,41.394621],[2.137634,41.394619],[2.137633,41.394617],[2.137632,41.394616],[2.137631,41.394614],[2.13763,41.394612],[2.13763,41.39461],[2.137629,41.394609],[2.137628,41.394607],[2.137628,41.394605],[2.137627,41.394603],[2.137626,41.394602],[2.137626,41.3946],[2.137625,41.394598],[2.137624,41.394597],[2.137624,41.394595],[2.137623,41.394593],[2.137623,41.394591],[2.137622,41.39459],[2.137621,41.394588],[2.137621,41.394586],[2.13762,41.394584],[2.13762,41.394583],[2.137619,41.394581],[2.137619,41.394579],[2.137618,41.394577],[2.137618,41.394576],[2.137617,41.394574],[2.137617,41.394572],[2.137616,41.39457],[2.137616,41.394568],[2.137616,41.394567],[2.137615,41.394565],[2.137615,41.394563],[2.137614,41.394561],[2.137614,41.39456],[2.137614,41.394558],[2.137613,41.394556],[2.137613,41.394554],[2.137613,41.394552],[2.137612,41.394551],[2.137612,41.394549],[2.137612,41.394547],[2.137611,41.394545],[2.137611,41.394543],[2.137611,41.394542],[2.137611,41.39454],[2.13761,41.394538],[2.13761,41.394536],[2.13761,41.394535],[2.13761,41.394533],[2.13761,41.394531],[2.13761,41.394529],[2.137609,41.394527],[2.137609,41.394526],[2.137609,41.394524],[2.137609,41.394522],[2.137609,41.39452],[2.137609,41.394518],[2.137609,41.394517],[2.137609,41.394515],[2.137609,41.394513],[2.137609,41.394511],[2.137609,41.394509],[2.137609,41.394508],[2.137609,41.394506],[2.137609,41.394504],[2.137609,41.394502],[2.137609,41.3945],[2.137609,41.394499],[2.137609,41.394497],[2.137609,41.394495],[2.137609,41.394493],[2.137609,41.394491],[2.137609,41.39449],[2.137609,41.394488],[2.137609,41.394486],[2.13761,41.394484],[2.13761,41.394482],[2.13761,41.394481],[2.13761,41.394479],[2.13761,41.394477],[2.13761,41.394475],[2.137611,41.394473],[2.137611,41.394472],[2.137611,41.39447],[2.137611,41.394468],[2.137612,41.394466],[2.137612,41.394464],[2.137612,41.394463],[2.137613,41.394461],[2.137613,41.394459],[2.137613,41.394457],[2.137614,41.394455],[2.137614,41.394454],[2.137614,41.394452],[2.137615,41.39445],[2.137615,41.394448],[2.137615,41.394447],[2.137616,41.394445],[2.137616,41.394443],[2.137617,41.394441],[2.137617,41.394439],[2.137618,41.394438],[2.137618,41.394436],[2.137619,41.394434],[2.137619,41.394432],[2.13762,41.394431],[2.13762,41.394429],[2.137621,41.394427],[2.137621,41.394425],[2.137622,41.394424],[2.137622,41.394422],[2.137623,41.39442],[2.137624,41.394418],[2.137624,41.394417],[2.137625,41.394415],[2.137626,41.394413],[2.137626,41.394411],[2.137627,41.39441],[2.137628,41.394408],[2.137628,41.394406],[2.137629,41.394405],[2.13763,41.394403],[2.13763,41.394401],[2.137631,41.394399],[2.137632,41.394398],[2.137633,41.394396],[2.137633,41.394394],[2.137634,41.394393],[2.137635,41.394391],[2.137636,41.394389],[2.137637,41.394387],[2.137637,41.394386],[2.137638,41.394384],[2.137639,41.394382],[2.13764,41.394381],[2.137641,41.394379],[2.137642,41.394377],[2.137643,41.394376],[2.137644,41.394374],[2.137644,41.394372],[2.137645,41.394371],[2.137646,41.394369],[2.137647,41.394367],[2.137648,41.394366],[2.137649,41.394364],[2.13765,41.394362],[2.137651,41.394361],[2.137652,41.394359],[2.137653,41.394358],[2.137654,41.394356],[2.137655,41.394354],[2.137656,41.394353],[2.137657,41.394351],[2.137659,41.39435],[2.13766,41.394348],[2.137661,41.394346],[2.137662,41.394345],[2.137663,41.394343],[2.137664,41.394342],[2.137665,41.39434],[2.137666,41.394338],[2.137668,41.394337],[2.137669,41.394335],[2.13767,41.394334],[2.137671,41.394332],[2.137672,41.394331],[2.137674,41.394329],[2.137675,41.394327],[2.137676,41.394326],[2.137677,41.394324],[2.137679,41.394323],[2.13768,41.394321],[2.137681,41.39432],[2.137682,41.394318],[2.137684,41.394317],[2.137685,41.394315],[2.137686,41.394314],[2.137688,41.394312],[2.137689,41.394311],[2.13769,41.394309],[2.137692,41.394308],[2.137693,41.394306],[2.137695,41.394305],[2.137696,41.394303],[2.137697,41.394302],[2.137699,41.394301],[2.1377,41.394299],[2.137702,41.394298],[2.137703,41.394296],[2.137705,41.394295],[2.137706,41.394293],[2.137707,41.394292],[2.137709,41.394291],[2.13771,41.394289],[2.137712,41.394288],[2.137713,41.394286],[2.137715,41.394285],[2.137717,41.394284],[2.137718,41.394282],[2.13772,41.394281],[2.137721,41.394279],[2.137723,41.394278],[2.137724,41.394277],[2.137726,41.394275],[2.137728,41.394274],[2.137729,41.394273],[2.137731,41.394271],[2.137732,41.39427],[2.137734,41.394269],[2.137736,41.394267],[2.137737,41.394266],[2.137739,41.394265],[2.137741,41.394264],[2.137742,41.394262],[2.137744,41.394261],[2.137746,41.39426],[2.137748,41.394259],[2.137749,41.394257],[2.137751,41.394256],[2.137753,41.394255],[2.137754,41.394254],[2.137756,41.394252],[2.137758,41.394251],[2.13776,41.39425],[2.137761,41.394249],[2.137763,41.394247],[2.137765,41.394246],[2.137767,41.394245],[2.137769,41.394244],[2.137771,41.394243],[2.137772,41.394242],[2.137774,41.39424],[2.137776,41.394239],[2.137778,41.394238],[2.13778,41.394237],[2.137782,41.394236],[2.137783,41.394235],[2.137785,41.394234],[2.137787,41.394233],[2.137789,41.394231],[2.137791,41.39423],[2.137793,41.394229],[2.137795,41.394228],[2.137797,41.394227],[2.137799,41.394226],[2.137801,41.394225],[2.137803,41.394224],[2.137805,41.394223],[2.137807,41.394222],[2.137809,41.394221],[2.137811,41.39422],[2.137812,41.394219],[2.137814,41.394218],[2.137816,41.394217],[2.137818,41.394216],[2.13782,41.394215],[2.137823,41.394214],[2.137825,41.394213],[2.137827,41.394212],[2.137829,41.394211],[2.137831,41.39421],[2.137833,41.394209],[2.137835,41.394208],[2.137837,41.394207],[2.137839,41.394206],[2.137841,41.394206],[2.137843,41.394205],[2.137845,41.394204],[2.137847,41.394203],[2.137849,41.394202],[2.137851,41.394201],[2.137854,41.3942],[2.137856,41.3942],[2.137858,41.394199],[2.13786,41.394198],[2.137862,41.394197],[2.137864,41.394196],[2.137866,41.394195],[2.137869,41.394195],[2.137871,41.394194],[2.137873,41.394193],[2.137875,41.394192],[2.137877,41.394192],[2.137879,41.394191],[2.137882,41.39419],[2.137884,41.394189],[2.137886,41.394189],[2.137888,41.394188],[2.13789,41.394187],[2.137893,41.394187],[2.137895,41.394186],[2.137897,41.394185],[2.137899,41.394185],[2.137901,41.394184],[2.137904,41.394183],[2.137906,41.394183],[2.137908,41.394182],[2.13791,41.394181],[2.137913,41.394181],[2.137915,41.39418],[2.137917,41.39418],[2.137919,41.394179],[2.137922,41.394178],[2.137924,41.394178],[2.137926,41.394177],[2.137928,41.394177],[2.137931,41.394176],[2.137933,41.394176],[2.137935,41.394175],[2.137938,41.394175],[2.13794,41.394174],[2.137942,41.394174],[2.137945,41.394173],[2.137947,41.394173],[2.137949,41.394172],[2.137951,41.394172],[2.137954,41.394171],[2.137956,41.394171],[2.137958,41.39417],[2.137961,41.39417],[2.137963,41.39417],[2.137965,41.394169],[2.137968,41.394169],[2.13797,41.394168],[2.137972,41.394168],[2.137975,41.394168],[2.137977,41.394167],[2.137979,41.394167],[2.137982,41.394167],[2.137984,41.394166],[2.137986,41.394166],[2.137989,41.394166],[2.137991,41.394165],[2.137994,41.394165],[2.137996,41.394165],[2.137998,41.394164],[2.138001,41.394164],[2.138003,41.394164],[2.138005,41.394164],[2.138008,41.394163],[2.13801,41.394163],[2.138013,41.394163],[2.138015,41.394163],[2.138017,41.394162],[2.13802,41.394162],[2.138022,41.394162],[2.138024,41.394162],[2.138027,41.394162],[2.138029,41.394162],[2.138032,41.394161],[2.138034,41.394161],[2.138036,41.394161],[2.138039,41.394161],[2.138041,41.394161],[2.138043,41.394161],[2.138046,41.394161],[2.138048,41.394161],[2.138051,41.394161],[2.138053,41.394161],[2.138055,41.39416],[2.138058,41.39416],[2.13806,41.39416],[2.138063,41.39416],[2.138065,41.39416],[2.138067,41.39416],[2.13807,41.39416],[2.138072,41.39416],[2.138075,41.39416],[2.138077,41.39416],[2.138079,41.39416],[2.138082,41.39416],[2.138084,41.394161],[2.138087,41.394161],[2.138089,41.394161],[2.138091,41.394161],[2.138094,41.394161],[2.138096,41.394161],[2.138098,41.394161],[2.138101,41.394161],[2.138103,41.394161],[2.138106,41.394161],[2.138108,41.394162],[2.13811,41.394162],[2.138113,41.394162],[2.138115,41.394162],[2.138118,41.394162],[2.13812,41.394163],[2.138122,41.394163],[2.138125,41.394163],[2.138127,41.394163],[2.138129,41.394163],[2.138132,41.394164],[2.138134,41.394164],[2.138137,41.394164],[2.138139,41.394164],[2.138141,41.394165],[2.138144,41.394165],[2.138146,41.394165],[2.138148,41.394166],[2.138151,41.394166],[2.138153,41.394166],[2.138155,41.394167],[2.138158,41.394167],[2.13816,41.394167],[2.138162,41.394168],[2.138165,41.394168],[2.138167,41.394168],[2.138169,41.394169],[2.138172,41.394169],[2.138174,41.39417],[2.138176,41.39417],[2.138179,41.39417],[2.138181,41.394171],[2.138183,41.394171],[2.138186,41.394172],[2.138188,41.394172],[2.13819,41.394173],[2.138193,41.394173],[2.138195,41.394174],[2.138197,41.394174],[2.1382,41.394175],[2.138202,41.394175],[2.138204,41.394176],[2.138206,41.394176],[2.138209,41.394177],[2.138211,41.394177],[2.138213,41.394178],[2.138215,41.394179],[2.138218,41.394179],[2.13822,41.39418],[2.138222,41.39418],[2.138225,41.394181],[2.138227,41.394182],[2.138229,41.394182],[2.138231,41.394183],[2.138233,41.394183],[2.138236,41.394184],[2.138238,41.394185],[2.13824,41.394185],[2.138242,41.394186],[2.138245,41.394187],[2.138247,41.394188],[2.138249,41.394188],[2.138251,41.394189],[2.138253,41.39419],[2.138256,41.39419],[2.138258,41.394191],[2.13826,41.394192],[2.138262,41.394193],[2.138264,41.394193],[2.138266,41.394194],[2.138269,41.394195],[2.138271,41.394196],[2.138273,41.394197],[2.138275,41.394197],[2.138277,41.394198],[2.138279,41.394199],[2.138281,41.3942],[2.138284,41.394201],[2.138286,41.394202],[2.138288,41.394202],[2.13829,41.394203],[2.138292,41.394204],[2.138294,41.394205],[2.138296,41.394206],[2.138298,41.394207],[2.1383,41.394208],[2.138302,41.394209],[2.138304,41.39421],[2.138306,41.39421],[2.138308,41.394211],[2.138311,41.394212],[2.138313,41.394213],[2.138315,41.394214],[2.138317,41.394215],[2.138319,41.394216],[2.138321,41.394217],[2.138323,41.394218],[2.138325,41.394219],[2.138327,41.39422],[2.138329,41.394221],[2.138331,41.394222],[2.138332,41.394223],[2.138334,41.394224],[2.138336,41.394225],[2.138338,41.394226],[2.13834,41.394227],[2.138342,41.394229],[2.138344,41.39423],[2.138346,41.394231],[2.138348,41.394232],[2.13835,41.394233],[2.138352,41.394234],[2.138354,41.394235],[2.138355,41.394236],[2.138357,41.394237],[2.138359,41.394238],[2.138361,41.39424],[2.138363,41.394241],[2.138365,41.394242],[2.138367,41.394243],[2.138368,41.394244],[2.13837,41.394245],[2.138372,41.394247],[2.138374,41.394248],[2.138376,41.394249],[2.138377,41.39425],[2.138379,41.394251],[2.138381,41.394253],[2.138383,41.394254],[2.138384,41.394255],[2.138386,41.394256],[2.138388,41.394258],[2.138389,41.394259],[2.138391,41.39426],[2.138393,41.394261],[2.138395,41.394263],[2.138396,41.394264],[2.138398,41.394265],[2.1384,41.394267],[2.138401,41.394268],[2.138403,41.394269],[2.138405,41.394271],[2.138406,41.394272],[2.138408,41.394273],[2.138409,41.394274],[2.138411,41.394276],[2.138413,41.394277],[2.138414,41.394279],[2.138416,41.39428],[2.138417,41.394281],[2.138419,41.394283],[2.13842,41.394284],[2.138422,41.394285],[2.138423,41.394287],[2.138425,41.394288],[2.138426,41.39429],[2.138428,41.394291],[2.138429,41.394292],[2.138431,41.394294],[2.138432,41.394295],[2.138434,41.394297],[2.138435,41.394298],[2.138437,41.3943],[2.138438,41.394301],[2.13844,41.394302],[2.138441,41.394304],[2.138442,41.394305],[2.138444,41.394307],[2.138445,41.394308],[2.138446,41.39431],[2.138448,41.394311],[2.138449,41.394313],[2.13845,41.394314],[2.138452,41.394316],[2.138453,41.394317],[2.138454,41.394319],[2.138456,41.39432],[2.138457,41.394322],[2.138458,41.394323],[2.13846,41.394325],[2.138461,41.394326],[2.138462,41.394328],[2.138463,41.39433],[2.138464,41.394331],[2.138466,41.394333],[2.138467,41.394334],[2.138468,41.394336],[2.138469,41.394337],[2.13847,41.394339],[2.138472,41.39434],[2.138473,41.394342],[2.138474,41.394344],[2.138475,41.394345],[2.138476,41.394347],[2.138477,41.394348],[2.138478,41.39435],[2.138479,41.394352],[2.13848,41.394353],[2.138481,41.394355],[2.138482,41.394356],[2.138484,41.394358],[2.138485,41.39436],[2.138486,41.394361],[2.138487,41.394363],[2.138488,41.394365],[2.138488,41.394366],[2.138489,41.394368],[2.13849,41.39437],[2.138491,41.394371],[2.138492,41.394373],[2.138493,41.394375],[2.138494,41.394376],[2.138495,41.394378],[2.138496,41.39438],[2.138497,41.394381],[2.138498,41.394383],[2.138498,41.394385],[2.138499,41.394386],[2.1385,41.394388],[2.138501,41.39439],[2.138502,41.394391],[2.138503,41.394393],[2.138503,41.394395],[2.138504,41.394397],[2.138505,41.394398],[2.138506,41.3944],[2.138506,41.394402],[2.138507,41.394403],[2.138508,41.394405],[2.138508,41.394407],[2.138509,41.394409],[2.13851,41.39441],[2.13851,41.394412],[2.138511,41.394414],[2.138512,41.394415],[2.138512,41.394417],[2.138513,41.394419],[2.138514,41.394421],[2.138514,41.394422],[2.138515,41.394424],[2.138515,41.394426],[2.138516,41.394428],[2.138516,41.394429],[2.138517,41.394431],[2.138517,41.394433],[2.138518,41.394435],[2.138518,41.394437],[2.138519,41.394438],[2.138519,41.39444],[2.13852,41.394442],[2.13852,41.394444],[2.138521,41.394445],[2.138521,41.394447],[2.138521,41.394449],[2.138522,41.394451],[2.138522,41.394452],[2.138523,41.394454],[2.138523,41.394456],[2.138523,41.394458],[2.138524,41.39446],[2.138524,41.394461],[2.138524,41.394463],[2.138525,41.394465],[2.138525,41.394467],[2.138525,41.394469],[2.138525,41.39447],[2.138526,41.394472],[2.138526,41.394474],[2.138526,41.394476],[2.138526,41.394478],[2.138526,41.394479],[2.138527,41.394481],[2.138527,41.394483],[2.138527,41.394485],[2.138527,41.394486],[2.138527,41.394488],[2.138527,41.39449],[2.138527,41.394492],[2.138528,41.394494],[2.138528,41.394495],[2.138528,41.394497],[2.138528,41.394499],[2.138528,41.394501],[2.138528,41.394503],[2.138528,41.394504],[2.138528,41.394506],[2.138528,41.394508],[2.138528,41.39451]]},"properties":{"name":"Carril bici unidireccional Pl Sant Greg\u00f2rio Taumaturg"}},{"type":"Feature","geometry":{"type":"LineString","coordinates":[[2.109561,41.387899],[2.109269,41.387573],[2.109075,41.387357]]},"properties":{"name":"Carril bici unidireccional Sor Maria d'Anzizu"}},{"type":"Feature","geometry":{"type":"LineString","coordinates":[[2.149556,41.407953],[2.1482,41.409263],[2.147615,41.409785],[2.147472,41.409917],[2.146574,41.410707],[2.146374,41.410864],[2.145662,41.411355],[2.144994,41.41181],[2.144687,41.411907],[2.143911,41.412153],[2.143441,41.412373],[2.14333,41.412426],[2.143231,41.412506],[2.143153,41.412575],[2.143107,41.412651],[2.143025,41.412811],[2.142996,41.412924],[2.142998,41.413003],[2.143013,41.413186],[2.143097,41.41413],[2.143069,41.414361],[2.142928,41.414631],[2.142611,41.41515],[2.14248,41.41534],[2.141888,41.416274],[2.141682,41.416579],[2.141513,41.416836],[2.141344,41.417103],[2.141248,41.417276],[2.141194,41.417456],[2.141123,41.417681],[2.141079,41.417957],[2.140836,41.419456],[2.14063,41.420857]]},"properties":{"name":"Carril bici unidireccional av Vallcarca"}},{"type":"Feature","geometry":{"type":"LineString","coordinates":[[2.124912,41.398414],[2.125658,41.397625],[2.125823,41.397544],[2.12659,41.396915]]},"properties":{"name":"Carril bici unidireccional Cardenal de Sentmenat"}},{"type":"Feature","geometry":{"type":"LineString","coordinates":[[2.21619,41.41849],[2.214126,41.416942]]},"properties":{"name":"Carril bici unidireccional Crisdtobal de Moura"}},{"type":"Feature","geometry":{"type":"LineString","coordinates":[[2.214338,41.41684],[2.216391,41.418392]]},"properties":{"name":"Carril bici unidireccional Cristobal de Moura"}},{"type":"Feature","geometry":{"type":"LineString","coordinates":[[2.183638,41.383208],[2.183601,41.383191],[2.183563,41.383196],[2.183503,41.383218],[2.183115,41.38277],[2.183045,41.382597],[2.183054,41.38255],[2.1822,41.381574],[2.182104,41.381553],[2.182001,41.381602],[2.181844,41.381455],[2.181953,41.38135],[2.181889,41.381253],[2.181651,41.380997],[2.181953,41.380836],[2.182072,41.380768]]},"properties":{"name":"Carril bici unidireccional pg Isabel II"}},{"type":"Feature","geometry":{"type":"LineString","coordinates":[[2.144136,41.392267],[2.143772,41.391422],[2.143624,41.390969],[2.143468,41.390413],[2.142871,41.388029],[2.142694,41.387302],[2.142692,41.387288],[2.14251,41.38612]]},"properties":{"name":"Carril bici unidireccional Josep Tarradellas - Llobregat"}},{"type":"Feature","geometry":{"type":"LineString","coordinates":[[2.142824,41.385826],[2.142847,41.386008],[2.143155,41.387788],[2.143623,41.389613],[2.143839,41.390587],[2.144441,41.392226]]},"properties":{"name":"Carril bici unidireccional Josep Tarradellas - Bes\u00f3s"}},{"type":"Feature","geometry":{"type":"LineString","coordinates":[[2.147954,41.389725],[2.148435,41.389722]]},"properties":{"name":"Carril bici unidireccional Connexi\u00f3 Paris - Urgell"}},{"type":"Feature","geometry":{"type":"LineString","coordinates":[[2.165351,41.40609],[2.170949,41.40179],[2.173178,41.400123],[2.173324,41.400018]]},"properties":{"name":"Carril bici unidireccional Carrer N\u00e0pols"}},{"type":"Feature","geometry":{"type":"LineString","coordinates":[[2.178775,41.40096],[2.178779,41.400824],[2.179379,41.400349],[2.179779,41.400053],[2.180305,41.399649],[2.180898,41.399212],[2.183312,41.397314],[2.18364,41.397067],[2.18371,41.397132],[2.183924,41.397298],[2.182754,41.398177],[2.181643,41.399017],[2.181147,41.399403],[2.181151,41.399424],[2.18115,41.39944],[2.181146,41.399452],[2.181136,41.399464],[2.181119,41.399479],[2.181093,41.399501],[2.180642,41.399836],[2.180385,41.400025],[2.180321,41.40002],[2.180255,41.400032],[2.178998,41.400987],[2.178775,41.40096]]},"properties":{"name":"Carril bici unidireccional Marina vorera"}},{"type":"Feature","geometry":{"type":"LineString","coordinates":[[2.177823,41.401818],[2.177628,41.401958],[2.177631,41.401998],[2.176592,41.402806],[2.176159,41.40315],[2.175689,41.403494],[2.175615,41.403515],[2.175427,41.403672],[2.175416,41.403722],[2.174571,41.404363],[2.174347,41.404519],[2.174273,41.404581],[2.173871,41.40489],[2.173437,41.405222],[2.173146,41.405451],[2.171279,41.406896],[2.171153,41.406906],[2.1709,41.407099],[2.170902,41.407161],[2.170105,41.407785],[2.170019,41.407784],[2.169798,41.40794],[2.169779,41.408014],[2.169351,41.408342],[2.169167,41.408521]]},"properties":{"name":"Carril bici unidireccional Marina unidireccional nar -> munt"}},{"type":"Feature","geometry":{"type":"LineString","coordinates":[[2.148447,41.390066],[2.155141,41.395078]]},"properties":{"name":"Carril bici unidireccional Carrer de Par\u00eds "}},{"type":"Feature","geometry":{"type":"LineString","coordinates":[[2.186701,41.420323],[2.186575,41.420237],[2.182593,41.417346],[2.181968,41.416875],[2.181303,41.416374],[2.181276,41.416323],[2.181057,41.416163],[2.180967,41.416148],[2.180634,41.415884],[2.178684,41.41443],[2.178087,41.413963],[2.177795,41.413737],[2.176526,41.412804],[2.17453,41.41129],[2.174535,41.41108],[2.174415,41.411015]]},"properties":{"name":"Carril bici unidireccional Sant Antoni M Claret"}},{"type":"Feature","geometry":{"type":"LineString","coordinates":[[2.151754,41.394195],[2.143602,41.388068]]},"properties":{"name":"Carril bici unidireccional Londres"}},{"type":"Feature","geometry":{"type":"LineString","coordinates":[[2.137693,41.394707],[2.135473,41.397596],[2.135346,41.39772],[2.135255,41.397876],[2.130545,41.403936]]},"properties":{"name":"Carril bici unidireccional Carrer de Ganduxer (tram pl S Gre"}},{"type":"Feature","geometry":{"type":"LineString","coordinates":[[2.204664,41.398583],[2.206924,41.400426]]},"properties":{"name":"Carril bici unidireccional Taulat"}},{"type":"Feature","geometry":{"type":"LineString","coordinates":[[2.151476,41.377032],[2.15178,41.376797],[2.151978,41.37695],[2.153823,41.378328],[2.155653,41.379717],[2.156438,41.380275],[2.158721,41.381975],[2.161083,41.383766],[2.16319,41.385361],[2.163373,41.385495]]},"properties":{"name":"Carril bici unidireccional Gran via pla Espanya - Aribau mun"}},{"type":"Feature","geometry":{"type":"LineString","coordinates":[[2.188067,41.392424],[2.18794,41.392427]]},"properties":{"name":"Carril bici unidireccional Enlla\u00e7 Sardenya - Pujades"}},{"type":"Feature","geometry":{"type":"LineString","coordinates":[[2.173541,41.389213],[2.173546,41.389314],[2.173554,41.389348],[2.173553,41.389377],[2.173538,41.389425],[2.173522,41.389448],[2.1735,41.389475],[2.173263,41.389779],[2.167654,41.394025],[2.163257,41.397334],[2.162054,41.398265],[2.161822,41.398443]]},"properties":{"name":"Carril bici unidireccional Roger de Ll\u00faria"}},{"type":"Feature","geometry":{"type":"LineString","coordinates":[[2.186992,41.40862],[2.201521,41.419576],[2.208022,41.424426],[2.209163,41.425304],[2.209175,41.425323],[2.209176,41.425335],[2.209174,41.425351]]},"properties":{"name":"Carril bici unidireccional Arag\u00f3 - Guipuzcoa muntanya"}},{"type":"Feature","geometry":{"type":"LineString","coordinates":[[2.205192,41.401544],[2.204587,41.40105],[2.204375,41.40117]]},"properties":{"name":"Carril bici unidireccional Unidireccional carrer de Joncar e"}},{"type":"Feature","geometry":{"type":"LineString","coordinates":[[2.11761,41.392146],[2.117789,41.392006],[2.11789,41.39195],[2.11799,41.391911],[2.118096,41.391871],[2.118166,41.391849],[2.118274,41.391822],[2.118471,41.391779],[2.118765,41.391722]]},"properties":{"name":"Carril bici unidireccional carrer 39 d'Anzizu"}},{"type":"Feature","geometry":{"type":"LineString","coordinates":[[2.117749,41.389118],[2.117716,41.389211],[2.11764,41.389195],[2.117423,41.389138],[2.117201,41.389078],[2.116923,41.388984],[2.116738,41.388922],[2.116558,41.388843],[2.116292,41.388719],[2.116038,41.388579],[2.115781,41.388427],[2.115579,41.388307],[2.115419,41.388212]]},"properties":{"name":"Carril bici unidireccional Jordi Girona (1)"}},{"type":"Feature","geometry":{"type":"LineString","coordinates":[[2.118158,41.389285],[2.118083,41.389216],[2.117965,41.38918],[2.117766,41.389121],[2.117687,41.389104],[2.11756,41.389073],[2.117317,41.38901],[2.11701,41.388904],[2.116692,41.388782],[2.116494,41.388698],[2.116177,41.388544],[2.115868,41.388366],[2.115694,41.388233],[2.115538,41.388142],[2.115451,41.388224]]},"properties":{"name":"Carril bici unidireccional Jordi Girona (2)"}},{"type":"Feature","geometry":{"type":"LineString","coordinates":[[2.119009,41.380772],[2.119009,41.380774],[2.119009,41.380776],[2.119009,41.380778],[2.119009,41.38078],[2.119009,41.380781],[2.119009,41.380783],[2.119009,41.380785],[2.119008,41.380787],[2.119008,41.380789],[2.119008,41.38079],[2.119008,41.380792],[2.119007,41.380794],[2.119007,41.380796],[2.119007,41.380798],[2.119006,41.380799],[2.119006,41.380801],[2.119005,41.380803],[2.119005,41.380805],[2.119004,41.380806],[2.119004,41.380808],[2.119003,41.38081],[2.119002,41.380812],[2.119002,41.380813],[2.119001,41.380815],[2.119001,41.380817],[2.119,41.380819],[2.118999,41.38082],[2.118998,41.380822],[2.118998,41.380824],[2.118997,41.380825],[2.118996,41.380827],[2.118995,41.380829],[2.118994,41.38083],[2.118993,41.380832],[2.118992,41.380834],[2.118991,41.380835],[2.11899,41.380837],[2.118989,41.380839],[2.118988,41.38084],[2.118987,41.380842],[2.118986,41.380844],[2.118985,41.380845],[2.118984,41.380847],[2.118983,41.380848],[2.118982,41.38085],[2.11898,41.380851],[2.118979,41.380853],[2.118978,41.380854],[2.118977,41.380856],[2.118975,41.380858],[2.118974,41.380859],[2.118973,41.380861],[2.118971,41.380862],[2.11897,41.380863],[2.118969,41.380865],[2.118967,41.380866],[2.118966,41.380868],[2.118964,41.380869],[2.118963,41.380871],[2.118961,41.380872],[2.11896,41.380873],[2.118958,41.380875],[2.118957,41.380876],[2.118955,41.380878],[2.118954,41.380879],[2.118952,41.38088],[2.11895,41.380881],[2.118949,41.380883],[2.118947,41.380884],[2.118945,41.380885],[2.118943,41.380887],[2.118942,41.380888],[2.11894,41.380889],[2.118938,41.38089],[2.118936,41.380891],[2.118935,41.380893],[2.118933,41.380894],[2.118931,41.380895],[2.118929,41.380896],[2.118927,41.380897],[2.118925,41.380898],[2.118923,41.380899],[2.118921,41.3809],[2.118919,41.380901],[2.118917,41.380902],[2.118915,41.380903],[2.118913,41.380904],[2.118911,41.380905],[2.118909,41.380906],[2.118907,41.380907],[2.118905,41.380908],[2.118903,41.380909],[2.118901,41.38091],[2.118899,41.380911],[2.118897,41.380912],[2.118895,41.380913],[2.118893,41.380913],[2.118891,41.380914],[2.118888,41.380915],[2.118886,41.380916],[2.118884,41.380916],[2.118882,41.380917],[2.11888,41.380918],[2.118877,41.380919],[2.118875,41.380919],[2.118873,41.38092],[2.118871,41.38092],[2.118869,41.380921],[2.118866,41.380922],[2.118864,41.380922],[2.118862,41.380923],[2.118859,41.380923],[2.118857,41.380924],[2.118855,41.380924],[2.118853,41.380925],[2.11885,41.380925],[2.118848,41.380926],[2.118846,41.380926],[2.118843,41.380927],[2.118841,41.380927],[2.118839,41.380927],[2.118836,41.380928],[2.118834,41.380928],[2.118832,41.380928],[2.118829,41.380928],[2.118827,41.380929],[2.118824,41.380929],[2.118822,41.380929],[2.11882,41.380929],[2.118817,41.38093],[2.118815,41.38093],[2.118813,41.38093],[2.11881,41.38093],[2.118808,41.38093],[2.118805,41.38093],[2.118803,41.38093],[2.118801,41.38093],[2.118798,41.38093],[2.118796,41.38093],[2.118793,41.38093],[2.118791,41.38093],[2.118789,41.38093],[2.118786,41.38093],[2.118784,41.38093],[2.118781,41.38093],[2.118779,41.38093],[2.118777,41.380929],[2.118774,41.380929],[2.118772,41.380929],[2.11877,41.380929],[2.118767,41.380929],[2.118765,41.380928],[2.118763,41.380928],[2.11876,41.380928],[2.118758,41.380927],[2.118755,41.380927],[2.118753,41.380927],[2.118751,41.380926],[2.118748,41.380926],[2.118746,41.380925],[2.118744,41.380925],[2.118742,41.380924],[2.118739,41.380924],[2.118737,41.380923],[2.118735,41.380923],[2.118732,41.380922],[2.11873,41.380922],[2.118728,41.380921],[2.118726,41.380921],[2.118723,41.38092],[2.118721,41.380919],[2.118719,41.380919],[2.118717,41.380918],[2.118714,41.380917],[2.118712,41.380917],[2.11871,41.380916],[2.118708,41.380915],[2.118706,41.380914],[2.118704,41.380913],[2.118701,41.380913],[2.118699,41.380912],[2.118697,41.380911],[2.118695,41.38091],[2.118693,41.380909],[2.118691,41.380908],[2.118689,41.380907],[2.118687,41.380906],[2.118685,41.380906],[2.118683,41.380905],[2.118681,41.380904],[2.118679,41.380903],[2.118677,41.380902],[2.118675,41.380901],[2.118673,41.380899],[2.118671,41.380898],[2.118669,41.380897],[2.118667,41.380896],[2.118665,41.380895],[2.118664,41.380894],[2.118662,41.380893],[2.11866,41.380892],[2.118658,41.38089],[2.118656,41.380889],[2.118655,41.380888],[2.118653,41.380887],[2.118651,41.380886],[2.118649,41.380884],[2.118648,41.380883],[2.118646,41.380882],[2.118644,41.38088],[2.118643,41.380879],[2.118641,41.380878],[2.11864,41.380876],[2.118638,41.380875],[2.118636,41.380874],[2.118635,41.380872],[2.118633,41.380871],[2.118632,41.38087],[2.11863,41.380868],[2.118629,41.380867],[2.118628,41.380865],[2.118626,41.380864],[2.118625,41.380862],[2.118623,41.380861],[2.118622,41.380859],[2.118621,41.380858],[2.118619,41.380856],[2.118618,41.380855],[2.118617,41.380853],[2.118616,41.380852],[2.118614,41.38085],[2.118613,41.380849],[2.118612,41.380847],[2.118611,41.380845],[2.11861,41.380844],[2.118609,41.380842],[2.118608,41.380841],[2.118607,41.380839],[2.118606,41.380837],[2.118605,41.380836],[2.118604,41.380834],[2.118603,41.380832],[2.118602,41.380831],[2.118601,41.380829],[2.1186,41.380827],[2.118599,41.380826],[2.118599,41.380824],[2.118598,41.380822],[2.118597,41.380821],[2.118596,41.380819],[2.118596,41.380817],[2.118595,41.380815],[2.118594,41.380814],[2.118594,41.380812],[2.118593,41.38081],[2.118592,41.380808],[2.118592,41.380807],[2.118591,41.380805],[2.118591,41.380803],[2.11859,41.380801],[2.11859,41.3808],[2.118589,41.380798],[2.118589,41.380796],[2.118589,41.380794],[2.118588,41.380793],[2.118588,41.380791],[2.118588,41.380789],[2.118588,41.380787],[2.118587,41.380785],[2.118587,41.380784],[2.118587,41.380782],[2.118587,41.38078],[2.118587,41.380778],[2.118587,41.380776],[2.118586,41.380775],[2.118586,41.380773],[2.118586,41.380771],[2.118586,41.380769],[2.118586,41.380767],[2.118587,41.380766],[2.118587,41.380764],[2.118587,41.380762],[2.118587,41.38076],[2.118587,41.380758],[2.118587,41.380757],[2.118587,41.380755],[2.118588,41.380753],[2.118588,41.380751],[2.118588,41.38075],[2.118589,41.380748],[2.118589,41.380746],[2.118589,41.380744],[2.11859,41.380742],[2.11859,41.380741],[2.118591,41.380739],[2.118591,41.380737],[2.118592,41.380735],[2.118592,41.380734],[2.118593,41.380732],[2.118593,41.38073],[2.118594,41.380728],[2.118595,41.380727],[2.118595,41.380725],[2.118596,41.380723],[2.118597,41.380721],[2.118598,41.38072],[2.118598,41.380718],[2.118599,41.380716],[2.1186,41.380715],[2.118601,41.380713],[2.118602,41.380711],[2.118603,41.38071],[2.118604,41.380708],[2.118605,41.380706],[2.118606,41.380705],[2.118607,41.380703],[2.118608,41.380701],[2.118609,41.3807],[2.11861,41.380698],[2.118611,41.380697],[2.118612,41.380695],[2.118613,41.380693],[2.118614,41.380692],[2.118615,41.38069],[2.118617,41.380689],[2.118618,41.380687],[2.118619,41.380686],[2.11862,41.380684],[2.118622,41.380683],[2.118623,41.380681],[2.118624,41.38068],[2.118626,41.380678],[2.118627,41.380677],[2.118629,41.380675],[2.11863,41.380674],[2.118632,41.380672],[2.118633,41.380671],[2.118635,41.38067],[2.118636,41.380668],[2.118638,41.380667],[2.118639,41.380666],[2.118641,41.380664],[2.118642,41.380663],[2.118644,41.380662],[2.118646,41.38066],[2.118647,41.380659],[2.118649,41.380658],[2.118651,41.380656],[2.118652,41.380655],[2.118654,41.380654],[2.118656,41.380653],[2.118658,41.380652],[2.11866,41.38065],[2.118661,41.380649],[2.118663,41.380648],[2.118665,41.380647],[2.118667,41.380646],[2.118669,41.380645],[2.118671,41.380644],[2.118673,41.380642],[2.118675,41.380641],[2.118677,41.38064],[2.118678,41.380639],[2.11868,41.380638],[2.118682,41.380637],[2.118684,41.380636],[2.118687,41.380635],[2.118689,41.380634],[2.118691,41.380634],[2.118693,41.380633],[2.118695,41.380632],[2.118697,41.380631],[2.118699,41.38063],[2.118701,41.380629],[2.118703,41.380628],[2.118705,41.380628],[2.118707,41.380627],[2.11871,41.380626],[2.118712,41.380625],[2.118714,41.380625],[2.118716,41.380624],[2.118718,41.380623],[2.118721,41.380623],[2.118723,41.380622],[2.118725,41.380621],[2.118727,41.380621],[2.11873,41.38062],[2.118732,41.380619],[2.118734,41.380619],[2.118736,41.380618],[2.118739,41.380618],[2.118741,41.380617],[2.118743,41.380617],[2.118746,41.380616],[2.118748,41.380616],[2.11875,41.380616],[2.118753,41.380615],[2.118755,41.380615],[2.118757,41.380614],[2.11876,41.380614],[2.118762,41.380614],[2.118764,41.380614],[2.118767,41.380613],[2.118769,41.380613],[2.118771,41.380613],[2.118774,41.380613],[2.118776,41.380612],[2.118779,41.380612],[2.118781,41.380612],[2.118783,41.380612],[2.118786,41.380612],[2.118788,41.380612],[2.118791,41.380612],[2.118793,41.380612],[2.118795,41.380612],[2.118798,41.380612],[2.1188,41.380612],[2.118803,41.380612],[2.118805,41.380612],[2.118807,41.380612],[2.11881,41.380612],[2.118812,41.380612],[2.118814,41.380612],[2.118817,41.380612],[2.118819,41.380612],[2.118822,41.380613],[2.118824,41.380613],[2.118826,41.380613],[2.118829,41.380613],[2.118831,41.380613],[2.118833,41.380614],[2.118836,41.380614],[2.118838,41.380614],[2.11884,41.380615],[2.118843,41.380615],[2.118845,41.380616],[2.118847,41.380616],[2.11885,41.380616],[2.118852,41.380617],[2.118854,41.380617],[2.118857,41.380618],[2.118859,41.380618],[2.118861,41.380619],[2.118864,41.380619],[2.118866,41.38062],[2.118868,41.380621],[2.11887,41.380621],[2.118873,41.380622],[2.118875,41.380622],[2.118877,41.380623],[2.118879,41.380624],[2.118881,41.380624],[2.118884,41.380625],[2.118886,41.380626],[2.118888,41.380627],[2.11889,41.380627],[2.118892,41.380628],[2.118894,41.380629],[2.118897,41.38063],[2.118899,41.380631],[2.118901,41.380632],[2.118903,41.380632],[2.118905,41.380633],[2.118907,41.380634],[2.118909,41.380635],[2.118911,41.380636],[2.118913,41.380637],[2.118915,41.380638],[2.118917,41.380639],[2.118919,41.38064],[2.118921,41.380641],[2.118923,41.380642],[2.118925,41.380643],[2.118927,41.380644],[2.118929,41.380646],[2.11893,41.380647],[2.118932,41.380648],[2.118934,41.380649],[2.118936,41.38065],[2.118938,41.380651],[2.11894,41.380652],[2.118941,41.380654],[2.118943,41.380655],[2.118945,41.380656],[2.118947,41.380657],[2.118948,41.380659],[2.11895,41.38066],[2.118952,41.380661],[2.118953,41.380663],[2.118955,41.380664],[2.118956,41.380665],[2.118958,41.380667],[2.11896,41.380668],[2.118961,41.380669],[2.118963,41.380671],[2.118964,41.380672],[2.118966,41.380674],[2.118967,41.380675],[2.118968,41.380676],[2.11897,41.380678],[2.118971,41.380679],[2.118973,41.380681],[2.118974,41.380682],[2.118975,41.380684],[2.118977,41.380685],[2.118978,41.380687],[2.118979,41.380688],[2.11898,41.38069],[2.118981,41.380692],[2.118983,41.380693],[2.118984,41.380695],[2.118985,41.380696],[2.118986,41.380698],[2.118987,41.380699],[2.118988,41.380701],[2.118989,41.380703],[2.11899,41.380704],[2.118991,41.380706],[2.118992,41.380708],[2.118993,41.380709],[2.118994,41.380711],[2.118995,41.380713],[2.118996,41.380714],[2.118997,41.380716],[2.118997,41.380718],[2.118998,41.380719],[2.118999,41.380721],[2.119,41.380723],[2.119,41.380725],[2.119001,41.380726],[2.119002,41.380728],[2.119002,41.38073],[2.119003,41.380731],[2.119004,41.380733],[2.119004,41.380735],[2.119005,41.380737],[2.119005,41.380739],[2.119006,41.38074],[2.119006,41.380742],[2.119006,41.380744],[2.119007,41.380746],[2.119007,41.380747],[2.119008,41.380749],[2.119008,41.380751],[2.119008,41.380753],[2.119008,41.380755],[2.119009,41.380756],[2.119009,41.380758],[2.119009,41.38076],[2.119009,41.380762],[2.119009,41.380763],[2.119009,41.380765],[2.119009,41.380767],[2.119009,41.380769],[2.11901,41.380771],[2.119009,41.380772]]},"properties":{"name":"Carril bici unidireccional Rotonda Gregorio Mara\u00f1on - Aristi"}},{"type":"Feature","geometry":{"type":"LineString","coordinates":[[2.168392,41.400078],[2.168445,41.40007],[2.168555,41.400084],[2.168607,41.400053]]},"properties":{"name":"Carril bici unidireccional Enlla\u00e7 passeig de Sant Joan - car"}},{"type":"Feature","geometry":{"type":"LineString","coordinates":[[2.215251,41.410285],[2.219001,41.411236],[2.219075,41.411253],[2.219193,41.41122],[2.219267,41.411233],[2.219339,41.411246],[2.219388,41.411271],[2.219443,41.41133],[2.219451,41.411358],[2.219498,41.411398],[2.219579,41.411424],[2.21961,41.411434],[2.219663,41.411488],[2.221406,41.413401]]},"properties":{"name":"Carril bici unidireccional Diagonal mar - pl Llevant - Eduar"}},{"type":"Feature","geometry":{"type":"LineString","coordinates":[[2.142919,41.385894],[2.144627,41.387209],[2.144712,41.387286],[2.144984,41.387498],[2.145073,41.387505],[2.14732,41.389209],[2.147735,41.389524],[2.147939,41.389683],[2.147955,41.38973],[2.148153,41.389924],[2.148158,41.390062]]},"properties":{"name":"Carril bici unidireccional Carrer de Par\u00eds"}},{"type":"Feature","geometry":{"type":"LineString","coordinates":[[2.164175,41.401818],[2.166253,41.403451],[2.168534,41.405158],[2.172147,41.407888],[2.175535,41.41042],[2.176544,41.411173],[2.177541,41.411995],[2.177548,41.412066],[2.177776,41.412247],[2.177858,41.412252],[2.178902,41.413085],[2.179666,41.413699],[2.179665,41.413793],[2.179896,41.413965],[2.180007,41.413963],[2.180697,41.414493],[2.180935,41.414664],[2.181547,41.415107],[2.182305,41.415655],[2.182804,41.416024],[2.183173,41.41629],[2.183273,41.41635],[2.184192,41.417022],[2.184242,41.417084],[2.184485,41.417253],[2.184568,41.417268]]},"properties":{"name":"Carril bici unidireccional Industria"}},{"type":"Feature","geometry":{"type":"LineString","coordinates":[[2.186071,41.411453],[2.17996,41.406865],[2.179071,41.406195],[2.179073,41.406134],[2.178796,41.405924],[2.178707,41.405926],[2.177923,41.405333],[2.17686,41.404539],[2.176854,41.404478],[2.176627,41.40431],[2.176541,41.404308],[2.175795,41.403751],[2.175214,41.403312],[2.174461,41.402755],[2.174437,41.402671],[2.174255,41.402531],[2.174165,41.402522],[2.172192,41.401056],[2.172177,41.400992],[2.171997,41.400859],[2.171916,41.400854],[2.171028,41.400172],[2.170554,41.399821],[2.170136,41.3995],[2.169854,41.399223]]},"properties":{"name":"Carril bici unidireccional Carrer Mallorca"}},{"type":"Feature","geometry":{"type":"LineString","coordinates":[[2.1422,41.381099],[2.142262,41.381086],[2.142391,41.381085],[2.142467,41.381108],[2.142474,41.381141],[2.142485,41.381306],[2.142486,41.381394],[2.142514,41.381757],[2.142539,41.382152],[2.142541,41.382289],[2.14256,41.382441],[2.142591,41.382894],[2.142688,41.384301],[2.142702,41.384488],[2.142739,41.384879],[2.142756,41.38515]]},"properties":{"name":"Carril bici unidireccional av Josep Tarradellas"}},{"type":"Feature","geometry":{"type":"LineString","coordinates":[[2.142444,41.385146],[2.142413,41.384313],[2.142323,41.382899],[2.142282,41.382348],[2.142205,41.38128],[2.142195,41.381164],[2.1422,41.381099]]},"properties":{"name":"Carril bici unidireccional av Tarradellas"}},{"type":"Feature","geometry":{"type":"LineString","coordinates":[[2.168727,41.389538],[2.1684,41.389771],[2.168265,41.389701],[2.168226,41.389712]]},"properties":{"name":"Carril bici unidireccional Creuament pg Gr\u00e0cia - GV Corts Ca"}},{"type":"Feature","geometry":{"type":"LineString","coordinates":[[2.167731,41.382828],[2.167488,41.383321],[2.166968,41.383848],[2.166325,41.384465],[2.165434,41.384564]]},"properties":{"name":"Carril bici unidireccional Montalegre"}},{"type":"Feature","geometry":{"type":"LineString","coordinates":[[2.186816,41.394655],[2.186814,41.393341],[2.186818,41.392991],[2.186811,41.392006],[2.186795,41.391517]]},"properties":{"name":"Carril bici unidireccional av meridiana - marina - pujades l"}},{"type":"Feature","geometry":{"type":"LineString","coordinates":[[2.174339,41.404335],[2.174608,41.404336]]},"properties":{"name":"Carril bici unidireccional  Enlla\u00e7 unidireccional Marina - P"}},{"type":"Feature","geometry":{"type":"LineString","coordinates":[[2.169789,41.399192],[2.16933,41.399154],[2.169213,41.399126],[2.167289,41.398649],[2.162915,41.397584]]},"properties":{"name":"Carril bici unidireccional Diagonal  Girona - M Cinto V munt"}},{"type":"Feature","geometry":{"type":"LineString","coordinates":[[2.187109,41.394775],[2.187109,41.394777],[2.187109,41.394779],[2.187109,41.39478],[2.187109,41.394782],[2.187109,41.394784],[2.187108,41.394786],[2.187108,41.394788],[2.187108,41.394789],[2.187108,41.394791],[2.187107,41.394793],[2.187107,41.394795],[2.187107,41.394797],[2.187106,41.394798],[2.187106,41.3948],[2.187105,41.394802],[2.187105,41.394804],[2.187104,41.394805],[2.187104,41.394807],[2.187103,41.394809],[2.187103,41.394811],[2.187102,41.394812],[2.187101,41.394814],[2.187101,41.394816],[2.1871,41.394818],[2.187099,41.394819],[2.187098,41.394821],[2.187098,41.394823],[2.187097,41.394824],[2.187096,41.394826],[2.187095,41.394828],[2.187094,41.394829],[2.187093,41.394831],[2.187092,41.394833],[2.187091,41.394834],[2.18709,41.394836],[2.187089,41.394838],[2.187088,41.394839],[2.187087,41.394841],[2.187086,41.394842],[2.187085,41.394844],[2.187083,41.394846],[2.187082,41.394847],[2.187081,41.394849],[2.18708,41.39485],[2.187078,41.394852],[2.187077,41.394853],[2.187076,41.394855],[2.187074,41.394856],[2.187073,41.394858],[2.187071,41.394859],[2.18707,41.39486],[2.187069,41.394862],[2.187067,41.394863],[2.187066,41.394865],[2.187064,41.394866],[2.187062,41.394867],[2.187061,41.394869],[2.187059,41.39487],[2.187058,41.394871],[2.187056,41.394873],[2.187054,41.394874],[2.187053,41.394875],[2.187051,41.394877],[2.187049,41.394878],[2.187047,41.394879],[2.187046,41.39488],[2.187044,41.394881],[2.187042,41.394883],[2.18704,41.394884],[2.187038,41.394885],[2.187036,41.394886],[2.187034,41.394887],[2.187033,41.394888],[2.187031,41.394889],[2.187029,41.39489],[2.187027,41.394891],[2.187025,41.394892],[2.187023,41.394893],[2.187021,41.394894],[2.187019,41.394895],[2.187017,41.394896],[2.187015,41.394897],[2.187012,41.394898],[2.18701,41.394899],[2.187008,41.3949],[2.187006,41.3949],[2.187004,41.394901],[2.187002,41.394902],[2.187,41.394903],[2.186997,41.394904],[2.186995,41.394904],[2.186993,41.394905],[2.186991,41.394906],[2.186989,41.394906],[2.186986,41.394907],[2.186984,41.394908],[2.186982,41.394908],[2.18698,41.394909],[2.186977,41.394909],[2.186975,41.39491],[2.186973,41.39491],[2.18697,41.394911],[2.186968,41.394911],[2.186966,41.394912],[2.186964,41.394912],[2.186961,41.394913],[2.186959,41.394913],[2.186956,41.394913],[2.186954,41.394914],[2.186952,41.394914],[2.186949,41.394914],[2.186947,41.394915],[2.186945,41.394915],[2.186942,41.394915],[2.18694,41.394915],[2.186938,41.394915],[2.186935,41.394916],[2.186933,41.394916],[2.18693,41.394916],[2.186928,41.394916],[2.186926,41.394916],[2.186923,41.394916],[2.186921,41.394916],[2.186918,41.394916],[2.186916,41.394916],[2.186914,41.394916],[2.186911,41.394916],[2.186909,41.394916],[2.186906,41.394916],[2.186904,41.394915],[2.186902,41.394915],[2.186899,41.394915],[2.186897,41.394915],[2.186895,41.394915],[2.186892,41.394914],[2.18689,41.394914],[2.186887,41.394914],[2.186885,41.394914],[2.186883,41.394913],[2.18688,41.394913],[2.186878,41.394912],[2.186876,41.394912],[2.186873,41.394912],[2.186871,41.394911],[2.186869,41.394911],[2.186867,41.39491],[2.186864,41.39491],[2.186862,41.394909],[2.18686,41.394909],[2.186857,41.394908],[2.186855,41.394907],[2.186853,41.394907],[2.186851,41.394906],[2.186848,41.394905],[2.186846,41.394905],[2.186844,41.394904],[2.186842,41.394903],[2.18684,41.394902],[2.186838,41.394902],[2.186835,41.394901],[2.186833,41.3949],[2.186831,41.394899],[2.186829,41.394898],[2.186827,41.394897],[2.186825,41.394897],[2.186823,41.394896],[2.186821,41.394895],[2.186819,41.394894],[2.186817,41.394893],[2.186815,41.394892],[2.186813,41.394891],[2.186811,41.39489],[2.186809,41.394889],[2.186807,41.394888],[2.186805,41.394887],[2.186803,41.394885],[2.186801,41.394884],[2.186799,41.394883],[2.186798,41.394882],[2.186796,41.394881],[2.186794,41.39488],[2.186792,41.394878],[2.18679,41.394877],[2.186789,41.394876],[2.186787,41.394875],[2.186785,41.394873],[2.186784,41.394872],[2.186782,41.394871],[2.18678,41.394869],[2.186779,41.394868],[2.186777,41.394867],[2.186776,41.394865],[2.186774,41.394864],[2.186773,41.394863],[2.186771,41.394861],[2.18677,41.39486],[2.186768,41.394858],[2.186767,41.394857],[2.186765,41.394855],[2.186764,41.394854],[2.186763,41.394852],[2.186761,41.394851],[2.18676,41.394849],[2.186759,41.394848],[2.186758,41.394846],[2.186756,41.394845],[2.186755,41.394843],[2.186754,41.394842],[2.186753,41.39484],[2.186752,41.394838],[2.186751,41.394837],[2.18675,41.394835],[2.186749,41.394834],[2.186748,41.394832],[2.186747,41.39483],[2.186746,41.394829],[2.186745,41.394827],[2.186744,41.394825],[2.186743,41.394824],[2.186742,41.394822],[2.186742,41.39482],[2.186741,41.394818],[2.18674,41.394817],[2.186739,41.394815],[2.186739,41.394813],[2.186738,41.394812],[2.186737,41.39481],[2.186737,41.394808],[2.186736,41.394806],[2.186736,41.394805],[2.186735,41.394803],[2.186735,41.394801],[2.186734,41.394799],[2.186734,41.394798],[2.186734,41.394796],[2.186733,41.394794],[2.186733,41.394792],[2.186733,41.39479],[2.186732,41.394789],[2.186732,41.394787],[2.186732,41.394785],[2.186732,41.394783],[2.186732,41.394781],[2.186731,41.39478],[2.186731,41.394778],[2.186731,41.394776],[2.186731,41.394774],[2.186731,41.394772],[2.186731,41.394771],[2.186731,41.394769],[2.186731,41.394767],[2.186732,41.394765],[2.186732,41.394763],[2.186732,41.394762],[2.186732,41.39476],[2.186732,41.394758],[2.186733,41.394756],[2.186733,41.394754],[2.186733,41.394753],[2.186734,41.394751],[2.186734,41.394749],[2.186735,41.394747],[2.186735,41.394746],[2.186735,41.394744],[2.186736,41.394742],[2.186737,41.39474],[2.186737,41.394739],[2.186738,41.394737],[2.186738,41.394735],[2.186739,41.394733],[2.18674,41.394732],[2.18674,41.39473],[2.186741,41.394728],[2.186742,41.394726],[2.186743,41.394725],[2.186744,41.394723],[2.186744,41.394721],[2.186745,41.39472],[2.186746,41.394718],[2.186747,41.394716],[2.186748,41.394715],[2.186749,41.394713],[2.18675,41.394711],[2.186751,41.39471],[2.186752,41.394708],[2.186754,41.394707],[2.186755,41.394705],[2.186756,41.394704],[2.186757,41.394702],[2.186758,41.3947],[2.18676,41.394699],[2.186761,41.394697],[2.186762,41.394696],[2.186763,41.394694],[2.186765,41.394693],[2.186766,41.394691],[2.186768,41.39469],[2.186769,41.394688],[2.18677,41.394687],[2.186772,41.394686],[2.186773,41.394684],[2.186775,41.394683],[2.186776,41.394681],[2.186778,41.39468],[2.18678,41.394679],[2.186781,41.394677],[2.186783,41.394676],[2.186784,41.394675],[2.186786,41.394673],[2.186788,41.394672],[2.18679,41.394671],[2.186791,41.39467],[2.186793,41.394668],[2.186795,41.394667],[2.186797,41.394666],[2.186798,41.394665],[2.1868,41.394664],[2.186802,41.394663],[2.186804,41.394662],[2.186806,41.39466],[2.186808,41.394659],[2.18681,41.394658],[2.186812,41.394657],[2.186814,41.394656],[2.186816,41.394655],[2.186818,41.394654],[2.18682,41.394653],[2.186822,41.394652],[2.186824,41.394651],[2.186826,41.39465],[2.186828,41.39465],[2.18683,41.394649],[2.186832,41.394648],[2.186834,41.394647],[2.186836,41.394646],[2.186839,41.394645],[2.186841,41.394645],[2.186843,41.394644],[2.186845,41.394643],[2.186847,41.394642],[2.18685,41.394642],[2.186852,41.394641],[2.186854,41.39464],[2.186856,41.39464],[2.186858,41.394639],[2.186861,41.394639],[2.186863,41.394638],[2.186865,41.394638],[2.186868,41.394637],[2.18687,41.394637],[2.186872,41.394636],[2.186875,41.394636],[2.186877,41.394635],[2.186879,41.394635],[2.186882,41.394634],[2.186884,41.394634],[2.186886,41.394634],[2.186889,41.394633],[2.186891,41.394633],[2.186893,41.394633],[2.186896,41.394633],[2.186898,41.394632],[2.1869,41.394632],[2.186903,41.394632],[2.186905,41.394632],[2.186908,41.394632],[2.18691,41.394632],[2.186912,41.394632],[2.186915,41.394632],[2.186917,41.394631],[2.18692,41.394631],[2.186922,41.394631],[2.186924,41.394631],[2.186927,41.394632],[2.186929,41.394632],[2.186932,41.394632],[2.186934,41.394632],[2.186936,41.394632],[2.186939,41.394632],[2.186941,41.394632],[2.186943,41.394633],[2.186946,41.394633],[2.186948,41.394633],[2.186951,41.394633],[2.186953,41.394634],[2.186955,41.394634],[2.186958,41.394634],[2.18696,41.394635],[2.186962,41.394635],[2.186965,41.394635],[2.186967,41.394636],[2.186969,41.394636],[2.186972,41.394637],[2.186974,41.394637],[2.186976,41.394638],[2.186978,41.394638],[2.186981,41.394639],[2.186983,41.39464],[2.186985,41.39464],[2.186987,41.394641],[2.18699,41.394641],[2.186992,41.394642],[2.186994,41.394643],[2.186996,41.394644],[2.186999,41.394644],[2.187001,41.394645],[2.187003,41.394646],[2.187005,41.394647],[2.187007,41.394647],[2.187009,41.394648],[2.187011,41.394649],[2.187013,41.39465],[2.187016,41.394651],[2.187018,41.394652],[2.18702,41.394653],[2.187022,41.394654],[2.187024,41.394655],[2.187026,41.394656],[2.187028,41.394657],[2.18703,41.394658],[2.187032,41.394659],[2.187033,41.39466],[2.187035,41.394661],[2.187037,41.394662],[2.187039,41.394663],[2.187041,41.394664],[2.187043,41.394665],[2.187045,41.394667],[2.187046,41.394668],[2.187048,41.394669],[2.18705,41.39467],[2.187052,41.394672],[2.187053,41.394673],[2.187055,41.394674],[2.187057,41.394675],[2.187058,41.394677],[2.18706,41.394678],[2.187062,41.394679],[2.187063,41.394681],[2.187065,41.394682],[2.187066,41.394683],[2.187068,41.394685],[2.187069,41.394686],[2.187071,41.394688],[2.187072,41.394689],[2.187074,41.394691],[2.187075,41.394692],[2.187076,41.394694],[2.187078,41.394695],[2.187079,41.394697],[2.18708,41.394698],[2.187081,41.3947],[2.187083,41.394701],[2.187084,41.394703],[2.187085,41.394704],[2.187086,41.394706],[2.187087,41.394707],[2.187088,41.394709],[2.18709,41.394711],[2.187091,41.394712],[2.187092,41.394714],[2.187093,41.394716],[2.187094,41.394717],[2.187095,41.394719],[2.187095,41.394721],[2.187096,41.394722],[2.187097,41.394724],[2.187098,41.394726],[2.187099,41.394727],[2.1871,41.394729],[2.1871,41.394731],[2.187101,41.394732],[2.187102,41.394734],[2.187102,41.394736],[2.187103,41.394738],[2.187104,41.394739],[2.187104,41.394741],[2.187105,41.394743],[2.187105,41.394745],[2.187106,41.394746],[2.187106,41.394748],[2.187106,41.39475],[2.187107,41.394752],[2.187107,41.394754],[2.187108,41.394755],[2.187108,41.394757],[2.187108,41.394759],[2.187108,41.394761],[2.187109,41.394762],[2.187109,41.394764],[2.187109,41.394766],[2.187109,41.394768],[2.187109,41.39477],[2.187109,41.394771],[2.187109,41.394773],[2.187109,41.394775]]},"properties":{"name":"Carril bici unidireccional Acc\u00e9s Meridiana Nord - rotonda Al"}},{"type":"Feature","geometry":{"type":"LineString","coordinates":[[2.176465,41.395657],[2.176593,41.395815],[2.176705,41.395905],[2.176965,41.395699],[2.178916,41.397151],[2.179838,41.397865],[2.18056,41.398395],[2.181201,41.398887],[2.181512,41.399122]]},"properties":{"name":"Carril bici unidireccional Gran Via Tetuan - Glories mar"}},{"type":"Feature","geometry":{"type":"LineString","coordinates":[[2.169493,41.399241],[2.169789,41.399193]]},"properties":{"name":"Carril bici unidireccional Mossen Cinto V"}},{"type":"Feature","geometry":{"type":"LineString","coordinates":[[2.143524,41.424347],[2.143677,41.424345],[2.143915,41.424335],[2.14416,41.42434],[2.144696,41.4244],[2.144946,41.424392],[2.145175,41.42436],[2.145484,41.424293],[2.145817,41.424242],[2.145939,41.424221],[2.146103,41.4242],[2.146575,41.424214],[2.146726,41.424222],[2.146904,41.424254],[2.147025,41.424295],[2.147276,41.424397]]},"properties":{"name":"Carril bici unidireccional Av. Mart\u00ed-Codolar"}},{"type":"Feature","geometry":{"type":"LineString","coordinates":[[2.136377,41.363534],[2.136604,41.363691],[2.136641,41.363719],[2.136639,41.363717],[2.136725,41.363781],[2.138446,41.365075],[2.138638,41.365222],[2.138699,41.365257],[2.138766,41.365279],[2.138801,41.36529],[2.138843,41.365298],[2.138827,41.365335],[2.138852,41.365282],[2.138876,41.36526],[2.138897,41.365246],[2.138956,41.365229],[2.138988,41.365222],[2.139036,41.365225],[2.139088,41.365247],[2.139157,41.365287],[2.139191,41.365314],[2.139319,41.365409],[2.139433,41.365499],[2.13963,41.365646],[2.139718,41.365715],[2.139738,41.365743],[2.13975,41.365763],[2.139757,41.365782],[2.139757,41.365799],[2.139749,41.36582],[2.139733,41.365842],[2.139713,41.365864],[2.139683,41.365888],[2.139631,41.365906],[2.139575,41.365914],[2.139536,41.365909],[2.139501,41.3659],[2.13945,41.365875],[2.13934,41.365797],[2.138908,41.365476],[2.138885,41.365459],[2.138852,41.365427],[2.138834,41.365402],[2.138825,41.365378],[2.138826,41.365335],[2.13879,41.365329],[2.138735,41.365312],[2.138675,41.365292],[2.138626,41.365269],[2.138571,41.36524],[2.138526,41.365204],[2.136339,41.363574]]},"properties":{"name":"Carril bici unidireccional eix Mineria - pl Matem\u00e0tiques"}},{"type":"Feature","geometry":{"type":"LineString","coordinates":[[2.200364,41.425482],[2.20677,41.420694],[2.207021,41.420561],[2.207241,41.420447],[2.207244,41.42029],[2.207689,41.419802],[2.20793,41.419537],[2.208127,41.419386],[2.208535,41.419081],[2.208943,41.418855],[2.209462,41.418572],[2.209827,41.41829],[2.212671,41.416194],[2.212988,41.416077]]},"properties":{"name":"Carril bici unidireccional rambla prim 1"}},{"type":"Feature","geometry":{"type":"LineString","coordinates":[[2.212988,41.416077],[2.21299,41.416212],[2.209646,41.418716],[2.209283,41.419206],[2.208907,41.419568],[2.208447,41.419907],[2.207985,41.420179],[2.207519,41.420415],[2.207367,41.42042],[2.207037,41.42058],[2.206984,41.420758],[2.2048,41.422383],[2.20275,41.424007],[2.201285,41.425101],[2.200529,41.425677]]},"properties":{"name":"Carril bici unidireccional rambla prim 2"}},{"type":"Feature","geometry":{"type":"LineString","coordinates":[[2.185954,41.414142],[2.185973,41.414158],[2.185999,41.414168],[2.186034,41.414167],[2.18606,41.414157],[2.186097,41.414132],[2.186149,41.414097],[2.186201,41.414069],[2.186264,41.414048],[2.1863,41.414038],[2.186645,41.413937],[2.186699,41.413945]]},"properties":{"name":"Carril bici unidireccional Trinxant"}},{"type":"Feature","geometry":{"type":"LineString","coordinates":[[2.173322,41.396566],[2.173412,41.39663],[2.173338,41.396688],[2.173334,41.396696],[2.17333,41.396706],[2.173332,41.396718],[2.173336,41.396728],[2.173342,41.39674],[2.173348,41.396755],[2.17336,41.396767],[2.173409,41.396799],[2.173387,41.396814],[2.173298,41.396878],[2.173244,41.396837],[2.173215,41.396827],[2.173186,41.396828],[2.173165,41.39683],[2.173146,41.396838],[2.173114,41.396859],[2.173095,41.396877],[2.172992,41.396808]]},"properties":{"name":"Carril bici unidireccional Cru\u00eflla Pg Sant Joan - Consell de"}},{"type":"Feature","geometry":{"type":"LineString","coordinates":[[2.169941,41.399234],[2.169887,41.399354],[2.168906,41.40013],[2.168646,41.400315],[2.162944,41.404609]]},"properties":{"name":"Carril bici unidireccional pg Sant Joan  (tram pare Claret -"}},{"type":"Feature","geometry":{"type":"LineString","coordinates":[[2.162655,41.404435],[2.169493,41.399241]]},"properties":{"name":"Carril bici unidireccional Enlla\u00e7 pg Sant Joan - travessera "}},{"type":"Feature","geometry":{"type":"LineString","coordinates":[[2.141939,41.393877],[2.143796,41.392948]]},"properties":{"name":"Carril bici unidireccional Av Pau Casals (2)"}},{"type":"Feature","geometry":{"type":"LineString","coordinates":[[2.221214,41.413476],[2.219639,41.411723],[2.21947,41.41164],[2.219372,41.411583],[2.219321,41.411552],[2.219248,41.411563],[2.21916,41.411543],[2.219073,41.411505],[2.21903,41.411455],[2.218983,41.411403],[2.218489,41.411291],[2.215148,41.410478]]},"properties":{"name":"Carril bici unidireccional Diagonal mar - pl Llevant - Eduar"}},{"type":"Feature","geometry":{"type":"LineString","coordinates":[[2.144065,41.393111],[2.142125,41.394092]]},"properties":{"name":"Carril bici unidireccional Av Pau Casals (1)"}},{"type":"Feature","geometry":{"type":"LineString","coordinates":[[2.143868,41.427293],[2.144139,41.427215],[2.144396,41.427141],[2.144634,41.427052],[2.144829,41.426886],[2.145011,41.42664],[2.145053,41.426282],[2.145053,41.426023],[2.14502,41.425788],[2.14492,41.425444],[2.144727,41.425079],[2.14472,41.424861],[2.144771,41.424705],[2.144854,41.424608]]},"properties":{"name":"Carril bici unidireccional Basses d'Horta"}},{"type":"Feature","geometry":{"type":"LineString","coordinates":[[2.187165,41.420022],[2.187154,41.420133],[2.187145,41.420881]]},"properties":{"name":"Carril bici unidireccional Av Meridiana - Sagrera"}},{"type":"Feature","geometry":{"type":"LineString","coordinates":[[2.188895,41.422038],[2.1885,41.421742],[2.18715,41.420742]]},"properties":{"name":"Carril bici unidireccional Sant Antoni Maria Claret Unidirec"}},{"type":"Feature","geometry":{"type":"LineString","coordinates":[[2.1422,41.381099],[2.142173,41.380811]]},"properties":{"name":"Carril bici unidireccional Av Tarradellas - Llobregat"}},{"type":"Feature","geometry":{"type":"LineString","coordinates":[[2.142504,41.380693],[2.142519,41.381031],[2.142467,41.381111]]},"properties":{"name":"Carril bici unidireccional av Tarradellas - banda Bes\u00f2s"}},{"type":"Feature","geometry":{"type":"LineString","coordinates":[[2.186875,41.404996],[2.186986,41.405141],[2.187006,41.408432],[2.186974,41.408796],[2.186953,41.408815],[2.186887,41.408883]]},"properties":{"name":"Carril bici unidireccional Av Meridiana"}},{"type":"Feature","geometry":{"type":"LineString","coordinates":[[2.111492,41.37717],[2.111492,41.377172],[2.111492,41.377173],[2.111492,41.377175],[2.111492,41.377177],[2.111491,41.377179],[2.111491,41.377181],[2.111491,41.377182],[2.111491,41.377184],[2.111491,41.377186],[2.111491,41.377188],[2.11149,41.37719],[2.11149,41.377191],[2.11149,41.377193],[2.111489,41.377195],[2.111489,41.377197],[2.111489,41.377198],[2.111488,41.3772],[2.111488,41.377202],[2.111488,41.377204],[2.111487,41.377206],[2.111487,41.377207],[2.111486,41.377209],[2.111486,41.377211],[2.111485,41.377213],[2.111485,41.377214],[2.111484,41.377216],[2.111484,41.377218],[2.111483,41.37722],[2.111482,41.377221],[2.111482,41.377223],[2.111481,41.377225],[2.11148,41.377227],[2.11148,41.377228],[2.111479,41.37723],[2.111478,41.377232],[2.111478,41.377233],[2.111477,41.377235],[2.111476,41.377237],[2.111475,41.377239],[2.111474,41.37724],[2.111473,41.377242],[2.111473,41.377244],[2.111472,41.377245],[2.111471,41.377247],[2.11147,41.377249],[2.111469,41.37725],[2.111468,41.377252],[2.111467,41.377254],[2.111466,41.377255],[2.111465,41.377257],[2.111464,41.377258],[2.111463,41.37726],[2.111462,41.377262],[2.111461,41.377263],[2.11146,41.377265],[2.111458,41.377266],[2.111457,41.377268],[2.111456,41.37727],[2.111455,41.377271],[2.111454,41.377273],[2.111452,41.377274],[2.111451,41.377276],[2.11145,41.377277],[2.111449,41.377279],[2.111447,41.37728],[2.111446,41.377282],[2.111445,41.377283],[2.111443,41.377285],[2.111442,41.377286],[2.111441,41.377288],[2.111439,41.377289],[2.111438,41.377291],[2.111436,41.377292],[2.111435,41.377294],[2.111433,41.377295],[2.111432,41.377296],[2.11143,41.377298],[2.111429,41.377299],[2.111427,41.377301],[2.111426,41.377302],[2.111424,41.377303],[2.111423,41.377305],[2.111421,41.377306],[2.11142,41.377307],[2.111418,41.377309],[2.111416,41.37731],[2.111415,41.377311],[2.111413,41.377313],[2.111411,41.377314],[2.11141,41.377315],[2.111408,41.377316],[2.111406,41.377318],[2.111404,41.377319],[2.111403,41.37732],[2.111401,41.377321],[2.111399,41.377323],[2.111397,41.377324],[2.111395,41.377325],[2.111394,41.377326],[2.111392,41.377327],[2.11139,41.377328],[2.111388,41.377329],[2.111386,41.377331],[2.111384,41.377332],[2.111382,41.377333],[2.11138,41.377334],[2.111378,41.377335],[2.111377,41.377336],[2.111375,41.377337],[2.111373,41.377338],[2.111371,41.377339],[2.111369,41.37734],[2.111367,41.377341],[2.111365,41.377342],[2.111363,41.377343],[2.111361,41.377344],[2.111359,41.377345],[2.111356,41.377346],[2.111354,41.377347],[2.111352,41.377348],[2.11135,41.377348],[2.111348,41.377349],[2.111346,41.37735],[2.111344,41.377351],[2.111342,41.377352],[2.11134,41.377353],[2.111337,41.377353],[2.111335,41.377354],[2.111333,41.377355],[2.111331,41.377356],[2.111329,41.377356],[2.111327,41.377357],[2.111324,41.377358],[2.111322,41.377359],[2.11132,41.377359],[2.111318,41.37736],[2.111316,41.377361],[2.111313,41.377361],[2.111311,41.377362],[2.111309,41.377362],[2.111307,41.377363],[2.111304,41.377364],[2.111302,41.377364],[2.1113,41.377365],[2.111297,41.377365],[2.111295,41.377366],[2.111293,41.377366],[2.111291,41.377367],[2.111288,41.377367],[2.111286,41.377368],[2.111284,41.377368],[2.111281,41.377369],[2.111279,41.377369],[2.111277,41.377369],[2.111274,41.37737],[2.111272,41.37737],[2.11127,41.37737],[2.111267,41.377371],[2.111265,41.377371],[2.111262,41.377371],[2.11126,41.377372],[2.111258,41.377372],[2.111255,41.377372],[2.111253,41.377372],[2.111251,41.377373],[2.111248,41.377373],[2.111246,41.377373],[2.111244,41.377373],[2.111241,41.377373],[2.111239,41.377374],[2.111236,41.377374],[2.111234,41.377374],[2.111232,41.377374],[2.111229,41.377374],[2.111227,41.377374],[2.111224,41.377374],[2.111222,41.377374],[2.11122,41.377374],[2.111217,41.377374],[2.111215,41.377374],[2.111212,41.377374],[2.11121,41.377374],[2.111208,41.377374],[2.111205,41.377374],[2.111203,41.377374],[2.1112,41.377374],[2.111198,41.377374],[2.111196,41.377374],[2.111193,41.377373],[2.111191,41.377373],[2.111189,41.377373],[2.111186,41.377373],[2.111184,41.377373],[2.111181,41.377372],[2.111179,41.377372],[2.111177,41.377372],[2.111174,41.377372],[2.111172,41.377371],[2.11117,41.377371],[2.111167,41.377371],[2.111165,41.37737],[2.111163,41.37737],[2.11116,41.37737],[2.111158,41.377369],[2.111156,41.377369],[2.111153,41.377368],[2.111151,41.377368],[2.111149,41.377368],[2.111146,41.377367],[2.111144,41.377367],[2.111142,41.377366],[2.111139,41.377366],[2.111137,41.377365],[2.111135,41.377365],[2.111133,41.377364],[2.11113,41.377363],[2.111128,41.377363],[2.111126,41.377362],[2.111123,41.377362],[2.111121,41.377361],[2.111119,41.37736],[2.111117,41.37736],[2.111115,41.377359],[2.111112,41.377358],[2.11111,41.377358],[2.111108,41.377357],[2.111106,41.377356],[2.111104,41.377355],[2.111101,41.377355],[2.111099,41.377354],[2.111097,41.377353],[2.111095,41.377352],[2.111093,41.377352],[2.111091,41.377351],[2.111089,41.37735],[2.111086,41.377349],[2.111084,41.377348],[2.111082,41.377347],[2.11108,41.377346],[2.111078,41.377345],[2.111076,41.377345],[2.111074,41.377344],[2.111072,41.377343],[2.11107,41.377342],[2.111068,41.377341],[2.111066,41.37734],[2.111064,41.377339],[2.111062,41.377338],[2.11106,41.377337],[2.111058,41.377336],[2.111056,41.377335],[2.111054,41.377333],[2.111052,41.377332],[2.11105,41.377331],[2.111048,41.37733],[2.111047,41.377329],[2.111045,41.377328],[2.111043,41.377327],[2.111041,41.377326],[2.111039,41.377325],[2.111037,41.377323],[2.111036,41.377322],[2.111034,41.377321],[2.111032,41.37732],[2.11103,41.377318],[2.111029,41.377317],[2.111027,41.377316],[2.111025,41.377315],[2.111023,41.377313],[2.111022,41.377312],[2.11102,41.377311],[2.111018,41.37731],[2.111017,41.377308],[2.111015,41.377307],[2.111014,41.377306],[2.111012,41.377304],[2.11101,41.377303],[2.111009,41.377302],[2.111007,41.3773],[2.111006,41.377299],[2.111004,41.377297],[2.111003,41.377296],[2.111001,41.377295],[2.111,41.377293],[2.110998,41.377292],[2.110997,41.37729],[2.110996,41.377289],[2.110994,41.377287],[2.110993,41.377286],[2.110991,41.377284],[2.11099,41.377283],[2.110989,41.377281],[2.110987,41.37728],[2.110986,41.377278],[2.110985,41.377277],[2.110984,41.377275],[2.110982,41.377274],[2.110981,41.377272],[2.11098,41.377271],[2.110979,41.377269],[2.110978,41.377268],[2.110976,41.377266],[2.110975,41.377264],[2.110974,41.377263],[2.110973,41.377261],[2.110972,41.37726],[2.110971,41.377258],[2.11097,41.377256],[2.110969,41.377255],[2.110968,41.377253],[2.110967,41.377251],[2.110966,41.37725],[2.110965,41.377248],[2.110964,41.377246],[2.110963,41.377245],[2.110962,41.377243],[2.110961,41.377241],[2.110961,41.37724],[2.11096,41.377238],[2.110959,41.377236],[2.110958,41.377235],[2.110957,41.377233],[2.110957,41.377231],[2.110956,41.377229],[2.110955,41.377228],[2.110955,41.377226],[2.110954,41.377224],[2.110953,41.377223],[2.110953,41.377221],[2.110952,41.377219],[2.110951,41.377217],[2.110951,41.377216],[2.11095,41.377214],[2.11095,41.377212],[2.110949,41.37721],[2.110949,41.377209],[2.110948,41.377207],[2.110948,41.377205],[2.110948,41.377203],[2.110947,41.377201],[2.110947,41.3772],[2.110946,41.377198],[2.110946,41.377196],[2.110946,41.377194],[2.110945,41.377193],[2.110945,41.377191],[2.110945,41.377189],[2.110945,41.377187],[2.110944,41.377185],[2.110944,41.377184],[2.110944,41.377182],[2.110944,41.37718],[2.110944,41.377178],[2.110944,41.377176],[2.110944,41.377175],[2.110944,41.377173],[2.110943,41.377171],[2.110943,41.377169],[2.110943,41.377167],[2.110943,41.377166],[2.110943,41.377164],[2.110944,41.377162],[2.110944,41.37716],[2.110944,41.377158],[2.110944,41.377157],[2.110944,41.377155],[2.110944,41.377153],[2.110944,41.377151],[2.110945,41.377149],[2.110945,41.377148],[2.110945,41.377146],[2.110945,41.377144],[2.110946,41.377142],[2.110946,41.37714],[2.110946,41.377139],[2.110947,41.377137],[2.110947,41.377135],[2.110947,41.377133],[2.110948,41.377131],[2.110948,41.37713],[2.110949,41.377128],[2.110949,41.377126],[2.11095,41.377124],[2.11095,41.377123],[2.110951,41.377121],[2.110951,41.377119],[2.110952,41.377117],[2.110952,41.377116],[2.110953,41.377114],[2.110954,41.377112],[2.110954,41.37711],[2.110955,41.377109],[2.110956,41.377107],[2.110956,41.377105],[2.110957,41.377104],[2.110958,41.377102],[2.110959,41.3771],[2.110959,41.377098],[2.11096,41.377097],[2.110961,41.377095],[2.110962,41.377093],[2.110963,41.377092],[2.110964,41.37709],[2.110964,41.377088],[2.110965,41.377087],[2.110966,41.377085],[2.110967,41.377083],[2.110968,41.377082],[2.110969,41.37708],[2.11097,41.377078],[2.110971,41.377077],[2.110972,41.377075],[2.110974,41.377074],[2.110975,41.377072],[2.110976,41.37707],[2.110977,41.377069],[2.110978,41.377067],[2.110979,41.377066],[2.11098,41.377064],[2.110982,41.377063],[2.110983,41.377061],[2.110984,41.377059],[2.110985,41.377058],[2.110987,41.377056],[2.110988,41.377055],[2.110989,41.377053],[2.110991,41.377052],[2.110992,41.37705],[2.110993,41.377049],[2.110995,41.377047],[2.110996,41.377046],[2.110997,41.377045],[2.110999,41.377043],[2.111,41.377042],[2.111002,41.37704],[2.111003,41.377039],[2.111005,41.377037],[2.111006,41.377036],[2.111008,41.377035],[2.111009,41.377033],[2.111011,41.377032],[2.111013,41.377031],[2.111014,41.377029],[2.111016,41.377028],[2.111017,41.377027],[2.111019,41.377025],[2.111021,41.377024],[2.111022,41.377023],[2.111024,41.377021],[2.111026,41.37702],[2.111027,41.377019],[2.111029,41.377018],[2.111031,41.377016],[2.111033,41.377015],[2.111034,41.377014],[2.111036,41.377013],[2.111038,41.377012],[2.11104,41.37701],[2.111042,41.377009],[2.111044,41.377008],[2.111045,41.377007],[2.111047,41.377006],[2.111049,41.377005],[2.111051,41.377004],[2.111053,41.377003],[2.111055,41.377001],[2.111057,41.377],[2.111059,41.376999],[2.111061,41.376998],[2.111063,41.376997],[2.111065,41.376996],[2.111067,41.376995],[2.111069,41.376994],[2.111071,41.376993],[2.111073,41.376992],[2.111075,41.376991],[2.111077,41.37699],[2.111079,41.37699],[2.111081,41.376989],[2.111083,41.376988],[2.111085,41.376987],[2.111087,41.376986],[2.111089,41.376985],[2.111091,41.376984],[2.111094,41.376983],[2.111096,41.376983],[2.111098,41.376982],[2.1111,41.376981],[2.111102,41.37698],[2.111104,41.37698],[2.111106,41.376979],[2.111109,41.376978],[2.111111,41.376977],[2.111113,41.376977],[2.111115,41.376976],[2.111118,41.376975],[2.11112,41.376975],[2.111122,41.376974],[2.111124,41.376973],[2.111127,41.376973],[2.111127,41.376968],[2.111131,41.376972],[2.111133,41.376971],[2.111136,41.376971],[2.111138,41.37697],[2.11114,41.37697],[2.111142,41.376969],[2.111145,41.376969],[2.111147,41.376968],[2.111149,41.376968],[2.111152,41.376967],[2.111154,41.376967],[2.111156,41.376966],[2.111159,41.376966],[2.111161,41.376966],[2.111164,41.376965],[2.111166,41.376965],[2.111168,41.376965],[2.11117,41.376964],[2.111173,41.376964],[2.111175,41.376964],[2.111178,41.376963],[2.11118,41.376963],[2.111182,41.376963],[2.111185,41.376963],[2.111187,41.376962],[2.111189,41.376962],[2.111192,41.376962],[2.111194,41.376962],[2.111197,41.376962],[2.111199,41.376962],[2.111201,41.376961],[2.111204,41.376961],[2.111206,41.376961],[2.111208,41.376961],[2.111211,41.376961],[2.111213,41.376961],[2.111216,41.376961],[2.111218,41.376961],[2.11122,41.376961],[2.111223,41.376961],[2.111225,41.376961],[2.111228,41.376961],[2.11123,41.376961],[2.111232,41.376961],[2.111235,41.376962],[2.111237,41.376962],[2.11124,41.376962],[2.111242,41.376962],[2.111244,41.376962],[2.111247,41.376962],[2.111249,41.376962],[2.111251,41.376963],[2.111254,41.376963],[2.111256,41.376963],[2.111259,41.376963],[2.111261,41.376964],[2.111263,41.376964],[2.111266,41.376964],[2.111268,41.376965],[2.11127,41.376965],[2.111273,41.376965],[2.111275,41.376966],[2.111277,41.376966],[2.11128,41.376966],[2.111282,41.376967],[2.111284,41.376967],[2.111287,41.376968],[2.111289,41.376968],[2.111291,41.376969],[2.111294,41.376969],[2.111296,41.37697],[2.111298,41.37697],[2.111301,41.376971],[2.111303,41.376971],[2.111305,41.376972],[2.111307,41.376972],[2.11131,41.376973],[2.111312,41.376974],[2.111314,41.376974],[2.111316,41.376975],[2.111319,41.376976],[2.111321,41.376976],[2.111323,41.376977],[2.111325,41.376978],[2.111327,41.376978],[2.11133,41.376979],[2.111332,41.37698],[2.111334,41.376981],[2.111336,41.376981],[2.111338,41.376982],[2.11134,41.376983],[2.111343,41.376984],[2.111345,41.376985],[2.111347,41.376985],[2.111349,41.376986],[2.111351,41.376987],[2.111353,41.376988],[2.111355,41.376989],[2.111357,41.37699],[2.111359,41.376991],[2.111361,41.376992],[2.111363,41.376993],[2.111365,41.376994],[2.111367,41.376995],[2.111369,41.376996],[2.111371,41.376997],[2.111373,41.376998],[2.111375,41.376999],[2.111377,41.377],[2.111379,41.377001],[2.111381,41.377002],[2.111383,41.377003],[2.111385,41.377004],[2.111387,41.377005],[2.111389,41.377006],[2.111391,41.377007],[2.111392,41.377008],[2.111394,41.37701],[2.111396,41.377011],[2.111398,41.377012],[2.1114,41.377013],[2.111401,41.377014],[2.111403,41.377016],[2.111405,41.377017],[2.111407,41.377018],[2.111408,41.377019],[2.11141,41.377021],[2.111412,41.377022],[2.111414,41.377023],[2.111415,41.377024],[2.111417,41.377026],[2.111418,41.377027],[2.11142,41.377028],[2.111422,41.37703],[2.111423,41.377031],[2.111425,41.377032],[2.111426,41.377034],[2.111428,41.377035],[2.11143,41.377037],[2.111431,41.377038],[2.111433,41.377039],[2.111434,41.377041],[2.111435,41.377042],[2.111437,41.377044],[2.111438,41.377045],[2.11144,41.377047],[2.111441,41.377048],[2.111443,41.377049],[2.111444,41.377051],[2.111445,41.377052],[2.111447,41.377054],[2.111448,41.377055],[2.111449,41.377057],[2.11145,41.377058],[2.111452,41.37706],[2.111453,41.377062],[2.111454,41.377063],[2.111455,41.377065],[2.111457,41.377066],[2.111458,41.377068],[2.111459,41.377069],[2.11146,41.377071],[2.111461,41.377073],[2.111462,41.377074],[2.111463,41.377076],[2.111464,41.377077],[2.111465,41.377079],[2.111466,41.377081],[2.111467,41.377082],[2.111468,41.377084],[2.111469,41.377086],[2.11147,41.377087],[2.111471,41.377089],[2.111472,41.377091],[2.111473,41.377092],[2.111474,41.377094],[2.111475,41.377096],[2.111475,41.377097],[2.111476,41.377099],[2.111477,41.377101],[2.111478,41.377102],[2.111479,41.377104],[2.111479,41.377106],[2.11148,41.377108],[2.111481,41.377109],[2.111481,41.377111],[2.111482,41.377113],[2.111483,41.377114],[2.111483,41.377116],[2.111484,41.377118],[2.111484,41.37712],[2.111485,41.377121],[2.111485,41.377123],[2.111486,41.377125],[2.111486,41.377127],[2.111487,41.377129],[2.111487,41.37713],[2.111488,41.377132],[2.111488,41.377134],[2.111489,41.377136],[2.111489,41.377137],[2.111489,41.377139],[2.11149,41.377141],[2.11149,41.377143],[2.11149,41.377145],[2.11149,41.377146],[2.111491,41.377148],[2.111491,41.37715],[2.111491,41.377152],[2.111491,41.377154],[2.111491,41.377155],[2.111492,41.377157],[2.111492,41.377159],[2.111492,41.377161],[2.111492,41.377163],[2.111492,41.377164],[2.111492,41.377166],[2.111492,41.377168],[2.111492,41.37717]]},"properties":{"name":"Carril bici unidireccional Rotonda connexi\u00f3 av Xile - av Man"}},{"type":"Feature","geometry":{"type":"LineString","coordinates":[[2.186673,41.420805],[2.186666,41.420522]]},"properties":{"name":"Carril bici unidireccional av Meridiana"}},{"type":"Feature","geometry":{"type":"LineString","coordinates":[[2.180956,41.399191],[2.180873,41.399128],[2.1783,41.397188],[2.176552,41.395889],[2.176509,41.395804],[2.176456,41.395657]]},"properties":{"name":"Carril bici unidireccional Gran Via Tetuan - Gl\u00f2ries muntany"}},{"type":"Feature","geometry":{"type":"LineString","coordinates":[[2.170155,41.390587],[2.172356,41.392236],[2.173425,41.393052],[2.17449,41.393847],[2.174234,41.394045],[2.174421,41.394179],[2.174641,41.394276]]},"properties":{"name":"Carril bici unidireccional Gran via pg Gr\u00e0cia - Tetuan mar"}},{"type":"Feature","geometry":{"type":"LineString","coordinates":[[2.174641,41.394276],[2.174225,41.394128],[2.172085,41.392521],[2.169839,41.390847]]},"properties":{"name":"Carril bici unidireccional Gran Via Pg Gr\u00e0cia - Tetuan munta"}},{"type":"Feature","geometry":{"type":"LineString","coordinates":[[2.181189,41.413317],[2.180905,41.412811],[2.18071,41.4126],[2.179676,41.411834],[2.179335,41.411544],[2.178721,41.411051],[2.177842,41.410391],[2.17551,41.408664]]},"properties":{"name":"Carril bici unidireccional Carrer de Corsega"}},{"type":"Feature","geometry":{"type":"LineString","coordinates":[[2.178723,41.400815],[2.178659,41.400863],[2.178777,41.400962],[2.179923,41.401817]]},"properties":{"name":"Carril bici unidireccional Connexi\u00f3 Consell de Cent - Marina"}},{"type":"Feature","geometry":{"type":"LineString","coordinates":[[2.183308,41.389077],[2.183544,41.389255],[2.181312,41.390957],[2.180675,41.391435],[2.180372,41.391212]]},"properties":{"name":"Carril bici unidireccional Llu\u00eds Companys - Bes\u00f3s"}},{"type":"Feature","geometry":{"type":"LineString","coordinates":[[2.180372,41.391212],[2.180115,41.391027],[2.183024,41.388872],[2.183297,41.389072]]},"properties":{"name":"Carril bici unidireccional Llu\u00eds Companys - Llobregat"}},{"type":"Feature","geometry":{"type":"LineString","coordinates":[[2.183024,41.388872],[2.183308,41.389077]]},"properties":{"name":"Carril bici unidireccional pg Llu\u00eds Companys - Llobregat"}},{"type":"Feature","geometry":{"type":"LineString","coordinates":[[2.159854,41.3968],[2.159415,41.396682],[2.158989,41.396511]]},"properties":{"name":"Carril bici unidireccional Pl Joan Carles I"}},{"type":"Feature","geometry":{"type":"LineString","coordinates":[[2.187017,41.391632],[2.187011,41.394649]]},"properties":{"name":"Carril bici unidireccional Meridiana est 2"}},{"type":"Feature","geometry":{"type":"LineString","coordinates":[[2.145182,41.392793],[2.146014,41.392999],[2.149963,41.393997],[2.155475,41.395395],[2.159073,41.396306]]},"properties":{"name":"Carril bici unidireccional Av Diagonal - pl Francesc Maci\u00e0 -"}},{"type":"Feature","geometry":{"type":"LineString","coordinates":[[2.158992,41.396512],[2.155483,41.395638],[2.153181,41.395044],[2.14993,41.39422],[2.145082,41.392998]]},"properties":{"name":"Carril bici unidireccional Av Diagonal - pl Francesc Maci\u00e0 -"}},{"type":"Feature","geometry":{"type":"LineString","coordinates":[[2.137884,41.37005],[2.137684,41.369992],[2.137608,41.369963],[2.137494,41.36993],[2.137349,41.369894]]},"properties":{"name":"Carril bici unidireccional placeta de Sant Medir"}},{"type":"Feature","geometry":{"type":"LineString","coordinates":[[2.14342,41.373028],[2.143447,41.372974],[2.14421,41.373201],[2.144863,41.373397],[2.144979,41.373426],[2.145096,41.373438],[2.145726,41.373589],[2.146288,41.373717],[2.146985,41.373881],[2.147454,41.374001],[2.147553,41.374027]]},"properties":{"name":"Carril bici unidireccional Unidireccional crta Bordeta"}},{"type":"Feature","geometry":{"type":"LineString","coordinates":[[2.159075,41.396308],[2.15942,41.39639],[2.1601,41.396475],[2.166656,41.398141]]},"properties":{"name":"Carril bici unidireccional av Diagonal pg Gr\u00e0cia - M Cinto V"}},{"type":"Feature","geometry":{"type":"LineString","coordinates":[[2.186986,41.394907],[2.18702,41.402182]]},"properties":{"name":"Carril bici unidireccional Meridiana Pujades - Glories - Bes"}},{"type":"Feature","geometry":{"type":"LineString","coordinates":[[2.138316,41.377593],[2.138351,41.377633],[2.138289,41.377661],[2.138238,41.377701],[2.138166,41.377823],[2.138221,41.378033],[2.138298,41.378229],[2.138345,41.378314],[2.138577,41.378623],[2.138652,41.379118],[2.138664,41.379237],[2.138749,41.379356],[2.138826,41.379422],[2.138991,41.379484],[2.139305,41.379646],[2.140101,41.380089],[2.14036,41.380223],[2.140706,41.38039],[2.141102,41.380494],[2.142116,41.380615]]},"properties":{"name":"Carril bici bidireccional Pla\u00e7a Joan Peri\u00f3"}},{"type":"Feature","geometry":{"type":"LineString","coordinates":[[2.18691,41.418635],[2.186942,41.420109]]},"properties":{"name":"Carril bici bidireccional Av. Meridiana"}},{"type":"Feature","geometry":{"type":"LineString","coordinates":[[2.110823,41.384509],[2.110717,41.384746]]},"properties":{"name":"Carril bici bidireccional Gonz\u00e1lez Tablas"}},{"type":"Feature","geometry":{"type":"LineString","coordinates":[[2.128492,41.382555],[2.130926,41.384147]]},"properties":{"name":"Carril bici bidireccional Travessera de les Corts"}},{"type":"Feature","geometry":{"type":"LineString","coordinates":[[2.150102,41.375024],[2.152124,41.375038]]},"properties":{"name":"Carril bici bidireccional Avinguda del Paral\u00b7lel"}},{"type":"Feature","geometry":{"type":"LineString","coordinates":[[2.186665,41.380804],[2.186776,41.380778],[2.186889,41.380751],[2.186947,41.380698],[2.186998,41.380605],[2.187063,41.380467],[2.188778,41.376123],[2.188857,41.375814],[2.188861,41.375491]]},"properties":{"name":"Carril bici bidireccional Passeig Joan de Borb\u00f3"}},{"type":"Feature","geometry":{"type":"LineString","coordinates":[[2.113445,41.400648],[2.113542,41.400784],[2.113649,41.400999]]},"properties":{"name":"Carril bici bidireccional Gaspar Casad\u00f3"}},{"type":"Feature","geometry":{"type":"LineString","coordinates":[[2.142442,41.380689],[2.143129,41.380225],[2.143172,41.380192],[2.142889,41.379993]]},"properties":{"name":"Carril bici bidireccional Connexi\u00f3 Num\u00e0ncia - Tarragona"}},{"type":"Feature","geometry":{"type":"LineString","coordinates":[[2.181538,41.380083],[2.181586,41.380066],[2.181627,41.380087],[2.181882,41.380416],[2.181974,41.380527],[2.182092,41.380592]]},"properties":{"name":"Carril bici bidireccional Acces Moll de la Fusta"}},{"type":"Feature","geometry":{"type":"LineString","coordinates":[[2.166383,41.398433],[2.166548,41.398516],[2.167722,41.399404],[2.168629,41.400068],[2.16898,41.400331],[2.169487,41.400729],[2.171021,41.401866],[2.172049,41.402631],[2.173052,41.403378],[2.173338,41.403595]]},"properties":{"name":"Carril bici bidireccional Proven\u00e7a 2"}},{"type":"Feature","geometry":{"type":"LineString","coordinates":[[2.174339,41.404334],[2.17454,41.404491],[2.178686,41.407601],[2.179076,41.407873],[2.180237,41.408709],[2.181059,41.409292],[2.181284,41.40949],[2.181387,41.409575],[2.182683,41.410487],[2.182742,41.410505],[2.183097,41.410728],[2.184142,41.411503],[2.184373,41.411666],[2.184591,41.41204]]},"properties":{"name":"Carril bici bidireccional Proven\u00e7a 2"}},{"type":"Feature","geometry":{"type":"LineString","coordinates":[[2.178947,41.407604],[2.178698,41.407603]]},"properties":{"name":"Carril bici bidireccional Connexi\u00f3 Cartagena - Proven\u00e7a"}},{"type":"Feature","geometry":{"type":"LineString","coordinates":[[2.182819,41.380788],[2.183058,41.381121]]},"properties":{"name":"Carril bici bidireccional Connexi\u00f3 Moll Fusta"}},{"type":"Feature","geometry":{"type":"LineString","coordinates":[[2.1869,41.415451],[2.18692,41.416059],[2.186922,41.41719],[2.186922,41.417194]]},"properties":{"name":"Carril bici bidireccional "}},{"type":"Feature","geometry":{"type":"LineString","coordinates":[[2.192523,41.387044],[2.192355,41.386806],[2.192186,41.386599],[2.192087,41.386479],[2.191939,41.386313],[2.191825,41.386182],[2.191698,41.386052],[2.191593,41.385943],[2.191461,41.38581],[2.191307,41.38568],[2.19113,41.385542],[2.190983,41.385446],[2.190803,41.385346],[2.190659,41.385274],[2.190483,41.385193],[2.190287,41.385104],[2.190106,41.385032],[2.189904,41.384958],[2.189695,41.384883],[2.18944,41.384806],[2.189274,41.384767],[2.189084,41.384733],[2.188909,41.384708],[2.18869,41.384688],[2.188487,41.384679],[2.188326,41.384681],[2.188181,41.384685],[2.188036,41.384698],[2.187864,41.384717],[2.187697,41.38474],[2.187441,41.384785],[2.1873,41.384813],[2.187141,41.384852],[2.186925,41.384914],[2.186718,41.384986],[2.186579,41.385046],[2.18647,41.385111],[2.186327,41.385222],[2.185997,41.385473]]},"properties":{"name":"Carril bici bidireccional Pg. de Circumval\u00b7laci\u00f3"}},{"type":"Feature","geometry":{"type":"LineString","coordinates":[[2.191557,41.427799],[2.191596,41.427344],[2.191666,41.425892],[2.191771,41.425729],[2.191763,41.425071],[2.191827,41.424201],[2.191927,41.422493],[2.191911,41.42223],[2.191918,41.421693],[2.191913,41.421624],[2.191887,41.421553],[2.191839,41.421491],[2.191802,41.421368],[2.191597,41.42072],[2.191466,41.420526],[2.191388,41.420273],[2.191281,41.419917],[2.191378,41.418312],[2.19142,41.417654],[2.191448,41.417212],[2.191359,41.417212],[2.191308,41.417188],[2.191258,41.417183],[2.191219,41.417185],[2.191188,41.417198],[2.191153,41.417222],[2.191039,41.417166]]},"properties":{"name":"Carril bici bidireccional Carrer <berenguer de Pallou "}},{"type":"Feature","geometry":{"type":"LineString","coordinates":[[2.177823,41.401818],[2.17826,41.401491],[2.178306,41.401367],[2.178775,41.40096]]},"properties":{"name":"Carril bici bidireccional "}},{"type":"Feature","geometry":{"type":"LineString","coordinates":[[2.195696,41.388115],[2.195105,41.387672],[2.194634,41.387319],[2.194474,41.387266],[2.194173,41.386803],[2.193655,41.386384],[2.193143,41.385972],[2.192617,41.385612],[2.192108,41.385299],[2.191495,41.384972],[2.190313,41.384404],[2.188629,41.383618],[2.186415,41.382608],[2.185771,41.382288],[2.185586,41.382298],[2.185425,41.382221],[2.184826,41.381877],[2.184521,41.381699],[2.184425,41.381631],[2.184341,41.381561],[2.184238,41.381389],[2.184194,41.381338],[2.184137,41.381301],[2.184004,41.381255],[2.183674,41.381204],[2.183063,41.381124],[2.182854,41.381144],[2.182666,41.381165],[2.182545,41.381191],[2.182435,41.381286]]},"properties":{"name":"Carril bici bidireccional Doctor Aiguader"}},{"type":"Feature","geometry":{"type":"LineString","coordinates":[[2.108989,41.383957],[2.108961,41.383834],[2.10896,41.383815],[2.108961,41.383807],[2.108964,41.383802],[2.108973,41.383794],[2.108982,41.383786],[2.108992,41.383779],[2.109005,41.383774],[2.109018,41.383772],[2.109053,41.383403],[2.109015,41.38339],[2.108997,41.38338],[2.108981,41.383365],[2.10897,41.38335],[2.108962,41.383332],[2.108961,41.383315],[2.108963,41.383295],[2.109029,41.383048],[2.109077,41.38284],[2.109229,41.382226],[2.109186,41.382158],[2.107756,41.381261]]},"properties":{"name":"Carril bici bidireccional Torre Melina"}},{"type":"Feature","geometry":{"type":"LineString","coordinates":[[2.14138,41.390928],[2.14143,41.391071],[2.141204,41.391562]]},"properties":{"name":"Carril bici bidireccional Fra Lluis de Granada"}},{"type":"Feature","geometry":{"type":"LineString","coordinates":[[2.182722,41.380759],[2.18278,41.380719],[2.182832,41.38066],[2.182904,41.380613],[2.182977,41.380597],[2.183056,41.380603],[2.183288,41.380648],[2.18347,41.380727],[2.183551,41.380774],[2.183607,41.38079],[2.183655,41.380803],[2.183859,41.380822],[2.184026,41.380866],[2.184309,41.380977],[2.184484,41.381059],[2.184611,41.381104],[2.184729,41.381132],[2.184831,41.381161],[2.184928,41.381206],[2.185204,41.381448]]},"properties":{"name":"Carril bici bidireccional Carril Port"}},{"type":"Feature","geometry":{"type":"LineString","coordinates":[[2.110823,41.384509],[2.112303,41.384887],[2.116562,41.385967],[2.116873,41.386069],[2.116875,41.386064],[2.117101,41.386145],[2.11792,41.386349]]},"properties":{"name":"Carril bici bidireccional Av Diagonal - Pedrealbes - Empresa"}},{"type":"Feature","geometry":{"type":"LineString","coordinates":[[2.170745,41.414004],[2.170556,41.413943]]},"properties":{"name":"Carril bici bidireccional Enlla\u00e7 ronda Guinard\u00f3 - Cartagena"}},{"type":"Feature","geometry":{"type":"LineString","coordinates":[[2.127418,41.384774],[2.127631,41.384877]]},"properties":{"name":"Carril bici bidireccional Connexi\u00f3 Mejia Lequeirica - Dolors"}},{"type":"Feature","geometry":{"type":"LineString","coordinates":[[2.181314,41.392275],[2.181081,41.392457],[2.18109,41.392469]]},"properties":{"name":"Carril bici bidireccional Connexi\u00f3 av Vilanova - crta Ribes"}},{"type":"Feature","geometry":{"type":"LineString","coordinates":[[2.189044,41.405204],[2.189254,41.40505]]},"properties":{"name":"Carril bici bidireccional Pas Ciutat de Granada - Gran Via"}},{"type":"Feature","geometry":{"type":"LineString","coordinates":[[2.200443,41.391556],[2.196194,41.394731],[2.194729,41.395824],[2.194024,41.396353],[2.193952,41.396372],[2.193697,41.396552],[2.193683,41.396597],[2.19043,41.399062]]},"properties":{"name":"Carril bici bidireccional carrer Alaba"}},{"type":"Feature","geometry":{"type":"LineString","coordinates":[[2.188281,41.400648],[2.188071,41.400822],[2.187553,41.4012],[2.187488,41.40125],[2.187205,41.401446],[2.187013,41.401444]]},"properties":{"name":"Carril bici bidireccional carrer Alaba"}},{"type":"Feature","geometry":{"type":"LineString","coordinates":[[2.137885,41.37005],[2.138228,41.370182],[2.138298,41.37021],[2.138845,41.370467],[2.139872,41.371141],[2.141918,41.372465],[2.142419,41.372698]]},"properties":{"name":"Carril bici bidireccional Gav\u00e0"}},{"type":"Feature","geometry":{"type":"LineString","coordinates":[[2.213272,41.400619],[2.213222,41.400659],[2.212963,41.400869],[2.212851,41.400966],[2.212495,41.401232],[2.212083,41.401537],[2.211781,41.401767],[2.211499,41.401983],[2.21135,41.401876],[2.210486,41.402528],[2.210319,41.402661],[2.20987,41.402997],[2.20893,41.403711],[2.208705,41.40388],[2.208638,41.403935],[2.208583,41.403993],[2.208476,41.404043],[2.208339,41.404149],[2.208299,41.404191],[2.208266,41.404227],[2.208171,41.40429],[2.208125,41.404306],[2.208103,41.404321],[2.208028,41.404376],[2.207731,41.404603],[2.207623,41.404679],[2.207594,41.404709],[2.207575,41.404752],[2.207211,41.40501],[2.207203,41.405049],[2.206315,41.405739],[2.206246,41.405756],[2.206039,41.405908],[2.206018,41.405958],[2.204924,41.406828],[2.204079,41.40742],[2.202948,41.408307],[2.201761,41.409157],[2.201624,41.409241],[2.201491,41.409331],[2.199547,41.410781]]},"properties":{"name":"Carril bici bidireccional Selva de Mar"}},{"type":"Feature","geometry":{"type":"LineString","coordinates":[[2.15442,41.385215],[2.152375,41.384349],[2.152215,41.384471],[2.151473,41.384211]]},"properties":{"name":"Carril bici bidireccional Av Roma (Urgell - Val\u00e8ncia)"}},{"type":"Feature","geometry":{"type":"LineString","coordinates":[[2.122275,41.384401],[2.122396,41.382895],[2.122351,41.38275],[2.121724,41.382121],[2.121094,41.381508],[2.121004,41.381441],[2.120965,41.381419],[2.120924,41.3814],[2.12079,41.381363],[2.120693,41.381343],[2.120572,41.381332],[2.120367,41.38133],[2.120161,41.381328],[2.120063,41.381317],[2.119796,41.381268],[2.119502,41.381191],[2.119237,41.381118],[2.119265,41.381057],[2.119044,41.38098],[2.118929,41.380899]]},"properties":{"name":"Carril bici bidireccional Bidireccional Connexi\u00f3 Joan XXIII"}},{"type":"Feature","geometry":{"type":"LineString","coordinates":[[2.164094,41.364703],[2.164166,41.364729],[2.164316,41.364736],[2.1646,41.364759],[2.165167,41.364804],[2.165465,41.364827],[2.165778,41.364937],[2.166114,41.365172],[2.166222,41.365274],[2.166303,41.365409],[2.166448,41.365677],[2.166632,41.366001],[2.166781,41.36623],[2.1669,41.366425],[2.166998,41.366507],[2.167054,41.366543],[2.167295,41.366598]]},"properties":{"name":"Carril bici bidireccional passeig del migdia - carrer Tarong"}},{"type":"Feature","geometry":{"type":"LineString","coordinates":[[2.187001,41.407121],[2.185824,41.406207],[2.185723,41.406175],[2.185506,41.406018],[2.185459,41.405944],[2.184694,41.405363],[2.184346,41.405098],[2.183505,41.404483],[2.183427,41.40446],[2.183264,41.40434],[2.183153,41.404221],[2.18128,41.40282],[2.181209,41.402807],[2.180981,41.402642],[2.180966,41.402556],[2.180162,41.401986],[2.179923,41.401818]]},"properties":{"name":"Carril bici bidireccional Consell de Cent"}},{"type":"Feature","geometry":{"type":"LineString","coordinates":[[2.209632,41.418259],[2.20917,41.417626],[2.208946,41.417372],[2.20879,41.417153],[2.208589,41.416898],[2.207744,41.415879],[2.207661,41.415777],[2.207438,41.415507],[2.204726,41.412121]]},"properties":{"name":"Carril bici bidireccional Pere IV - tram 8"}},{"type":"Feature","geometry":{"type":"LineString","coordinates":[[2.181034,41.399544],[2.180979,41.399501],[2.180744,41.399327]]},"properties":{"name":"Carril bici bidireccional Interconnexi\u00f3  Marina - GV Corts C"}},{"type":"Feature","geometry":{"type":"LineString","coordinates":[[2.181641,41.399019],[2.181386,41.398829]]},"properties":{"name":"Carril bici bidireccional Interconnexi\u00f3  Marina - GV Corts C"}},{"type":"Feature","geometry":{"type":"LineString","coordinates":[[2.142596,41.424627],[2.142322,41.42425],[2.142128,41.424026],[2.141992,41.423869],[2.141842,41.423669],[2.141551,41.42309]]},"properties":{"name":"Carril bici bidireccional pg Vall d'Hebr\u00f3n"}},{"type":"Feature","geometry":{"type":"LineString","coordinates":[[2.164692,41.398022],[2.165276,41.39757],[2.161494,41.394705],[2.15866,41.392551],[2.158654,41.392509],[2.15841,41.392321],[2.158355,41.392324],[2.1525,41.387924],[2.151512,41.387196],[2.150747,41.386609],[2.150419,41.38637]]},"properties":{"name":"Carril bici bidireccional Carrer de Proven\u00e7a - tram av Diago"}},{"type":"Feature","geometry":{"type":"LineString","coordinates":[[2.149407,41.377107],[2.15043,41.376347],[2.150743,41.376111],[2.151008,41.375881],[2.151272,41.37569],[2.151469,41.375536],[2.151829,41.375269],[2.152005,41.375198],[2.152129,41.375168],[2.152124,41.375032]]},"properties":{"name":"Carril bici bidireccional Carrer Llan\u00e7\u00e0"}},{"type":"Feature","geometry":{"type":"LineString","coordinates":[[2.186903,41.417176],[2.186762,41.417054],[2.185661,41.416254]]},"properties":{"name":"Carril bici bidireccional Josep Estivill"}},{"type":"Feature","geometry":{"type":"LineString","coordinates":[[2.151494,41.387182],[2.151659,41.387179]]},"properties":{"name":"Carril bici bidireccional Enlla\u00e7 Proven\u00e7a - Urgell"}},{"type":"Feature","geometry":{"type":"LineString","coordinates":[[2.150315,41.388068],[2.150501,41.388161]]},"properties":{"name":"Carril bici bidireccional Enlla\u00e7 Rosell\u00f3 - Urgell"}},{"type":"Feature","geometry":{"type":"LineString","coordinates":[[2.135631,41.365331],[2.134964,41.365065],[2.134964,41.365014],[2.134907,41.364959],[2.13486,41.364901],[2.134823,41.36484],[2.13481,41.364794],[2.134796,41.364746],[2.134796,41.36471],[2.134805,41.364677],[2.134798,41.364638],[2.134777,41.364613],[2.133601,41.3637]]},"properties":{"name":"Carril bici bidireccional Pla\u00e7a Cerd\u00e0 - banda muntanya"}},{"type":"Feature","geometry":{"type":"LineString","coordinates":[[2.140509,41.36835],[2.140527,41.368325],[2.140532,41.368309],[2.140509,41.368231],[2.140475,41.368081],[2.140148,41.367252],[2.139982,41.366832],[2.139856,41.366517],[2.13978,41.366314],[2.139701,41.366114],[2.139639,41.366032],[2.139596,41.365977],[2.139585,41.365911]]},"properties":{"name":"Carril bici bidireccional Mineria"}},{"type":"Feature","geometry":{"type":"LineString","coordinates":[[2.122235,41.3873],[2.122251,41.387253],[2.122256,41.387181],[2.122287,41.387113],[2.122333,41.386977],[2.12241,41.386822],[2.122475,41.386775],[2.122549,41.386747],[2.122692,41.386726],[2.122829,41.386741],[2.122965,41.386782],[2.123038,41.386813],[2.123084,41.386849],[2.123147,41.386903],[2.123196,41.386974],[2.123197,41.387038],[2.12318,41.387119],[2.123093,41.387292],[2.122992,41.387454]]},"properties":{"name":"Carril bici bidireccional pl Pius XII"}},{"type":"Feature","geometry":{"type":"LineString","coordinates":[[2.128193,41.388761],[2.128243,41.388659],[2.128338,41.38847],[2.128413,41.388292],[2.128377,41.388253],[2.128384,41.388208],[2.128449,41.388129],[2.128305,41.388045]]},"properties":{"name":"Carril bici bidireccional tarongers"}},{"type":"Feature","geometry":{"type":"LineString","coordinates":[[2.180126,41.391579],[2.180095,41.391421],[2.179855,41.391389],[2.17985,41.39145],[2.179797,41.391484],[2.179711,41.391516],[2.173809,41.389321],[2.17354,41.389222]]},"properties":{"name":"Carril bici bidireccional ronda de Sant Pere ( pg Sant Joan "}},{"type":"Feature","geometry":{"type":"LineString","coordinates":[[2.111805,41.377613],[2.113731,41.376662]]},"properties":{"name":"Carril bici bidireccional Carrer Pisuerga"}},{"type":"Feature","geometry":{"type":"LineString","coordinates":[[2.107754,41.381259],[2.107702,41.381225],[2.107682,41.381192],[2.107679,41.381163],[2.107683,41.381129],[2.107694,41.381073],[2.107747,41.380882],[2.107794,41.3806],[2.107892,41.380233],[2.108004,41.379895],[2.108198,41.379582],[2.108386,41.37934],[2.108829,41.378797],[2.108937,41.378606],[2.109065,41.37839],[2.109161,41.378167],[2.109363,41.377798],[2.10959,41.377427],[2.109689,41.377247],[2.110959,41.377226]]},"properties":{"name":"Carril bici bidireccional Manuel Aza\u00f1a - Eix Torre Melina"}},{"type":"Feature","geometry":{"type":"LineString","coordinates":[[2.214297,41.406044],[2.214139,41.405878],[2.213806,41.405397],[2.213718,41.405337]]},"properties":{"name":"Carril bici bidireccional pg Taulat"}},{"type":"Feature","geometry":{"type":"LineString","coordinates":[[2.14257,41.395439],[2.142012,41.394809],[2.141949,41.394729],[2.141913,41.394637],[2.141994,41.394448],[2.142053,41.394269],[2.142082,41.394185],[2.142111,41.394122],[2.142109,41.394083],[2.142089,41.394023],[2.142071,41.393977],[2.142029,41.393933],[2.141984,41.393904],[2.141869,41.393866],[2.141698,41.39381],[2.140975,41.393645],[2.138909,41.393104],[2.135913,41.392329],[2.134397,41.391966]]},"properties":{"name":"Carril bici bidireccional Bidireccional Bori i Fontest\u00e0"}},{"type":"Feature","geometry":{"type":"LineString","coordinates":[[2.163141,41.378504],[2.163176,41.378545]]},"properties":{"name":"Carril bici bidireccional Enlla\u00e7 Manso - Urgell"}},{"type":"Feature","geometry":{"type":"LineString","coordinates":[[2.163077,41.378504],[2.162114,41.377792]]},"properties":{"name":"Carril bici bidireccional Carrer Manso"}},{"type":"Feature","geometry":{"type":"LineString","coordinates":[[2.183566,41.418056],[2.183525,41.417877]]},"properties":{"name":"Carril bici bidireccional Enlla\u00e7 Navas - Pare Claret"}},{"type":"Feature","geometry":{"type":"LineString","coordinates":[[2.18775,41.414692],[2.188021,41.414688]]},"properties":{"name":"Carril bici bidireccional Enlla\u00e7 Navas - Murcia"}},{"type":"Feature","geometry":{"type":"LineString","coordinates":[[2.185599,41.385521],[2.183639,41.383207]]},"properties":{"name":"Carril bici bidireccional av Marques Argentera"}},{"type":"Feature","geometry":{"type":"LineString","coordinates":[[2.143957,41.381485],[2.142938,41.380703],[2.142847,41.380675],[2.1428,41.380715],[2.142768,41.380726],[2.142652,41.380707],[2.142482,41.380693],[2.142444,41.38069],[2.142417,41.380699],[2.142348,41.380731],[2.142273,41.380756],[2.14223,41.380775],[2.142199,41.380798],[2.142052,41.38088]]},"properties":{"name":"Carril bici bidireccional Connexi\u00f3 Proven\u00e7a - Tarragona - Nu"}},{"type":"Feature","geometry":{"type":"LineString","coordinates":[[2.1869,41.415451],[2.186888,41.412046],[2.186888,41.410675],[2.186899,41.409776],[2.186874,41.409036],[2.186887,41.408882]]},"properties":{"name":"Carril bici bidireccional av Meridiana"}},{"type":"Feature","geometry":{"type":"LineString","coordinates":[[2.118911,41.380636],[2.11895,41.38055],[2.118993,41.380278],[2.119056,41.38004],[2.119147,41.379831],[2.119189,41.379756],[2.119222,41.379691],[2.119306,41.379565],[2.119333,41.379528],[2.119401,41.379447],[2.119474,41.379365],[2.119548,41.379305],[2.119775,41.379146],[2.11991,41.379065],[2.120058,41.378994],[2.120288,41.378891],[2.120643,41.378706],[2.120774,41.3786],[2.121021,41.378396],[2.121143,41.378285],[2.121331,41.378107],[2.121355,41.378076],[2.121388,41.377999],[2.121469,41.37783],[2.121562,41.377657],[2.121653,41.377443],[2.121674,41.377329],[2.121673,41.377082],[2.121666,41.376772],[2.121659,41.376673],[2.121654,41.376485],[2.121645,41.376152],[2.121652,41.376058],[2.121846,41.375715]]},"properties":{"name":"Carril bici bidireccional eix Aristides Maillol - Riera Blan"}},{"type":"Feature","geometry":{"type":"LineString","coordinates":[[2.146832,41.376993],[2.145977,41.376595],[2.143355,41.375401],[2.143301,41.37533]]},"properties":{"name":"Carril bici bidireccional Consell de Cent (Creu Cobert - Tar"}},{"type":"Feature","geometry":{"type":"LineString","coordinates":[[2.139652,41.415124],[2.139708,41.415054],[2.139765,41.414968],[2.139791,41.414807],[2.140123,41.414229],[2.140313,41.413896],[2.140471,41.413695],[2.140711,41.41348],[2.141343,41.413138],[2.141629,41.412993],[2.14204,41.412825],[2.142768,41.412598]]},"properties":{"name":"Carril bici bidireccional Esteve Terradas"}},{"type":"Feature","geometry":{"type":"LineString","coordinates":[[2.144721,41.387375],[2.144716,41.387284]]},"properties":{"name":"Carril bici bidireccional Enlla\u00e7 Calabria - Paris"}},{"type":"Feature","geometry":{"type":"LineString","coordinates":[[2.177897,41.376351],[2.17839,41.376086]]},"properties":{"name":"Carril bici bidireccional creuament pg Colom"}},{"type":"Feature","geometry":{"type":"LineString","coordinates":[[2.180506,41.419312],[2.180871,41.419525],[2.181124,41.419712],[2.182813,41.420953],[2.185542,41.423011],[2.186701,41.422898],[2.187174,41.422899]]},"properties":{"name":"Carril bici bidireccional Eix Olesa - Garcilaso"}},{"type":"Feature","geometry":{"type":"LineString","coordinates":[[2.219039,41.411461],[2.217598,41.412554],[2.217393,41.412535],[2.215151,41.414214],[2.213006,41.415875],[2.212986,41.415902],[2.213,41.415941],[2.213039,41.415968],[2.213075,41.41599],[2.212991,41.416077]]},"properties":{"name":"Carril bici bidireccional Rambla de Prim"}},{"type":"Feature","geometry":{"type":"LineString","coordinates":[[2.158217,41.410631],[2.160311,41.411726],[2.161257,41.41225],[2.161742,41.412491],[2.162007,41.412677],[2.16227,41.4128],[2.162353,41.412882],[2.163388,41.413478],[2.164713,41.414209],[2.165672,41.41469]]},"properties":{"name":"Carril bici bidireccional Carrer Cam\u00e8lies"}},{"type":"Feature","geometry":{"type":"LineString","coordinates":[[2.138076,41.39416],[2.138097,41.394089],[2.138311,41.39364],[2.13864,41.392892],[2.139213,41.391592]]},"properties":{"name":"Carril bici bidireccional Ganduxer - Tram 1 (bidireccional)"}},{"type":"Feature","geometry":{"type":"LineString","coordinates":[[2.10949,41.387934],[2.109601,41.387878],[2.109863,41.387746],[2.111803,41.386791],[2.111908,41.386743]]},"properties":{"name":"Carril bici bidireccional Gran Capit\u00e0"}},{"type":"Feature","geometry":{"type":"LineString","coordinates":[[2.108833,41.383853],[2.107542,41.383514],[2.105739,41.383077],[2.105163,41.38295],[2.10413,41.382738],[2.102848,41.382457],[2.102628,41.382378],[2.102335,41.382287],[2.101671,41.38217],[2.101437,41.382128],[2.101399,41.382225],[2.101389,41.382283],[2.1014,41.382344],[2.101397,41.382388],[2.101344,41.382429],[2.101291,41.382452],[2.101219,41.38245],[2.101138,41.382388],[2.101031,41.382271],[2.100922,41.382152],[2.100846,41.382077],[2.100859,41.382042],[2.100878,41.382021],[2.100964,41.382024],[2.101103,41.382026],[2.101155,41.382021],[2.10118,41.381994],[2.101159,41.381966],[2.101104,41.381949],[2.100826,41.381924],[2.100401,41.381916],[2.099812,41.381916],[2.099474,41.381855],[2.098997,41.38178],[2.098711,41.381728],[2.098357,41.381659],[2.097725,41.381468]]},"properties":{"name":"Carril bici bidireccional Enlla\u00e7 Esplugues - bicivia 7"}},{"type":"Feature","geometry":{"type":"LineString","coordinates":[[2.149548,41.374425],[2.151356,41.371696]]},"properties":{"name":"Carril bici bidireccional av Maria Cristina"}},{"type":"Feature","geometry":{"type":"LineString","coordinates":[[2.21935,41.411245],[2.216672,41.408354],[2.215572,41.407187],[2.215168,41.406738],[2.214942,41.406554],[2.214303,41.406043],[2.213317,41.405628]]},"properties":{"name":"Carril bici bidireccional pg Taulat"}},{"type":"Feature","geometry":{"type":"LineString","coordinates":[[2.199918,41.405527],[2.19806,41.403259],[2.196527,41.401374]]},"properties":{"name":"Carril bici bidireccional Carrer Pere IV"}},{"type":"Feature","geometry":{"type":"LineString","coordinates":[[2.186981,41.39645],[2.186566,41.396448],[2.186485,41.396409],[2.186447,41.39635],[2.18641,41.396278],[2.186352,41.396187],[2.186005,41.395727],[2.185657,41.395431],[2.184995,41.394939],[2.184544,41.394622]]},"properties":{"name":"Carril bici bidireccional Connexi\u00f3 Estaci\u00f3 del Nord"}},{"type":"Feature","geometry":{"type":"LineString","coordinates":[[2.213718,41.405337],[2.207047,41.400336]]},"properties":{"name":"Carril bici bidireccional Pg Taulat tram 2"}},{"type":"Feature","geometry":{"type":"LineString","coordinates":[[2.176,41.374336],[2.176159,41.374349],[2.17623,41.374345],[2.176288,41.374339],[2.176344,41.374327],[2.176393,41.374312],[2.176447,41.374292],[2.176516,41.374266],[2.177536,41.375569],[2.177485,41.375622],[2.177465,41.375673],[2.177451,41.375737],[2.177456,41.37581],[2.177484,41.375882],[2.177532,41.375945],[2.177587,41.375989],[2.177666,41.376036],[2.177738,41.37607],[2.177803,41.376088],[2.177909,41.37609],[2.178079,41.376298]]},"properties":{"name":"Carril bici bidireccional pg Josep Carner"}},{"type":"Feature","geometry":{"type":"LineString","coordinates":[[2.176738,41.373305],[2.17655,41.373223],[2.176452,41.373199]]},"properties":{"name":"Carril bici bidireccional Enlla\u00e7 pl Drassanes - Moll de Barc"}},{"type":"Feature","geometry":{"type":"LineString","coordinates":[[2.204666,41.398584],[2.201178,41.395693],[2.201115,41.395625],[2.201061,41.395551],[2.20104,41.395518],[2.201019,41.395482],[2.200998,41.395433],[2.200986,41.395397],[2.200973,41.395309],[2.200971,41.395224],[2.200994,41.395127],[2.201029,41.395051],[2.20107,41.394975],[2.20111,41.394926],[2.201124,41.394905],[2.201132,41.394878],[2.20113,41.39485],[2.201122,41.394828],[2.201109,41.394813],[2.201077,41.394777],[2.201004,41.394714],[2.20093,41.394652],[2.200747,41.394493]]},"properties":{"name":"Carril bici bidireccional Carrer Taulat"}},{"type":"Feature","geometry":{"type":"LineString","coordinates":[[2.114863,41.393096],[2.108927,41.388444],[2.10826,41.387691],[2.107341,41.386637]]},"properties":{"name":"Carril bici bidireccional Bidireccional carrer de Cavallers"}},{"type":"Feature","geometry":{"type":"LineString","coordinates":[[2.107329,41.388263],[2.109067,41.38736]]},"properties":{"name":"Carril bici bidireccional Bidireccional carrer Carreras"}},{"type":"Feature","geometry":{"type":"LineString","coordinates":[[2.121772,41.390398],[2.121547,41.390298],[2.119895,41.389655]]},"properties":{"name":"Carril bici bidireccional BIdireccional Manuel Girona"}},{"type":"Feature","geometry":{"type":"LineString","coordinates":[[2.122768,41.387776],[2.122773,41.387757],[2.122861,41.387743],[2.122991,41.387722],[2.123146,41.387703],[2.123173,41.387652],[2.123206,41.387583],[2.12326,41.387523]]},"properties":{"name":"Carril bici bidireccional Enlla\u00e7 bidireccinal Pedralbes"}},{"type":"Feature","geometry":{"type":"LineString","coordinates":[[2.173676,41.411478],[2.173738,41.411426],[2.173823,41.411425],[2.173948,41.411421],[2.174133,41.411277],[2.174135,41.411214],[2.174303,41.411082],[2.174388,41.411015],[2.174513,41.411018],[2.174815,41.41079],[2.174866,41.410727],[2.175135,41.410513],[2.175245,41.410424],[2.175292,41.410364],[2.175521,41.410187],[2.175602,41.410162],[2.176362,41.409586],[2.176392,41.409531],[2.176621,41.409357],[2.176725,41.409315],[2.178638,41.407881],[2.178673,41.407803],[2.178947,41.407601],[2.179031,41.40758],[2.17907,41.407545],[2.181025,41.406057],[2.182018,41.405306],[2.182025,41.405275],[2.182292,41.405069],[2.182377,41.405039],[2.183147,41.40444],[2.183167,41.404427],[2.183189,41.404383],[2.183388,41.404252]]},"properties":{"name":"Carril bici bidireccional Bidireccional Cartagena"}},{"type":"Feature","geometry":{"type":"LineString","coordinates":[[2.183309,41.404375],[2.183189,41.404383],[2.183177,41.404247]]},"properties":{"name":"Carril bici bidireccional Connexi\u00f3 Consell de Cent - Cartage"}},{"type":"Feature","geometry":{"type":"LineString","coordinates":[[2.189423,41.393253],[2.189407,41.393013],[2.189237,41.392889],[2.189033,41.392889],[2.188945,41.39289],[2.18887,41.392942]]},"properties":{"name":"Carril bici bidireccional Enlla\u00e7 Pujades - Marina - banda ma"}},{"type":"Feature","geometry":{"type":"LineString","coordinates":[[2.112385,41.384107],[2.112183,41.384059],[2.112647,41.38307],[2.112899,41.382728],[2.113036,41.382577],[2.113246,41.382355],[2.113541,41.382102],[2.114298,41.381575],[2.114692,41.381364],[2.114851,41.381281],[2.114906,41.381263],[2.115345,41.381169],[2.115419,41.381162],[2.115488,41.381163],[2.115585,41.381178],[2.115631,41.381189],[2.115683,41.381186],[2.1158,41.381173],[2.115992,41.381155],[2.116089,41.381138],[2.116175,41.381109],[2.116408,41.380999],[2.116512,41.380947],[2.116577,41.380914],[2.116673,41.380889],[2.116779,41.380871],[2.117938,41.380758],[2.118235,41.380731],[2.118585,41.380754]]},"properties":{"name":"Carril bici bidireccional Bidireccional Gregorio Mara\u00f1on "}},{"type":"Feature","geometry":{"type":"LineString","coordinates":[[2.181833,41.387653],[2.182238,41.387958],[2.182387,41.388085],[2.182433,41.388154],[2.18248,41.388237],[2.183575,41.389066],[2.183912,41.389299],[2.184378,41.389623],[2.185203,41.390269],[2.185737,41.390661],[2.185979,41.390848],[2.186205,41.391016],[2.186649,41.39133],[2.186799,41.391521],[2.187024,41.391629]]},"properties":{"name":"Carril bici bidireccional Passeig de Pujades - carrer de Com"}},{"type":"Feature","geometry":{"type":"LineString","coordinates":[[2.186129,41.390966],[2.186279,41.390857]]},"properties":{"name":"Carril bici bidireccional Acc\u00e9s al parc de la Ciutadella "}},{"type":"Feature","geometry":{"type":"LineString","coordinates":[[2.18689,41.391355],[2.186752,41.39146]]},"properties":{"name":"Carril bici bidireccional Enlla\u00e7 pg Pujades - Whellington"}},{"type":"Feature","geometry":{"type":"LineString","coordinates":[[2.186816,41.394348],[2.187209,41.394346],[2.187318,41.394425]]},"properties":{"name":"Carril bici bidireccional enlla\u00e7 av Meridiana - Marina"}},{"type":"Feature","geometry":{"type":"LineString","coordinates":[[2.198437,41.421712],[2.198551,41.421692],[2.198665,41.421622],[2.198856,41.421459],[2.198992,41.42135],[2.199105,41.421256],[2.19932,41.421119],[2.200237,41.420433],[2.201245,41.41971],[2.20135,41.419655],[2.201528,41.419524],[2.20165,41.419437],[2.202516,41.418789],[2.202691,41.418688],[2.2047,41.417182],[2.206208,41.415988],[2.206243,41.415964],[2.206268,41.415965],[2.206302,41.415959],[2.206336,41.41595],[2.206359,41.415937],[2.20739,41.415149],[2.219176,41.40623]]},"properties":{"name":"Carril bici bidireccional Eix Josep Pla - Cant\u00e0bria"}},{"type":"Feature","geometry":{"type":"LineString","coordinates":[[2.152124,41.375038],[2.154237,41.37503],[2.15424,41.37503],[2.157248,41.374991],[2.16311,41.374993],[2.16812,41.374981],[2.169982,41.374961],[2.173641,41.374791],[2.174918,41.374717],[2.175199,41.374691],[2.175417,41.374644],[2.175867,41.374304]]},"properties":{"name":"Carril bici bidireccional Av Paral\u00b7lel"}},{"type":"Feature","geometry":{"type":"LineString","coordinates":[[2.135528,41.37531],[2.135681,41.375496],[2.136036,41.37584],[2.136093,41.375966],[2.136609,41.376438],[2.137158,41.376906],[2.137557,41.377195],[2.137963,41.377401],[2.138303,41.377577],[2.138545,41.377684],[2.138951,41.37794]]},"properties":{"name":"Carril bici bidireccional pg Sant Antoni"}},{"type":"Feature","geometry":{"type":"LineString","coordinates":[[2.142263,41.385174],[2.142319,41.385139],[2.142484,41.385136]]},"properties":{"name":"Carril bici bidireccional Connexi\u00f3 av Tarradellas amb Marqu\u00e9"}},{"type":"Feature","geometry":{"type":"LineString","coordinates":[[2.174356,41.404506],[2.174359,41.40451],[2.174366,41.404392],[2.174339,41.404335]]},"properties":{"name":"Carril bici bidireccional Enlla\u00e7 bidireccional Marina - Prov"}},{"type":"Feature","geometry":{"type":"LineString","coordinates":[[2.198324,41.417161],[2.199118,41.416559],[2.199305,41.416534],[2.19946,41.416477],[2.200003,41.416041],[2.200099,41.415725],[2.200153,41.415586],[2.200216,41.415508],[2.200321,41.415436],[2.200658,41.415194],[2.201221,41.414775]]},"properties":{"name":"Carril bici bidireccional Bidireccional Selva de Mar (tram G"}},{"type":"Feature","geometry":{"type":"LineString","coordinates":[[2.211951,41.406653],[2.208752,41.40422],[2.208671,41.404161],[2.208383,41.403949],[2.208302,41.403897],[2.207741,41.403496],[2.205332,41.401657],[2.205204,41.401554]]},"properties":{"name":"Carril bici bidireccional Bidireccional Ramon Turr\u00f3"}},{"type":"Feature","geometry":{"type":"LineString","coordinates":[[2.172474,41.388812],[2.17281,41.388548]]},"properties":{"name":"Carril bici bidireccional Urquinaona sentit mar"}},{"type":"Feature","geometry":{"type":"LineString","coordinates":[[2.147531,41.374098],[2.147553,41.374027]]},"properties":{"name":"Carril bici bidireccional Connexi\u00f3 Mir i Girabet - Gran Via "}},{"type":"Feature","geometry":{"type":"LineString","coordinates":[[2.134741,41.364584],[2.134862,41.364482],[2.134952,41.364408],[2.135121,41.364292],[2.135168,41.364263],[2.135207,41.364261],[2.135315,41.364267],[2.135361,41.364263],[2.135418,41.364262],[2.135457,41.364261],[2.135499,41.364266],[2.135593,41.364285],[2.135645,41.364299],[2.135757,41.364359],[2.135841,41.364426],[2.135894,41.364484],[2.136027,41.364568],[2.136074,41.36463],[2.136107,41.364758],[2.13599,41.364904],[2.135631,41.365331]]},"properties":{"name":"Carril bici bidireccional Pla\u00e7a Cerd\u00e0"}},{"type":"Feature","geometry":{"type":"LineString","coordinates":[[2.163412,41.404901],[2.163165,41.405162],[2.163055,41.405283],[2.163064,41.405346],[2.162783,41.405639],[2.162616,41.405807],[2.162597,41.405843],[2.162608,41.405859],[2.162612,41.405876],[2.162597,41.40589]]},"properties":{"name":"Carril bici bidireccional Carrer Escorial"}},{"type":"Feature","geometry":{"type":"LineString","coordinates":[[2.110807,41.384504],[2.109094,41.384059],[2.108834,41.383854]]},"properties":{"name":"Carril bici bidireccional Connexi\u00f3 bicivia 7"}},{"type":"Feature","geometry":{"type":"LineString","coordinates":[[2.170027,41.399196],[2.175998,41.400678],[2.176441,41.400788],[2.17673,41.400856],[2.178142,41.401237],[2.178191,41.401265],[2.178232,41.401299],[2.178296,41.401356],[2.178342,41.401401],[2.178403,41.401439]]},"properties":{"name":"Carril bici bidireccional Enlla\u00e7 Diagonal - Marina - Arag\u00f3"}},{"type":"Feature","geometry":{"type":"LineString","coordinates":[[2.127146,41.384635],[2.127417,41.384775],[2.12769,41.383849],[2.128276,41.382195],[2.128817,41.380661],[2.128958,41.380241],[2.12919,41.37957]]},"properties":{"name":"Carril bici bidireccional Gran via de Carles III"}},{"type":"Feature","geometry":{"type":"LineString","coordinates":[[2.209574,41.396885],[2.209952,41.396946],[2.210563,41.397177],[2.210961,41.397848],[2.211724,41.398915],[2.212821,41.400275],[2.213275,41.400622],[2.213367,41.400679],[2.213467,41.400714]]},"properties":{"name":"Carril bici bidireccional Platja de la Mar Bella"}},{"type":"Feature","geometry":{"type":"LineString","coordinates":[[2.17519,41.39518],[2.174196,41.395895],[2.173357,41.396543],[2.17298,41.396818],[2.17225,41.397374],[2.171057,41.398279],[2.170735,41.398531],[2.17014,41.398993],[2.170072,41.399099],[2.170066,41.399126],[2.170061,41.399148],[2.17005,41.399169],[2.170032,41.399193],[2.170009,41.399211],[2.169982,41.399223],[2.169941,41.399234],[2.169899,41.39923],[2.169863,41.399226],[2.169828,41.399216],[2.169809,41.399207],[2.169789,41.399193]]},"properties":{"name":"Carril bici bidireccional pg sant joan - Gv -diagonal"}},{"type":"Feature","geometry":{"type":"LineString","coordinates":[[2.175054,41.366952],[2.175035,41.366934],[2.174583,41.366348],[2.171189,41.36184]]},"properties":{"name":"Carril bici bidireccional Moll de la Costa"}},{"type":"Feature","geometry":{"type":"LineString","coordinates":[[2.177359,41.390094],[2.177278,41.390142],[2.176836,41.39047],[2.176587,41.39066],[2.175494,41.391482],[2.174252,41.392426],[2.173098,41.393283]]},"properties":{"name":"Carril bici bidireccional Carrer de Girona "}},{"type":"Feature","geometry":{"type":"LineString","coordinates":[[2.191446,41.417212],[2.19144,41.416805],[2.191158,41.41555],[2.191076,41.415446],[2.19097,41.415132],[2.190849,41.414896]]},"properties":{"name":"Carril bici bidireccional Grac de la Sagrera - Clot "}},{"type":"Feature","geometry":{"type":"LineString","coordinates":[[2.181103,41.419699],[2.183259,41.41807],[2.184341,41.417261],[2.184471,41.417264],[2.184591,41.41717],[2.184574,41.417071],[2.186259,41.415816],[2.186675,41.415508],[2.186904,41.41545],[2.187011,41.415229],[2.190202,41.412803],[2.191031,41.412159],[2.191158,41.412151],[2.191279,41.412097],[2.191513,41.411908],[2.191557,41.411771],[2.200001,41.405465],[2.200856,41.404826],[2.20134,41.404486],[2.202727,41.403472],[2.202801,41.403456],[2.203066,41.403258],[2.203092,41.40321],[2.203966,41.402572],[2.204017,41.402568],[2.204247,41.402406],[2.204263,41.40236],[2.205367,41.401555],[2.206488,41.400737],[2.20741,41.400071],[2.208307,41.399397],[2.208519,41.399333],[2.209326,41.398739],[2.209637,41.398598]]},"properties":{"name":"Carril bici bidireccional Carrer Navas"}},{"type":"Feature","geometry":{"type":"LineString","coordinates":[[2.155094,41.395265],[2.154842,41.395471]]},"properties":{"name":"Carril bici bidireccional Connexi\u00f3 Par\u00eds - Diagonal"}},{"type":"Feature","geometry":{"type":"LineString","coordinates":[[2.151399,41.39459],[2.151655,41.394398]]},"properties":{"name":"Carril bici bidireccional Connexi\u00f3 Diagonal - Londres"}},{"type":"Feature","geometry":{"type":"LineString","coordinates":[[2.142762,41.385151],[2.142484,41.385137]]},"properties":{"name":"Carril bici bidireccional Connexi\u00f3 av Tarradellas"}},{"type":"Feature","geometry":{"type":"LineString","coordinates":[[2.142297,41.385521],[2.142269,41.385754]]},"properties":{"name":"Carril bici bidireccional Connexi\u00f3 Enten\u00e7a - marque\u00e9s de Set"}},{"type":"Feature","geometry":{"type":"LineString","coordinates":[[2.142302,41.385989],[2.142438,41.386134],[2.142438,41.386131]]},"properties":{"name":"Carril bici bidireccional Connexi\u00f3 Enten\u00e7a - Paris"}},{"type":"Feature","geometry":{"type":"LineString","coordinates":[[2.119046,41.383808],[2.122281,41.384647]]},"properties":{"name":"Carril bici bidireccional Carrer Menendez Pelayo"}},{"type":"Feature","geometry":{"type":"LineString","coordinates":[[2.122275,41.384402],[2.122272,41.384552],[2.122302,41.384756],[2.122383,41.384981],[2.122573,41.386385],[2.122582,41.386539],[2.122707,41.386728]]},"properties":{"name":"Carril bici bidireccional Av Pius XII"}},{"type":"Feature","geometry":{"type":"LineString","coordinates":[[2.110914,41.40191],[2.110926,41.401888],[2.11097,41.401822],[2.111068,41.401683],[2.111222,41.401461],[2.111304,41.40134],[2.111348,41.401301],[2.111368,41.401284],[2.111395,41.401269],[2.111443,41.401246],[2.111537,41.401204],[2.111646,41.401156],[2.111914,41.401032],[2.111967,41.401002],[2.112055,41.400923],[2.112113,41.40085],[2.112177,41.400769],[2.112229,41.40069],[2.112297,41.400613],[2.112356,41.400553],[2.112415,41.400521],[2.112511,41.400479],[2.112617,41.400447],[2.112711,41.400425],[2.112844,41.400411],[2.11297,41.400414],[2.11308,41.40043],[2.113103,41.400435]]},"properties":{"name":"Carril bici bidireccional Carrer dels Esports"}},{"type":"Feature","geometry":{"type":"LineString","coordinates":[[2.14519,41.392726],[2.145189,41.392748],[2.145187,41.392771],[2.145183,41.392793],[2.145179,41.392816],[2.145172,41.392838],[2.145165,41.39286],[2.145156,41.392881],[2.145146,41.392903],[2.145135,41.392924],[2.145123,41.392944],[2.145109,41.392964],[2.145095,41.392984],[2.145079,41.393003],[2.145062,41.393022],[2.145044,41.39304],[2.145025,41.393057],[2.145005,41.393074],[2.144984,41.39309],[2.144962,41.393106],[2.144939,41.393121],[2.144916,41.393135],[2.144891,41.393148],[2.144866,41.39316],[2.14484,41.393172],[2.144814,41.393182],[2.144787,41.393192],[2.144759,41.393201],[2.144731,41.393209],[2.144703,41.393216],[2.144674,41.393222],[2.144645,41.393227],[2.144615,41.393232],[2.144585,41.393235],[2.144556,41.393237],[2.144526,41.393238],[2.144496,41.393239],[2.144466,41.393238],[2.144436,41.393236],[2.144406,41.393233],[2.144376,41.39323],[2.144347,41.393225],[2.144318,41.39322],[2.144247,41.393213],[2.144207,41.393201],[2.144158,41.393184],[2.144089,41.393161],[2.143923,41.393018],[2.143766,41.392937],[2.143539,41.39287],[2.143581,41.392784],[2.143635,41.392679],[2.143688,41.392598],[2.14379,41.392448],[2.143861,41.392357],[2.144043,41.392335],[2.144066,41.392321],[2.144089,41.392307],[2.144114,41.392293],[2.144139,41.392281],[2.144164,41.39227],[2.144191,41.392259],[2.144218,41.392249],[2.144246,41.39224],[2.144274,41.392232],[2.144302,41.392225],[2.144331,41.392219],[2.14436,41.392214],[2.14439,41.39221],[2.144419,41.392206],[2.144449,41.392204],[2.144479,41.392203],[2.144509,41.392203],[2.144539,41.392203],[2.144569,41.392205],[2.144599,41.392208],[2.144629,41.392211],[2.144658,41.392216],[2.144687,41.392222],[2.144716,41.392228],[2.144744,41.392236],[2.144772,41.392244],[2.144799,41.392253],[2.144826,41.392264],[2.144852,41.392275],[2.144878,41.392287],[2.144902,41.392299],[2.144926,41.392313],[2.14495,41.392327],[2.144972,41.392342],[2.144994,41.392358],[2.145014,41.392375],[2.145034,41.392392],[2.145052,41.392409],[2.14507,41.392428],[2.145086,41.392447],[2.145101,41.392466],[2.145116,41.392486],[2.145129,41.392506],[2.14514,41.392527],[2.145151,41.392548],[2.14516,41.39257],[2.145168,41.392592],[2.145175,41.392614],[2.145181,41.392636],[2.145185,41.392658],[2.145188,41.392681],[2.14519,41.392726]]},"properties":{"name":"Carril bici bidireccional Pla\u00e7a de Francesc Maci\u00e0"}},{"type":"Feature","geometry":{"type":"LineString","coordinates":[[2.175937,41.394612],[2.175973,41.394591],[2.179704,41.39175],[2.179993,41.391547],[2.180046,41.391478],[2.180355,41.391219]]},"properties":{"name":"Carril bici bidireccional Pg. Sant Joan - Pg. de Llu\u00eds Compa"}},{"type":"Feature","geometry":{"type":"LineString","coordinates":[[2.175392,41.367301],[2.175367,41.367364],[2.175333,41.367429],[2.175294,41.367472],[2.175244,41.367519],[2.175186,41.367575],[2.175142,41.367626],[2.174968,41.36765],[2.174795,41.367662],[2.174778,41.367645],[2.174741,41.367579],[2.174671,41.367518],[2.174576,41.367479],[2.17453,41.367402],[2.174464,41.367318],[2.174468,41.36724],[2.174489,41.367173],[2.174525,41.367117],[2.174575,41.367065],[2.174626,41.367013],[2.174702,41.366972],[2.17479,41.366949],[2.17487,41.366937],[2.174952,41.366934],[2.175058,41.366954],[2.175164,41.367017],[2.175243,41.367061],[2.175298,41.36714],[2.175391,41.367301]]},"properties":{"name":"Carril bici bidireccional rotonda Moll de ponent"}},{"type":"Feature","geometry":{"type":"LineString","coordinates":[[2.181594,41.394197],[2.181454,41.393683]]},"properties":{"name":"Carril bici bidireccional Ribes"}},{"type":"Feature","geometry":{"type":"LineString","coordinates":[[2.215104,41.410596],[2.215092,41.41065],[2.217598,41.412554]]},"properties":{"name":"Carril bici bidireccional Josep Pla - Llull"}},{"type":"Feature","geometry":{"type":"LineString","coordinates":[[2.197225,41.404125],[2.196126,41.4033],[2.197223,41.404124]]},"properties":{"name":"Carril bici bidireccional Sancho de \u00c1vila"}},{"type":"Feature","geometry":{"type":"LineString","coordinates":[[2.186685,41.380798],[2.186571,41.380857],[2.186052,41.381113],[2.185993,41.381142],[2.185898,41.381223],[2.185711,41.381307],[2.185384,41.381467],[2.185301,41.381466],[2.185213,41.38145]]},"properties":{"name":"Carril bici bidireccional Moll de la Barceloneta"}},{"type":"Feature","geometry":{"type":"LineString","coordinates":[[2.136886,41.390968],[2.136195,41.39175],[2.136139,41.39182],[2.135938,41.392035],[2.135849,41.392145],[2.135812,41.392214],[2.135705,41.392422],[2.135082,41.393902],[2.134575,41.395096],[2.134013,41.394971],[2.13354,41.395313]]},"properties":{"name":"Carril bici bidireccional Doctor Fleming"}},{"type":"Feature","geometry":{"type":"LineString","coordinates":[[2.143635,41.392679],[2.127965,41.388702],[2.127433,41.388567],[2.127004,41.388496],[2.123072,41.387474],[2.122302,41.387286],[2.121989,41.387346],[2.121651,41.387264],[2.120069,41.386859],[2.119864,41.386844],[2.11886,41.386593]]},"properties":{"name":"Carril bici bidireccional Av Diagonal. Bidireccional en vore"}},{"type":"Feature","geometry":{"type":"LineString","coordinates":[[2.150558,41.376254],[2.151727,41.377112]]},"properties":{"name":"Carril bici bidireccional Gran Via de les Corts Catalanes"}},{"type":"Feature","geometry":{"type":"LineString","coordinates":[[2.184875,41.402997],[2.180048,41.401852],[2.179136,41.401621],[2.178403,41.401439]]},"properties":{"name":"Carril bici bidireccional Av. Diagonal"}},{"type":"Feature","geometry":{"type":"LineString","coordinates":[[2.176317,41.418167],[2.176689,41.418497],[2.176727,41.418522],[2.176803,41.418575],[2.176888,41.418615],[2.176994,41.418654],[2.177179,41.418702],[2.177548,41.418737],[2.177878,41.418762],[2.178163,41.41879],[2.178464,41.418823],[2.178846,41.418883],[2.179495,41.419021],[2.179901,41.419108],[2.180011,41.419204],[2.180504,41.419311]]},"properties":{"name":"Carril bici bidireccional Teodor Llorente"}},{"type":"Feature","geometry":{"type":"LineString","coordinates":[[2.164164,41.400082],[2.165465,41.399079],[2.166138,41.398557],[2.166317,41.398472],[2.166704,41.398152]]},"properties":{"name":"Carril bici bidireccional Girona"}},{"type":"Feature","geometry":{"type":"LineString","coordinates":[[2.163222,41.383786],[2.162185,41.384558],[2.161838,41.384839]]},"properties":{"name":"Carril bici bidireccional Muntaner"}},{"type":"Feature","geometry":{"type":"LineString","coordinates":[[2.18216,41.395986],[2.182366,41.396663]]},"properties":{"name":"Carril bici bidireccional Ribes"}},{"type":"Feature","geometry":{"type":"LineString","coordinates":[[2.154991,41.379665],[2.156645,41.378443],[2.157836,41.377533],[2.15909,41.376605],[2.159683,41.376129],[2.159696,41.376051],[2.159952,41.375932],[2.160716,41.375349]]},"properties":{"name":"Carril bici bidireccional Cal\u00e0bria"}},{"type":"Feature","geometry":{"type":"LineString","coordinates":[[2.161119,41.375402],[2.1621,41.376125]]},"properties":{"name":"Carril bici bidireccional Del Parlament"}},{"type":"Feature","geometry":{"type":"LineString","coordinates":[[2.110659,41.385061],[2.11052,41.385157],[2.1107,41.385368],[2.110881,41.38557],[2.110949,41.385649],[2.111059,41.385771],[2.111258,41.385996],[2.111568,41.386358],[2.111671,41.386476],[2.111792,41.386615],[2.111814,41.386642],[2.111866,41.386699],[2.112289,41.387155],[2.112337,41.387187],[2.112415,41.387221],[2.112519,41.387256],[2.112722,41.38731],[2.113474,41.387491],[2.113994,41.387632],[2.114094,41.387657],[2.114535,41.387772],[2.114904,41.387866],[2.115048,41.387938],[2.115142,41.387999],[2.115296,41.388118],[2.11542,41.388211]]},"properties":{"name":"Carril bici bidireccional Jordi Girona"}},{"type":"Feature","geometry":{"type":"LineString","coordinates":[[2.12905,41.387152],[2.129317,41.386727],[2.129761,41.386125],[2.129899,41.385904],[2.13019,41.385395],[2.130822,41.384267],[2.130946,41.384033],[2.131115,41.383692],[2.131231,41.383459],[2.13143,41.383004],[2.131599,41.382636],[2.131652,41.382513],[2.131784,41.382204],[2.131856,41.382088],[2.131853,41.382006],[2.132016,41.381677],[2.13217,41.381311],[2.132236,41.381217],[2.132478,41.380743]]},"properties":{"name":"Carril bici bidireccional Bidireccional en cal\u00e7ada Carrer Jo"}},{"type":"Feature","geometry":{"type":"LineString","coordinates":[[2.191028,41.416949],[2.19045,41.416516],[2.189004,41.415432],[2.187194,41.414065],[2.187014,41.413944],[2.186704,41.413946]]},"properties":{"name":"Carril bici bidireccional Carril bici carrer M\u00farcia. Bidirec"}},{"type":"Feature","geometry":{"type":"LineString","coordinates":[[2.187629,41.36742],[2.18807,41.369826],[2.188183,41.370323],[2.18891,41.370252],[2.189454,41.373545]]},"properties":{"name":"Carril bici bidireccional Passeig del Mare Nostrum"}},{"type":"Feature","geometry":{"type":"LineString","coordinates":[[2.13112,41.383682],[2.13115,41.383692],[2.131172,41.383699],[2.131552,41.383795],[2.131911,41.383889],[2.132122,41.383946],[2.132263,41.383991],[2.132718,41.384105],[2.133371,41.384281],[2.133718,41.384375],[2.134083,41.384468],[2.134406,41.384564],[2.134523,41.384593],[2.134693,41.384638],[2.134902,41.384693],[2.135134,41.384711],[2.135537,41.384739],[2.135857,41.384754],[2.136158,41.384777],[2.136646,41.384858],[2.136996,41.384932],[2.137191,41.384986],[2.137403,41.385047],[2.137597,41.385094],[2.137834,41.385138],[2.13837,41.385227],[2.13854,41.385256],[2.138692,41.385277],[2.138806,41.385286],[2.138948,41.385302],[2.139066,41.385307],[2.139164,41.38531],[2.139318,41.385316],[2.139424,41.385318],[2.13954,41.385319],[2.141866,41.385358],[2.14198,41.385349],[2.142074,41.385313],[2.142264,41.385174],[2.142298,41.385525]]},"properties":{"name":"Carril bici bidireccional Eix Marqu\u00e9s de Sentmenat - Can Bru"}},{"type":"Feature","geometry":{"type":"LineString","coordinates":[[2.142433,41.386134],[2.14285,41.38611]]},"properties":{"name":"Carril bici bidireccional Pas av Tarradellas - Enten\u00e7a"}},{"type":"Feature","geometry":{"type":"LineString","coordinates":[[2.142297,41.385988],[2.142266,41.385747]]},"properties":{"name":"Carril bici bidireccional Pas enten\u00e7a"}},{"type":"Feature","geometry":{"type":"LineString","coordinates":[[2.132478,41.380743],[2.132519,41.380664],[2.133782,41.377835],[2.133917,41.37748],[2.134039,41.377121],[2.134075,41.377023],[2.134066,41.376965],[2.134177,41.376698],[2.134238,41.376564],[2.13432,41.376397],[2.134391,41.376272],[2.134431,41.376207],[2.134618,41.375939],[2.134715,41.37581],[2.134969,41.375459],[2.135039,41.375367]]},"properties":{"name":"Carril bici bidireccional Joan G\u00fcell - tram de Sants - bidir"}},{"type":"Feature","geometry":{"type":"LineString","coordinates":[[2.199546,41.410782],[2.199507,41.410803],[2.199363,41.410814],[2.199264,41.410893],[2.199267,41.410912],[2.199263,41.410949],[2.199249,41.410977],[2.199221,41.411001],[2.198828,41.411297],[2.198753,41.411358],[2.198746,41.411439],[2.194979,41.414297],[2.194433,41.414632],[2.193401,41.4154],[2.193244,41.415522],[2.19253,41.416068],[2.191636,41.416739],[2.191557,41.416754],[2.191269,41.416876],[2.191031,41.41695],[2.191037,41.41717],[2.190257,41.41776],[2.188846,41.418832],[2.187991,41.419497],[2.187205,41.420102],[2.186941,41.42011],[2.186698,41.420269],[2.186708,41.420446],[2.18671,41.420485],[2.184684,41.421953],[2.184292,41.422297],[2.183192,41.423135],[2.182,41.424022],[2.181809,41.424199],[2.18024,41.425385],[2.178907,41.426406],[2.176388,41.428308]]},"properties":{"name":"Carril bici bidireccional Felip II"}},{"type":"Feature","geometry":{"type":"LineString","coordinates":[[2.215854,41.403722],[2.213285,41.40566],[2.201387,41.414643],[2.201221,41.414775]]},"properties":{"name":"Carril bici bidireccional Bac de Roda"}},{"type":"Feature","geometry":{"type":"LineString","coordinates":[[2.200443,41.391556],[2.196194,41.394731],[2.194729,41.395824],[2.194024,41.396353],[2.193952,41.396372],[2.193697,41.396552],[2.19367,41.396611]]},"properties":{"name":"Carril bici bidireccional carrer Alaba"}},{"type":"Feature","geometry":{"type":"LineString","coordinates":[[2.142418,41.372698],[2.14342,41.373029]]},"properties":{"name":"Carril bici bidireccional Bidireccional crta Bordeta"}},{"type":"Feature","geometry":{"type":"LineString","coordinates":[[2.192771,41.402398],[2.192569,41.40259],[2.190733,41.404019]]},"properties":{"name":"Carril bici bidireccional Ciutat de Garnada (1)"}},{"type":"Feature","geometry":{"type":"LineString","coordinates":[[2.201506,41.395954],[2.201419,41.39601],[2.201228,41.395993],[2.199415,41.397341],[2.198259,41.398237],[2.197663,41.398705],[2.196142,41.399892]]},"properties":{"name":"Carril bici bidireccional Ciutat de Garnada (2)"}},{"type":"Feature","geometry":{"type":"LineString","coordinates":[[2.199168,41.390712],[2.196823,41.388983],[2.195984,41.388356],[2.195696,41.388115]]},"properties":{"name":"Carril bici bidireccional Salvador Espriu"}},{"type":"Feature","geometry":{"type":"LineString","coordinates":[[2.177138,41.427736],[2.177124,41.427484],[2.177135,41.427101],[2.177168,41.42648],[2.177182,41.426252],[2.177208,41.425652],[2.177221,41.42545],[2.177243,41.424996],[2.177257,41.424624],[2.177268,41.4244],[2.177271,41.424316],[2.177323,41.423956],[2.17734,41.423842],[2.177412,41.423667],[2.177405,41.423564],[2.177387,41.423452],[2.177355,41.423294],[2.177291,41.422938],[2.17726,41.422736],[2.176864,41.420649],[2.176813,41.420416],[2.176711,41.420102],[2.176512,41.419491],[2.176301,41.418977],[2.176265,41.418859]]},"properties":{"name":"Carril bici bidireccional Ramon Alb\u00f3 (Ronda del Mig)"}},{"type":"Feature","geometry":{"type":"LineString","coordinates":[[2.183515,41.402568],[2.184931,41.401499],[2.185396,41.401154],[2.185405,41.401149],[2.185416,41.401146],[2.185426,41.401148],[2.18544,41.401154],[2.18553,41.401137],[2.186462,41.401818]]},"properties":{"name":"Carril bici bidireccional Tram bidireccional carrer de Casti"}},{"type":"Feature","geometry":{"type":"LineString","coordinates":[[2.194632,41.389118],[2.194498,41.389032],[2.194391,41.388893],[2.193661,41.388276],[2.193401,41.388038],[2.192887,41.387509],[2.192523,41.387045]]},"properties":{"name":"Carril bici bidireccional Taulat"}},{"type":"Feature","geometry":{"type":"LineString","coordinates":[[2.183055,41.38255],[2.183363,41.382383]]},"properties":{"name":"Carril bici bidireccional Pla de Palau"}},{"type":"Feature","geometry":{"type":"LineString","coordinates":[[2.191842,41.423938],[2.192974,41.423984],[2.193352,41.423988],[2.193515,41.424027],[2.193629,41.42403],[2.194635,41.423855],[2.195538,41.423691],[2.195648,41.423645],[2.195748,41.423581],[2.195807,41.423515],[2.195849,41.423454],[2.195871,41.423376],[2.195877,41.423244],[2.195846,41.423118],[2.195816,41.422993],[2.195803,41.422935],[2.195795,41.422875],[2.195791,41.42283],[2.195795,41.42279],[2.195797,41.42276],[2.195806,41.422724],[2.195824,41.422689],[2.195843,41.42265],[2.195902,41.422565],[2.195977,41.422466],[2.195988,41.422454],[2.196003,41.422447],[2.196026,41.422442],[2.196049,41.422444],[2.196063,41.422446]]},"properties":{"name":"Carril bici bidireccional Pont del Traball Digne"}},{"type":"Feature","geometry":{"type":"LineString","coordinates":[[2.186462,41.401818],[2.186497,41.401829],[2.18653,41.401833],[2.186552,41.401831],[2.186572,41.401829],[2.186588,41.401824],[2.186632,41.401795],[2.186707,41.401742],[2.186711,41.401847],[2.186799,41.401846]]},"properties":{"name":"Carril bici bidireccional Casp - Gl\u00f2ries"}},{"type":"Feature","geometry":{"type":"LineString","coordinates":[[2.183314,41.389068],[2.183552,41.388872]]},"properties":{"name":"Carril bici bidireccional Enlla\u00e7a Pujades - pg llu\u00eds Company"}},{"type":"Feature","geometry":{"type":"LineString","coordinates":[[2.183782,41.397196],[2.186511,41.395074],[2.186792,41.394879]]},"properties":{"name":"Carril bici bidireccional Pont de Marina"}},{"type":"Feature","geometry":{"type":"LineString","coordinates":[[2.145039,41.392392],[2.145873,41.391777],[2.146122,41.39177],[2.146188,41.391713],[2.146185,41.391536],[2.147844,41.39028],[2.148102,41.39009],[2.148159,41.390063],[2.148444,41.390064],[2.148498,41.390028],[2.148501,41.38979],[2.148431,41.389722],[2.150311,41.388304],[2.150315,41.388063],[2.149541,41.387479]]},"properties":{"name":"Carril bici bidireccional Urgell 2"}},{"type":"Feature","geometry":{"type":"LineString","coordinates":[[2.150417,41.386368],[2.148459,41.384871],[2.148454,41.38484],[2.148196,41.384645],[2.148148,41.38464],[2.147384,41.38406],[2.146732,41.383569],[2.146233,41.383207],[2.145029,41.382287],[2.143962,41.381489]]},"properties":{"name":"Carril bici bidireccional Proven\u00e7a 1"}},{"type":"Feature","geometry":{"type":"LineString","coordinates":[[2.143608,41.388062],[2.143877,41.388067],[2.14469,41.387449],[2.144723,41.387374],[2.144942,41.387218],[2.145031,41.38719],[2.151683,41.382204],[2.154992,41.379676]]},"properties":{"name":"Carril bici bidireccional Carrer de Cal\u00e0bria"}},{"type":"Feature","geometry":{"type":"LineString","coordinates":[[2.1436,41.388062],[2.143141,41.387747],[2.142774,41.387631]]},"properties":{"name":"Carril bici bidireccional Enlla\u00e7 Cal\u00e0bria - Londres - av Tar"}},{"type":"Feature","geometry":{"type":"LineString","coordinates":[[2.176006,41.37434],[2.175867,41.3743],[2.175702,41.374163],[2.175638,41.374086],[2.175585,41.373997],[2.175567,41.373893],[2.175571,41.373785],[2.175607,41.373678],[2.175699,41.373563],[2.175815,41.373474],[2.175954,41.373419],[2.176099,41.373402],[2.176208,41.373399],[2.176294,41.373403],[2.176362,41.373418],[2.17647,41.373454],[2.176546,41.373485],[2.17662,41.373531],[2.176676,41.373575],[2.176728,41.373627],[2.176782,41.373702],[2.176827,41.373779],[2.176835,41.373864],[2.176919,41.37386],[2.177128,41.373849]]},"properties":{"name":"Carril bici bidireccional pla\u00e7a de les Drassanes"}},{"type":"Feature","geometry":{"type":"LineString","coordinates":[[2.187027,41.391631],[2.187541,41.39203],[2.187789,41.392206],[2.187874,41.392275],[2.188067,41.392424],[2.188143,41.392426],[2.188711,41.392835],[2.188871,41.392944],[2.188876,41.393191],[2.189024,41.393292],[2.189323,41.393297],[2.189353,41.393296],[2.189422,41.393254],[2.190179,41.39379],[2.190312,41.393921],[2.190382,41.393979],[2.191188,41.394585],[2.191253,41.394627],[2.191323,41.394653],[2.191388,41.394662],[2.191437,41.394661],[2.191477,41.39465],[2.191686,41.394806],[2.193369,41.396084],[2.193648,41.396307],[2.194322,41.396812],[2.19568,41.397845],[2.19622,41.398252],[2.197265,41.39905],[2.198125,41.399689],[2.200416,41.401426],[2.200443,41.401434],[2.200477,41.401433],[2.200568,41.401435],[2.200607,41.401442],[2.20065,41.40146],[2.20072,41.40151],[2.200764,41.401554],[2.200784,41.401601],[2.200779,41.401642],[2.200781,41.40167],[2.200791,41.401698],[2.202645,41.403127],[2.203837,41.404033],[2.205301,41.405162],[2.208431,41.407492],[2.209663,41.4084]]},"properties":{"name":"Carril bici bidireccional Carrer Pujades"}},{"type":"Feature","geometry":{"type":"LineString","coordinates":[[2.199067,41.388951],[2.199431,41.388679],[2.200145,41.389245],[2.200304,41.389424],[2.200394,41.389513],[2.200443,41.389558],[2.200474,41.389619],[2.200486,41.389693],[2.200496,41.389761],[2.200517,41.389897],[2.200587,41.389995],[2.200703,41.3901]]},"properties":{"name":"Carril bici bidireccional Pg. Maritim del Port olimpic"}},{"type":"Feature","geometry":{"type":"LineString","coordinates":[[2.132598,41.389887],[2.132476,41.39002],[2.130375,41.392312]]},"properties":{"name":"Carril bici bidireccional Num\u00e0ncia"}},{"type":"Feature","geometry":{"type":"LineString","coordinates":[[2.157291,41.386418],[2.157159,41.386496],[2.157124,41.386504],[2.157081,41.386491],[2.156995,41.386458],[2.154691,41.385457],[2.154553,41.385388]]},"properties":{"name":"Carril bici bidireccional Av. de Roma"}},{"type":"Feature","geometry":{"type":"LineString","coordinates":[[2.175143,41.367627],[2.175102,41.367677],[2.175085,41.367741],[2.175275,41.368741],[2.175406,41.37074],[2.175472,41.370896],[2.175515,41.37096],[2.175576,41.37103],[2.175773,41.3712],[2.17611,41.371601],[2.176421,41.372046],[2.176932,41.372589],[2.177017,41.372731],[2.177019,41.372867],[2.177001,41.372951],[2.176738,41.373305],[2.17681,41.373351],[2.177108,41.373697],[2.177139,41.373939]]},"properties":{"name":"Carril bici bidireccional Litoral"}},{"type":"Feature","geometry":{"type":"LineString","coordinates":[[2.123135,41.386895],[2.123272,41.386819],[2.123317,41.38677],[2.123825,41.386384],[2.125181,41.385329]]},"properties":{"name":"Carril bici bidireccional Sabino de Arana"}},{"type":"Feature","geometry":{"type":"LineString","coordinates":[[2.163077,41.378504],[2.16328,41.378504],[2.164402,41.377658],[2.165984,41.376449],[2.166412,41.376126],[2.167381,41.375391],[2.167598,41.375166],[2.167606,41.37498],[2.167604,41.374978]]},"properties":{"name":"Carril bici bidireccional Ronda de Sant Pau"}},{"type":"Feature","geometry":{"type":"LineString","coordinates":[[2.195696,41.388115],[2.191256,41.391425],[2.187022,41.394652]]},"properties":{"name":"Carril bici bidireccional La Marina"}},{"type":"Feature","geometry":{"type":"LineString","coordinates":[[2.14172,41.380742],[2.141962,41.380908]]},"properties":{"name":"Carril bici bidireccional Enlla\u00e7 Tarragona - Josep Tarradell"}},{"type":"Feature","geometry":{"type":"LineString","coordinates":[[2.202715,41.399691],[2.201664,41.398924],[2.200573,41.398099],[2.199824,41.397542],[2.198299,41.396375]]},"properties":{"name":"Carril bici bidireccional Ramon Turr\u00f3"}},{"type":"Feature","geometry":{"type":"LineString","coordinates":[[2.182714,41.397771],[2.182836,41.398028],[2.183804,41.399259],[2.183923,41.399427],[2.184097,41.399768],[2.184428,41.400466],[2.184928,41.401426],[2.18496,41.401478]]},"properties":{"name":"Carril bici bidireccional Ribes"}},{"type":"Feature","geometry":{"type":"LineString","coordinates":[[2.158376,41.382226],[2.158601,41.382047],[2.158864,41.381849],[2.159093,41.381675],[2.159617,41.381296],[2.159622,41.381074],[2.159684,41.381027],[2.159986,41.381031],[2.162216,41.379331],[2.163003,41.378724],[2.16304,41.378676],[2.163067,41.378624],[2.163233,41.378504]]},"properties":{"name":"Carril bici bidireccional Urgell 1"}},{"type":"Feature","geometry":{"type":"LineString","coordinates":[[2.161159,41.403459],[2.161786,41.403873],[2.161905,41.403947],[2.162235,41.404171],[2.162989,41.404639],[2.163372,41.404877],[2.16359,41.405005],[2.164567,41.405619],[2.165357,41.406112],[2.166181,41.406625],[2.166497,41.406821],[2.16674,41.406975],[2.167204,41.407264],[2.167476,41.407438],[2.167566,41.407492],[2.167626,41.407563],[2.167881,41.407721],[2.167948,41.407729],[2.168463,41.408051],[2.169149,41.408469],[2.169184,41.40851],[2.169294,41.408592],[2.169379,41.408619],[2.170145,41.409106],[2.170675,41.40944],[2.171351,41.409891],[2.171357,41.409944],[2.171585,41.410097],[2.171638,41.410102],[2.171943,41.410327],[2.172234,41.410515],[2.172525,41.410713],[2.172684,41.41082],[2.172851,41.410913],[2.173681,41.411477]]},"properties":{"name":"Carril bici bidireccional Travessera de Gr\u00e0cia (tram Cartage"}},{"type":"Feature","geometry":{"type":"LineString","coordinates":[[2.125941,41.396515],[2.126474,41.396808],[2.126749,41.397024],[2.126974,41.397122],[2.127509,41.39748]]},"properties":{"name":"Carril bici bidireccional Verg\u00f3s"}},{"type":"Feature","geometry":{"type":"LineString","coordinates":[[2.150536,41.378014],[2.15035,41.377805],[2.149613,41.377253],[2.149519,41.377144],[2.149405,41.377104],[2.149385,41.377095],[2.149085,41.376867],[2.148781,41.376639],[2.148628,41.376524],[2.148497,41.376425],[2.148424,41.376373],[2.148404,41.376354],[2.14839,41.376335],[2.148373,41.376294],[2.148369,41.376263],[2.148377,41.376237],[2.148133,41.376177],[2.148018,41.376097]]},"properties":{"name":"Carril bici bidireccional Diputaci\u00f3"}},{"type":"Feature","geometry":{"type":"LineString","coordinates":[[2.114627,41.40381],[2.115152,41.40375],[2.11637,41.403604]]},"properties":{"name":"Carril bici bidireccional Pg. de Santa Eul\u00e0lia"}},{"type":"Feature","geometry":{"type":"LineString","coordinates":[[2.180126,41.391579],[2.180205,41.391597],[2.180311,41.391599],[2.1804,41.39161],[2.180491,41.391657],[2.181094,41.392114],[2.182216,41.392932],[2.182395,41.393027]]},"properties":{"name":"Carril bici bidireccional Av. de Vilanova"}},{"type":"Feature","geometry":{"type":"LineString","coordinates":[[2.115247,41.381302],[2.115168,41.381051],[2.115153,41.381028],[2.11513,41.381],[2.115113,41.380969],[2.114969,41.380677],[2.114828,41.380427],[2.114703,41.380233],[2.114494,41.379992],[2.114286,41.37982],[2.114132,41.379701],[2.11392,41.379556],[2.113785,41.379478],[2.113687,41.379427],[2.113582,41.379375],[2.113496,41.379324],[2.11329,41.379211],[2.113224,41.379205],[2.113098,41.379129],[2.112966,41.379],[2.112579,41.378568],[2.112255,41.378196],[2.111831,41.377713],[2.111814,41.377692],[2.111803,41.377663],[2.111799,41.377639],[2.111807,41.377612],[2.111759,41.37755],[2.111709,41.377533],[2.111615,41.377428],[2.111547,41.377347],[2.111538,41.377327],[2.111543,41.377308],[2.111532,41.377299],[2.111458,41.377269]]},"properties":{"name":"Carril bici bidireccional Av. de Xile"}},{"type":"Feature","geometry":{"type":"LineString","coordinates":[[2.19237,41.379069],[2.1958,41.384514]]},"properties":{"name":"Carril bici bidireccional Passeig Maritim de la Barceloneta"}},{"type":"Feature","geometry":{"type":"LineString","coordinates":[[2.142774,41.387631],[2.142742,41.387623],[2.141696,41.387333],[2.141295,41.3872],[2.141058,41.387103],[2.140855,41.386995],[2.139721,41.386402],[2.13949,41.386273],[2.139042,41.386025],[2.138381,41.385619],[2.138609,41.385421],[2.138691,41.385276]]},"properties":{"name":"Carril bici bidireccional Bidireccional Gelabert - Taqu\u00edgraf"}},{"type":"Feature","geometry":{"type":"LineString","coordinates":[[2.132826,41.389399],[2.133746,41.38847],[2.134162,41.388041],[2.135223,41.386951],[2.136583,41.385635],[2.137277,41.384965],[2.138943,41.383357],[2.139096,41.383348],[2.139231,41.383239],[2.139201,41.383119],[2.140975,41.381671],[2.141817,41.381011],[2.141927,41.380933],[2.141984,41.380891],[2.142006,41.380877],[2.142044,41.38088],[2.142052,41.38088]]},"properties":{"name":"Carril bici bidireccional Carril bidireccional carrer Num\u00e0nc"}},{"type":"Feature","geometry":{"type":"LineString","coordinates":[[2.158374,41.382227],[2.157496,41.382892],[2.156672,41.383508],[2.156108,41.383944],[2.155709,41.384265],[2.15522,41.384628],[2.155133,41.384624],[2.154856,41.384824],[2.154855,41.384888],[2.152953,41.386315],[2.152663,41.386314],[2.152607,41.386369],[2.152605,41.386595],[2.151817,41.387173],[2.151661,41.387179],[2.151473,41.38731],[2.151482,41.387449],[2.150318,41.388301]]},"properties":{"name":"Carril bici bidireccional Urgell - Gran Via - av Roma"}},{"type":"Feature","geometry":{"type":"LineString","coordinates":[[2.198299,41.396371],[2.197454,41.395739],[2.196264,41.394875],[2.191237,41.391086],[2.190251,41.390386]]},"properties":{"name":"Carril bici bidireccional Ramon Turr\u00f3"}},{"type":"Feature","geometry":{"type":"LineString","coordinates":[[2.148018,41.376097],[2.146634,41.377133],[2.145468,41.378009],[2.142887,41.379993]]},"properties":{"name":"Carril bici bidireccional Tarragona"}},{"type":"Feature","geometry":{"type":"LineString","coordinates":[[2.186763,41.396737],[2.186764,41.396736],[2.18712,41.396733],[2.187141,41.396718],[2.187168,41.396701],[2.187227,41.396705],[2.187869,41.397142],[2.18837,41.397546],[2.192724,41.400757]]},"properties":{"name":"Carril bici bidireccional Sancho d'\u00c1vila"}},{"type":"Feature","geometry":{"type":"LineString","coordinates":[[2.187174,41.422899],[2.187547,41.422895],[2.190894,41.422586],[2.191076,41.422572],[2.191193,41.422572],[2.191344,41.42256],[2.191925,41.42255]]},"properties":{"name":"Carril bici bidireccional Garcilaso"}},{"type":"Feature","geometry":{"type":"LineString","coordinates":[[2.1131,41.397266],[2.112748,41.397062],[2.112705,41.39704],[2.11266,41.397012],[2.11261,41.396967],[2.112179,41.396575],[2.112023,41.396445],[2.111901,41.396361],[2.11165,41.396209],[2.111237,41.395995],[2.111216,41.396001],[2.111197,41.396023],[2.111195,41.396065],[2.111214,41.396094],[2.111436,41.396252],[2.111589,41.396367],[2.111851,41.396566],[2.112025,41.396761],[2.112193,41.396981],[2.112271,41.397122],[2.112328,41.397236],[2.11239,41.397376],[2.11246,41.397546],[2.112563,41.397829],[2.112624,41.397954],[2.112692,41.398061],[2.112761,41.398149],[2.112833,41.398226],[2.112974,41.398364],[2.113099,41.398524],[2.113169,41.398627],[2.113224,41.398717],[2.11336,41.398956],[2.11339,41.39923],[2.113258,41.399536],[2.113128,41.39969],[2.113033,41.39983],[2.113035,41.400045],[2.113139,41.400346],[2.113445,41.400648]]},"properties":{"name":"Carril bici bidireccional Ronda de Dalt"}},{"type":"Feature","geometry":{"type":"LineString","coordinates":[[2.153886,41.394197],[2.154211,41.393962],[2.159194,41.390175],[2.15941,41.390016],[2.160131,41.389477],[2.160296,41.389359],[2.16114,41.388706],[2.16134,41.388568],[2.162942,41.387336]]},"properties":{"name":"Carril bici bidireccional Enric Granados"}},{"type":"Feature","geometry":{"type":"LineString","coordinates":[[2.153173,41.394785],[2.153042,41.395134],[2.15224,41.395704],[2.150813,41.396736]]},"properties":{"name":"Carril bici bidireccional Tuset"}},{"type":"Feature","geometry":{"type":"LineString","coordinates":[[2.144948,41.382225],[2.147002,41.380665],[2.147256,41.380667],[2.147353,41.380601],[2.147348,41.380398],[2.149266,41.378977],[2.149608,41.378715],[2.149986,41.37843],[2.15188,41.376998],[2.152772,41.376337],[2.153358,41.375897],[2.154017,41.37538],[2.154313,41.375378],[2.154382,41.375297],[2.154383,41.375026]]},"properties":{"name":"Carril bici bidireccional Vilamar\u00ed"}},{"type":"Feature","geometry":{"type":"LineString","coordinates":[[2.1825,41.38123],[2.182376,41.381051],[2.1823,41.381047],[2.178689,41.376483],[2.178318,41.376001]]},"properties":{"name":"Carril bici bidireccional Passeig de Colom"}},{"type":"Feature","geometry":{"type":"LineString","coordinates":[[2.174641,41.394276],[2.174725,41.394365],[2.174783,41.394464],[2.174864,41.394625],[2.174901,41.394781],[2.174927,41.394976],[2.174969,41.395107],[2.175019,41.395181],[2.175081,41.395255],[2.175158,41.395307],[2.175263,41.395341],[2.175447,41.395359],[2.17572,41.395384],[2.175947,41.395429],[2.176164,41.395489],[2.176316,41.395547],[2.176413,41.39561],[2.176458,41.395652]]},"properties":{"name":"Carril bici bidireccional Gran Via de les Corts Catalanes"}},{"type":"Feature","geometry":{"type":"LineString","coordinates":[[2.172033,41.402624],[2.175628,41.399957],[2.179109,41.39729]]},"properties":{"name":"Carril bici bidireccional Sic\u00edlia"}}]}