{"type":"FeatureCollection","features":[{"type":"Feature","geometry":{"type":"LineString","coordinates":[[139.699316,35.659661],[139.699141,35.65973]]},"properties":{"id":"-1035760831","name":"\u6587\u5316\u6751\u901a\u308a","tier":"local","w":2,"lanes":2,"vmax":8.3,"len":17.6}},{"type":"Feature","geometry":{"type":"LineString","coordinates":[[139.708967,35.672048],[139.708908,35.67203],[139.708867,35.672019],[139.708826,35.672014],[139.70876,35.672017]]},"properties":{"id":"-1061981258#0","name":"","tier":"local","w":2,"lanes":1,"vmax":22.2,"len":19.4}},{"type":"Feature","geometry":{"type":"LineString","coordinates":[[139.709186,35.672124],[139.709111,35.672098],[139.709056,35.672079]]},"properties":{"id":"-1061981258#1","name":"","tier":"local","w":2,"lanes":1,"vmax":22.2,"len":12.8}},{"type":"Feature","geometry":{"type":"LineString","coordinates":[[139.699083,35.664038],[139.699064,35.664095],[139.69901,35.664267]]},"properties":{"id":"-1066165139#0","name":"\u516c\u5712\u901a\u308a","tier":"local","w":2,"lanes":1,"vmax":8.3,"len":26.2}},{"type":"Feature","geometry":{"type":"LineString","coordinates":[[139.699245,35.663496],[139.699242,35.663504],[139.699229,35.663551],[139.699208,35.663626],[139.699146,35.663846],[139.699129,35.663895]]},"properties":{"id":"-1066165139#3","name":"\u516c\u5712\u901a\u308a","tier":"local","w":2,"lanes":1,"vmax":8.3,"len":45.4}},{"type":"Feature","geometry":{"type":"LineString","coordinates":[[139.69928,35.663014],[139.699279,35.663216],[139.699276,35.66332],[139.699271,35.663362]]},"properties":{"id":"-1066165139#5","name":"\u516c\u5712\u901a\u308a","tier":"local","w":2,"lanes":1,"vmax":8.3,"len":38.7}},{"type":"Feature","geometry":{"type":"LineString","coordinates":[[139.699286,35.662483],[139.699286,35.662516],[139.699283,35.662741],[139.699281,35.662913]]},"properties":{"id":"-1066165139#6","name":"\u516c\u5712\u901a\u308a","tier":"local","w":2,"lanes":1,"vmax":8.3,"len":47.7}},{"type":"Feature","geometry":{"type":"LineString","coordinates":[[139.698979,35.664356],[139.698966,35.664391],[139.698918,35.664498]]},"properties":{"id":"-1066165140","name":"\u516c\u5712\u901a\u308a","tier":"local","w":2,"lanes":1,"vmax":8.3,"len":16.7}},{"type":"Feature","geometry":{"type":"LineString","coordinates":[[139.695236,35.656037],[139.695274,35.656096]]},"properties":{"id":"-1071659165","name":"\u9053\u7384\u5742(\u9053\u7384\u5742\u4e0a)","tier":"local","w":2,"lanes":2,"vmax":22.2,"len":7.4}},{"type":"Feature","geometry":{"type":"LineString","coordinates":[[139.701018,35.659481],[139.700946,35.659484],[139.700816,35.659492],[139.700812,35.659493],[139.700771,35.659496],[139.700668,35.659504]]},"properties":{"id":"-1071930092","name":"\u65e7\u5927\u5c71\u8857\u9053","tier":"local","w":2,"lanes":2,"vmax":22.2,"len":31.8}},{"type":"Feature","geometry":{"type":"LineString","coordinates":[[139.695707,35.656777],[139.695803,35.656922],[139.695934,35.65712],[139.696008,35.657234]]},"properties":{"id":"-1074238465","name":"\u9053\u7384\u5742","tier":"local","w":2,"lanes":2,"vmax":11.1,"len":57.6}},{"type":"Feature","geometry":{"type":"LineString","coordinates":[[139.696111,35.657558],[139.696095,35.657568],[139.696076,35.657582],[139.69587,35.657728],[139.695807,35.657838]]},"properties":{"id":"-1110672666#2","name":"\u30e9\u30f3\u30d6\u30ea\u30f3\u30b0\u30b9\u30c8\u30ea\u30fc\u30c8","tier":"local","w":2,"lanes":1,"vmax":22.2,"len":42.3}},{"type":"Feature","geometry":{"type":"LineString","coordinates":[[139.699414,35.65959],[139.699409,35.659596],[139.699374,35.659626],[139.699337,35.65965]]},"properties":{"id":"-1112568718","name":"\u6587\u5316\u6751\u901a\u308a","tier":"local","w":2,"lanes":2,"vmax":22.2,"len":9.7}},{"type":"Feature","geometry":{"type":"LineString","coordinates":[[139.69828,35.659165],[139.698324,35.659177],[139.698586,35.659247],[139.698849,35.659317],[139.699049,35.659371]]},"properties":{"id":"-1112568722","name":"\u9053\u7384\u5742","tier":"local","w":2,"lanes":1,"vmax":22.2,"len":73.2}},{"type":"Feature","geometry":{"type":"LineString","coordinates":[[139.690529,35.670322],[139.690572,35.67035],[139.690654,35.670376],[139.690811,35.670408],[139.690815,35.670407]]},"properties":{"id":"-1124142895","name":"\u4ee3\u3005\u6728\u6dc0\u6a4b\u7dda","tier":"local","w":2,"lanes":1,"vmax":22.2,"len":27.9}},{"type":"Feature","geometry":{"type":"LineString","coordinates":[[139.691432,35.668361],[139.69132,35.668501]]},"properties":{"id":"-1124142896#0","name":"\u4ee3\u3005\u6728\u6dc0\u6a4b\u7dda","tier":"local","w":2,"lanes":1,"vmax":13.9,"len":18.6}},{"type":"Feature","geometry":{"type":"LineString","coordinates":[[139.691741,35.667976],[139.691703,35.668024],[139.691697,35.668032],[139.691627,35.668118],[139.691519,35.668252]]},"properties":{"id":"-1124142896#2","name":"\u4ee3\u3005\u6728\u6dc0\u6a4b\u7dda","tier":"local","w":2,"lanes":1,"vmax":13.9,"len":36.6}},{"type":"Feature","geometry":{"type":"LineString","coordinates":[[139.695324,35.663815],[139.695352,35.663776],[139.695434,35.663661]]},"properties":{"id":"-1134321671#1","name":"\u4e95\u30ce\u982d\u901a\u308a","tier":"local","w":2,"lanes":1,"vmax":11.1,"len":19.9}},{"type":"Feature","geometry":{"type":"LineString","coordinates":[[139.700622,35.659574],[139.70065,35.659655],[139.700663,35.659698],[139.700672,35.659728],[139.700691,35.659797],[139.700753,35.660017],[139.700795,35.660165],[139.700833,35.660319],[139.700837,35.660378]]},"properties":{"id":"-1134562281#1","name":"\u795e\u5bae\u901a\u308a","tier":"local","w":2,"lanes":1,"vmax":22.2,"len":91.3}},{"type":"Feature","geometry":{"type":"LineString","coordinates":[[139.700281,35.659547],[139.70023,35.659553],[139.700191,35.659559],[139.700161,35.659564],[139.700091,35.659574],[139.700022,35.659582],[139.699955,35.659587],[139.699885,35.659589],[139.699875,35.659589]]},"properties":{"id":"-1134562282#1","name":"\u9053\u7384\u5742","tier":"local","w":2,"lanes":2,"vmax":22.2,"len":37.1}},{"type":"Feature","geometry":{"type":"LineString","coordinates":[[139.699667,35.659577],[139.69958,35.659567],[139.699526,35.659557]]},"properties":{"id":"-1134562285","name":"\u9053\u7384\u5742","tier":"local","w":2,"lanes":2,"vmax":22.2,"len":13.0}},{"type":"Feature","geometry":{"type":"LineString","coordinates":[[139.699175,35.659404],[139.699182,35.659406],[139.699246,35.659423],[139.699333,35.659451]]},"properties":{"id":"-1134562287","name":"\u9053\u7384\u5742","tier":"local","w":2,"lanes":1,"vmax":22.2,"len":15.2}},{"type":"Feature","geometry":{"type":"LineString","coordinates":[[139.691304,35.668554],[139.691196,35.66871]]},"properties":{"id":"-1143797530","name":"\u4ee3\u3005\u6728\u6dc0\u6a4b\u7dda","tier":"local","w":2,"lanes":2,"vmax":13.9,"len":19.8}},{"type":"Feature","geometry":{"type":"LineString","coordinates":[[139.702802,35.669532],[139.702828,35.669718],[139.702833,35.669755],[139.702855,35.669935],[139.70286,35.669985],[139.702881,35.670209],[139.702887,35.670294],[139.70289,35.670364],[139.702888,35.670443],[139.702872,35.670665],[139.702869,35.670788],[139.702871,35.670902],[139.70289,35.671007],[139.702932,35.671168],[139.702963,35.6713],[139.703014,35.671521],[139.703035,35.671602],[139.703057,35.671688],[139.703107,35.671866],[139.703141,35.671957],[139.703189,35.672054],[139.703287,35.672248]]},"properties":{"id":"-1152617163#5","name":"","tier":"local","w":2,"lanes":1,"vmax":11.1,"len":306.9}},{"type":"Feature","geometry":{"type":"LineString","coordinates":[[139.690679,35.671962],[139.690669,35.672038],[139.690662,35.672165],[139.690677,35.672272],[139.690703,35.672344],[139.69073,35.672389],[139.690774,35.672431],[139.690838,35.672463],[139.690934,35.672482],[139.691035,35.672498],[139.69113,35.672523],[139.691189,35.672531],[139.691201,35.672532]]},"properties":{"id":"-115447425#0","name":"\u4ee3\u3005\u6728\u6dc0\u6a4b\u7dda\uff08\u5074\u9053\uff09","tier":"local","w":2,"lanes":1,"vmax":22.2,"len":95.1}},{"type":"Feature","geometry":{"type":"LineString","coordinates":[[139.690892,35.670826],[139.690887,35.670828],[139.690877,35.670831],[139.690829,35.670853],[139.690766,35.670896],[139.690707,35.670967],[139.690672,35.67104],[139.690654,35.671103],[139.690651,35.67116],[139.690659,35.671307],[139.690661,35.671311],[139.690708,35.671534],[139.690722,35.671733],[139.690701,35.671833]]},"properties":{"id":"-115447425#1","name":"\u4ee3\u3005\u6728\u6dc0\u6a4b\u7dda\uff08\u5074\u9053\uff09","tier":"local","w":2,"lanes":1,"vmax":22.2,"len":120.9}},{"type":"Feature","geometry":{"type":"LineString","coordinates":[[139.700975,35.657103],[139.700994,35.657079],[139.701026,35.657041]]},"properties":{"id":"-1201531278#1","name":"\u6e0b\u8c37\u533a\u7279\u5225\u533a\u90531076\u53f7\u7dda\uff08\u88dc\u52a918\u53f7\u7dda\uff09","tier":"local","w":2,"lanes":1,"vmax":11.1,"len":8.3}},{"type":"Feature","geometry":{"type":"LineString","coordinates":[[139.698655,35.66473],[139.698525,35.664699],[139.698449,35.664686],[139.698391,35.664677],[139.698121,35.664633],[139.698038,35.664623],[139.697765,35.66459],[139.697508,35.664559],[139.697234,35.664526],[139.697036,35.664483],[139.696984,35.664471],[139.696922,35.664453],[139.696887,35.664439]]},"properties":{"id":"-1230232220#2","name":"","tier":"local","w":2,"lanes":1,"vmax":11.1,"len":163.6}},{"type":"Feature","geometry":{"type":"LineString","coordinates":[[139.701697,35.666725],[139.701529,35.666715],[139.701272,35.666688],[139.701144,35.666669],[139.701035,35.666646],[139.700926,35.66661],[139.700835,35.666565],[139.700765,35.666517],[139.700708,35.666472],[139.700532,35.6663],[139.700356,35.666126],[139.700245,35.666018],[139.700169,35.665943],[139.700041,35.665819]]},"properties":{"id":"-1230232224#1","name":"","tier":"local","w":2,"lanes":1,"vmax":11.1,"len":190.7}},{"type":"Feature","geometry":{"type":"LineString","coordinates":[[139.695276,35.656098],[139.695361,35.656234],[139.695363,35.656238],[139.695487,35.656437]]},"properties":{"id":"-1257445134","name":"\u9053\u7384\u5742","tier":"local","w":2,"lanes":2,"vmax":22.2,"len":42.2}},{"type":"Feature","geometry":{"type":"LineString","coordinates":[[139.695488,35.656439],[139.695542,35.656522],[139.695632,35.656661]]},"properties":{"id":"-1257445135","name":"\u9053\u7384\u5742","tier":"local","w":2,"lanes":2,"vmax":11.1,"len":27.9}},{"type":"Feature","geometry":{"type":"LineString","coordinates":[[139.713195,35.658227],[139.713008,35.658329],[139.712865,35.658415],[139.71272,35.658522],[139.712658,35.65857],[139.712657,35.658571]]},"properties":{"id":"-1328569395","name":"","tier":"local","w":2,"lanes":1,"vmax":8.3,"len":62.1}},{"type":"Feature","geometry":{"type":"LineString","coordinates":[[139.699635,35.665422],[139.699548,35.665338],[139.699541,35.66533],[139.699471,35.665265]]},"properties":{"id":"-1382170334#0","name":"","tier":"local","w":2,"lanes":1,"vmax":11.1,"len":22.9}},{"type":"Feature","geometry":{"type":"LineString","coordinates":[[139.699954,35.665733],[139.699854,35.665635],[139.699715,35.665499]]},"properties":{"id":"-1382170334#1","name":"","tier":"local","w":2,"lanes":1,"vmax":11.1,"len":33.8}},{"type":"Feature","geometry":{"type":"LineString","coordinates":[[139.706437,35.659823],[139.706429,35.65983],[139.706246,35.659998],[139.706218,35.660023],[139.706081,35.660147]]},"properties":{"id":"-138671939#2","name":"","tier":"local","w":2,"lanes":1,"vmax":22.2,"len":48.3}},{"type":"Feature","geometry":{"type":"LineString","coordinates":[[139.706758,35.659496],[139.706715,35.659555],[139.706698,35.659571],[139.706525,35.65974]]},"properties":{"id":"-138671939#3","name":"","tier":"local","w":2,"lanes":1,"vmax":22.2,"len":34.5}},{"type":"Feature","geometry":{"type":"LineString","coordinates":[[139.706992,35.658483],[139.706988,35.658542],[139.706985,35.658585],[139.706973,35.65868],[139.706945,35.658904],[139.706917,35.659129],[139.7069,35.659217],[139.706876,35.659304],[139.706838,35.659377],[139.706834,35.659383]]},"properties":{"id":"-138671939#4","name":"","tier":"local","w":2,"lanes":1,"vmax":22.2,"len":101.3}},{"type":"Feature","geometry":{"type":"LineString","coordinates":[[139.692864,35.654605],[139.692773,35.654717],[139.692769,35.654721]]},"properties":{"id":"-1391341945","name":"\u65e7\u5c71\u624b\u901a\u308a","tier":"arterial","w":4,"lanes":2,"vmax":27.8,"len":15.5}},{"type":"Feature","geometry":{"type":"LineString","coordinates":[[139.696106,35.653153],[139.696147,35.653089],[139.696275,35.652889],[139.696406,35.652694],[139.696537,35.652496],[139.696661,35.65231]]},"properties":{"id":"-140680979#0","name":"","tier":"local","w":2,"lanes":1,"vmax":22.2,"len":106.2}},{"type":"Feature","geometry":{"type":"LineString","coordinates":[[139.695942,35.653379],[139.69603,35.653262]]},"properties":{"id":"-140680979#1","name":"","tier":"local","w":2,"lanes":1,"vmax":22.2,"len":15.2}},{"type":"Feature","geometry":{"type":"LineString","coordinates":[[139.695528,35.653691],[139.695682,35.653586],[139.695833,35.653485]]},"properties":{"id":"-140680979#2","name":"","tier":"local","w":2,"lanes":1,"vmax":22.2,"len":35.8}},{"type":"Feature","geometry":{"type":"LineString","coordinates":[[139.703017,35.655858],[139.702881,35.655964],[139.702769,35.65605],[139.702611,35.656173],[139.702411,35.656328],[139.702211,35.656483],[139.702148,35.656532],[139.702051,35.656608],[139.701917,35.656685],[139.70171,35.656772],[139.701621,35.65681]]},"properties":{"id":"-1412628592#0","name":"SAKURA\u30b9\u30c8\u30ea\u30fc\u30c8","tier":"local","w":2,"lanes":1,"vmax":11.1,"len":165.7}},{"type":"Feature","geometry":{"type":"LineString","coordinates":[[139.703084,35.655809],[139.703082,35.65581]]},"properties":{"id":"-1412628592#1","name":"SAKURA\u30b9\u30c8\u30ea\u30fc\u30c8","tier":"local","w":2,"lanes":1,"vmax":11.1,"len":0.2}},{"type":"Feature","geometry":{"type":"LineString","coordinates":[[139.707463,35.656884],[139.707433,35.6569],[139.707385,35.656926],[139.707282,35.656982],[139.707127,35.657065],[139.706963,35.657154]]},"properties":{"id":"-141293460#2","name":"","tier":"local","w":2,"lanes":1,"vmax":22.2,"len":54.3}},{"type":"Feature","geometry":{"type":"LineString","coordinates":[[139.706654,35.655271],[139.706711,35.65536],[139.70676,35.655447],[139.70683,35.65557],[139.706917,35.655723]]},"properties":{"id":"-141293466#1","name":"\u516b\u5e61\u901a\u308a","tier":"local","w":2,"lanes":1,"vmax":11.1,"len":55.6}},{"type":"Feature","geometry":{"type":"LineString","coordinates":[[139.707132,35.657652],[139.707146,35.657531],[139.707135,35.657508],[139.707031,35.65738],[139.706966,35.657301],[139.706927,35.657253],[139.706916,35.65724]]},"properties":{"id":"-141293467#0","name":"","tier":"local","w":2,"lanes":1,"vmax":22.2,"len":52.0}},{"type":"Feature","geometry":{"type":"LineString","coordinates":[[139.707075,35.658109],[139.707076,35.658084],[139.707081,35.658043],[139.707092,35.657967],[139.707115,35.657793]]},"properties":{"id":"-141293467#1","name":"","tier":"local","w":2,"lanes":1,"vmax":22.2,"len":35.2}},{"type":"Feature","geometry":{"type":"LineString","coordinates":[[139.708141,35.657842],[139.708215,35.65797],[139.708312,35.658136],[139.708327,35.65816]]},"properties":{"id":"-141293470#1","name":"\u516b\u5e61\u901a\u308a","tier":"local","w":2,"lanes":1,"vmax":11.1,"len":39.0}},{"type":"Feature","geometry":{"type":"LineString","coordinates":[[139.707451,35.656673],[139.707464,35.656698],[139.707487,35.656741],[139.707506,35.656772]]},"properties":{"id":"-141293470#11","name":"\u516b\u5e61\u901a\u308a","tier":"local","w":2,"lanes":1,"vmax":11.1,"len":12.0}},{"type":"Feature","geometry":{"type":"LineString","coordinates":[[139.707179,35.656192],[139.707189,35.65621],[139.707306,35.656415],[139.707385,35.656554]]},"properties":{"id":"-141293470#12","name":"\u516b\u5e61\u901a\u308a","tier":"local","w":2,"lanes":1,"vmax":11.1,"len":44.3}},{"type":"Feature","geometry":{"type":"LineString","coordinates":[[139.706969,35.655843],[139.707015,35.655919],[139.707108,35.65607]]},"properties":{"id":"-141293470#13","name":"\u516b\u5e61\u901a\u308a","tier":"local","w":2,"lanes":1,"vmax":11.1,"len":28.1}},{"type":"Feature","geometry":{"type":"LineString","coordinates":[[139.707911,35.65746],[139.707983,35.657579],[139.708072,35.657726]]},"properties":{"id":"-141293470#2","name":"\u516b\u5e61\u901a\u308a","tier":"local","w":2,"lanes":1,"vmax":11.1,"len":32.9}},{"type":"Feature","geometry":{"type":"LineString","coordinates":[[139.707667,35.657039],[139.707768,35.657217],[139.707805,35.65728]]},"properties":{"id":"-141293470#6","name":"\u516b\u5e61\u901a\u308a","tier":"local","w":2,"lanes":1,"vmax":11.1,"len":29.6}},{"type":"Feature","geometry":{"type":"LineString","coordinates":[[139.707576,35.65689],[139.707585,35.656904],[139.707597,35.656923]]},"properties":{"id":"-141293470#8","name":"\u516b\u5e61\u901a\u308a","tier":"local","w":2,"lanes":1,"vmax":11.1,"len":4.1}},{"type":"Feature","geometry":{"type":"LineString","coordinates":[[139.711245,35.654976],[139.71124,35.654984],[139.711196,35.655112],[139.711121,35.655329],[139.711055,35.655515],[139.71098,35.65573],[139.710977,35.655744]]},"properties":{"id":"-141322255","name":"","tier":"local","w":2,"lanes":1,"vmax":8.3,"len":88.7}},{"type":"Feature","geometry":{"type":"LineString","coordinates":[[139.709801,35.655162],[139.709812,35.655168],[139.710039,35.655296],[139.710045,35.6553]]},"properties":{"id":"-141322267#0","name":"","tier":"local","w":2,"lanes":1,"vmax":8.3,"len":26.9}},{"type":"Feature","geometry":{"type":"LineString","coordinates":[[139.709199,35.654831],[139.709274,35.654872],[139.709504,35.654998],[139.709664,35.655085]]},"properties":{"id":"-141322267#1","name":"","tier":"local","w":2,"lanes":1,"vmax":8.3,"len":50.7}},{"type":"Feature","geometry":{"type":"LineString","coordinates":[[139.709136,35.651346],[139.709217,35.651368],[139.709374,35.651403],[139.709642,35.651463],[139.709753,35.651506],[139.710003,35.651601],[139.710146,35.65166],[139.7103,35.651727],[139.710331,35.65174],[139.710359,35.651752],[139.710546,35.651871],[139.710593,35.651901],[139.710811,35.652039],[139.710899,35.652095],[139.711076,35.652208]]},"properties":{"id":"-141322270#0","name":"","tier":"local","w":2,"lanes":1,"vmax":8.3,"len":202.3}},{"type":"Feature","geometry":{"type":"LineString","coordinates":[[139.711343,35.654921],[139.711611,35.654953],[139.711885,35.654986],[139.711976,35.654998],[139.712249,35.655035],[139.712455,35.655077],[139.712721,35.655133],[139.712787,35.655138],[139.713056,35.65515],[139.713332,35.655163],[139.713608,35.655175],[139.713726,35.655178]]},"properties":{"id":"-141322275#1","name":"","tier":"local","w":2,"lanes":1,"vmax":22.2,"len":218.3}},{"type":"Feature","geometry":{"type":"LineString","coordinates":[[139.692428,35.665667],[139.692312,35.665801]]},"properties":{"id":"-1415707268#0","name":"\u3068\u307f\u306f\u3061\u901a\u308a","tier":"local","w":2,"lanes":1,"vmax":8.3,"len":18.3}},{"type":"Feature","geometry":{"type":"LineString","coordinates":[[139.692584,35.665473],[139.692568,35.665493]]},"properties":{"id":"-1415707268#2","name":"\u3068\u307f\u306f\u3061\u901a\u308a","tier":"local","w":2,"lanes":1,"vmax":8.3,"len":2.6}},{"type":"Feature","geometry":{"type":"LineString","coordinates":[[139.693113,35.664701],[139.69305,35.664805],[139.692926,35.665006],[139.692835,35.665138],[139.692706,35.665325]]},"properties":{"id":"-1415707268#3","name":"\u3068\u307f\u306f\u3061\u901a\u308a","tier":"local","w":2,"lanes":1,"vmax":8.3,"len":78.4}},{"type":"Feature","geometry":{"type":"LineString","coordinates":[[139.706006,35.660241],[139.70589,35.660359],[139.705859,35.660378],[139.70573,35.660458],[139.705565,35.660561]]},"properties":{"id":"-1418098573#1","name":"\u7f8e\u7af9\u901a\u308a","tier":"local","w":2,"lanes":1,"vmax":22.2,"len":53.8}},{"type":"Feature","geometry":{"type":"LineString","coordinates":[[139.707724,35.653861],[139.707675,35.653756]]},"properties":{"id":"-142757182","name":"\u6c37\u5ddd\u6a4b","tier":"local","w":2,"lanes":1,"vmax":22.2,"len":12.4}},{"type":"Feature","geometry":{"type":"LineString","coordinates":[[139.707811,35.654049],[139.707779,35.653976],[139.707725,35.653863]]},"properties":{"id":"-142757183#1","name":"","tier":"local","w":2,"lanes":1,"vmax":8.3,"len":22.1}},{"type":"Feature","geometry":{"type":"LineString","coordinates":[[139.712742,35.671815],[139.712716,35.671882],[139.712667,35.672024],[139.712637,35.67217],[139.712624,35.672269],[139.712608,35.672388]]},"properties":{"id":"-1461458303#0","name":"\u5916\u82d1\u897f\u901a\u308a","tier":"distributor","w":3,"lanes":1,"vmax":13.9,"len":64.9}},{"type":"Feature","geometry":{"type":"LineString","coordinates":[[139.713701,35.670586],[139.713552,35.670767],[139.713519,35.670805],[139.713357,35.670988],[139.713196,35.67117],[139.713035,35.671353],[139.712915,35.671512],[139.712833,35.671633],[139.712805,35.671682]]},"properties":{"id":"-1461458303#2","name":"\u5916\u82d1\u897f\u901a\u308a","tier":"distributor","w":3,"lanes":1,"vmax":13.9,"len":146.3}},{"type":"Feature","geometry":{"type":"LineString","coordinates":[[139.708505,35.653411],[139.708574,35.653314],[139.708641,35.653201],[139.708702,35.653084],[139.708753,35.652963],[139.708777,35.652889],[139.708797,35.65281],[139.708815,35.65273],[139.708828,35.65265],[139.708846,35.65248],[139.708867,35.652269]]},"properties":{"id":"-1464243733#1","name":"\u660e\u6cbb\u901a\u308a","tier":"arterial","w":4,"lanes":1,"vmax":27.8,"len":132.5}},{"type":"Feature","geometry":{"type":"LineString","coordinates":[[139.709042,35.652271],[139.709027,35.652429],[139.709005,35.652654],[139.70899,35.652744],[139.70897,35.652834],[139.708947,35.652921],[139.708918,35.653006],[139.708884,35.653089],[139.708834,35.653198],[139.708775,35.653304],[139.708713,35.653403],[139.708666,35.653466]]},"properties":{"id":"-1464243734#1","name":"\u660e\u6cbb\u901a\u308a","tier":"arterial","w":4,"lanes":1,"vmax":13.9,"len":138.5}},{"type":"Feature","geometry":{"type":"LineString","coordinates":[[139.69743,35.660359],[139.697319,35.660397],[139.697065,35.660487],[139.697007,35.660507],[139.696955,35.660524]]},"properties":{"id":"-153108795#1","name":"\u6587\u5316\u6751\u901a\u308a","tier":"local","w":2,"lanes":1,"vmax":8.3,"len":46.8}},{"type":"Feature","geometry":{"type":"LineString","coordinates":[[139.699021,35.659759],[139.69884,35.659826],[139.698588,35.659918]]},"properties":{"id":"-153108795#12","name":"\u6587\u5316\u6751\u901a\u308a","tier":"local","w":2,"lanes":1,"vmax":8.3,"len":43.0}},{"type":"Feature","geometry":{"type":"LineString","coordinates":[[139.698333,35.660016],[139.698233,35.660054],[139.698172,35.660077],[139.698063,35.660119],[139.697813,35.660215],[139.697766,35.660233],[139.697691,35.660262]]},"properties":{"id":"-153108795#8","name":"\u6587\u5316\u6751\u901a\u308a","tier":"local","w":2,"lanes":1,"vmax":8.3,"len":64.2}},{"type":"Feature","geometry":{"type":"LineString","coordinates":[[139.701514,35.665158],[139.701549,35.665287],[139.701608,35.665508],[139.701667,35.665728],[139.701709,35.665939],[139.701736,35.666134],[139.701768,35.666358],[139.701785,35.666538],[139.701795,35.666646]]},"properties":{"id":"-153108796#1","name":"\u30d5\u30a1\u30a4\u30a2\u30fc\u901a\u308a","tier":"local","w":2,"lanes":1,"vmax":11.1,"len":167.2}},{"type":"Feature","geometry":{"type":"LineString","coordinates":[[139.701416,35.6646],[139.701423,35.664642],[139.701437,35.664736],[139.701471,35.66496],[139.701489,35.665051]]},"properties":{"id":"-153108796#2","name":"\u30d5\u30a1\u30a4\u30a2\u30fc\u901a\u308a","tier":"local","w":2,"lanes":1,"vmax":11.1,"len":50.4}},{"type":"Feature","geometry":{"type":"LineString","coordinates":[[139.696466,35.66423],[139.69629,35.664119],[139.696081,35.663986],[139.695864,35.663848],[139.695737,35.663774],[139.695694,35.663749],[139.695548,35.663661]]},"properties":{"id":"-153109040#0","name":"","tier":"local","w":2,"lanes":1,"vmax":11.1,"len":104.4}},{"type":"Feature","geometry":{"type":"LineString","coordinates":[[139.696742,35.66438],[139.696701,35.664359],[139.696602,35.664309]]},"properties":{"id":"-153109040#3","name":"","tier":"local","w":2,"lanes":1,"vmax":11.1,"len":15.0}},{"type":"Feature","geometry":{"type":"LineString","coordinates":[[139.698628,35.66234],[139.698905,35.662346],[139.69918,35.662352]]},"properties":{"id":"-202129899#0","name":"\u30aa\u30eb\u30ac\u30f3\u5742","tier":"local","w":2,"lanes":1,"vmax":22.2,"len":49.9}},{"type":"Feature","geometry":{"type":"LineString","coordinates":[[139.698175,35.662304],[139.698214,35.662307],[139.698475,35.662331]]},"properties":{"id":"-202129899#1","name":"\u30aa\u30eb\u30ac\u30f3\u5742","tier":"local","w":2,"lanes":1,"vmax":22.2,"len":27.4}},{"type":"Feature","geometry":{"type":"LineString","coordinates":[[139.697406,35.6622],[139.697423,35.662205],[139.697493,35.662224],[139.697554,35.662239],[139.697601,35.662247],[139.697653,35.662256],[139.697693,35.66226],[139.69776,35.662266],[139.698016,35.662289]]},"properties":{"id":"-202129899#4","name":"\u30aa\u30eb\u30ac\u30f3\u5742","tier":"local","w":2,"lanes":1,"vmax":22.2,"len":56.2}},{"type":"Feature","geometry":{"type":"LineString","coordinates":[[139.705447,35.660615],[139.705436,35.660621],[139.705213,35.660755],[139.705005,35.660879]]},"properties":{"id":"-207001228","name":"\u7f8e\u7af9\u901a\u308a","tier":"local","w":2,"lanes":1,"vmax":22.2,"len":49.5}},{"type":"Feature","geometry":{"type":"LineString","coordinates":[[139.696443,35.660968],[139.696427,35.66099],[139.696396,35.661029],[139.69625,35.66122],[139.696247,35.661223],[139.696203,35.661276],[139.696201,35.661279],[139.696045,35.661465],[139.69603,35.661483]]},"properties":{"id":"-210671517","name":"\u30aa\u30fc\u30c1\u30e3\u30fc\u30c9\u30ed\u30fc\u30c9","tier":"local","w":2,"lanes":1,"vmax":22.2,"len":68.3}},{"type":"Feature","geometry":{"type":"LineString","coordinates":[[139.702362,35.659569],[139.702147,35.65954],[139.702012,35.659529],[139.701986,35.659527],[139.701711,35.659504],[139.701438,35.659481],[139.701364,35.65948],[139.701155,35.659478]]},"properties":{"id":"-213526440#1","name":"\u65e7\u5927\u5c71\u8857\u9053","tier":"local","w":2,"lanes":2,"vmax":22.2,"len":109.8}},{"type":"Feature","geometry":{"type":"LineString","coordinates":[[139.690692,35.667713],[139.690541,35.667886],[139.690382,35.66807],[139.690356,35.668102],[139.690204,35.66829],[139.690051,35.668478],[139.690014,35.668522],[139.689858,35.668708],[139.689812,35.668763],[139.689741,35.668803],[139.68968,35.668828],[139.689432,35.668928],[139.689185,35.669028],[139.689169,35.669035],[139.688924,35.669137],[139.688855,35.669166],[139.688748,35.669209],[139.688653,35.669248],[139.688405,35.669348]]},"properties":{"id":"-214711015#1","name":"\u5bcc\u30f6\u8c371\u4e01\u76ee\u901a\u308a","tier":"local","w":2,"lanes":1,"vmax":8.3,"len":284.1}},{"type":"Feature","geometry":{"type":"LineString","coordinates":[[139.70091,35.662179],[139.700967,35.662167],[139.701055,35.662145],[139.701319,35.662079],[139.70134,35.662074],[139.701605,35.662012],[139.701676,35.661995],[139.701727,35.661983],[139.70185,35.661954],[139.701938,35.661933],[139.701996,35.661919],[139.702071,35.661902],[139.702176,35.66188]]},"properties":{"id":"-23179562#1","name":"","tier":"local","w":2,"lanes":1,"vmax":22.2,"len":119.3}},{"type":"Feature","geometry":{"type":"LineString","coordinates":[[139.694924,35.664377],[139.695031,35.664227],[139.695169,35.664032],[139.695184,35.664011],[139.695322,35.663818]]},"properties":{"id":"-23334553#0","name":"\u4e95\u30ce\u982d\u901a\u308a","tier":"local","w":2,"lanes":1,"vmax":13.9,"len":71.7}},{"type":"Feature","geometry":{"type":"LineString","coordinates":[[139.6943,35.665241],[139.694352,35.665168],[139.694493,35.664974],[139.694576,35.664859],[139.694644,35.664765],[139.694784,35.664571],[139.694881,35.664437]]},"properties":{"id":"-23334553#2","name":"\u4e95\u30ce\u982d\u901a\u308a","tier":"local","w":2,"lanes":1,"vmax":13.9,"len":103.5}},{"type":"Feature","geometry":{"type":"LineString","coordinates":[[139.693231,35.66638],[139.69334,35.666332],[139.693507,35.666234],[139.693628,35.666134],[139.693732,35.666024],[139.693754,35.665993],[139.693892,35.665797],[139.693957,35.665708],[139.694099,35.665515],[139.694246,35.665315]]},"properties":{"id":"-23334553#3","name":"\u4e95\u30ce\u982d\u901a\u308a","tier":"local","w":2,"lanes":1,"vmax":13.9,"len":152.3}},{"type":"Feature","geometry":{"type":"LineString","coordinates":[[139.692656,35.666769],[139.692739,35.666677],[139.692816,35.666607],[139.692925,35.666525],[139.693093,35.666443]]},"properties":{"id":"-23334553#4","name":"\u4e95\u30ce\u982d\u901a\u308a","tier":"local","w":2,"lanes":1,"vmax":13.9,"len":54.2}},{"type":"Feature","geometry":{"type":"LineString","coordinates":[[139.69238,35.667103],[139.692467,35.666997],[139.692586,35.66685]]},"properties":{"id":"-23334553#5","name":"\u4e95\u30ce\u982d\u901a\u308a","tier":"local","w":2,"lanes":1,"vmax":13.9,"len":33.8}},{"type":"Feature","geometry":{"type":"LineString","coordinates":[[139.691897,35.667734],[139.691924,35.667702],[139.691932,35.667691],[139.692078,35.667499],[139.692223,35.667308],[139.692329,35.667168]]},"properties":{"id":"-23334553#7","name":"\u4e95\u30ce\u982d\u901a\u308a","tier":"local","w":2,"lanes":1,"vmax":13.9,"len":74.0}},{"type":"Feature","geometry":{"type":"LineString","coordinates":[[139.691009,35.6641],[139.690877,35.664056],[139.690766,35.664022]]},"properties":{"id":"-23334600#0","name":"","tier":"local","w":2,"lanes":1,"vmax":8.3,"len":23.7}},{"type":"Feature","geometry":{"type":"LineString","coordinates":[[139.691881,35.66432],[139.691693,35.664275],[139.691504,35.664229]]},"properties":{"id":"-23334600#2","name":"","tier":"local","w":2,"lanes":1,"vmax":8.3,"len":35.6}},{"type":"Feature","geometry":{"type":"LineString","coordinates":[[139.69306,35.664629],[139.693013,35.664617],[139.69275,35.664547],[139.692487,35.664478],[139.692225,35.664409],[139.692031,35.664358]]},"properties":{"id":"-23334600#3","name":"","tier":"local","w":2,"lanes":1,"vmax":8.3,"len":97.8}},{"type":"Feature","geometry":{"type":"LineString","coordinates":[[139.713608,35.664516],[139.713485,35.664591],[139.713264,35.664727],[139.713044,35.664863],[139.712823,35.664998],[139.712759,35.665037],[139.712694,35.665078]]},"properties":{"id":"-23811751#2","name":"\u5fa1\u5e78\u901a\u308a","tier":"distributor","w":3,"lanes":1,"vmax":11.1,"len":103.6}},{"type":"Feature","geometry":{"type":"LineString","coordinates":[[139.716242,35.662845],[139.716189,35.662877],[139.716011,35.662989],[139.715793,35.663127],[139.715574,35.663265],[139.715356,35.663403],[139.715138,35.663541],[139.714919,35.663679],[139.714701,35.663817],[139.714661,35.663843],[139.71462,35.663869],[139.714467,35.663968],[139.71425,35.664108],[139.71415,35.664172],[139.713933,35.66431],[139.713715,35.664449],[139.713707,35.664454]]},"properties":{"id":"-23811751#4","name":"\u5fa1\u5e78\u901a\u308a","tier":"distributor","w":3,"lanes":1,"vmax":11.1,"len":290.7}},{"type":"Feature","geometry":{"type":"LineString","coordinates":[[139.699366,35.665171],[139.699305,35.665119],[139.699129,35.664977],[139.69902,35.664905],[139.698912,35.664842],[139.698852,35.664809],[139.698789,35.664779]]},"properties":{"id":"-261815507#2","name":"","tier":"local","w":2,"lanes":1,"vmax":11.1,"len":68.2}},{"type":"Feature","geometry":{"type":"LineString","coordinates":[[139.70086,35.660488],[139.700866,35.660595],[139.700867,35.660751],[139.700868,35.660977],[139.700866,35.661059]]},"properties":{"id":"-261815523#3","name":"\u795e\u5bae\u901a\u308a","tier":"local","w":2,"lanes":2,"vmax":22.2,"len":63.3}},{"type":"Feature","geometry":{"type":"LineString","coordinates":[[139.712782,35.661918],[139.712774,35.661908],[139.712734,35.661873],[139.712547,35.661707],[139.712399,35.661577],[139.712212,35.661411],[139.712024,35.661245],[139.712012,35.661231]]},"properties":{"id":"-265033762#1","name":"","tier":"local","w":2,"lanes":1,"vmax":8.3,"len":103.4}},{"type":"Feature","geometry":{"type":"LineString","coordinates":[[139.700846,35.662281],[139.700846,35.662318],[139.700846,35.66251],[139.700847,35.662734],[139.700855,35.66281],[139.700861,35.662846],[139.700872,35.662881],[139.700885,35.662917],[139.7009,35.662951],[139.700918,35.662986],[139.700938,35.663019],[139.700983,35.66308],[139.701033,35.663137],[139.701088,35.663191],[139.70115,35.663242],[139.701219,35.663291]]},"properties":{"id":"-265139657#2","name":"\u795e\u5bae\u901a\u308a","tier":"local","w":2,"lanes":1,"vmax":22.2,"len":123.0}},{"type":"Feature","geometry":{"type":"LineString","coordinates":[[139.712743,35.6652],[139.712793,35.665256],[139.712816,35.665282],[139.712887,35.665362],[139.713047,35.665545],[139.713097,35.665597],[139.713267,35.665775],[139.71338,35.665899],[139.713546,35.66608],[139.713704,35.666264],[139.713799,35.666372],[139.71396,35.666556],[139.71412,35.666739],[139.714281,35.666922],[139.714381,35.667032],[139.71439,35.667042],[139.714555,35.667223],[139.714719,35.667404],[139.714883,35.667585],[139.715049,35.667768],[139.715177,35.667929],[139.715327,35.668118],[139.715477,35.668307],[139.715628,35.668496],[139.715778,35.668685],[139.715929,35.668874],[139.716066,35.669047]]},"properties":{"id":"-273263244#3","name":"\u9752\u5c71\u901a\u308a","tier":"arterial","w":5,"lanes":1,"vmax":27.8,"len":522.3}},{"type":"Feature","geometry":{"type":"LineString","coordinates":[[139.711995,35.65261],[139.711936,35.652746],[139.711914,35.652808],[139.7119,35.65288],[139.711885,35.653041],[139.711864,35.653265],[139.711853,35.653429],[139.711837,35.653654],[139.711822,35.65388],[139.711816,35.653908],[139.711804,35.653933],[139.71172,35.654103],[139.711673,35.654199],[139.711628,35.654293],[139.711618,35.654313],[139.711516,35.654524],[139.711472,35.654594],[139.711368,35.65476],[139.711309,35.654857]]},"properties":{"id":"-284075887","name":"","tier":"local","w":2,"lanes":1,"vmax":8.3,"len":260.6}},{"type":"Feature","geometry":{"type":"LineString","coordinates":[[139.711959,35.660944],[139.711961,35.660921],[139.711974,35.66076],[139.711988,35.660628],[139.711995,35.660552],[139.711995,35.66049],[139.711984,35.660331],[139.711979,35.660252],[139.711968,35.660136],[139.711961,35.660071],[139.711959,35.659985],[139.711963,35.659939],[139.711971,35.659902],[139.711991,35.659785],[139.712023,35.659667],[139.712048,35.659574],[139.712075,35.65949],[139.712144,35.659342],[139.712213,35.65919],[139.71222,35.659177],[139.712321,35.658968],[139.712339,35.658931]]},"properties":{"id":"-284075890#1","name":"","tier":"local","w":2,"lanes":1,"vmax":8.3,"len":229.1}},{"type":"Feature","geometry":{"type":"LineString","coordinates":[[139.689938,35.655413],[139.689898,35.655419],[139.689627,35.655465],[139.689405,35.655486],[139.68916,35.655496],[139.689108,35.655497],[139.688831,35.655505],[139.688594,35.655501],[139.688415,35.655488],[139.68814,35.655467],[139.688042,35.655459],[139.687901,35.655447],[139.687689,35.655407],[139.687306,35.655334],[139.687548,35.65532],[139.687699,35.655311],[139.687949,35.655323],[139.68806,35.655334],[139.688165,35.655344],[139.688306,35.655356],[139.688579,35.655369],[139.688846,35.655374],[139.688934,35.655374],[139.689132,35.655368],[139.689376,35.655356],[139.689439,35.655353],[139.689713,35.655336],[139.689925,35.65531],[139.690003,35.655301],[139.690049,35.655294]]},"properties":{"id":"-28993424#3","name":"\u6de1\u5cf6\u901a\u308a \u677e\u898b\u5742","tier":"distributor","w":3,"lanes":1,"vmax":11.1,"len":490.0}},{"type":"Feature","geometry":{"type":"LineString","coordinates":[[139.690074,35.655391],[139.69004,35.655397]]},"properties":{"id":"-28993424#5","name":"\u6de1\u5cf6\u901a\u308a \u677e\u898b\u5742","tier":"distributor","w":3,"lanes":1,"vmax":11.1,"len":3.2}},{"type":"Feature","geometry":{"type":"LineString","coordinates":[[139.692554,35.65477],[139.692552,35.65477],[139.692547,35.654772],[139.692284,35.654843],[139.692022,35.654914],[139.691767,35.654983]]},"properties":{"id":"-28993425#2","name":"\u6de1\u5cf6\u901a\u308a","tier":"distributor","w":3,"lanes":1,"vmax":11.1,"len":75.1}},{"type":"Feature","geometry":{"type":"LineString","coordinates":[[139.706518,35.655023],[139.70654,35.655056],[139.706607,35.655175]]},"properties":{"id":"-310155100","name":"\u516b\u5e61\u901a\u308a","tier":"local","w":2,"lanes":1,"vmax":11.1,"len":18.7}},{"type":"Feature","geometry":{"type":"LineString","coordinates":[[139.696335,35.660354],[139.696327,35.66035],[139.696074,35.66026],[139.695821,35.660169],[139.695569,35.660079]]},"properties":{"id":"-310155108#1","name":"\u677e\u6d9b\u6587\u5316\u6751\u30b9\u30c8\u30ea\u30fc\u30c8","tier":"local","w":2,"lanes":1,"vmax":22.2,"len":75.8}},{"type":"Feature","geometry":{"type":"LineString","coordinates":[[139.696798,35.660512],[139.696716,35.660484],[139.696638,35.660458],[139.696492,35.660409]]},"properties":{"id":"-310155108#3","name":"\u677e\u6d9b\u6587\u5316\u6751\u30b9\u30c8\u30ea\u30fc\u30c8","tier":"local","w":2,"lanes":1,"vmax":22.2,"len":29.9}},{"type":"Feature","geometry":{"type":"LineString","coordinates":[[139.693578,35.655731],[139.693594,35.655718],[139.693738,35.655606],[139.693939,35.655451],[139.693945,35.655446],[139.694147,35.655292],[139.694201,35.655255]]},"properties":{"id":"-31856111","name":"","tier":"local","w":2,"lanes":1,"vmax":22.2,"len":77.3}},{"type":"Feature","geometry":{"type":"LineString","coordinates":[[139.691363,35.65802],[139.691288,35.657993],[139.691174,35.657957],[139.691071,35.65793],[139.691058,35.657928]]},"properties":{"id":"-31856144#1","name":"\u677e\u6d9b\u6587\u5316\u6751\u30b9\u30c8\u30ea\u30fc\u30c8","tier":"local","w":2,"lanes":1,"vmax":22.2,"len":29.6}},{"type":"Feature","geometry":{"type":"LineString","coordinates":[[139.694132,35.65929],[139.694128,35.659288],[139.694101,35.659274]]},"properties":{"id":"-31856144#11","name":"\u677e\u6d9b\u6587\u5316\u6751\u30b9\u30c8\u30ea\u30fc\u30c8","tier":"local","w":2,"lanes":1,"vmax":22.2,"len":3.3}},{"type":"Feature","geometry":{"type":"LineString","coordinates":[[139.69489,35.659792],[139.694871,35.659782],[139.694777,35.659718],[139.694565,35.659574],[139.69442,35.659474],[139.694227,35.659343]]},"properties":{"id":"-31856144#13","name":"\u677e\u6d9b\u6587\u5316\u6751\u30b9\u30c8\u30ea\u30fc\u30c8","tier":"local","w":2,"lanes":1,"vmax":22.2,"len":78.0}},{"type":"Feature","geometry":{"type":"LineString","coordinates":[[139.695425,35.660024],[139.695358,35.659998],[139.695158,35.659921],[139.69504,35.659867]]},"properties":{"id":"-31856144#15","name":"\u677e\u6d9b\u6587\u5316\u6751\u30b9\u30c8\u30ea\u30fc\u30c8","tier":"local","w":2,"lanes":1,"vmax":22.2,"len":39.0}},{"type":"Feature","geometry":{"type":"LineString","coordinates":[[139.691808,35.658216],[139.691657,35.658148],[139.691459,35.658059]]},"properties":{"id":"-31856144#2","name":"\u677e\u6d9b\u6587\u5316\u6751\u30b9\u30c8\u30ea\u30fc\u30c8","tier":"local","w":2,"lanes":1,"vmax":22.2,"len":36.1}},{"type":"Feature","geometry":{"type":"LineString","coordinates":[[139.692584,35.658576],[139.692506,35.658541],[139.692405,35.658494],[139.692218,35.658407]]},"properties":{"id":"-31856144#4","name":"\u677e\u6d9b\u6587\u5316\u6751\u30b9\u30c8\u30ea\u30fc\u30c8","tier":"local","w":2,"lanes":1,"vmax":22.2,"len":38.1}},{"type":"Feature","geometry":{"type":"LineString","coordinates":[[139.693584,35.659027],[139.693365,35.658928],[139.693123,35.65882],[139.692881,35.658711],[139.692691,35.658626]]},"properties":{"id":"-31856144#5","name":"\u677e\u6d9b\u6587\u5316\u6751\u30b9\u30c8\u30ea\u30fc\u30c8","tier":"local","w":2,"lanes":1,"vmax":22.2,"len":92.2}},{"type":"Feature","geometry":{"type":"LineString","coordinates":[[139.693857,35.659153],[139.693692,35.659076]]},"properties":{"id":"-31856144#7","name":"\u677e\u6d9b\u6587\u5316\u6751\u30b9\u30c8\u30ea\u30fc\u30c8","tier":"local","w":2,"lanes":1,"vmax":22.2,"len":17.2}},{"type":"Feature","geometry":{"type":"LineString","coordinates":[[139.693966,35.659206],[139.693953,35.659199]]},"properties":{"id":"-31856144#9","name":"\u677e\u6d9b\u6587\u5316\u6751\u30b9\u30c8\u30ea\u30fc\u30c8","tier":"local","w":2,"lanes":1,"vmax":22.2,"len":1.4}},{"type":"Feature","geometry":{"type":"LineString","coordinates":[[139.696516,35.657153],[139.696476,35.657191],[139.696298,35.657363],[139.696247,35.657425]]},"properties":{"id":"-32621918#1","name":"","tier":"local","w":2,"lanes":1,"vmax":22.2,"len":38.8}},{"type":"Feature","geometry":{"type":"LineString","coordinates":[[139.696921,35.656763],[139.696746,35.656932],[139.696619,35.657054]]},"properties":{"id":"-32621918#2","name":"","tier":"local","w":2,"lanes":1,"vmax":22.2,"len":42.3}},{"type":"Feature","geometry":{"type":"LineString","coordinates":[[139.697283,35.656386],[139.697258,35.656436],[139.697216,35.656477],[139.697159,35.656532],[139.69703,35.656658]]},"properties":{"id":"-32621918#5","name":"","tier":"local","w":2,"lanes":1,"vmax":22.2,"len":38.2}},{"type":"Feature","geometry":{"type":"LineString","coordinates":[[139.695187,35.655926],[139.695187,35.655927]]},"properties":{"id":"-33476791","name":"\u9053\u7384\u5742(\u9053\u7384\u5742\u4e0a)","tier":"local","w":2,"lanes":1,"vmax":22.2,"len":0.2}},{"type":"Feature","geometry":{"type":"LineString","coordinates":[[139.712513,35.658552],[139.712512,35.658543],[139.712569,35.658345],[139.712632,35.658127],[139.712634,35.658113],[139.712631,35.658105],[139.712624,35.658097],[139.712619,35.65809],[139.712614,35.658087],[139.712482,35.658029],[139.712238,35.657923],[139.712017,35.657826],[139.71198,35.65781],[139.711783,35.657726],[139.711539,35.657622],[139.71152,35.657613],[139.711327,35.657531],[139.711083,35.657426],[139.710897,35.657347]]},"properties":{"id":"-350053191#1","name":"","tier":"local","w":2,"lanes":1,"vmax":8.3,"len":229.2}},{"type":"Feature","geometry":{"type":"LineString","coordinates":[[139.701351,35.664132],[139.701378,35.664327],[139.701402,35.664501]]},"properties":{"id":"-375809332#0","name":"\u30d5\u30a1\u30a4\u30a2\u30fc\u901a\u308a","tier":"local","w":2,"lanes":1,"vmax":11.1,"len":41.2}},{"type":"Feature","geometry":{"type":"LineString","coordinates":[[139.701276,35.663426],[139.701279,35.663482],[139.701285,35.663532],[139.701296,35.663636],[139.70132,35.663861],[139.701339,35.664036]]},"properties":{"id":"-375809332#2","name":"\u30d5\u30a1\u30a4\u30a2\u30fc\u901a\u308a","tier":"local","w":2,"lanes":1,"vmax":11.1,"len":68.0}},{"type":"Feature","geometry":{"type":"LineString","coordinates":[[139.714427,35.667494],[139.71429,35.667344],[139.714125,35.667161],[139.714041,35.667057],[139.71401,35.667019],[139.713952,35.666955],[139.713789,35.666773],[139.713785,35.666769],[139.713621,35.666587],[139.713458,35.666405],[139.713294,35.666224],[139.713131,35.666042],[139.713042,35.665943],[139.712878,35.665761],[139.712715,35.66558],[139.712551,35.665398],[139.712504,35.665345]]},"properties":{"id":"-375809334#2","name":"\u9752\u5c71\u901a\u308a","tier":"arterial","w":5,"lanes":1,"vmax":27.8,"len":295.2}},{"type":"Feature","geometry":{"type":"LineString","coordinates":[[139.715819,35.66918],[139.715682,35.669006],[139.715582,35.668878],[139.715434,35.668688],[139.715285,35.668498],[139.715137,35.668308],[139.715124,35.668293],[139.714966,35.668108],[139.714809,35.667923],[139.714653,35.667738],[139.714625,35.667709],[139.714489,35.667562]]},"properties":{"id":"-375809334#3","name":"\u9752\u5c71\u901a\u308a","tier":"arterial","w":5,"lanes":1,"vmax":27.8,"len":216.2}},{"type":"Feature","geometry":{"type":"LineString","coordinates":[[139.703013,35.659659],[139.702972,35.659652],[139.702701,35.659609],[139.70263,35.659597],[139.702468,35.659572]]},"properties":{"id":"-375809353#1","name":"\u5bae\u76ca\u5742","tier":"local","w":2,"lanes":1,"vmax":11.1,"len":50.3}},{"type":"Feature","geometry":{"type":"LineString","coordinates":[[139.704786,35.659962],[139.704519,35.659913],[139.70425,35.659864],[139.704156,35.659848],[139.703886,35.659802],[139.703725,35.659775],[139.703454,35.659731],[139.703271,35.659701]]},"properties":{"id":"-375809353#4","name":"\u5bae\u76ca\u5742","tier":"local","w":2,"lanes":1,"vmax":11.1,"len":140.2}},{"type":"Feature","geometry":{"type":"LineString","coordinates":[[139.705325,35.660079],[139.705138,35.660037],[139.704944,35.659994]]},"properties":{"id":"-375809353#5","name":"\u5bae\u76ca\u5742","tier":"local","w":2,"lanes":1,"vmax":11.1,"len":35.8}},{"type":"Feature","geometry":{"type":"LineString","coordinates":[[139.710723,35.663124],[139.710838,35.663053],[139.710891,35.663023],[139.711117,35.662894],[139.711344,35.662765],[139.71157,35.662635],[139.711724,35.662547]]},"properties":{"id":"-390852605#10","name":"\u9ad8\u6a39\u753a\u901a\u308a","tier":"local","w":2,"lanes":1,"vmax":11.1,"len":111.0}},{"type":"Feature","geometry":{"type":"LineString","coordinates":[[139.712897,35.661917],[139.712902,35.661915],[139.712928,35.661901],[139.713162,35.661781],[139.713292,35.661716],[139.713528,35.661598],[139.713763,35.661481],[139.71378,35.661473],[139.714016,35.661357],[139.71405,35.661341],[139.714162,35.661287],[139.714304,35.661219],[139.714543,35.661106],[139.71476,35.661009],[139.714826,35.660979],[139.714895,35.660951],[139.71508,35.660875],[139.715326,35.660773],[139.715573,35.660671],[139.715703,35.660624]]},"properties":{"id":"-390852605#5","name":"\u9ad8\u6a39\u753a\u901a\u308a","tier":"local","w":2,"lanes":1,"vmax":11.1,"len":291.9}},{"type":"Feature","geometry":{"type":"LineString","coordinates":[[139.712476,35.662143],[139.712534,35.662111],[139.712764,35.661988]]},"properties":{"id":"-390852605#7","name":"\u9ad8\u6a39\u753a\u901a\u308a","tier":"local","w":2,"lanes":1,"vmax":11.1,"len":31.2}},{"type":"Feature","geometry":{"type":"LineString","coordinates":[[139.711865,35.66247],[139.711945,35.662427],[139.712176,35.662303],[139.712343,35.662214]]},"properties":{"id":"-390852605#8","name":"\u9ad8\u6a39\u753a\u901a\u308a","tier":"local","w":2,"lanes":1,"vmax":11.1,"len":51.8}},{"type":"Feature","geometry":{"type":"LineString","coordinates":[[139.698854,35.664617],[139.698851,35.66462],[139.69879,35.664686]]},"properties":{"id":"-41521741#1","name":"\u516c\u5712\u901a\u308a","tier":"local","w":2,"lanes":1,"vmax":8.3,"len":9.6}},{"type":"Feature","geometry":{"type":"LineString","coordinates":[[139.689939,35.663751],[139.689894,35.663737],[139.689779,35.663699],[139.689655,35.663659],[139.689505,35.66361],[139.689249,35.663526],[139.689124,35.66349],[139.688863,35.663416],[139.688766,35.663388],[139.688505,35.663313],[139.688382,35.663277],[139.688122,35.663202],[139.687974,35.663157],[139.687924,35.66315],[139.68782,35.663151]]},"properties":{"id":"-41522459#0","name":"","tier":"local","w":2,"lanes":1,"vmax":8.3,"len":203.7}},{"type":"Feature","geometry":{"type":"LineString","coordinates":[[139.690618,35.663976],[139.690525,35.663944],[139.690269,35.66386],[139.690087,35.663799]]},"properties":{"id":"-41522459#1","name":"","tier":"local","w":2,"lanes":1,"vmax":8.3,"len":52.0}},{"type":"Feature","geometry":{"type":"LineString","coordinates":[[139.698957,35.664575],[139.69897,35.664582],[139.699022,35.664613],[139.699077,35.66464],[139.699119,35.664657],[139.699163,35.664668],[139.699207,35.664672]]},"properties":{"id":"-41857283","name":"\u30a4\u30a8\u30ed\u30fc\u30b9\u30c8\u30ea\u30fc\u30c8","tier":"local","w":2,"lanes":1,"vmax":22.2,"len":25.4}},{"type":"Feature","geometry":{"type":"LineString","coordinates":[[139.693988,35.659265],[139.69399,35.659264]]},"properties":{"id":"-46773537#1","name":"","tier":"local","w":2,"lanes":1,"vmax":22.2,"len":0.2}},{"type":"Feature","geometry":{"type":"LineString","coordinates":[[139.692191,35.659283],[139.69231,35.659288],[139.69232,35.659288],[139.692597,35.659293],[139.692742,35.659305],[139.693017,35.659326],[139.693291,35.659348],[139.693353,35.659347],[139.693629,35.659345],[139.693712,35.659342],[139.693784,35.659336],[139.693858,35.659325],[139.693898,35.659316]]},"properties":{"id":"-46773537#3","name":"","tier":"local","w":2,"lanes":1,"vmax":22.2,"len":155.2}},{"type":"Feature","geometry":{"type":"LineString","coordinates":[[139.690899,35.657904],[139.690812,35.657892]]},"properties":{"id":"-46773653","name":"\u677e\u6d9b\u6587\u5316\u6751\u30b9\u30c8\u30ea\u30fc\u30c8","tier":"local","w":2,"lanes":1,"vmax":22.2,"len":8.0}},{"type":"Feature","geometry":{"type":"LineString","coordinates":[[139.697689,35.655606],[139.697818,35.655427],[139.697958,35.655233],[139.698098,35.655039],[139.698112,35.65502]]},"properties":{"id":"-46922471","name":"","tier":"local","w":2,"lanes":1,"vmax":22.2,"len":75.5}},{"type":"Feature","geometry":{"type":"LineString","coordinates":[[139.705229,35.653188],[139.705258,35.653229],[139.705399,35.653421],[139.705403,35.653426],[139.705545,35.653619],[139.705687,35.653812],[139.705724,35.653866],[139.705859,35.654063],[139.705995,35.654259],[139.706092,35.6544],[139.706134,35.654464],[139.706168,35.654517],[139.706299,35.654716],[139.706408,35.654883]]},"properties":{"id":"-48274900#0","name":"\u516b\u5e61\u901a\u308a","tier":"local","w":2,"lanes":1,"vmax":11.1,"len":216.3}},{"type":"Feature","geometry":{"type":"LineString","coordinates":[[139.70488,35.652679],[139.704888,35.65269],[139.704911,35.652728],[139.704989,35.652842],[139.705095,35.652998]]},"properties":{"id":"-48274900#2","name":"\u516b\u5e61\u901a\u308a","tier":"local","w":2,"lanes":1,"vmax":11.1,"len":40.4}},{"type":"Feature","geometry":{"type":"LineString","coordinates":[[139.703263,35.650729],[139.703294,35.650753],[139.703383,35.650826],[139.70354,35.650954],[139.703648,35.651045],[139.70384,35.651208],[139.703921,35.651279],[139.703992,35.651352],[139.704056,35.651439],[139.704105,35.651512],[139.70417,35.651611],[139.704198,35.651656],[139.70422,35.651684],[139.704262,35.651744],[139.704397,35.651941],[139.704495,35.652088],[139.704626,35.652287],[139.704722,35.652437],[139.704833,35.65261]]},"properties":{"id":"-48274900#4","name":"\u516b\u5e61\u901a\u308a","tier":"local","w":2,"lanes":1,"vmax":11.1,"len":254.7}},{"type":"Feature","geometry":{"type":"LineString","coordinates":[[139.696731,35.652193],[139.696761,35.652147],[139.696889,35.651947],[139.696949,35.651851],[139.696995,35.651763]]},"properties":{"id":"-49257908","name":"\u91ce\u6ca2\u901a\u308a","tier":"local","w":2,"lanes":1,"vmax":22.2,"len":53.4}},{"type":"Feature","geometry":{"type":"LineString","coordinates":[[139.695539,35.653786],[139.695666,35.65392],[139.695835,35.654098],[139.696004,35.654276],[139.696173,35.654455],[139.696285,35.654578],[139.69645,35.654759],[139.696571,35.654893]]},"properties":{"id":"-49257986#0","name":"","tier":"local","w":2,"lanes":1,"vmax":8.3,"len":154.3}},{"type":"Feature","geometry":{"type":"LineString","coordinates":[[139.694672,35.652864],[139.694819,35.65302],[139.694987,35.653199],[139.695155,35.653377],[139.695323,35.653556],[139.695441,35.653683]]},"properties":{"id":"-49257986#1","name":"","tier":"local","w":2,"lanes":1,"vmax":8.3,"len":114.5}},{"type":"Feature","geometry":{"type":"LineString","coordinates":[[139.702104,35.651907],[139.702313,35.652042],[139.70253,35.652182],[139.702703,35.652286],[139.702706,35.652288],[139.70292,35.65243],[139.702993,35.652478],[139.703127,35.652566],[139.703345,35.6527],[139.703565,35.652836],[139.703785,35.652972],[139.703791,35.652975],[139.704007,35.653115],[139.704223,35.653254],[139.704345,35.653309],[139.70435,35.653311],[139.704593,35.653417],[139.704772,35.653498],[139.704842,35.653518]]},"properties":{"id":"-50988451#0","name":"","tier":"local","w":2,"lanes":1,"vmax":22.2,"len":306.5}},{"type":"Feature","geometry":{"type":"LineString","coordinates":[[139.699577,35.650469],[139.699587,35.650474],[139.699614,35.650489],[139.699842,35.650616],[139.70007,35.650744],[139.700298,35.650871],[139.700329,35.650888],[139.700558,35.651015],[139.700687,35.65108],[139.700922,35.651199],[139.700939,35.651209],[139.701123,35.651307],[139.701354,35.651431],[139.70138,35.651444],[139.701601,35.651561],[139.701754,35.651667],[139.701964,35.651814],[139.70198,35.651825]]},"properties":{"id":"-50988451#1","name":"","tier":"local","w":2,"lanes":1,"vmax":22.2,"len":264.8}},{"type":"Feature","geometry":{"type":"LineString","coordinates":[[139.711924,35.652536],[139.711902,35.652529],[139.711869,35.65252],[139.711751,35.652484],[139.711492,35.652404],[139.711232,35.652324],[139.711153,35.652285]]},"properties":{"id":"-55343563","name":"","tier":"local","w":2,"lanes":1,"vmax":22.2,"len":75.3}},{"type":"Feature","geometry":{"type":"LineString","coordinates":[[139.707057,35.652936],[139.706924,35.652754],[139.706783,35.652561],[139.706759,35.652528]]},"properties":{"id":"-55893476#0","name":"","tier":"local","w":2,"lanes":1,"vmax":8.3,"len":52.7}},{"type":"Feature","geometry":{"type":"LineString","coordinates":[[139.707226,35.65326],[139.707195,35.65321],[139.707126,35.653049]]},"properties":{"id":"-55893476#1","name":"","tier":"local","w":2,"lanes":1,"vmax":8.3,"len":25.1}},{"type":"Feature","geometry":{"type":"LineString","coordinates":[[139.707675,35.653756],[139.707661,35.653722],[139.707584,35.653563],[139.707565,35.653536],[139.707547,35.653519],[139.707502,35.653479],[139.707483,35.653463],[139.707455,35.653438],[139.707278,35.653305],[139.707275,35.653303]]},"properties":{"id":"-55893476#2","name":"","tier":"local","w":2,"lanes":1,"vmax":8.3,"len":63.2}},{"type":"Feature","geometry":{"type":"LineString","coordinates":[[139.701933,35.652007],[139.70197,35.651934]]},"properties":{"id":"-56251322#0","name":"","tier":"local","w":2,"lanes":1,"vmax":8.3,"len":8.8}},{"type":"Feature","geometry":{"type":"LineString","coordinates":[[139.700989,35.654152],[139.700993,35.654143],[139.701062,35.653986],[139.701155,35.653774],[139.701175,35.653732],[139.701273,35.653521],[139.701372,35.653311],[139.701387,35.653276],[139.701477,35.653063],[139.701568,35.65285],[139.701658,35.652637],[139.701749,35.652424],[139.701839,35.652211],[139.701875,35.652128]]},"properties":{"id":"-56251322#1","name":"","tier":"local","w":2,"lanes":1,"vmax":8.3,"len":238.4}},{"type":"Feature","geometry":{"type":"LineString","coordinates":[[139.701057,35.654598],[139.701033,35.654495],[139.700986,35.654295]]},"properties":{"id":"-56251322#2","name":"","tier":"local","w":2,"lanes":1,"vmax":8.3,"len":34.3}},{"type":"Feature","geometry":{"type":"LineString","coordinates":[[139.701218,35.655238],[139.701184,35.655103],[139.701128,35.654882],[139.701089,35.654728]]},"properties":{"id":"-56251322#3","name":"","tier":"local","w":2,"lanes":1,"vmax":8.3,"len":57.8}},{"type":"Feature","geometry":{"type":"LineString","coordinates":[[139.706465,35.65494],[139.706492,35.654983],[139.706517,35.65502]]},"properties":{"id":"-56757428#1","name":"\u4e26\u6728\u6a4b","tier":"local","w":2,"lanes":1,"vmax":11.1,"len":10.0}},{"type":"Feature","geometry":{"type":"LineString","coordinates":[[139.700414,35.662245],[139.700677,35.662219],[139.70074,35.662209]]},"properties":{"id":"-691240263#1","name":"\u30d5\u30a3\u30f3\u30ac\u30fc\u30a2\u30d9\u30cb\u30e5\u30fc","tier":"local","w":2,"lanes":1,"vmax":22.2,"len":29.8}},{"type":"Feature","geometry":{"type":"LineString","coordinates":[[139.699375,35.662345],[139.699419,35.662341],[139.69953,35.66233],[139.699804,35.662304],[139.700079,35.662278],[139.700291,35.662257]]},"properties":{"id":"-691240263#3","name":"\u30d5\u30a3\u30f3\u30ac\u30fc\u30a2\u30d9\u30cb\u30e5\u30fc","tier":"local","w":2,"lanes":1,"vmax":22.2,"len":83.5}},{"type":"Feature","geometry":{"type":"LineString","coordinates":[[139.700848,35.661187],[139.700847,35.661294],[139.700846,35.661408],[139.700845,35.661633],[139.700843,35.661858],[139.700842,35.662084],[139.700844,35.662138]]},"properties":{"id":"-691240265#3","name":"\u795e\u5bae\u901a\u308a","tier":"local","w":2,"lanes":1,"vmax":22.2,"len":105.5}},{"type":"Feature","geometry":{"type":"LineString","coordinates":[[139.701359,35.663369],[139.701408,35.663389],[139.701528,35.663425],[139.701787,35.663504],[139.702046,35.663582],[139.702098,35.663598]]},"properties":{"id":"-798794765#1","name":"\u795e\u5bae\u901a\u308a","tier":"local","w":2,"lanes":1,"vmax":22.2,"len":71.6}},{"type":"Feature","geometry":{"type":"LineString","coordinates":[[139.691843,35.655989],[139.691828,35.656017],[139.691722,35.656225],[139.691616,35.656433],[139.691525,35.656611]]},"properties":{"id":"-813227199#0","name":"\u65e7\u5c71\u624b\u901a\u308a","tier":"arterial","w":4,"lanes":2,"vmax":13.9,"len":74.8}},{"type":"Feature","geometry":{"type":"LineString","coordinates":[[139.692367,35.655249],[139.692242,35.655419],[139.692099,35.655612],[139.691957,35.655804],[139.691929,35.655845]]},"properties":{"id":"-813227199#1","name":"\u65e7\u5c71\u624b\u901a\u308a","tier":"arterial","w":4,"lanes":2,"vmax":13.9,"len":77.2}},{"type":"Feature","geometry":{"type":"LineString","coordinates":[[139.692654,35.654861],[139.692642,35.654875],[139.692562,35.654984],[139.692451,35.655135]]},"properties":{"id":"-813227199#3","name":"\u65e7\u5c71\u624b\u901a\u308a","tier":"arterial","w":4,"lanes":2,"vmax":13.9,"len":35.6}},{"type":"Feature","geometry":{"type":"LineString","coordinates":[[139.692876,35.654477],[139.692925,35.654413],[139.693071,35.654222],[139.693104,35.654177]]},"properties":{"id":"-813362765#1","name":"\u65e7\u5c71\u624b\u901a\u308a","tier":"arterial","w":4,"lanes":2,"vmax":27.8,"len":39.2}},{"type":"Feature","geometry":{"type":"LineString","coordinates":[[139.693935,35.653423],[139.693888,35.653465],[139.693703,35.653632],[139.693517,35.653799],[139.693475,35.653837],[139.693449,35.653866],[139.693415,35.653905]]},"properties":{"id":"-817025208#1","name":"\u65e7\u5c71\u624b\u901a\u308a","tier":"arterial","w":4,"lanes":2,"vmax":13.9,"len":71.3}},{"type":"Feature","geometry":{"type":"LineString","coordinates":[[139.694548,35.652869],[139.694429,35.652977],[139.694289,35.653103]]},"properties":{"id":"-817025208#3","name":"\u65e7\u5c71\u624b\u901a\u308a","tier":"arterial","w":4,"lanes":2,"vmax":13.9,"len":35.0}},{"type":"Feature","geometry":{"type":"LineString","coordinates":[[139.694929,35.652529],[139.694797,35.652647],[139.694674,35.652756]]},"properties":{"id":"-817025208#4","name":"\u65e7\u5c71\u624b\u901a\u308a","tier":"arterial","w":4,"lanes":2,"vmax":13.9,"len":34.2}},{"type":"Feature","geometry":{"type":"LineString","coordinates":[[139.695554,35.651966],[139.695436,35.652072],[139.69525,35.652239],[139.695065,35.652405],[139.695036,35.652432]]},"properties":{"id":"-817025208#6","name":"\u65e7\u5c71\u624b\u901a\u308a","tier":"arterial","w":4,"lanes":2,"vmax":13.9,"len":69.8}},{"type":"Feature","geometry":{"type":"LineString","coordinates":[[139.701131,35.656959],[139.701277,35.6569],[139.701525,35.6568],[139.701555,35.656788]]},"properties":{"id":"-822783956#1","name":"\u6e0b\u8c37\u533a\u7279\u5225\u533a\u90531076\u53f7\u7dda\uff08\u88dc\u52a918\u53f7\u7dda\uff09","tier":"local","w":2,"lanes":1,"vmax":11.1,"len":42.8}},{"type":"Feature","geometry":{"type":"LineString","coordinates":[[139.701462,35.654185],[139.701292,35.654204],[139.701082,35.65423]]},"properties":{"id":"-833121313#0","name":"\u6e0b\u8c37\u533a\u7279\u5225\u533a\u9053870\u53f7\u7dda","tier":"local","w":2,"lanes":1,"vmax":8.3,"len":34.8}},{"type":"Feature","geometry":{"type":"LineString","coordinates":[[139.702759,35.654227],[139.702696,35.654228],[139.702628,35.654219],[139.702568,35.65421],[139.702419,35.654187],[139.70234,35.654176],[139.702179,35.654165],[139.701978,35.654159],[139.701796,35.654165],[139.701622,35.654173]]},"properties":{"id":"-833121313#1","name":"\u6e0b\u8c37\u533a\u7279\u5225\u533a\u9053870\u53f7\u7dda","tier":"local","w":2,"lanes":1,"vmax":8.3,"len":103.6}},{"type":"Feature","geometry":{"type":"LineString","coordinates":[[139.703895,35.654272],[139.703892,35.65427],[139.703873,35.654265],[139.703761,35.654252],[139.703653,35.654236],[139.703525,35.654221],[139.703456,35.654215],[139.703406,35.654217],[139.70331,35.654218],[139.703084,35.654224],[139.702981,35.654226],[139.702921,35.654226]]},"properties":{"id":"-833121313#2","name":"\u6e0b\u8c37\u533a\u7279\u5225\u533a\u9053870\u53f7\u7dda","tier":"local","w":2,"lanes":1,"vmax":8.3,"len":88.7}},{"type":"Feature","geometry":{"type":"LineString","coordinates":[[139.704293,35.654477],[139.704243,35.654457],[139.704158,35.654416],[139.704031,35.654343]]},"properties":{"id":"-833121313#3","name":"\u6e0b\u8c37\u533a\u7279\u5225\u533a\u9053870\u53f7\u7dda","tier":"local","w":2,"lanes":1,"vmax":8.3,"len":28.0}},{"type":"Feature","geometry":{"type":"LineString","coordinates":[[139.708762,35.654581],[139.70891,35.654666],[139.709069,35.654758]]},"properties":{"id":"-84154024#0","name":"","tier":"local","w":2,"lanes":1,"vmax":8.3,"len":34.0}},{"type":"Feature","geometry":{"type":"LineString","coordinates":[[139.707889,35.654093],[139.707969,35.654141],[139.708161,35.654255],[139.70829,35.654333],[139.708455,35.654414],[139.708584,35.654484]]},"properties":{"id":"-84154024#2","name":"","tier":"local","w":2,"lanes":1,"vmax":8.3,"len":76.5}},{"type":"Feature","geometry":{"type":"LineString","coordinates":[[139.710852,35.65579],[139.710803,35.655762],[139.710576,35.655634],[139.710348,35.655506],[139.710127,35.655381]]},"properties":{"id":"-84514717#0","name":"","tier":"local","w":2,"lanes":1,"vmax":8.3,"len":79.8}},{"type":"Feature","geometry":{"type":"LineString","coordinates":[[139.714013,35.657098],[139.713897,35.657067],[139.713635,35.656997],[139.713444,35.656948],[139.713282,35.656897],[139.713217,35.656872],[139.712967,35.656777],[139.712964,35.656775],[139.712715,35.656678],[139.712589,35.656623],[139.712585,35.656621],[139.712344,35.656512],[139.712103,35.656402],[139.711888,35.656313],[139.711642,35.656211],[139.711515,35.656153],[139.711316,35.656055],[139.711113,35.655929],[139.711022,35.655882]]},"properties":{"id":"-84514717#1","name":"","tier":"local","w":2,"lanes":1,"vmax":8.3,"len":303.8}},{"type":"Feature","geometry":{"type":"LineString","coordinates":[[139.710797,35.657293],[139.710772,35.657261],[139.710762,35.65723],[139.710762,35.657199],[139.710773,35.657109],[139.710799,35.656884],[139.710811,35.656791],[139.710838,35.656566],[139.710866,35.656342],[139.710893,35.656118],[139.710919,35.655906]]},"properties":{"id":"-84514718","name":"","tier":"local","w":2,"lanes":1,"vmax":8.3,"len":155.4}},{"type":"Feature","geometry":{"type":"LineString","coordinates":[[139.697816,35.659023],[139.697878,35.659049],[139.698068,35.659106],[139.69813,35.659123]]},"properties":{"id":"-907042281","name":"\u9053\u7384\u5742","tier":"local","w":2,"lanes":1,"vmax":22.2,"len":30.6}},{"type":"Feature","geometry":{"type":"LineString","coordinates":[[139.69737,35.658763],[139.697528,35.658879],[139.697632,35.658938],[139.697705,35.658973]]},"properties":{"id":"-907042282#0","name":"\u9053\u7384\u5742","tier":"local","w":2,"lanes":1,"vmax":11.1,"len":38.3}},{"type":"Feature","geometry":{"type":"LineString","coordinates":[[139.696545,35.657943],[139.696624,35.658037],[139.69678,35.658223],[139.696935,35.658408],[139.697097,35.658551],[139.697238,35.658661],[139.697273,35.658688],[139.697282,35.658695]]},"properties":{"id":"-907042282#3","name":"\u9053\u7384\u5742","tier":"local","w":2,"lanes":1,"vmax":11.1,"len":107.3}},{"type":"Feature","geometry":{"type":"LineString","coordinates":[[139.696224,35.657551],[139.696316,35.657664],[139.696449,35.657828],[139.696456,35.657836]]},"properties":{"id":"-907042282#5","name":"\u9053\u7384\u5742","tier":"local","w":2,"lanes":1,"vmax":11.1,"len":38.0}},{"type":"Feature","geometry":{"type":"LineString","coordinates":[[139.708583,35.661113],[139.708571,35.661131],[139.708545,35.661166]]},"properties":{"id":"-914330752#0","name":"\u516b\u5e61\u901a\u308a","tier":"local","w":2,"lanes":1,"vmax":11.1,"len":6.8}},{"type":"Feature","geometry":{"type":"LineString","coordinates":[[139.708941,35.6602],[139.7089,35.660343],[139.708875,35.660413],[139.708862,35.660448],[139.708783,35.660664],[139.708704,35.66088],[139.708664,35.660977],[139.70864,35.66102]]},"properties":{"id":"-914330752#3","name":"\u516b\u5e61\u901a\u308a","tier":"local","w":2,"lanes":1,"vmax":11.1,"len":95.1}},{"type":"Feature","geometry":{"type":"LineString","coordinates":[[139.708683,35.658775],[139.708705,35.658814],[139.708711,35.658826],[139.708802,35.659017],[139.708806,35.659025],[139.708901,35.659237],[139.708924,35.659317],[139.708938,35.659414],[139.708957,35.659623],[139.708968,35.659819],[139.708975,35.659961],[139.708972,35.660059],[139.708965,35.660097]]},"properties":{"id":"-914330752#4","name":"\u516b\u5e61\u901a\u308a","tier":"local","w":2,"lanes":1,"vmax":11.1,"len":150.8}},{"type":"Feature","geometry":{"type":"LineString","coordinates":[[139.708574,35.658582],[139.708591,35.658612],[139.708631,35.658682]]},"properties":{"id":"-914330752#6","name":"\u516b\u5e61\u901a\u308a","tier":"local","w":2,"lanes":1,"vmax":11.1,"len":12.2}},{"type":"Feature","geometry":{"type":"LineString","coordinates":[[139.708512,35.661234],[139.708363,35.661412],[139.70833,35.661451],[139.708254,35.661539]]},"properties":{"id":"-914330755#2","name":"\u516b\u5e61\u901a\u308a","tier":"local","w":2,"lanes":1,"vmax":11.1,"len":41.1}},{"type":"Feature","geometry":{"type":"LineString","coordinates":[[139.697634,35.655744],[139.697616,35.65577],[139.697483,35.655967],[139.697456,35.656007]]},"properties":{"id":"-915103111#1","name":"","tier":"local","w":2,"lanes":1,"vmax":22.2,"len":33.3}},{"type":"Feature","geometry":{"type":"LineString","coordinates":[[139.697389,35.656155],[139.697353,35.656237]]},"properties":{"id":"-915103113","name":"","tier":"local","w":2,"lanes":1,"vmax":22.2,"len":9.7}},{"type":"Feature","geometry":{"type":"LineString","coordinates":[[139.712493,35.6587],[139.712494,35.658698]]},"properties":{"id":"-922476288","name":"","tier":"local","w":2,"lanes":1,"vmax":8.3,"len":0.2}},{"type":"Feature","geometry":{"type":"LineString","coordinates":[[139.708433,35.658339],[139.708457,35.658379]]},"properties":{"id":"-922476300","name":"\u516b\u5e61\u901a\u308a","tier":"local","w":2,"lanes":1,"vmax":11.1,"len":5.0}},{"type":"Feature","geometry":{"type":"LineString","coordinates":[[139.702742,35.661757],[139.702696,35.661769],[139.702433,35.661838],[139.702299,35.661878]]},"properties":{"id":"-931455735#1","name":"\u7f8e\u7af9\u901a\u308a","tier":"local","w":2,"lanes":1,"vmax":22.2,"len":42.4}},{"type":"Feature","geometry":{"type":"LineString","coordinates":[[139.704295,35.661267],[139.704243,35.661285],[139.703992,35.661365],[139.703735,35.661448],[139.703478,35.66153],[139.703221,35.661613],[139.703055,35.661665]]},"properties":{"id":"-931455735#5","name":"\u7f8e\u7af9\u901a\u308a","tier":"local","w":2,"lanes":1,"vmax":22.2,"len":120.6}},{"type":"Feature","geometry":{"type":"LineString","coordinates":[[139.704875,35.660954],[139.704832,35.660978],[139.704606,35.661108],[139.704445,35.6612]]},"properties":{"id":"-931455735#6","name":"\u7f8e\u7af9\u901a\u308a","tier":"local","w":2,"lanes":1,"vmax":22.2,"len":47.5}},{"type":"Feature","geometry":{"type":"LineString","coordinates":[[139.713448,35.652835],[139.713318,35.652826],[139.713202,35.652804],[139.712932,35.652754],[139.712704,35.652707],[139.712436,35.652651],[139.71224,35.652602],[139.712129,35.652582],[139.712091,35.652574]]},"properties":{"id":"-93185576","name":"","tier":"local","w":2,"lanes":1,"vmax":22.2,"len":126.5}},{"type":"Feature","geometry":{"type":"LineString","coordinates":[[139.696839,35.660595],[139.696785,35.66064],[139.696736,35.660685],[139.696659,35.660756],[139.696518,35.660885]]},"properties":{"id":"-945779623#1","name":"\u30aa\u30fc\u30c1\u30e3\u30fc\u30c9\u30ed\u30fc\u30c9","tier":"local","w":2,"lanes":1,"vmax":22.2,"len":43.4}},{"type":"Feature","geometry":{"type":"LineString","coordinates":[[139.70201,35.668688],[139.702014,35.668711]]},"properties":{"id":"-967529919#0","name":"","tier":"local","w":2,"lanes":1,"vmax":11.1,"len":2.6}},{"type":"Feature","geometry":{"type":"LineString","coordinates":[[139.701806,35.666776],[139.701825,35.666997],[139.701845,35.667222],[139.701864,35.667447],[139.701884,35.667672],[139.701903,35.667896],[139.701923,35.668121],[139.701941,35.668264],[139.701964,35.668436],[139.701987,35.66856]]},"properties":{"id":"-967529919#1","name":"","tier":"local","w":2,"lanes":1,"vmax":11.1,"len":198.6}},{"type":"Feature","geometry":{"type":"LineString","coordinates":[[139.702028,35.668782],[139.702071,35.668982],[139.702101,35.66912]]},"properties":{"id":"-967529921#1","name":"","tier":"local","w":2,"lanes":2,"vmax":11.1,"len":38.1}},{"type":"Feature","geometry":{"type":"LineString","coordinates":[[139.693243,35.65411],[139.693165,35.654206]]},"properties":{"id":"-968189476","name":"\u65e7\u5c71\u624b\u901a\u308a(\u795e\u6cc9\u753a)","tier":"arterial","w":4,"lanes":2,"vmax":13.9,"len":12.7}},{"type":"Feature","geometry":{"type":"LineString","coordinates":[[139.699451,35.662065],[139.69944,35.66208],[139.699401,35.662137],[139.699367,35.662197],[139.699335,35.662271]]},"properties":{"id":"-976275941#0","name":"\u516c\u5712\u901a\u308a","tier":"local","w":2,"lanes":1,"vmax":22.2,"len":25.2}},{"type":"Feature","geometry":{"type":"LineString","coordinates":[[139.70018,35.661472],[139.700164,35.661483],[139.700089,35.661539],[139.699927,35.661657],[139.699782,35.66177],[139.699599,35.661914],[139.699538,35.661968],[139.699518,35.661989]]},"properties":{"id":"-976275941#1","name":"\u516c\u5712\u901a\u308a","tier":"local","w":2,"lanes":1,"vmax":22.2,"len":83.0}},{"type":"Feature","geometry":{"type":"LineString","coordinates":[[139.700718,35.66114],[139.700665,35.661142],[139.700629,35.661153],[139.700594,35.661166],[139.700559,35.661182],[139.700527,35.661201],[139.700423,35.661283],[139.700281,35.661394]]},"properties":{"id":"-976275941#3","name":"\u516c\u5712\u901a\u308a","tier":"local","w":2,"lanes":1,"vmax":22.2,"len":49.9}},{"type":"Feature","geometry":{"type":"LineString","coordinates":[[139.699183,35.662352],[139.699199,35.662353]]},"properties":{"id":"-976275942","name":"\u30aa\u30eb\u30ac\u30f3\u5742(\u52e4\u52b4\u798f\u7949\u4f1a\u9928\u524d)","tier":"local","w":2,"lanes":1,"vmax":22.2,"len":1.4}},{"type":"Feature","geometry":{"type":"LineString","coordinates":[[139.699335,35.662271],[139.699325,35.662297]]},"properties":{"id":"-976275946","name":"\u516c\u5712\u901a\u308a(\u52e4\u52b4\u798f\u7949\u4f1a\u9928\u524d)","tier":"local","w":2,"lanes":1,"vmax":22.2,"len":3.0}},{"type":"Feature","geometry":{"type":"LineString","coordinates":[[139.699291,35.662436],[139.699286,35.662482]]},"properties":{"id":"-976275950","name":"\u516c\u5712\u901a\u308a(\u52e4\u52b4\u798f\u7949\u4f1a\u9928\u524d)","tier":"local","w":2,"lanes":1,"vmax":8.3,"len":5.1}},{"type":"Feature","geometry":{"type":"LineString","coordinates":[[139.690348,35.655324],[139.690441,35.655305],[139.690708,35.655249],[139.690845,35.65522],[139.69111,35.655158],[139.691375,35.655095],[139.691498,35.655066],[139.691533,35.655053]]},"properties":{"id":"1027433793#0","name":"\u6de1\u5cf6\u901a\u308a","tier":"distributor","w":3,"lanes":1,"vmax":11.1,"len":111.5}},{"type":"Feature","geometry":{"type":"LineString","coordinates":[[139.691595,35.655031],[139.691597,35.65503]]},"properties":{"id":"1027433793#3","name":"\u6de1\u5cf6\u901a\u308a","tier":"distributor","w":3,"lanes":1,"vmax":11.1,"len":0.2}},{"type":"Feature","geometry":{"type":"LineString","coordinates":[[139.690054,35.655312],[139.690007,35.65532],[139.689928,35.655329],[139.689716,35.655355],[139.68944,35.655371],[139.689377,35.655375],[139.689133,35.655387],[139.688934,35.655393],[139.688846,35.655393],[139.688578,35.655388],[139.688304,35.655375],[139.688163,35.655363],[139.688057,35.655352],[139.687947,35.655341],[139.687699,35.65533],[139.68755,35.655339],[139.687461,35.655344],[139.687695,35.655389],[139.687905,35.655429],[139.688044,35.655441],[139.688142,35.655448],[139.688418,35.655469],[139.688595,35.655482],[139.688831,35.655486],[139.689107,35.655478],[139.689159,35.655477],[139.689403,35.655468],[139.689623,35.655446],[139.689893,35.655401],[139.689933,35.655394]]},"properties":{"id":"1027433798#0","name":"\u6de1\u5cf6\u901a\u308a \u677e\u898b\u5742","tier":"distributor","w":3,"lanes":1,"vmax":11.1,"len":461.6}},{"type":"Feature","geometry":{"type":"LineString","coordinates":[[139.690355,35.655759],[139.6904,35.655848],[139.690453,35.655946],[139.690508,35.656047],[139.690559,35.656143],[139.690606,35.656236],[139.690705,35.656446],[139.690804,35.656656],[139.690864,35.656785],[139.690909,35.656885],[139.690947,35.656984]]},"properties":{"id":"1027433799","name":"\u5c71\u624b\u901a\u308a","tier":"arterial","w":4,"lanes":2,"vmax":16.7,"len":146.2}},{"type":"Feature","geometry":{"type":"LineString","coordinates":[[139.690247,35.6555],[139.690247,35.655501]]},"properties":{"id":"1027433801#0","name":"\u5c71\u624b\u901a\u308a","tier":"arterial","w":4,"lanes":3,"vmax":16.7,"len":0.2}},{"type":"Feature","geometry":{"type":"LineString","coordinates":[[139.700573,35.659399],[139.700573,35.659398]]},"properties":{"id":"1033129755","name":"\u795e\u5bae\u901a\u308a","tier":"local","w":2,"lanes":2,"vmax":22.2,"len":0.2}},{"type":"Feature","geometry":{"type":"LineString","coordinates":[[139.700313,35.65925],[139.700316,35.659262],[139.700363,35.659278],[139.700396,35.659281],[139.700435,35.659278],[139.70046,35.659272],[139.700489,35.659259],[139.700518,35.659232],[139.700477,35.659221]]},"properties":{"id":"1033129758","name":"","tier":"local","w":2,"lanes":1,"vmax":22.2,"len":25.9}},{"type":"Feature","geometry":{"type":"LineString","coordinates":[[139.694645,35.655584],[139.69465,35.655584],[139.694695,35.655573],[139.694736,35.655548],[139.694765,35.655522],[139.694793,35.655489],[139.69481,35.65545],[139.69481,35.655446]]},"properties":{"id":"1033547240","name":"","tier":"arterial","w":3,"lanes":1,"vmax":22.2,"len":22.6}},{"type":"Feature","geometry":{"type":"LineString","coordinates":[[139.69548,35.655708],[139.695445,35.655699],[139.695357,35.655694],[139.69529,35.655706]]},"properties":{"id":"1033547242","name":"","tier":"arterial","w":3,"lanes":2,"vmax":22.2,"len":17.4}},{"type":"Feature","geometry":{"type":"LineString","coordinates":[[139.706594,35.660474],[139.706378,35.660336],[139.7062,35.660223]]},"properties":{"id":"1035566979#0","name":"\u9752\u5c71\u901a\u308a(\u9032\u8def\u5909\u66f4\u7981\u6b62)","tier":"arterial","w":5,"lanes":5,"vmax":27.8,"len":49.5}},{"type":"Feature","geometry":{"type":"LineString","coordinates":[[139.706894,35.660665],[139.706878,35.660655]]},"properties":{"id":"1035566980#0","name":"\u9752\u5c71\u901a\u308a","tier":"arterial","w":5,"lanes":5,"vmax":27.8,"len":1.8}},{"type":"Feature","geometry":{"type":"LineString","coordinates":[[139.706816,35.660615],[139.706597,35.660475]]},"properties":{"id":"1035566980#1","name":"\u9752\u5c71\u901a\u308a","tier":"arterial","w":5,"lanes":5,"vmax":27.8,"len":25.2}},{"type":"Feature","geometry":{"type":"LineString","coordinates":[[139.704639,35.658582],[139.704514,35.658434],[139.704457,35.658367],[139.70443,35.658323]]},"properties":{"id":"1035566982#0","name":"\u9752\u5c71\u901a\u308a(\u91d1\u738b\u5742)","tier":"arterial","w":5,"lanes":3,"vmax":16.7,"len":34.5}},{"type":"Feature","geometry":{"type":"LineString","coordinates":[[139.708152,35.661475],[139.708076,35.661426],[139.707856,35.66129],[139.707641,35.661157]]},"properties":{"id":"1035604237#0","name":"\u9752\u5c71\u901a\u308a","tier":"arterial","w":5,"lanes":4,"vmax":16.7,"len":58.2}},{"type":"Feature","geometry":{"type":"LineString","coordinates":[[139.699038,35.659398],[139.698838,35.659345],[139.698575,35.659274],[139.698313,35.659204],[139.698268,35.659192]]},"properties":{"id":"1035760830","name":"\u9053\u7384\u5742","tier":"local","w":2,"lanes":1,"vmax":22.2,"len":73.3}},{"type":"Feature","geometry":{"type":"LineString","coordinates":[[139.69911,35.659678],[139.699286,35.659609]]},"properties":{"id":"1035760831","name":"\u6587\u5316\u6751\u901a\u308a","tier":"local","w":2,"lanes":2,"vmax":8.3,"len":17.6}},{"type":"Feature","geometry":{"type":"LineString","coordinates":[[139.708758,35.671989],[139.708827,35.671985],[139.708874,35.671991],[139.70892,35.672003],[139.70898,35.672022]]},"properties":{"id":"1061981258#0","name":"","tier":"local","w":2,"lanes":1,"vmax":22.2,"len":20.8}},{"type":"Feature","geometry":{"type":"LineString","coordinates":[[139.70907,35.672053],[139.709125,35.672072],[139.7092,35.672097]]},"properties":{"id":"1061981258#1","name":"","tier":"local","w":2,"lanes":1,"vmax":22.2,"len":12.7}},{"type":"Feature","geometry":{"type":"LineString","coordinates":[[139.707922,35.671816],[139.707965,35.671876],[139.708006,35.671949],[139.708052,35.672036],[139.70808,35.672111]]},"properties":{"id":"1061981261#0","name":"\u660e\u6cbb\u901a\u308a","tier":"arterial","w":4,"lanes":3,"vmax":13.9,"len":35.9}},{"type":"Feature","geometry":{"type":"LineString","coordinates":[[139.698976,35.664259],[139.69903,35.664088],[139.699048,35.66403]]},"properties":{"id":"1066165139#0","name":"\u516c\u5712\u901a\u308a","tier":"local","w":2,"lanes":1,"vmax":8.3,"len":26.2}},{"type":"Feature","geometry":{"type":"LineString","coordinates":[[139.699095,35.663887],[139.699111,35.663839],[139.699173,35.66362],[139.699195,35.663544],[139.699208,35.663498],[139.69921,35.66349]]},"properties":{"id":"1066165139#2","name":"\u516c\u5712\u901a\u308a","tier":"local","w":2,"lanes":1,"vmax":8.3,"len":45.3}},{"type":"Feature","geometry":{"type":"LineString","coordinates":[[139.699236,35.66336],[139.699241,35.663319],[139.699244,35.663216],[139.699244,35.663014]]},"properties":{"id":"1066165139#4","name":"\u516c\u5712\u901a\u308a","tier":"local","w":2,"lanes":1,"vmax":8.3,"len":38.4}},{"type":"Feature","geometry":{"type":"LineString","coordinates":[[139.699245,35.662912],[139.699248,35.662741],[139.699251,35.662516],[139.699251,35.662483]]},"properties":{"id":"1066165139#6","name":"\u516c\u5712\u901a\u308a","tier":"local","w":2,"lanes":1,"vmax":8.3,"len":47.7}},{"type":"Feature","geometry":{"type":"LineString","coordinates":[[139.691314,35.656861],[139.691296,35.656899],[139.691272,35.656947]]},"properties":{"id":"1067228314#0","name":"\u65e7\u5c71\u624b\u901a\u308a","tier":"arterial","w":4,"lanes":2,"vmax":27.8,"len":10.3}},{"type":"Feature","geometry":{"type":"LineString","coordinates":[[139.691352,35.656973],[139.691374,35.656927],[139.691449,35.65671],[139.691464,35.656668]]},"properties":{"id":"1067228315","name":"\u65e7\u5c71\u624b\u901a\u308a","tier":"arterial","w":4,"lanes":2,"vmax":13.9,"len":35.4}},{"type":"Feature","geometry":{"type":"LineString","coordinates":[[139.693471,35.654287],[139.693473,35.654289]]},"properties":{"id":"1067228336","name":"\u7389\u5ddd\u901a\u308a","tier":"arterial","w":3,"lanes":3,"vmax":22.2,"len":0.2}},{"type":"Feature","geometry":{"type":"LineString","coordinates":[[139.693022,35.65398],[139.693078,35.65401],[139.693117,35.654034]]},"properties":{"id":"1067228338#0","name":"\u7389\u5ddd\u901a\u308a(\u795e\u6cc9\u753a)","tier":"arterial","w":3,"lanes":2,"vmax":22.2,"len":10.4}},{"type":"Feature","geometry":{"type":"LineString","coordinates":[[139.693607,35.654029],[139.693562,35.653997],[139.693504,35.65396]]},"properties":{"id":"1067228341#0","name":"\u7389\u5ddd\u901a\u308a(\u795e\u6cc9\u753a)","tier":"arterial","w":3,"lanes":2,"vmax":22.2,"len":12.1}},{"type":"Feature","geometry":{"type":"LineString","coordinates":[[139.693274,35.65383],[139.693245,35.653815]]},"properties":{"id":"1067228342","name":"\u7389\u5ddd\u901a\u308a(\u795e\u6cc9\u753a)","tier":"arterial","w":3,"lanes":1,"vmax":22.2,"len":3.1}},{"type":"Feature","geometry":{"type":"LineString","coordinates":[[139.694951,35.655591],[139.694876,35.655475]]},"properties":{"id":"1071659157","name":"\u9053\u7384\u5742(\u9053\u7384\u5742\u4e0a)","tier":"local","w":2,"lanes":1,"vmax":22.2,"len":14.5}},{"type":"Feature","geometry":{"type":"LineString","coordinates":[[139.695006,35.655949],[139.695008,35.65595]]},"properties":{"id":"1071659158","name":"\u9053\u7384\u5742(\u9053\u7384\u5742\u4e0a)","tier":"local","w":2,"lanes":2,"vmax":22.2,"len":0.2}},{"type":"Feature","geometry":{"type":"LineString","coordinates":[[139.695278,35.655617],[139.695068,35.65556]]},"properties":{"id":"1071659159","name":"\u6e0b\u8c37\u51fa\u53e3","tier":"arterial","w":3,"lanes":1,"vmax":22.2,"len":20.0}},{"type":"Feature","geometry":{"type":"LineString","coordinates":[[139.695252,35.655694],[139.695223,35.655732],[139.695174,35.655791]]},"properties":{"id":"1071659160#0","name":"\u6e0b\u8c37\u51fa\u53e3(\u9053\u7384\u5742\u4e0a)","tier":"arterial","w":3,"lanes":1,"vmax":22.2,"len":12.8}},{"type":"Feature","geometry":{"type":"LineString","coordinates":[[139.695272,35.655715],[139.695233,35.655751],[139.695185,35.655796]]},"properties":{"id":"1071659161#0","name":"(\u9053\u7384\u5742\u4e0a)","tier":"arterial","w":3,"lanes":2,"vmax":22.2,"len":11.9}},{"type":"Feature","geometry":{"type":"LineString","coordinates":[[139.695313,35.655899],[139.695567,35.655956]]},"properties":{"id":"1071659162","name":"\u7389\u5ddd\u901a\u308a","tier":"arterial","w":3,"lanes":2,"vmax":22.2,"len":23.8}},{"type":"Feature","geometry":{"type":"LineString","coordinates":[[139.695043,35.655833],[139.695045,35.655833]]},"properties":{"id":"1071659164","name":"\u7389\u5ddd\u901a\u308a(\u9053\u7384\u5742\u4e0a)","tier":"arterial","w":3,"lanes":2,"vmax":22.2,"len":0.2}},{"type":"Feature","geometry":{"type":"LineString","coordinates":[[139.695212,35.656123],[139.695174,35.656063]]},"properties":{"id":"1071659165","name":"\u9053\u7384\u5742(\u9053\u7384\u5742\u4e0a)","tier":"local","w":2,"lanes":2,"vmax":22.2,"len":7.4}},{"type":"Feature","geometry":{"type":"LineString","coordinates":[[139.695088,35.655501],[139.694987,35.655464],[139.694959,35.65545]]},"properties":{"id":"1071659179#0","name":"\u7389\u5ddd\u901a\u308a(\u9053\u7384\u5742\u4e0a)","tier":"arterial","w":3,"lanes":1,"vmax":22.2,"len":13.0}},{"type":"Feature","geometry":{"type":"LineString","coordinates":[[139.693322,35.664409],[139.693406,35.664283],[139.693528,35.664081],[139.69365,35.663879],[139.69373,35.663748]]},"properties":{"id":"1071667140#1","name":"\u3068\u307f\u306f\u3061\u901a\u308a","tier":"local","w":2,"lanes":1,"vmax":8.3,"len":82.1}},{"type":"Feature","geometry":{"type":"LineString","coordinates":[[139.693776,35.663672],[139.693789,35.663652],[139.693889,35.66356],[139.693995,35.663469],[139.694166,35.663292],[139.694198,35.663259]]},"properties":{"id":"1071667140#2","name":"\u3068\u307f\u306f\u3061\u901a\u308a","tier":"local","w":2,"lanes":1,"vmax":8.3,"len":59.8}},{"type":"Feature","geometry":{"type":"LineString","coordinates":[[139.694297,35.663158],[139.69442,35.663033],[139.694454,35.662999],[139.694594,35.662875],[139.6946,35.662869]]},"properties":{"id":"1071667141#0","name":"\u3068\u307f\u306f\u3061\u901a\u308a","tier":"local","w":2,"lanes":1,"vmax":8.3,"len":42.1}},{"type":"Feature","geometry":{"type":"LineString","coordinates":[[139.701156,35.659421],[139.701365,35.659423],[139.701442,35.659424],[139.701718,35.659447],[139.701993,35.65947],[139.702019,35.659472],[139.702156,35.659483],[139.702373,35.659512]]},"properties":{"id":"1071930093","name":"\u65e7\u5927\u5c71\u8857\u9053","tier":"local","w":2,"lanes":2,"vmax":22.2,"len":110.8}},{"type":"Feature","geometry":{"type":"LineString","coordinates":[[139.695946,35.657261],[139.695871,35.657148],[139.695741,35.656949],[139.695646,35.656805]]},"properties":{"id":"1074238465","name":"\u9053\u7384\u5742","tier":"local","w":2,"lanes":2,"vmax":11.1,"len":57.5}},{"type":"Feature","geometry":{"type":"LineString","coordinates":[[139.704134,35.657075],[139.703985,35.657209],[139.703799,35.657376],[139.703614,35.657543],[139.703428,35.657709],[139.703298,35.657826],[139.703262,35.657867]]},"properties":{"id":"1087233628#0","name":"\u660e\u6cbb\u901a\u308a","tier":"arterial","w":4,"lanes":4,"vmax":13.9,"len":118.1}},{"type":"Feature","geometry":{"type":"LineString","coordinates":[[139.704387,35.657103],[139.704574,35.656962],[139.704657,35.656899]]},"properties":{"id":"1087233629#0","name":"\u660e\u6cbb\u901a\u308a","tier":"arterial","w":4,"lanes":2,"vmax":13.9,"len":33.3}},{"type":"Feature","geometry":{"type":"LineString","coordinates":[[139.704734,35.656838],[139.704895,35.656706],[139.70509,35.656546],[139.705119,35.656522]]},"properties":{"id":"1087233629#2","name":"\u660e\u6cbb\u901a\u308a","tier":"arterial","w":4,"lanes":2,"vmax":13.9,"len":49.5}},{"type":"Feature","geometry":{"type":"LineString","coordinates":[[139.705194,35.656462],[139.705358,35.656336],[139.705397,35.656306]]},"properties":{"id":"1087233629#3","name":"\u660e\u6cbb\u901a\u308a","tier":"arterial","w":4,"lanes":2,"vmax":13.9,"len":25.3}},{"type":"Feature","geometry":{"type":"LineString","coordinates":[[139.705449,35.656266],[139.705652,35.656112],[139.705854,35.655959],[139.705963,35.655876]]},"properties":{"id":"1087233629#4","name":"\u660e\u6cbb\u901a\u308a","tier":"arterial","w":4,"lanes":2,"vmax":13.9,"len":63.6}},{"type":"Feature","geometry":{"type":"LineString","coordinates":[[139.706035,35.655817],[139.706103,35.655758],[139.70628,35.655585],[139.706382,35.655486],[139.706424,35.655448],[139.706468,35.655411],[139.706546,35.655347]]},"properties":{"id":"1087233629#5","name":"\u660e\u6cbb\u901a\u308a","tier":"arterial","w":4,"lanes":2,"vmax":13.9,"len":69.7}},{"type":"Feature","geometry":{"type":"LineString","coordinates":[[139.699551,35.659503],[139.699592,35.65951],[139.699677,35.65952]]},"properties":{"id":"1106270530","name":"\u9053\u7384\u5742","tier":"local","w":2,"lanes":2,"vmax":22.2,"len":11.6}},{"type":"Feature","geometry":{"type":"LineString","coordinates":[[139.700614,35.658334],[139.700615,35.658332]]},"properties":{"id":"1109680532","name":"\u795e\u5bae\u901a\u308a","tier":"local","w":2,"lanes":3,"vmax":22.2,"len":0.2}},{"type":"Feature","geometry":{"type":"LineString","coordinates":[[139.700515,35.659194],[139.700488,35.659124],[139.700452,35.659045],[139.700397,35.658944],[139.700385,35.658905],[139.70038,35.658863],[139.700392,35.658759],[139.700402,35.658683],[139.700418,35.658623],[139.700448,35.658549],[139.700479,35.658492],[139.700494,35.658468],[139.700521,35.658433],[139.70056,35.658378]]},"properties":{"id":"1109680532-AddedOnRampEdge","name":"\u795e\u5bae\u901a\u308a","tier":"local","w":2,"lanes":4,"vmax":22.2,"len":96.0}},{"type":"Feature","geometry":{"type":"LineString","coordinates":[[139.69932,35.659478],[139.699234,35.65945],[139.699171,35.659434],[139.699164,35.659432]]},"properties":{"id":"1110356210","name":"\u9053\u7384\u5742","tier":"local","w":2,"lanes":1,"vmax":22.2,"len":15.0}},{"type":"Feature","geometry":{"type":"LineString","coordinates":[[139.697061,35.655989],[139.69688,35.655937],[139.696776,35.655906]]},"properties":{"id":"1110356215","name":"\u7389\u5ddd\u901a\u308a","tier":"arterial","w":3,"lanes":1,"vmax":22.2,"len":27.4}},{"type":"Feature","geometry":{"type":"LineString","coordinates":[[139.695775,35.657826],[139.695841,35.65771],[139.696053,35.657561],[139.696072,35.657547],[139.696087,35.657536]]},"properties":{"id":"1110672666#1","name":"\u30e9\u30f3\u30d6\u30ea\u30f3\u30b0\u30b9\u30c8\u30ea\u30fc\u30c8","tier":"local","w":2,"lanes":1,"vmax":22.2,"len":43.7}},{"type":"Feature","geometry":{"type":"LineString","coordinates":[[139.698119,35.65915],[139.698056,35.659133],[139.697863,35.659076],[139.6978,35.659049]]},"properties":{"id":"1112568721#0","name":"\u9053\u7384\u5742","tier":"local","w":2,"lanes":1,"vmax":22.2,"len":31.1}},{"type":"Feature","geometry":{"type":"LineString","coordinates":[[139.702939,35.657987],[139.702773,35.657946],[139.702566,35.657881],[139.702313,35.657791],[139.702172,35.65774]]},"properties":{"id":"1117318750","name":"\u7389\u5ddd\u901a\u308a","tier":"arterial","w":3,"lanes":1,"vmax":16.7,"len":74.7}},{"type":"Feature","geometry":{"type":"LineString","coordinates":[[139.700921,35.657286],[139.700922,35.657284]]},"properties":{"id":"1117318751","name":"","tier":"local","w":2,"lanes":1,"vmax":22.2,"len":0.2}},{"type":"Feature","geometry":{"type":"LineString","coordinates":[[139.700815,35.657281],[139.700801,35.657308]]},"properties":{"id":"1117318753","name":"\u795e\u5bae\u901a\u308a","tier":"local","w":2,"lanes":2,"vmax":22.2,"len":3.3}},{"type":"Feature","geometry":{"type":"LineString","coordinates":[[139.700863,35.657402],[139.700864,35.6574]]},"properties":{"id":"1117318755","name":"\u795e\u5bae\u901a\u308a","tier":"local","w":2,"lanes":1,"vmax":22.2,"len":0.2}},{"type":"Feature","geometry":{"type":"LineString","coordinates":[[139.700904,35.657454],[139.701102,35.65752],[139.701357,35.657605],[139.701613,35.65769],[139.701651,35.657703],[139.701908,35.657785],[139.702117,35.657852],[139.702373,35.657936],[139.70263,35.658019],[139.702841,35.658087]]},"properties":{"id":"1117318756","name":"\u7389\u5ddd\u901a\u308a","tier":"arterial","w":5,"lanes":2,"vmax":16.7,"len":189.0}},{"type":"Feature","geometry":{"type":"LineString","coordinates":[[139.700718,35.657159],[139.700599,35.65712],[139.700524,35.657095],[139.700361,35.65704],[139.70027,35.657007],[139.700141,35.656962],[139.700014,35.656917],[139.699872,35.656871],[139.699616,35.656787],[139.69936,35.656703],[139.699103,35.656619],[139.698847,35.656535],[139.698606,35.656456]]},"properties":{"id":"1117318757#0","name":"\u7389\u5ddd\u901a\u308a","tier":"arterial","w":5,"lanes":3,"vmax":27.8,"len":206.5}},{"type":"Feature","geometry":{"type":"LineString","coordinates":[[139.698511,35.656426],[139.698299,35.656361],[139.698041,35.656283],[139.697782,35.656204],[139.697642,35.656162]]},"properties":{"id":"1117318757#1","name":"\u7389\u5ddd\u901a\u308a","tier":"arterial","w":5,"lanes":3,"vmax":27.8,"len":83.9}},{"type":"Feature","geometry":{"type":"LineString","coordinates":[[139.702169,35.657739],[139.701916,35.657653],[139.701738,35.657593],[139.701484,35.657505],[139.701229,35.657416],[139.701113,35.657376],[139.700944,35.657319]]},"properties":{"id":"1117318761","name":"\u7389\u5ddd\u901a\u308a","tier":"arterial","w":3,"lanes":1,"vmax":22.2,"len":120.3}},{"type":"Feature","geometry":{"type":"LineString","coordinates":[[139.700898,35.657285],[139.700897,35.657284]]},"properties":{"id":"1117793792","name":"\u7389\u5ddd\u901a\u308a","tier":"arterial","w":3,"lanes":1,"vmax":22.2,"len":0.2}},{"type":"Feature","geometry":{"type":"LineString","coordinates":[[139.690815,35.670436],[139.690807,35.670436],[139.690643,35.670404],[139.690554,35.670375],[139.690497,35.670338]]},"properties":{"id":"1124142895","name":"\u4ee3\u3005\u6728\u6dc0\u6a4b\u7dda","tier":"local","w":2,"lanes":1,"vmax":22.2,"len":31.3}},{"type":"Feature","geometry":{"type":"LineString","coordinates":[[139.69129,35.668485],[139.691402,35.668345]]},"properties":{"id":"1124142896#0","name":"\u4ee3\u3005\u6728\u6dc0\u6a4b\u7dda","tier":"local","w":2,"lanes":1,"vmax":13.9,"len":18.6}},{"type":"Feature","geometry":{"type":"LineString","coordinates":[[139.691489,35.668236],[139.691598,35.668103],[139.691668,35.668016],[139.691673,35.668009],[139.691711,35.667961]]},"properties":{"id":"1124142896#1","name":"\u4ee3\u3005\u6728\u6dc0\u6a4b\u7dda","tier":"local","w":2,"lanes":1,"vmax":13.9,"len":36.6}},{"type":"Feature","geometry":{"type":"LineString","coordinates":[[139.695569,35.663638],[139.695715,35.663726],[139.695757,35.663751],[139.695885,35.663825],[139.696103,35.663964],[139.696312,35.664096],[139.696488,35.664208]]},"properties":{"id":"1134321670#0","name":"","tier":"local","w":2,"lanes":1,"vmax":11.1,"len":104.4}},{"type":"Feature","geometry":{"type":"LineString","coordinates":[[139.695465,35.663675],[139.695382,35.663791],[139.695354,35.66383]]},"properties":{"id":"1134321671#0","name":"\u4e95\u30ce\u982d\u901a\u308a","tier":"local","w":2,"lanes":1,"vmax":11.1,"len":19.9}},{"type":"Feature","geometry":{"type":"LineString","coordinates":[[139.700661,35.659446],[139.700765,35.659438],[139.700806,35.659435],[139.70081,35.659435],[139.700942,35.659426],[139.701015,35.659423]]},"properties":{"id":"1134562280#0","name":"\u65e7\u5927\u5c71\u8857\u9053","tier":"local","w":2,"lanes":2,"vmax":22.2,"len":32.1}},{"type":"Feature","geometry":{"type":"LineString","coordinates":[[139.700281,35.659256],[139.700291,35.659281],[139.700309,35.659317],[139.700318,35.659331],[139.700335,35.659358],[139.700428,35.659407]]},"properties":{"id":"1134562284","name":"\u795e\u5bae\u901a\u308a","tier":"local","w":2,"lanes":1,"vmax":22.2,"len":22.4}},{"type":"Feature","geometry":{"type":"LineString","coordinates":[[139.699293,35.659605],[139.699326,35.659583],[139.699349,35.659564]]},"properties":{"id":"1134562286#0","name":"\u6587\u5316\u6751\u901a\u308a","tier":"local","w":2,"lanes":2,"vmax":22.2,"len":6.8}},{"type":"Feature","geometry":{"type":"LineString","coordinates":[[139.691135,35.668681],[139.691242,35.668525]]},"properties":{"id":"1143797530","name":"\u4ee3\u3005\u6728\u6dc0\u6a4b\u7dda","tier":"local","w":2,"lanes":2,"vmax":13.9,"len":19.8}},{"type":"Feature","geometry":{"type":"LineString","coordinates":[[139.700528,35.658088],[139.700492,35.658089],[139.70046,35.658097],[139.700434,35.658108]]},"properties":{"id":"1143863678","name":"","tier":"local","w":2,"lanes":1,"vmax":22.2,"len":8.9}},{"type":"Feature","geometry":{"type":"LineString","coordinates":[[139.700253,35.659117],[139.700278,35.659198],[139.700287,35.659224]]},"properties":{"id":"1143863680","name":"\u795e\u5bae\u901a\u308a","tier":"local","w":2,"lanes":2,"vmax":22.2,"len":12.3}},{"type":"Feature","geometry":{"type":"LineString","coordinates":[[139.706711,35.655203],[139.706733,35.655183],[139.706859,35.655055],[139.706986,35.654916],[139.707067,35.654826],[139.707223,35.654641],[139.707245,35.654615],[139.707351,35.654498],[139.70739,35.654468],[139.707476,35.654388],[139.707682,35.654238],[139.707772,35.654173],[139.707803,35.654153]]},"properties":{"id":"1147535099#0","name":"\u660e\u6cbb\u901a\u308a","tier":"arterial","w":4,"lanes":3,"vmax":13.9,"len":153.4}},{"type":"Feature","geometry":{"type":"LineString","coordinates":[[139.707747,35.654094],[139.707715,35.654114],[139.707506,35.654261],[139.707379,35.654351],[139.707293,35.654425],[139.707212,35.6545],[139.707058,35.654688],[139.706948,35.654822],[139.706784,35.655004],[139.706734,35.65506],[139.70669,35.655108],[139.706638,35.655152]]},"properties":{"id":"1147535100#0","name":"\u660e\u6cbb\u901a\u308a","tier":"arterial","w":4,"lanes":2,"vmax":27.8,"len":155.4}},{"type":"Feature","geometry":{"type":"LineString","coordinates":[[139.703254,35.672259],[139.703156,35.672064],[139.703108,35.671967],[139.703073,35.671873],[139.703023,35.671695],[139.703,35.671608],[139.702979,35.671526],[139.702928,35.671305],[139.702897,35.671174],[139.702856,35.671012],[139.702836,35.670905],[139.702833,35.670788],[139.702836,35.670664],[139.702853,35.670442],[139.702854,35.670364],[139.702851,35.670296],[139.702846,35.670211],[139.702824,35.669987],[139.70282,35.669937],[139.702798,35.669758],[139.702793,35.669721],[139.702767,35.669535]]},"properties":{"id":"1152617163#0","name":"","tier":"local","w":2,"lanes":1,"vmax":11.1,"len":307.7}},{"type":"Feature","geometry":{"type":"LineString","coordinates":[[139.691199,35.672561],[139.691185,35.67256],[139.691121,35.672551],[139.691026,35.672526],[139.690927,35.67251],[139.690824,35.67249],[139.69075,35.672453],[139.690701,35.672405],[139.69067,35.672355],[139.690642,35.672278],[139.690626,35.672166],[139.690633,35.672035],[139.690644,35.671959]]},"properties":{"id":"115447425#0","name":"\u4ee3\u3005\u6728\u6dc0\u6a4b\u7dda\uff08\u5074\u9053\uff09","tier":"local","w":2,"lanes":1,"vmax":22.2,"len":100.3}},{"type":"Feature","geometry":{"type":"LineString","coordinates":[[139.690666,35.671828],[139.690687,35.671732],[139.690673,35.671538],[139.690626,35.671317],[139.690624,35.671309],[139.690616,35.67116],[139.690619,35.671099],[139.690638,35.671032],[139.690675,35.670954],[139.69074,35.670877],[139.690809,35.670829],[139.690862,35.670805],[139.690873,35.670801],[139.690879,35.670799]]},"properties":{"id":"115447425#1","name":"\u4ee3\u3005\u6728\u6dc0\u6a4b\u7dda\uff08\u5074\u9053\uff09","tier":"local","w":2,"lanes":1,"vmax":22.2,"len":124.2}},{"type":"Feature","geometry":{"type":"LineString","coordinates":[[139.697559,35.656136],[139.697502,35.656119]]},"properties":{"id":"1160263983","name":"\u7389\u5ddd\u901a\u308a","tier":"arterial","w":5,"lanes":2,"vmax":27.8,"len":5.4}},{"type":"Feature","geometry":{"type":"LineString","coordinates":[[139.693243,35.653814],[139.693064,35.653728],[139.692883,35.653651],[139.69269,35.653579],[139.692432,35.653497],[139.692364,35.653475],[139.692204,35.653429]]},"properties":{"id":"116837756#0","name":"\u7389\u5ddd\u901a\u308a","tier":"arterial","w":3,"lanes":1,"vmax":22.2,"len":103.5}},{"type":"Feature","geometry":{"type":"LineString","coordinates":[[139.692105,35.653399],[139.691911,35.653341]]},"properties":{"id":"116837756#1","name":"\u7389\u5ddd\u901a\u308a","tier":"arterial","w":3,"lanes":1,"vmax":22.2,"len":18.7}},{"type":"Feature","geometry":{"type":"LineString","coordinates":[[139.691814,35.653312],[139.691602,35.653252],[139.691414,35.653198]]},"properties":{"id":"116837756#2","name":"\u7389\u5ddd\u901a\u308a","tier":"arterial","w":3,"lanes":1,"vmax":22.2,"len":38.3}},{"type":"Feature","geometry":{"type":"LineString","coordinates":[[139.691297,35.653164],[139.691128,35.653115],[139.691,35.653091]]},"properties":{"id":"116837756#3","name":"\u7389\u5ddd\u901a\u308a","tier":"arterial","w":3,"lanes":1,"vmax":22.2,"len":28.1}},{"type":"Feature","geometry":{"type":"LineString","coordinates":[[139.70107,35.657065],[139.701038,35.657103],[139.701019,35.657127]]},"properties":{"id":"1201531278#0","name":"\u6e0b\u8c37\u533a\u7279\u5225\u533a\u90531076\u53f7\u7dda\uff08\u88dc\u52a918\u53f7\u7dda\uff09","tier":"local","w":2,"lanes":2,"vmax":11.1,"len":8.2}},{"type":"Feature","geometry":{"type":"LineString","coordinates":[[139.700069,35.6658],[139.700196,35.665925],[139.700272,35.665999],[139.700383,35.666108],[139.700559,35.666281],[139.700734,35.666452],[139.700789,35.666496],[139.700855,35.666542],[139.700942,35.666584],[139.701046,35.666619],[139.701151,35.666641],[139.701278,35.66666],[139.701533,35.666686],[139.7017,35.666696]]},"properties":{"id":"1230232225","name":"","tier":"local","w":2,"lanes":1,"vmax":11.1,"len":188.2}},{"type":"Feature","geometry":{"type":"LineString","coordinates":[[139.697687,35.658998],[139.697613,35.658962],[139.697506,35.658902],[139.697347,35.658785]]},"properties":{"id":"1256602979","name":"\u9053\u7384\u5742","tier":"local","w":2,"lanes":1,"vmax":11.1,"len":38.9}},{"type":"Feature","geometry":{"type":"LineString","coordinates":[[139.700949,35.657228],[139.70095,35.657227]]},"properties":{"id":"1256773487","name":"\u6e0b\u8c37\u533a\u7279\u5225\u533a\u90531076\u53f7\u7dda\uff08\u88dc\u52a918\u53f7\u7dda\uff09","tier":"local","w":2,"lanes":1,"vmax":11.1,"len":0.2}},{"type":"Feature","geometry":{"type":"LineString","coordinates":[[139.695424,35.656463],[139.6953,35.656264],[139.695298,35.65626],[139.695213,35.656125]]},"properties":{"id":"1257445134","name":"\u9053\u7384\u5742","tier":"local","w":2,"lanes":2,"vmax":22.2,"len":42.2}},{"type":"Feature","geometry":{"type":"LineString","coordinates":[[139.69557,35.656688],[139.69548,35.656549],[139.695426,35.656466]]},"properties":{"id":"1257445135","name":"\u9053\u7384\u5742","tier":"local","w":2,"lanes":2,"vmax":11.1,"len":27.9}},{"type":"Feature","geometry":{"type":"LineString","coordinates":[[139.712629,35.658553],[139.712632,35.65855],[139.712696,35.658501],[139.712843,35.658393],[139.712988,35.658306],[139.713176,35.658203]]},"properties":{"id":"1328569378","name":"","tier":"local","w":2,"lanes":1,"vmax":8.3,"len":63.0}},{"type":"Feature","geometry":{"type":"LineString","coordinates":[[139.700844,35.657375],[139.700846,35.657375]]},"properties":{"id":"1330873773","name":"\u7389\u5ddd\u901a\u308a","tier":"arterial","w":3,"lanes":2,"vmax":16.7,"len":0.2}},{"type":"Feature","geometry":{"type":"LineString","coordinates":[[139.7009,35.65733],[139.7009,35.657328]]},"properties":{"id":"1330873775","name":"\u795e\u5bae\u901a\u308a","tier":"local","w":2,"lanes":1,"vmax":22.2,"len":0.2}},{"type":"Feature","geometry":{"type":"LineString","coordinates":[[139.700917,35.657376],[139.701138,35.657451],[139.701392,35.657538],[139.701647,35.657625],[139.701702,35.657643],[139.701956,35.65773],[139.702147,35.657795],[139.702402,35.657882],[139.702544,35.657931],[139.702707,35.657981],[139.702875,35.658026]]},"properties":{"id":"1330873776","name":"\u7389\u5ddd\u901a\u308a","tier":"arterial","w":3,"lanes":2,"vmax":16.7,"len":191.4}},{"type":"Feature","geometry":{"type":"LineString","coordinates":[[139.710462,35.666104],[139.710279,35.666188],[139.710065,35.666289]]},"properties":{"id":"1368012336#0","name":"\u8868\u53c2\u9053","tier":"distributor","w":3,"lanes":3,"vmax":13.9,"len":41.4}},{"type":"Feature","geometry":{"type":"LineString","coordinates":[[139.709973,35.666332],[139.709782,35.666418],[139.709562,35.666516]]},"properties":{"id":"1368012336#1","name":"\u8868\u53c2\u9053","tier":"distributor","w":3,"lanes":3,"vmax":13.9,"len":42.5}},{"type":"Feature","geometry":{"type":"LineString","coordinates":[[139.709479,35.666554],[139.709273,35.666649],[139.709033,35.666761],[139.708793,35.666872],[139.708557,35.666981]]},"properties":{"id":"1368012336#2","name":"\u8868\u53c2\u9053","tier":"distributor","w":3,"lanes":3,"vmax":13.9,"len":95.9}},{"type":"Feature","geometry":{"type":"LineString","coordinates":[[139.708466,35.667023],[139.70827,35.667112],[139.708097,35.667191],[139.708069,35.667203],[139.707828,35.667313],[139.707721,35.667361]]},"properties":{"id":"1368012336#3","name":"\u8868\u53c2\u9053","tier":"distributor","w":3,"lanes":3,"vmax":13.9,"len":77.2}},{"type":"Feature","geometry":{"type":"LineString","coordinates":[[139.707631,35.667403],[139.707435,35.667493],[139.707288,35.667561]]},"properties":{"id":"1368012336#6","name":"\u8868\u53c2\u9053","tier":"distributor","w":3,"lanes":3,"vmax":13.9,"len":35.7}},{"type":"Feature","geometry":{"type":"LineString","coordinates":[[139.707198,35.667603],[139.707003,35.667694],[139.706763,35.667805],[139.706523,35.667916],[139.706343,35.667999]]},"properties":{"id":"1368012336#7","name":"\u8868\u53c2\u9053","tier":"distributor","w":3,"lanes":3,"vmax":13.9,"len":89.0}},{"type":"Feature","geometry":{"type":"LineString","coordinates":[[139.706253,35.668041],[139.706058,35.668132],[139.705818,35.668244],[139.705753,35.668274],[139.705633,35.668331],[139.705561,35.668365],[139.705409,35.668438]]},"properties":{"id":"1368012336#8","name":"\u8868\u53c2\u9053","tier":"distributor","w":3,"lanes":3,"vmax":13.9,"len":88.2}},{"type":"Feature","geometry":{"type":"LineString","coordinates":[[139.705392,35.668545],[139.705513,35.668711],[139.705659,35.668903],[139.705804,35.669094],[139.705817,35.669111]]},"properties":{"id":"1368012337#1","name":"\u660e\u6cbb\u901a\u308a","tier":"arterial","w":4,"lanes":2,"vmax":13.9,"len":73.7}},{"type":"Feature","geometry":{"type":"LineString","coordinates":[[139.705891,35.669205],[139.705994,35.66933],[139.706075,35.669429],[139.706229,35.669616],[139.706231,35.669619],[139.706384,35.669807],[139.706536,35.669995],[139.706567,35.670033],[139.706629,35.670113],[139.706644,35.670131]]},"properties":{"id":"1368012337#3","name":"\u660e\u6cbb\u901a\u308a","tier":"arterial","w":4,"lanes":2,"vmax":13.9,"len":123.3}},{"type":"Feature","geometry":{"type":"LineString","coordinates":[[139.706733,35.670252],[139.706738,35.670261],[139.706863,35.670462],[139.706988,35.670663],[139.707091,35.670828],[139.707119,35.670863],[139.707217,35.670983],[139.707373,35.671169],[139.707529,35.671355],[139.707561,35.671392],[139.707634,35.671476],[139.707793,35.67166],[139.707878,35.671758]]},"properties":{"id":"1368012337#4","name":"\u660e\u6cbb\u901a\u308a","tier":"arterial","w":4,"lanes":2,"vmax":13.9,"len":197.0}},{"type":"Feature","geometry":{"type":"LineString","coordinates":[[139.69559,35.663481],[139.695533,35.663555]]},"properties":{"id":"1377702568","name":"\u4e95\u30ce\u982d\u901a\u308a","tier":"local","w":2,"lanes":1,"vmax":22.2,"len":9.7}},{"type":"Feature","geometry":{"type":"LineString","coordinates":[[139.699498,35.665246],[139.699568,35.665312],[139.699575,35.665319],[139.699662,35.665403]]},"properties":{"id":"1382170334#0","name":"","tier":"local","w":2,"lanes":1,"vmax":11.1,"len":22.9}},{"type":"Feature","geometry":{"type":"LineString","coordinates":[[139.699742,35.665481],[139.699881,35.665617],[139.699981,35.665715]]},"properties":{"id":"1382170334#1","name":"","tier":"local","w":2,"lanes":1,"vmax":11.1,"len":33.8}},{"type":"Feature","geometry":{"type":"LineString","coordinates":[[139.706054,35.660128],[139.706192,35.660003],[139.706219,35.659979],[139.706403,35.659811],[139.70641,35.659804]]},"properties":{"id":"138671939#0","name":"","tier":"local","w":2,"lanes":1,"vmax":22.2,"len":48.3}},{"type":"Feature","geometry":{"type":"LineString","coordinates":[[139.706499,35.659721],[139.706671,35.659552],[139.706686,35.659538],[139.706728,35.659481]]},"properties":{"id":"138671939#3","name":"","tier":"local","w":2,"lanes":1,"vmax":22.2,"len":33.9}},{"type":"Feature","geometry":{"type":"LineString","coordinates":[[139.706803,35.65937],[139.706806,35.659364],[139.706842,35.659295],[139.706865,35.659212],[139.706882,35.659125],[139.70691,35.658901],[139.706938,35.658677],[139.70695,35.658583],[139.706952,35.65854],[139.706956,35.658481]]},"properties":{"id":"138671939#4","name":"","tier":"local","w":2,"lanes":1,"vmax":22.2,"len":100.0}},{"type":"Feature","geometry":{"type":"LineString","coordinates":[[139.69271,35.654689],[139.692714,35.654685],[139.692805,35.654573]]},"properties":{"id":"1391341943","name":"\u65e7\u5c71\u624b\u901a\u308a","tier":"arterial","w":4,"lanes":2,"vmax":27.8,"len":15.4}},{"type":"Feature","geometry":{"type":"LineString","coordinates":[[139.69606,35.653277],[139.695972,35.653394]]},"properties":{"id":"140680979#1","name":"","tier":"local","w":2,"lanes":1,"vmax":22.2,"len":15.2}},{"type":"Feature","geometry":{"type":"LineString","coordinates":[[139.695855,35.653507],[139.695705,35.653609],[139.695551,35.653713]]},"properties":{"id":"140680979#2","name":"","tier":"local","w":2,"lanes":1,"vmax":22.2,"len":35.8}},{"type":"Feature","geometry":{"type":"LineString","coordinates":[[139.703069,35.655789],[139.703071,35.655788]]},"properties":{"id":"1412628592#1","name":"SAKURA\u30b9\u30c8\u30ea\u30fc\u30c8","tier":"local","w":2,"lanes":1,"vmax":11.1,"len":0.2}},{"type":"Feature","geometry":{"type":"LineString","coordinates":[[139.701605,35.656784],[139.701694,35.656746],[139.701899,35.65666],[139.702028,35.656585],[139.702124,35.656511],[139.702186,35.656463],[139.702387,35.656307],[139.702587,35.656152],[139.702745,35.656029],[139.702856,35.655943],[139.702992,35.655837]]},"properties":{"id":"1412628594#0","name":"SAKURA\u30b9\u30c8\u30ea\u30fc\u30c8","tier":"local","w":2,"lanes":1,"vmax":11.1,"len":164.8}},{"type":"Feature","geometry":{"type":"LineString","coordinates":[[139.706944,35.65713],[139.707108,35.657041],[139.707262,35.656958],[139.707366,35.656902],[139.707414,35.656876],[139.707443,35.65686]]},"properties":{"id":"141293460#0","name":"","tier":"local","w":2,"lanes":1,"vmax":22.2,"len":54.2}},{"type":"Feature","geometry":{"type":"LineString","coordinates":[[139.706869,35.655742],[139.706782,35.655588],[139.706711,35.655465],[139.706663,35.655379],[139.706607,35.65529]]},"properties":{"id":"141293466#0","name":"\u516b\u5e61\u901a\u308a","tier":"local","w":2,"lanes":2,"vmax":11.1,"len":55.4}},{"type":"Feature","geometry":{"type":"LineString","coordinates":[[139.706946,35.657224],[139.706957,35.657238],[139.706996,35.657285],[139.707061,35.657364],[139.707167,35.657495],[139.707182,35.657527],[139.707167,35.657655]]},"properties":{"id":"141293467#0","name":"","tier":"local","w":2,"lanes":1,"vmax":22.2,"len":54.2}},{"type":"Feature","geometry":{"type":"LineString","coordinates":[[139.70715,35.657796],[139.707127,35.65797],[139.707117,35.658046],[139.707111,35.658086],[139.70711,35.65811]]},"properties":{"id":"141293467#1","name":"","tier":"local","w":2,"lanes":1,"vmax":22.2,"len":35.0}},{"type":"Feature","geometry":{"type":"LineString","coordinates":[[139.708295,35.658173],[139.70828,35.658148],[139.708183,35.657983],[139.708109,35.657855]]},"properties":{"id":"141293470#0","name":"\u516b\u5e61\u901a\u308a","tier":"local","w":2,"lanes":1,"vmax":11.1,"len":39.1}},{"type":"Feature","geometry":{"type":"LineString","coordinates":[[139.707353,35.656566],[139.707274,35.656427],[139.707157,35.656223],[139.707147,35.656204]]},"properties":{"id":"141293470#12","name":"\u516b\u5e61\u901a\u308a","tier":"local","w":2,"lanes":1,"vmax":11.1,"len":44.3}},{"type":"Feature","geometry":{"type":"LineString","coordinates":[[139.707076,35.656083],[139.706984,35.655932],[139.706937,35.655856]]},"properties":{"id":"141293470#13","name":"\u516b\u5e61\u901a\u308a","tier":"local","w":2,"lanes":1,"vmax":11.1,"len":28.1}},{"type":"Feature","geometry":{"type":"LineString","coordinates":[[139.70804,35.657738],[139.707951,35.657592],[139.707879,35.657473]]},"properties":{"id":"141293470#2","name":"\u516b\u5e61\u901a\u308a","tier":"local","w":2,"lanes":1,"vmax":11.1,"len":32.9}},{"type":"Feature","geometry":{"type":"LineString","coordinates":[[139.707773,35.657293],[139.707736,35.65723],[139.707635,35.657051]]},"properties":{"id":"141293470#4","name":"\u516b\u5e61\u901a\u308a","tier":"local","w":2,"lanes":1,"vmax":11.1,"len":29.6}},{"type":"Feature","geometry":{"type":"LineString","coordinates":[[139.707566,35.656937],[139.707553,35.656917],[139.707545,35.656902]]},"properties":{"id":"141293470#7","name":"\u516b\u5e61\u901a\u308a","tier":"local","w":2,"lanes":1,"vmax":11.1,"len":4.3}},{"type":"Feature","geometry":{"type":"LineString","coordinates":[[139.707474,35.656785],[139.707455,35.656753],[139.707432,35.65671],[139.707419,35.656685]]},"properties":{"id":"141293470#9","name":"\u516b\u5e61\u901a\u308a","tier":"local","w":2,"lanes":1,"vmax":11.1,"len":12.2}},{"type":"Feature","geometry":{"type":"LineString","coordinates":[[139.710942,35.655741],[139.710945,35.655725],[139.711022,35.655507],[139.711087,35.655321],[139.711162,35.655105],[139.711207,35.654974],[139.711212,35.654964]]},"properties":{"id":"141322255","name":"","tier":"local","w":2,"lanes":1,"vmax":8.3,"len":89.5}},{"type":"Feature","geometry":{"type":"LineString","coordinates":[[139.710025,35.655324],[139.710019,35.65532],[139.709792,35.655191],[139.709781,35.655185]]},"properties":{"id":"141322267#0","name":"","tier":"local","w":2,"lanes":1,"vmax":8.3,"len":26.9}},{"type":"Feature","geometry":{"type":"LineString","coordinates":[[139.709645,35.655109],[139.709484,35.655022],[139.709255,35.654896],[139.709179,35.654855]]},"properties":{"id":"141322267#1","name":"","tier":"local","w":2,"lanes":1,"vmax":8.3,"len":50.7}},{"type":"Feature","geometry":{"type":"LineString","coordinates":[[139.711054,35.65223],[139.710877,35.652118],[139.710789,35.652062],[139.710571,35.651924],[139.710524,35.651894],[139.710339,35.651776],[139.710315,35.651766],[139.710283,35.651752],[139.710129,35.651686],[139.709988,35.651627],[139.709738,35.651532],[139.709629,35.65149],[139.709364,35.651431],[139.709207,35.651395],[139.709125,35.651373]]},"properties":{"id":"141322270#0","name":"","tier":"local","w":2,"lanes":1,"vmax":8.3,"len":201.2}},{"type":"Feature","geometry":{"type":"LineString","coordinates":[[139.713725,35.655207],[139.713606,35.655204],[139.71333,35.655191],[139.713054,35.655179],[139.712784,35.655167],[139.712715,35.655162],[139.712446,35.655106],[139.712242,35.655063],[139.71197,35.655027],[139.711879,35.655015],[139.711606,35.654982],[139.711333,35.654949],[139.71133,35.654948]]},"properties":{"id":"141322275#0","name":"","tier":"local","w":2,"lanes":1,"vmax":22.2,"len":219.3}},{"type":"Feature","geometry":{"type":"LineString","coordinates":[[139.70024,35.658592],[139.700222,35.658692],[139.700214,35.65874],[139.700201,35.658825]]},"properties":{"id":"1414217947","name":"\u795e\u5bae\u901a\u308a","tier":"local","w":2,"lanes":1,"vmax":22.2,"len":26.1}},{"type":"Feature","geometry":{"type":"LineString","coordinates":[[139.692292,35.665791],[139.692409,35.665656]]},"properties":{"id":"1415707268#0","name":"\u3068\u307f\u306f\u3061\u901a\u308a","tier":"local","w":2,"lanes":1,"vmax":8.3,"len":18.3}},{"type":"Feature","geometry":{"type":"LineString","coordinates":[[139.692549,35.665483],[139.692565,35.665463]]},"properties":{"id":"1415707268#2","name":"\u3068\u307f\u306f\u3061\u901a\u308a","tier":"local","w":2,"lanes":1,"vmax":8.3,"len":2.6}},{"type":"Feature","geometry":{"type":"LineString","coordinates":[[139.692686,35.665314],[139.692815,35.665128],[139.692905,35.664998],[139.693029,35.664796],[139.693093,35.664692]]},"properties":{"id":"1415707268#3","name":"\u3068\u307f\u306f\u3061\u901a\u308a","tier":"local","w":2,"lanes":1,"vmax":8.3,"len":78.2}},{"type":"Feature","geometry":{"type":"LineString","coordinates":[[139.702184,35.661908],[139.70208,35.66193],[139.702006,35.661947],[139.701948,35.661961],[139.70186,35.661982],[139.701736,35.662011],[139.701686,35.662023],[139.701615,35.66204],[139.701349,35.662102],[139.701329,35.662107],[139.701065,35.662173],[139.700977,35.662195],[139.700919,35.662207]]},"properties":{"id":"1416014947#0","name":"","tier":"local","w":2,"lanes":1,"vmax":22.2,"len":119.3}},{"type":"Feature","geometry":{"type":"LineString","coordinates":[[139.705533,35.660526],[139.705698,35.660424],[139.705827,35.660343],[139.705854,35.660328],[139.705965,35.660214]]},"properties":{"id":"1416429955","name":"\u7f8e\u7af9\u901a\u308a","tier":"local","w":2,"lanes":2,"vmax":22.2,"len":52.6}},{"type":"Feature","geometry":{"type":"LineString","coordinates":[[139.706338,35.658422],[139.706561,35.658428],[139.706837,35.658436],[139.706924,35.658438]]},"properties":{"id":"1419311958#0","name":"\u516d\u672c\u6728\u901a\u308a","tier":"distributor","w":3,"lanes":2,"vmax":27.8,"len":53.1}},{"type":"Feature","geometry":{"type":"LineString","coordinates":[[139.707027,35.65844],[139.707253,35.65844],[139.707323,35.65844]]},"properties":{"id":"1419311958#1","name":"\u516d\u672c\u6728\u901a\u308a","tier":"distributor","w":3,"lanes":2,"vmax":27.8,"len":26.8}},{"type":"Feature","geometry":{"type":"LineString","coordinates":[[139.711268,35.648922],[139.711085,35.649091],[139.710903,35.649261],[139.710721,35.64943],[139.710539,35.649599],[139.710357,35.649769],[139.71024,35.649878],[139.710177,35.649937],[139.710005,35.650083],[139.709847,35.650228],[139.709682,35.650386],[139.70955,35.650521],[139.709413,35.650692],[139.70929,35.650875],[139.709172,35.651066],[139.709074,35.651244],[139.709061,35.651271]]},"properties":{"id":"142757180#0","name":"\u660e\u6cbb\u901a\u308a","tier":"arterial","w":4,"lanes":2,"vmax":27.8,"len":330.3}},{"type":"Feature","geometry":{"type":"LineString","coordinates":[[139.709009,35.651396],[139.708998,35.651425],[139.708975,35.651533],[139.708957,35.651643],[139.708944,35.651753],[139.708936,35.651863],[139.708917,35.652088],[139.708909,35.652182],[139.708905,35.652245]]},"properties":{"id":"142757180#2","name":"\u660e\u6cbb\u901a\u308a","tier":"arterial","w":4,"lanes":2,"vmax":27.8,"len":94.8}},{"type":"Feature","geometry":{"type":"LineString","coordinates":[[139.707708,35.653746],[139.707757,35.65385]]},"properties":{"id":"142757182","name":"\u6c37\u5ddd\u6a4b","tier":"local","w":2,"lanes":1,"vmax":22.2,"len":12.4}},{"type":"Feature","geometry":{"type":"LineString","coordinates":[[139.707758,35.653853],[139.707812,35.653966],[139.707844,35.654039]]},"properties":{"id":"142757183#0","name":"","tier":"local","w":2,"lanes":1,"vmax":8.3,"len":22.1}},{"type":"Feature","geometry":{"type":"LineString","coordinates":[[139.712773,35.67167],[139.712801,35.67162],[139.712884,35.671497],[139.713005,35.671337],[139.713167,35.671154],[139.713328,35.670971],[139.71349,35.670788],[139.713523,35.67075],[139.713672,35.670569]]},"properties":{"id":"1461458303#1","name":"\u5916\u82d1\u897f\u901a\u308a","tier":"distributor","w":3,"lanes":1,"vmax":13.9,"len":146.9}},{"type":"Feature","geometry":{"type":"LineString","coordinates":[[139.709013,35.652197],[139.709013,35.652189],[139.709029,35.651964],[139.709035,35.651868],[139.709042,35.651763],[139.709053,35.651657],[139.709069,35.65155],[139.709095,35.651448],[139.709107,35.65142]]},"properties":{"id":"1463386213#0","name":"\u660e\u6cbb\u901a\u308a","tier":"arterial","w":4,"lanes":3,"vmax":13.9,"len":86.8}},{"type":"Feature","geometry":{"type":"LineString","coordinates":[[139.709158,35.651301],[139.709171,35.651274],[139.709262,35.651099],[139.709373,35.650918],[139.709494,35.65074],[139.709631,35.650561],[139.709772,35.650418],[139.709921,35.65028],[139.710109,35.650114],[139.710258,35.649984],[139.71032,35.649931],[139.710503,35.649762],[139.710687,35.649594],[139.71087,35.649426],[139.711054,35.649257],[139.711238,35.649089],[139.711334,35.649]]},"properties":{"id":"1463386213#2","name":"\u660e\u6cbb\u901a\u308a","tier":"arterial","w":4,"lanes":3,"vmax":13.9,"len":324.6}},{"type":"Feature","geometry":{"type":"LineString","coordinates":[[139.708518,35.653448],[139.708448,35.653539],[139.708359,35.653636],[139.708265,35.65373],[139.70816,35.653814],[139.707951,35.653961],[139.707949,35.653963],[139.707877,35.654011]]},"properties":{"id":"1464243732#0","name":"\u660e\u6cbb\u901a\u308a","tier":"arterial","w":4,"lanes":2,"vmax":27.8,"len":85.7}},{"type":"Feature","geometry":{"type":"LineString","coordinates":[[139.708908,35.652272],[139.708886,35.652483],[139.708869,35.652654],[139.708855,35.652735],[139.708838,35.652816],[139.708817,35.652896],[139.708793,35.652973],[139.708741,35.653096],[139.708679,35.653215],[139.70861,35.65333],[139.70854,35.653428]]},"properties":{"id":"1464243733#0","name":"\u660e\u6cbb\u901a\u308a","tier":"arterial","w":4,"lanes":2,"vmax":27.8,"len":134.2}},{"type":"Feature","geometry":{"type":"LineString","coordinates":[[139.708631,35.653449],[139.708677,35.653387],[139.708738,35.653289],[139.708796,35.653185],[139.708846,35.653078],[139.708879,35.652996],[139.708907,35.652913],[139.70893,35.652827],[139.70895,35.652739],[139.708964,35.652651],[139.708986,35.652426],[139.709001,35.652268]]},"properties":{"id":"1464243734#0","name":"\u660e\u6cbb\u901a\u308a","tier":"arterial","w":4,"lanes":2,"vmax":13.9,"len":136.8}},{"type":"Feature","geometry":{"type":"LineString","coordinates":[[139.708214,35.661667],[139.70835,35.661756],[139.708567,35.661896],[139.708783,35.662037],[139.708999,35.662177],[139.709011,35.662185],[139.709232,35.662321],[139.709453,35.662456],[139.709673,35.662591],[139.709894,35.662727],[139.709956,35.662765]]},"properties":{"id":"14984703#0","name":"\u9752\u5c71\u901a\u308a","tier":"arterial","w":5,"lanes":4,"vmax":27.8,"len":199.3}},{"type":"Feature","geometry":{"type":"LineString","coordinates":[[139.71004,35.662817],[139.710232,35.662934],[139.710323,35.66299],[139.710351,35.663007]]},"properties":{"id":"14984703#1","name":"\u9752\u5c71\u901a\u308a","tier":"arterial","w":5,"lanes":4,"vmax":27.8,"len":35.2}},{"type":"Feature","geometry":{"type":"LineString","coordinates":[[139.696942,35.660497],[139.696993,35.660481],[139.697051,35.66046],[139.697305,35.660371],[139.697416,35.660332]]},"properties":{"id":"153108795#0","name":"\u6587\u5316\u6751\u901a\u308a","tier":"local","w":2,"lanes":1,"vmax":8.3,"len":46.7}},{"type":"Feature","geometry":{"type":"LineString","coordinates":[[139.698574,35.659892],[139.698826,35.659799],[139.699007,35.659733]]},"properties":{"id":"153108795#12","name":"\u6587\u5316\u6751\u901a\u308a","tier":"local","w":2,"lanes":1,"vmax":8.3,"len":43.0}},{"type":"Feature","geometry":{"type":"LineString","coordinates":[[139.697676,35.660236],[139.697752,35.660207],[139.697798,35.660189],[139.698048,35.660093],[139.698157,35.660051],[139.698218,35.660028],[139.698318,35.65999]]},"properties":{"id":"153108795#3","name":"\u6587\u5316\u6751\u901a\u308a","tier":"local","w":2,"lanes":1,"vmax":8.3,"len":64.2}},{"type":"Feature","geometry":{"type":"LineString","coordinates":[[139.701759,35.666648],[139.701749,35.66654],[139.701733,35.666361],[139.701701,35.666137],[139.701674,35.665943],[139.701632,35.665734],[139.701573,35.665514],[139.701514,35.665294],[139.70148,35.665164]]},"properties":{"id":"153108796#0","name":"\u30d5\u30a1\u30a4\u30a2\u30fc\u901a\u308a","tier":"local","w":2,"lanes":1,"vmax":11.1,"len":166.8}},{"type":"Feature","geometry":{"type":"LineString","coordinates":[[139.701454,35.665056],[139.701436,35.664964],[139.701402,35.66474],[139.701388,35.664646],[139.701381,35.664604]]},"properties":{"id":"153108796#2","name":"\u30d5\u30a1\u30a4\u30a2\u30fc\u901a\u308a","tier":"local","w":2,"lanes":1,"vmax":11.1,"len":50.5}},{"type":"Feature","geometry":{"type":"LineString","coordinates":[[139.696621,35.664285],[139.696719,35.664335],[139.696759,35.664355]]},"properties":{"id":"153109040#1","name":"","tier":"local","w":2,"lanes":1,"vmax":11.1,"len":14.7}},{"type":"Feature","geometry":{"type":"LineString","coordinates":[[139.696902,35.664413],[139.696936,35.664426],[139.696995,35.664444],[139.697045,35.664455],[139.697241,35.664497],[139.697513,35.66453],[139.69777,35.664561],[139.698043,35.664594],[139.698127,35.664604],[139.698398,35.664649],[139.698455,35.664658],[139.698533,35.664671],[139.698665,35.664702]]},"properties":{"id":"153109040#4","name":"","tier":"local","w":2,"lanes":1,"vmax":11.1,"len":163.1}},{"type":"Feature","geometry":{"type":"LineString","coordinates":[[139.702832,35.66955],[139.702859,35.669558],[139.702914,35.669568],[139.702974,35.669574],[139.703014,35.669573],[139.703085,35.669565],[139.703198,35.669538],[139.70332,35.669503],[139.703559,35.66939],[139.703747,35.669302]]},"properties":{"id":"15772071","name":"\u8868\u53c2\u9053","tier":"distributor","w":3,"lanes":1,"vmax":13.9,"len":90.3}},{"type":"Feature","geometry":{"type":"LineString","coordinates":[[139.704381,35.658066],[139.704043,35.658048],[139.703767,35.658033],[139.703723,35.658031],[139.703449,35.658002],[139.703433,35.658],[139.703383,35.657994]]},"properties":{"id":"172125347#0","name":"\u516d\u672c\u6728\u901a\u308a","tier":"arterial","w":5,"lanes":2,"vmax":16.7,"len":90.8}},{"type":"Feature","geometry":{"type":"LineString","coordinates":[[139.706031,35.660251],[139.706072,35.66029],[139.706286,35.660432],[139.7065,35.660574],[139.706698,35.660705]]},"properties":{"id":"172125348#0","name":"\u9752\u5c71\u901a\u308a","tier":"arterial","w":5,"lanes":3,"vmax":16.7,"len":78.7}},{"type":"Feature","geometry":{"type":"LineString","coordinates":[[139.706797,35.66077],[139.706829,35.660791],[139.707045,35.660932],[139.70726,35.661073],[139.707426,35.661182],[139.707647,35.661307]]},"properties":{"id":"172125348#1","name":"\u9752\u5c71\u901a\u308a","tier":"arterial","w":5,"lanes":3,"vmax":16.7,"len":97.3}},{"type":"Feature","geometry":{"type":"LineString","coordinates":[[139.703685,35.658172],[139.703953,35.658283],[139.70412,35.658304],[139.704212,35.658332],[139.704286,35.658374],[139.704353,35.658427],[139.704408,35.658481],[139.704486,35.658569]]},"properties":{"id":"172125350","name":"\u9752\u5c71\u901a\u308a(\u91d1\u738b\u5742)","tier":"arterial","w":5,"lanes":2,"vmax":16.7,"len":87.8}},{"type":"Feature","geometry":{"type":"LineString","coordinates":[[139.706067,35.660138],[139.7059,35.659958],[139.705733,35.659779],[139.705566,35.6596],[139.705398,35.659421],[139.705231,35.659241],[139.70522,35.659229]]},"properties":{"id":"178256669#0","name":"\u9752\u5c71\u901a\u308a(\u91d1\u738b\u5742)","tier":"arterial","w":5,"lanes":3,"vmax":16.7,"len":126.7}},{"type":"Feature","geometry":{"type":"LineString","coordinates":[[139.705157,35.659161],[139.705024,35.659013],[139.704861,35.658831],[139.704709,35.658662]]},"properties":{"id":"178256669#1","name":"\u9752\u5c71\u901a\u308a(\u91d1\u738b\u5742)","tier":"arterial","w":5,"lanes":3,"vmax":16.7,"len":68.7}},{"type":"Feature","geometry":{"type":"LineString","coordinates":[[139.690726,35.653055],[139.690524,35.652993],[139.690268,35.652909],[139.690012,35.652824],[139.68981,35.652757]]},"properties":{"id":"199152201","name":"\u7389\u5ddd\u901a\u308a","tier":"arterial","w":5,"lanes":4,"vmax":27.8,"len":89.3}},{"type":"Feature","geometry":{"type":"LineString","coordinates":[[139.699179,35.662381],[139.698904,35.662375],[139.698627,35.662368]]},"properties":{"id":"202129899#0","name":"\u30aa\u30eb\u30ac\u30f3\u5742","tier":"local","w":2,"lanes":1,"vmax":22.2,"len":49.9}},{"type":"Feature","geometry":{"type":"LineString","coordinates":[[139.698471,35.66236],[139.69821,35.662336],[139.698171,35.662332]]},"properties":{"id":"202129899#1","name":"\u30aa\u30eb\u30ac\u30f3\u5742","tier":"local","w":2,"lanes":1,"vmax":22.2,"len":27.4}},{"type":"Feature","geometry":{"type":"LineString","coordinates":[[139.698012,35.662318],[139.697756,35.662295],[139.697688,35.662289],[139.697647,35.662284],[139.697593,35.662276],[139.697545,35.662266],[139.697482,35.662251],[139.697412,35.662232],[139.697394,35.662227]]},"properties":{"id":"202129899#3","name":"\u30aa\u30eb\u30ac\u30f3\u5742","tier":"local","w":2,"lanes":1,"vmax":22.2,"len":57.0}},{"type":"Feature","geometry":{"type":"LineString","coordinates":[[139.700707,35.660445],[139.700645,35.66045],[139.700415,35.660485],[139.700362,35.660493],[139.700323,35.6605],[139.700136,35.660533],[139.700065,35.660549]]},"properties":{"id":"202129903#0","name":"\u4e95\u30ce\u982d\u901a\u308a","tier":"local","w":2,"lanes":1,"vmax":8.3,"len":59.3}},{"type":"Feature","geometry":{"type":"LineString","coordinates":[[139.6977,35.661797],[139.69764,35.661883],[139.697512,35.662039],[139.697399,35.66213],[139.697389,35.662138]]},"properties":{"id":"202129903#10","name":"\u4e95\u30ce\u982d\u901a\u308a","tier":"local","w":2,"lanes":1,"vmax":8.3,"len":47.4}},{"type":"Feature","geometry":{"type":"LineString","coordinates":[[139.69726,35.662223],[139.697108,35.662296],[139.696942,35.662376],[139.696843,35.662429],[139.696779,35.662482],[139.696584,35.662642],[139.69639,35.662802],[139.696196,35.662963],[139.696049,35.663083],[139.695936,35.663176],[139.695748,35.663341],[139.695622,35.663452],[139.695592,35.663478]]},"properties":{"id":"202129903#12","name":"\u4e95\u30ce\u982d\u901a\u308a","tier":"local","w":2,"lanes":1,"vmax":8.3,"len":206.6}},{"type":"Feature","geometry":{"type":"LineString","coordinates":[[139.699953,35.660574],[139.699745,35.660619],[139.699674,35.660632]]},"properties":{"id":"202129903#2","name":"\u4e95\u30ce\u982d\u901a\u308a","tier":"local","w":2,"lanes":1,"vmax":8.3,"len":26.1}},{"type":"Feature","geometry":{"type":"LineString","coordinates":[[139.699586,35.660646],[139.699497,35.660658]]},"properties":{"id":"202129903#3","name":"\u4e95\u30ce\u982d\u901a\u308a","tier":"local","w":2,"lanes":1,"vmax":8.3,"len":8.2}},{"type":"Feature","geometry":{"type":"LineString","coordinates":[[139.699378,35.660672],[139.699163,35.660697],[139.699137,35.6607]]},"properties":{"id":"202129903#4","name":"\u4e95\u30ce\u982d\u901a\u308a","tier":"local","w":2,"lanes":1,"vmax":8.3,"len":22.0}},{"type":"Feature","geometry":{"type":"LineString","coordinates":[[139.698735,35.660783],[139.698689,35.660802],[139.69847,35.660906]]},"properties":{"id":"202129903#6","name":"\u4e95\u30ce\u982d\u901a\u308a","tier":"local","w":2,"lanes":1,"vmax":8.3,"len":27.6}},{"type":"Feature","geometry":{"type":"LineString","coordinates":[[139.698328,35.660989],[139.69817,35.661154],[139.69815,35.661175],[139.698087,35.661257],[139.698045,35.661312]]},"properties":{"id":"202129903#8","name":"\u4e95\u30ce\u982d\u901a\u308a","tier":"local","w":2,"lanes":1,"vmax":8.3,"len":44.0}},{"type":"Feature","geometry":{"type":"LineString","coordinates":[[139.697984,35.661396],[139.697875,35.66155],[139.697799,35.661657],[139.69776,35.661713],[139.697755,35.66172]]},"properties":{"id":"202129903#9","name":"\u4e95\u30ce\u982d\u901a\u308a","tier":"local","w":2,"lanes":1,"vmax":8.3,"len":41.5}},{"type":"Feature","geometry":{"type":"LineString","coordinates":[[139.707064,35.658336],[139.707338,35.658349],[139.707614,35.658362],[139.707889,35.658376],[139.708116,35.658387],[139.708391,35.658405],[139.708666,35.658423],[139.708729,35.658427],[139.709003,35.658453],[139.709278,35.65848],[139.709552,35.658506],[139.709826,35.658533],[139.7101,35.658559],[139.710184,35.658567],[139.710458,35.658593],[139.710732,35.658619],[139.711007,35.658645],[139.711281,35.658671],[139.711349,35.658678],[139.711623,35.658704],[139.711897,35.658731],[139.712171,35.658757],[139.712446,35.658784],[139.71272,35.65881],[139.712994,35.658837],[139.713268,35.658863],[139.713543,35.65889],[139.713817,35.658916],[139.714091,35.658943],[139.714365,35.658969],[139.714597,35.658992],[139.714872,35.659018],[139.715146,35.659045],[139.71542,35.659071],[139.715694,35.659098],[139.715968,35.659124],[139.716243,35.659151],[139.716517,35.659177],[139.716791,35.659204],[139.717065,35.65923],[139.71734,35.659256],[139.717614,35.659283],[139.717888,35.659309],[139.718162,35.659336],[139.718437,35.659362],[139.718711,35.659389],[139.718897,35.659407],[139.719009,35.659417]]},"properties":{"id":"203832849","name":"\u9996\u90fd\u9ad8\u901f3\u53f7\u6e0b\u8c37\u7dda","tier":"arterial","w":5,"lanes":2,"vmax":39.4,"len":1088.2}},{"type":"Feature","geometry":{"type":"LineString","coordinates":[[139.707062,35.658259],[139.706788,35.658247],[139.706512,35.658235],[139.706236,35.658223],[139.70596,35.658211],[139.705684,35.6582],[139.705409,35.658188],[139.705133,35.658176],[139.704857,35.658164],[139.704613,35.658181]]},"properties":{"id":"203832852#0","name":"\u9996\u90fd\u9ad8\u901f3\u53f7\u6e0b\u8c37\u7dda","tier":"arterial","w":5,"lanes":2,"vmax":16.7,"len":222.0}},{"type":"Feature","geometry":{"type":"LineString","coordinates":[[139.703457,35.65806],[139.703324,35.658045],[139.703157,35.658019],[139.702973,35.657982],[139.702798,35.657938],[139.702608,35.657878],[139.702354,35.657791],[139.702099,35.657704],[139.701844,35.657617],[139.70159,35.65753],[139.701335,35.657442],[139.70116,35.657383],[139.700904,35.657298],[139.700648,35.657214],[139.700392,35.657129],[139.700136,35.657045],[139.69988,35.65696],[139.699624,35.656876],[139.699613,35.656872],[139.699356,35.656789],[139.699099,35.656706],[139.698842,35.656624],[139.698585,35.656541],[139.698528,35.656522]]},"properties":{"id":"203832852#1","name":"\u9996\u90fd\u9ad8\u901f3\u53f7\u6e0b\u8c37\u7dda","tier":"arterial","w":5,"lanes":2,"vmax":16.7,"len":478.6}},{"type":"Feature","geometry":{"type":"LineString","coordinates":[[139.698439,35.656509],[139.698322,35.656471],[139.698065,35.656389],[139.69781,35.656306],[139.697643,35.656256],[139.697464,35.656206]]},"properties":{"id":"203832852#1-AddedOffRampEdge","name":"\u9996\u90fd\u9ad8\u901f3\u53f7\u6e0b\u8c37\u7dda","tier":"arterial","w":5,"lanes":3,"vmax":16.7,"len":94.5}},{"type":"Feature","geometry":{"type":"LineString","coordinates":[[139.70459,35.658167],[139.704323,35.658152],[139.70417,35.658143],[139.703895,35.658119],[139.70385,35.658115],[139.703576,35.658088],[139.703543,35.658084]]},"properties":{"id":"203832852#1-AddedOnRampEdge","name":"\u9996\u90fd\u9ad8\u901f3\u53f7\u6e0b\u8c37\u7dda","tier":"arterial","w":5,"lanes":3,"vmax":16.7,"len":95.3}},{"type":"Feature","geometry":{"type":"LineString","coordinates":[[139.697427,35.65621],[139.697231,35.656139],[139.696962,35.656086],[139.696694,35.656034],[139.696425,35.655982],[139.696156,35.655929],[139.696149,35.655928],[139.695973,35.655892],[139.695803,35.655853],[139.695631,35.655806],[139.695469,35.655754],[139.695325,35.655702],[139.695169,35.655635],[139.695042,35.655571],[139.694916,35.655496],[139.694806,35.655421],[139.694706,35.655342],[139.694613,35.655256],[139.694508,35.655149],[139.694376,35.654998],[139.694222,35.65481],[139.694068,35.654623],[139.69401,35.654552],[139.69394,35.654467],[139.693856,35.654378],[139.693761,35.654288],[139.693671,35.654206],[139.693561,35.654116],[139.69345,35.654036],[139.693328,35.653957],[139.693177,35.653871],[139.693022,35.653795],[139.692852,35.653723],[139.692675,35.653656],[139.692465,35.65359],[139.692205,35.653513],[139.691946,35.653436],[139.691932,35.653432],[139.691672,35.653358],[139.691411,35.653283],[139.69115,35.653209],[139.691086,35.65319],[139.690828,35.653111],[139.69057,35.653031],[139.690311,35.652951],[139.690053,35.652872],[139.689921,35.652831],[139.689662,35.652752],[139.689404,35.652673],[139.689145,35.652594],[139.689079,35.652574],[139.688823,35.652489],[139.688567,35.652405],[139.688311,35.65232],[139.688055,35.652236],[139.687799,35.652151],[139.687631,35.652095],[139.687378,35.652004],[139.687206,35.651942]]},"properties":{"id":"203832852#2","name":"\u9996\u90fd\u9ad8\u901f3\u53f7\u6e0b\u8c37\u7dda","tier":"arterial","w":5,"lanes":2,"vmax":16.7,"len":1065.6}},{"type":"Feature","geometry":{"type":"LineString","coordinates":[[139.704775,35.658399],[139.704783,35.6584],[139.704812,35.658414],[139.704832,35.658432],[139.704845,35.658457],[139.704847,35.658483],[139.704841,35.658507],[139.704824,35.65853],[139.704785,35.658563],[139.704753,35.658579]]},"properties":{"id":"203832860","name":"","tier":"arterial","w":3,"lanes":1,"vmax":16.7,"len":26.6}},{"type":"Feature","geometry":{"type":"LineString","coordinates":[[139.704985,35.660855],[139.705193,35.660731],[139.705415,35.660598],[139.705426,35.660592]]},"properties":{"id":"207001228","name":"\u7f8e\u7af9\u901a\u308a","tier":"local","w":2,"lanes":1,"vmax":22.2,"len":49.4}},{"type":"Feature","geometry":{"type":"LineString","coordinates":[[139.696001,35.661467],[139.696016,35.661449],[139.696172,35.661263],[139.696174,35.66126],[139.696218,35.661207],[139.69622,35.661205],[139.696366,35.661014],[139.696397,35.660975],[139.696413,35.660953]]},"properties":{"id":"210671517","name":"\u30aa\u30fc\u30c1\u30e3\u30fc\u30c9\u30ed\u30fc\u30c9","tier":"local","w":2,"lanes":1,"vmax":22.2,"len":68.1}},{"type":"Feature","geometry":{"type":"LineString","coordinates":[[139.71025,35.658504],[139.709976,35.658477],[139.709702,35.658451],[139.709428,35.658424],[139.709153,35.658398],[139.708879,35.658371],[139.708737,35.658358],[139.708462,35.658339],[139.708187,35.65832],[139.708118,35.658315],[139.707843,35.658301],[139.707567,35.658286],[139.707292,35.658271],[139.707065,35.658259]]},"properties":{"id":"211286459","name":"\u9996\u90fd\u9ad8\u901f3\u53f7\u6e0b\u8c37\u7dda","tier":"arterial","w":5,"lanes":2,"vmax":39.4,"len":289.7}},{"type":"Feature","geometry":{"type":"LineString","coordinates":[[139.7022,35.663562],[139.702205,35.663387],[139.702208,35.663161],[139.702208,35.663149],[139.702223,35.662924],[139.702237,35.662712]]},"properties":{"id":"213526435#0","name":"\u660e\u6cbb\u901a\u308a","tier":"arterial","w":4,"lanes":3,"vmax":13.9,"len":94.4}},{"type":"Feature","geometry":{"type":"LineString","coordinates":[[139.702242,35.662636],[139.702255,35.662431],[139.70227,35.662206],[139.702281,35.662039],[139.702283,35.661955]]},"properties":{"id":"213526435#1","name":"\u660e\u6cbb\u901a\u308a","tier":"arterial","w":4,"lanes":3,"vmax":13.9,"len":75.7}},{"type":"Feature","geometry":{"type":"LineString","coordinates":[[139.68839,35.669323],[139.688637,35.669222],[139.688733,35.669184],[139.688839,35.66914],[139.688907,35.669112],[139.689153,35.669009],[139.689169,35.669003],[139.689417,35.668903],[139.689664,35.668802],[139.689723,35.668779],[139.689787,35.668742],[139.689829,35.668692],[139.689985,35.668506],[139.690022,35.668462],[139.690174,35.668274],[139.690326,35.668086],[139.690353,35.668054],[139.690512,35.66787],[139.690661,35.667697]]},"properties":{"id":"214711015#0","name":"\u5bcc\u30f6\u8c371\u4e01\u76ee\u901a\u308a","tier":"local","w":2,"lanes":1,"vmax":8.3,"len":282.4}},{"type":"Feature","geometry":{"type":"LineString","coordinates":[[139.691118,35.668756],[139.691043,35.668844],[139.690994,35.668924],[139.690942,35.669034],[139.690893,35.669155],[139.690842,35.669312],[139.690811,35.669463],[139.690794,35.669623],[139.690786,35.669785],[139.69079,35.669925],[139.690803,35.670039],[139.69084,35.670253],[139.690848,35.670291],[139.690863,35.670375]]},"properties":{"id":"214777823#0","name":"\u4ee3\u3005\u6728\u6dc0\u6a4b\u7dda","tier":"local","w":2,"lanes":2,"vmax":13.9,"len":185.7}},{"type":"Feature","geometry":{"type":"LineString","coordinates":[[139.69088,35.670459],[139.690915,35.670644],[139.690936,35.670758]]},"properties":{"id":"214777823#2","name":"\u4ee3\u3005\u6728\u6dc0\u6a4b\u7dda","tier":"local","w":2,"lanes":2,"vmax":13.9,"len":33.5}},{"type":"Feature","geometry":{"type":"LineString","coordinates":[[139.690952,35.670843],[139.690983,35.671016],[139.691023,35.671239],[139.691064,35.671462],[139.691104,35.671685],[139.691123,35.671787],[139.691162,35.672011],[139.691199,35.672223],[139.691225,35.672393],[139.69125,35.672499]]},"properties":{"id":"214777823#3","name":"\u4ee3\u3005\u6728\u6dc0\u6a4b\u7dda","tier":"local","w":2,"lanes":2,"vmax":13.9,"len":185.7}},{"type":"Feature","geometry":{"type":"LineString","coordinates":[[139.700229,35.659034],[139.700253,35.659114]]},"properties":{"id":"215955234","name":"\u795e\u5bae\u901a\u308a","tier":"local","w":2,"lanes":2,"vmax":22.2,"len":9.1}},{"type":"Feature","geometry":{"type":"LineString","coordinates":[[139.70062,35.658286],[139.700624,35.658269],[139.700625,35.65825],[139.700624,35.658231],[139.700622,35.65821],[139.700615,35.65818],[139.700598,35.658131],[139.700593,35.658114]]},"properties":{"id":"215955359","name":"\u795e\u5bae\u901a\u308a","tier":"local","w":2,"lanes":2,"vmax":22.2,"len":19.5}},{"type":"Feature","geometry":{"type":"LineString","coordinates":[[139.694775,35.655798],[139.694798,35.655813],[139.694804,35.655817],[139.695009,35.65595]]},"properties":{"id":"215956959#0","name":"\u9053\u7384\u5742","tier":"local","w":2,"lanes":2,"vmax":22.2,"len":27.0}},{"type":"Feature","geometry":{"type":"LineString","coordinates":[[139.694223,35.655044],[139.694351,35.655202],[139.694443,35.655316],[139.694563,35.655442],[139.6947,35.655555],[139.694828,35.655639],[139.694965,35.655716],[139.695219,35.655805],[139.695244,35.655814],[139.69551,35.655876],[139.695636,35.655905],[139.695903,35.655963],[139.69617,35.65602],[139.696436,35.656078],[139.696703,35.656136],[139.696941,35.656188]]},"properties":{"id":"215957049","name":"\u7389\u5ddd\u901a\u308a","tier":"arterial","w":5,"lanes":2,"vmax":27.8,"len":288.1}},{"type":"Feature","geometry":{"type":"LineString","coordinates":[[139.697425,35.656345],[139.69756,35.656389],[139.697817,35.656472],[139.698073,35.656555],[139.69833,35.656639],[139.698434,35.656658]]},"properties":{"id":"215958749#0","name":"\u7389\u5ddd\u901a\u308a","tier":"arterial","w":5,"lanes":3,"vmax":27.8,"len":97.8}},{"type":"Feature","geometry":{"type":"LineString","coordinates":[[139.698549,35.656694],[139.698807,35.656776],[139.699064,35.656857],[139.699321,35.656938]]},"properties":{"id":"215958749#1","name":"\u7389\u5ddd\u901a\u308a","tier":"arterial","w":5,"lanes":4,"vmax":27.8,"len":75.0}},{"type":"Feature","geometry":{"type":"LineString","coordinates":[[139.69943,35.656987],[139.699633,35.657046],[139.699893,35.657122],[139.699944,35.657137],[139.700034,35.657164]]},"properties":{"id":"215958749#2","name":"\u7389\u5ddd\u901a\u308a","tier":"arterial","w":5,"lanes":3,"vmax":27.8,"len":58.1}},{"type":"Feature","geometry":{"type":"LineString","coordinates":[[139.700147,35.657199],[139.700167,35.657205],[139.700422,35.657291],[139.700678,35.657378],[139.70068,35.657378]]},"properties":{"id":"215958749#3","name":"\u7389\u5ddd\u901a\u308a","tier":"arterial","w":5,"lanes":3,"vmax":27.8,"len":52.1}},{"type":"Feature","geometry":{"type":"LineString","coordinates":[[139.689806,35.652918],[139.690066,35.652994],[139.690326,35.653069],[139.690586,35.653145],[139.690672,35.65317]]},"properties":{"id":"227383682","name":"\u7389\u5ddd\u901a\u308a","tier":"arterial","w":5,"lanes":4,"vmax":27.8,"len":83.2}},{"type":"Feature","geometry":{"type":"LineString","coordinates":[[139.695352,35.663832],[139.695215,35.664026],[139.6952,35.664047],[139.695061,35.664242],[139.694955,35.664391]]},"properties":{"id":"23334553#0","name":"\u4e95\u30ce\u982d\u901a\u308a","tier":"local","w":2,"lanes":1,"vmax":13.9,"len":71.7}},{"type":"Feature","geometry":{"type":"LineString","coordinates":[[139.694911,35.664451],[139.694814,35.664586],[139.694674,35.66478],[139.694607,35.664873],[139.694524,35.664989],[139.694383,35.665183],[139.69433,35.665255]]},"properties":{"id":"23334553#1","name":"\u4e95\u30ce\u982d\u901a\u308a","tier":"local","w":2,"lanes":1,"vmax":13.9,"len":103.5}},{"type":"Feature","geometry":{"type":"LineString","coordinates":[[139.694276,35.665329],[139.694129,35.66553],[139.693987,35.665723],[139.693922,35.665812],[139.693785,35.666007],[139.693762,35.66604],[139.693655,35.666153],[139.69353,35.666256],[139.693359,35.666357],[139.693247,35.666405]]},"properties":{"id":"23334553#3","name":"\u4e95\u30ce\u982d\u901a\u308a","tier":"local","w":2,"lanes":1,"vmax":13.9,"len":154.0}},{"type":"Feature","geometry":{"type":"LineString","coordinates":[[139.693111,35.666468],[139.692946,35.666548],[139.692841,35.666627],[139.692767,35.666695],[139.692684,35.666786]]},"properties":{"id":"23334553#4","name":"\u4e95\u30ce\u982d\u901a\u308a","tier":"local","w":2,"lanes":1,"vmax":13.9,"len":53.0}},{"type":"Feature","geometry":{"type":"LineString","coordinates":[[139.692616,35.666866],[139.692496,35.667013],[139.692409,35.667119]]},"properties":{"id":"23334553#5","name":"\u4e95\u30ce\u982d\u901a\u308a","tier":"local","w":2,"lanes":1,"vmax":13.9,"len":33.8}},{"type":"Feature","geometry":{"type":"LineString","coordinates":[[139.692359,35.667183],[139.692253,35.667323],[139.692108,35.667515],[139.691962,35.667706],[139.691954,35.667717],[139.691927,35.66775]]},"properties":{"id":"23334553#6","name":"\u4e95\u30ce\u982d\u901a\u308a","tier":"local","w":2,"lanes":1,"vmax":13.9,"len":74.1}},{"type":"Feature","geometry":{"type":"LineString","coordinates":[[139.690778,35.663995],[139.69089,35.664029],[139.691023,35.664074]]},"properties":{"id":"23334600#0","name":"","tier":"local","w":2,"lanes":1,"vmax":8.3,"len":23.8}},{"type":"Feature","geometry":{"type":"LineString","coordinates":[[139.691514,35.664201],[139.691704,35.664247],[139.69189,35.664293]]},"properties":{"id":"23334600#2","name":"","tier":"local","w":2,"lanes":1,"vmax":8.3,"len":35.5}},{"type":"Feature","geometry":{"type":"LineString","coordinates":[[139.692042,35.664331],[139.692235,35.664382],[139.692498,35.664451],[139.692761,35.66452],[139.693024,35.664589],[139.693071,35.664601]]},"properties":{"id":"23334600#3","name":"","tier":"local","w":2,"lanes":1,"vmax":8.3,"len":97.8}},{"type":"Feature","geometry":{"type":"LineString","coordinates":[[139.699875,35.659531],[139.699884,35.659531],[139.69995,35.65953],[139.700014,35.659525],[139.70008,35.659517],[139.700148,35.659507],[139.700178,35.659503],[139.700218,35.659497],[139.70027,35.65949]]},"properties":{"id":"23334685","name":"\u9053\u7384\u5742","tier":"local","w":2,"lanes":2,"vmax":22.2,"len":36.1}},{"type":"Feature","geometry":{"type":"LineString","coordinates":[[139.703,35.657928],[139.702998,35.657927]]},"properties":{"id":"23443810#0","name":"\u7389\u5ddd\u901a\u308a","tier":"arterial","w":5,"lanes":3,"vmax":16.7,"len":0.2}},{"type":"Feature","geometry":{"type":"LineString","coordinates":[[139.702907,35.657908],[139.702707,35.657851],[139.702453,35.657762],[139.702201,35.657674],[139.701948,35.657582],[139.701798,35.657528],[139.701544,35.65744],[139.70129,35.657352],[139.701143,35.657302],[139.701004,35.657254]]},"properties":{"id":"23443810#1","name":"\u7389\u5ddd\u901a\u308a","tier":"arterial","w":5,"lanes":3,"vmax":16.7,"len":187.0}},{"type":"Feature","geometry":{"type":"LineString","coordinates":[[139.691058,35.653134],[139.690993,35.653116]]},"properties":{"id":"23646579","name":"\u7389\u5ddd\u901a\u308a","tier":"arterial","w":5,"lanes":3,"vmax":27.8,"len":6.3}},{"type":"Feature","geometry":{"type":"LineString","coordinates":[[139.691084,35.653324],[139.691304,35.653385],[139.691565,35.653458],[139.691826,35.653532],[139.691903,35.653553],[139.692164,35.653629],[139.69241,35.6537],[139.692604,35.653766],[139.692797,35.65384],[139.692971,35.653916],[139.693135,35.653998],[139.693317,35.654108],[139.69348,35.654223],[139.693652,35.654371],[139.693797,35.654516],[139.693934,35.654675],[139.694082,35.654865],[139.694175,35.654984]]},"properties":{"id":"23661423","name":"\u7389\u5ddd\u901a\u308a","tier":"arterial","w":5,"lanes":1,"vmax":27.8,"len":346.2}},{"type":"Feature","geometry":{"type":"LineString","coordinates":[[139.696948,35.656001],[139.696683,35.655937],[139.696419,35.655872],[139.696154,35.655807],[139.69589,35.655743],[139.695625,35.655678],[139.69536,35.655613],[139.69515,35.655562],[139.69504,35.655527],[139.694951,35.655488],[139.694871,35.655442],[139.694789,35.655388],[139.694722,35.65533],[139.694661,35.655262],[139.69451,35.655073],[139.69436,35.654884],[139.694336,35.654853],[139.694178,35.654668],[139.694096,35.654571],[139.693975,35.654428],[139.693846,35.654296],[139.693723,35.654183],[139.693584,35.654069],[139.693436,35.653967],[139.693241,35.653854],[139.69306,35.65377],[139.692868,35.653684],[139.692665,35.653613],[139.692409,35.653529],[139.692361,35.653513],[139.692101,35.653438],[139.691841,35.653362],[139.691581,35.653286],[139.691321,35.65321],[139.691141,35.653158]]},"properties":{"id":"23661426","name":"\u7389\u5ddd\u901a\u308a","tier":"arterial","w":5,"lanes":1,"vmax":27.8,"len":635.9}},{"type":"Feature","geometry":{"type":"LineString","coordinates":[[139.689579,35.659501],[139.689723,35.659328],[139.689879,35.659141],[139.690034,35.658955],[139.69019,35.658769],[139.690224,35.658727],[139.690381,35.658542],[139.690538,35.658357],[139.690627,35.658253]]},"properties":{"id":"23672710","name":"\u5c71\u624b\u901a\u308a","tier":"arterial","w":4,"lanes":2,"vmax":13.9,"len":167.9}},{"type":"Feature","geometry":{"type":"LineString","coordinates":[[139.691548,35.655005],[139.691473,35.655013],[139.691207,35.655073],[139.690941,35.655133],[139.690823,35.655159],[139.690555,35.655215],[139.690459,35.655234],[139.690401,35.655246],[139.690329,35.655261]]},"properties":{"id":"23672782#0","name":"\u6de1\u5cf6\u901a\u308a","tier":"distributor","w":3,"lanes":1,"vmax":11.1,"len":114.0}},{"type":"Feature","geometry":{"type":"LineString","coordinates":[[139.692991,35.654556],[139.693028,35.654546],[139.693209,35.654499],[139.693387,35.654466],[139.693476,35.654462],[139.693523,35.654468],[139.693526,35.654469]]},"properties":{"id":"23672833#0","name":"\u7389\u5ddd\u901a\u308a","tier":"arterial","w":3,"lanes":1,"vmax":22.2,"len":49.9}},{"type":"Feature","geometry":{"type":"LineString","coordinates":[[139.691571,35.653492],[139.691796,35.653555],[139.691832,35.653565]]},"properties":{"id":"23672850#1","name":"\u7389\u5ddd\u901a\u308a","tier":"arterial","w":3,"lanes":2,"vmax":22.2,"len":25.0}},{"type":"Feature","geometry":{"type":"LineString","coordinates":[[139.691951,35.653599],[139.692162,35.653663],[139.692323,35.653711],[139.692578,35.653799],[139.69275,35.653858],[139.692891,35.653917],[139.69302,35.653979]]},"properties":{"id":"23672850#2","name":"\u7389\u5ddd\u901a\u308a","tier":"arterial","w":3,"lanes":2,"vmax":22.2,"len":105.7}},{"type":"Feature","geometry":{"type":"LineString","coordinates":[[139.703672,35.658226],[139.703957,35.658205],[139.704218,35.658232],[139.704333,35.658252]]},"properties":{"id":"23673079#0","name":"\u516d\u672c\u6728\u901a\u308a","tier":"distributor","w":3,"lanes":3,"vmax":16.7,"len":60.4}},{"type":"Feature","geometry":{"type":"LineString","coordinates":[[139.712672,35.665055],[139.712738,35.665014],[139.712802,35.664975],[139.713023,35.664839],[139.713243,35.664704],[139.713464,35.664568],[139.713587,35.664493]]},"properties":{"id":"23811751#0","name":"\u5fa1\u5e78\u901a\u308a","tier":"distributor","w":3,"lanes":1,"vmax":11.1,"len":103.6}},{"type":"Feature","geometry":{"type":"LineString","coordinates":[[139.713685,35.664431],[139.713693,35.664426],[139.713911,35.664288],[139.714129,35.664149],[139.714229,35.664085],[139.714445,35.663946],[139.714598,35.663847],[139.714639,35.66382],[139.714679,35.663794],[139.714898,35.663656],[139.715116,35.663518],[139.715334,35.66338],[139.715553,35.663242],[139.715771,35.663104],[139.715989,35.662966],[139.716167,35.662854],[139.716221,35.662822]]},"properties":{"id":"23811751#3","name":"\u5fa1\u5e78\u901a\u308a","tier":"distributor","w":3,"lanes":1,"vmax":11.1,"len":290.8}},{"type":"Feature","geometry":{"type":"LineString","coordinates":[[139.690713,35.653157],[139.690928,35.653278],[139.691001,35.6533]]},"properties":{"id":"252731096","name":"\u7389\u5ddd\u901a\u308a","tier":"arterial","w":5,"lanes":2,"vmax":27.8,"len":30.7}},{"type":"Feature","geometry":{"type":"LineString","coordinates":[[139.694812,35.655378],[139.69476,35.655326],[139.694671,35.65522],[139.694523,35.65503],[139.694513,35.655017],[139.694363,35.654828],[139.694276,35.654719],[139.694128,35.654529],[139.694113,35.65451],[139.693948,35.654329],[139.693926,35.654304],[139.693749,35.654141],[139.693609,35.65403]]},"properties":{"id":"252731097","name":"\u7389\u5ddd\u901a\u308a","tier":"arterial","w":3,"lanes":2,"vmax":22.2,"len":185.5}},{"type":"Feature","geometry":{"type":"LineString","coordinates":[[139.700831,35.65743],[139.700833,35.65743]]},"properties":{"id":"252731099","name":"\u7389\u5ddd\u901a\u308a","tier":"arterial","w":5,"lanes":2,"vmax":27.8,"len":0.2}},{"type":"Feature","geometry":{"type":"LineString","coordinates":[[139.678788,35.647738],[139.67902,35.64786],[139.679252,35.647983],[139.67931,35.648013],[139.679542,35.648135],[139.679775,35.648256],[139.680007,35.648378],[139.680239,35.6485],[139.680472,35.648622],[139.680612,35.648695],[139.680844,35.648817],[139.681076,35.64894],[139.681147,35.648977],[139.681381,35.649097],[139.681615,35.649216],[139.681849,35.649336],[139.681851,35.649337],[139.682083,35.649459],[139.682316,35.64958],[139.682326,35.649586],[139.682409,35.649629],[139.682642,35.64975],[139.682875,35.64987],[139.683109,35.649991],[139.683215,35.650046],[139.683448,35.650167],[139.68368,35.650289],[139.683913,35.65041],[139.684032,35.650472],[139.684265,35.650593],[139.684498,35.650714],[139.684517,35.650723],[139.684746,35.650849],[139.684975,35.650975],[139.685204,35.651101],[139.685255,35.65113],[139.685488,35.651251],[139.685721,35.651372],[139.685786,35.651405],[139.686022,35.651521],[139.686259,35.651637],[139.686274,35.651644],[139.686517,35.651751],[139.68676,35.651858],[139.686886,35.651906],[139.687079,35.651981],[139.687273,35.652051],[139.687512,35.652135],[139.687752,35.652215],[139.688008,35.652299],[139.688265,35.652382],[139.688521,35.652466],[139.688778,35.652549],[139.689034,35.652632],[139.689291,35.652716],[139.689547,35.652799],[139.689704,35.65285],[139.689862,35.652898],[139.690121,35.652976],[139.690378,35.653053],[139.690539,35.653088]]},"properties":{"id":"254992124#0","name":"\u9996\u90fd\u9ad8\u901f3\u53f7\u6e0b\u8c37\u7dda","tier":"arterial","w":5,"lanes":2,"vmax":16.7,"len":1226.5}},{"type":"Feature","geometry":{"type":"LineString","coordinates":[[139.691649,35.653427],[139.691868,35.653491],[139.691902,35.653501],[139.692163,35.653576],[139.692423,35.653651],[139.692433,35.653654],[139.692642,35.653723],[139.692817,35.653787],[139.692979,35.653859],[139.693136,35.653937],[139.69327,35.654013],[139.693394,35.654092],[139.693496,35.654167],[139.693606,35.654255],[139.693705,35.65434],[139.693802,35.654436],[139.693882,35.654524],[139.693961,35.654617],[139.694112,35.654805],[139.694263,35.654994],[139.694292,35.65503],[139.694424,35.655186],[139.694534,35.655303],[139.694633,35.655395],[139.694742,35.655482],[139.694829,35.655543],[139.694911,35.655595],[139.69501,35.655649],[139.695094,35.655692],[139.695196,35.655739],[139.695299,35.655781],[139.695443,35.655831],[139.695601,35.655879],[139.695772,35.655924],[139.695947,35.655965],[139.696128,35.656002],[139.696396,35.656056],[139.696665,35.65611],[139.696933,35.656163],[139.696983,35.656146]]},"properties":{"id":"254992124#1","name":"\u9996\u90fd\u9ad8\u901f3\u53f7\u6e0b\u8c37\u7dda","tier":"arterial","w":5,"lanes":2,"vmax":16.7,"len":592.4}},{"type":"Feature","geometry":{"type":"LineString","coordinates":[[139.690575,35.653096],[139.690834,35.653172],[139.691094,35.653249],[139.691354,35.653325],[139.691572,35.653389]]},"properties":{"id":"254992124#1-AddedOnRampEdge","name":"\u9996\u90fd\u9ad8\u901f3\u53f7\u6e0b\u8c37\u7dda","tier":"arterial","w":5,"lanes":3,"vmax":16.7,"len":96.0}},{"type":"Feature","geometry":{"type":"LineString","coordinates":[[139.698072,35.656458],[139.698293,35.656529],[139.69855,35.656611],[139.698807,35.656694],[139.699064,35.656777],[139.69932,35.656859],[139.699577,35.656942],[139.699707,35.656984],[139.699963,35.657067],[139.70022,35.657151],[139.700477,35.657234],[139.700609,35.657277],[139.70074,35.657321],[139.700995,35.657408],[139.70125,35.657494],[139.7014,35.657545],[139.70155,35.657597],[139.701804,35.657684],[139.702059,35.657771],[139.702314,35.657858],[139.702503,35.657923],[139.702658,35.657974],[139.702839,35.658025],[139.703023,35.658067],[139.703216,35.658101],[139.703435,35.658128],[139.703694,35.658155],[139.70384,35.65817],[139.7039,35.658175]]},"properties":{"id":"254992124#2","name":"\u9996\u90fd\u9ad8\u901f3\u53f7\u6e0b\u8c37\u7dda","tier":"arterial","w":5,"lanes":2,"vmax":16.7,"len":567.5}},{"type":"Feature","geometry":{"type":"LineString","coordinates":[[139.70404,35.658173],[139.704126,35.65818],[139.704176,35.658184],[139.704451,35.658203],[139.704495,35.658206],[139.704767,35.65822],[139.705042,35.658236],[139.705096,35.658239]]},"properties":{"id":"254992124#2-AddedOffRampEdge","name":"\u9996\u90fd\u9ad8\u901f3\u53f7\u6e0b\u8c37\u7dda","tier":"arterial","w":5,"lanes":3,"vmax":16.7,"len":95.9}},{"type":"Feature","geometry":{"type":"LineString","coordinates":[[139.696984,35.656159],[139.697252,35.656211],[139.697364,35.656233],[139.697626,35.656306],[139.697785,35.65635],[139.697996,35.656418]]},"properties":{"id":"254992124#2-AddedOnRampEdge","name":"\u9996\u90fd\u9ad8\u901f3\u53f7\u6e0b\u8c37\u7dda","tier":"arterial","w":5,"lanes":3,"vmax":16.7,"len":96.2}},{"type":"Feature","geometry":{"type":"LineString","coordinates":[[139.705257,35.658248],[139.705371,35.658265],[139.705646,35.658277],[139.705922,35.658288],[139.706198,35.6583],[139.706474,35.658311],[139.70675,35.658323],[139.707025,35.658334],[139.70706,35.658336]]},"properties":{"id":"254992124#3","name":"\u9996\u90fd\u9ad8\u901f3\u53f7\u6e0b\u8c37\u7dda","tier":"arterial","w":5,"lanes":2,"vmax":16.7,"len":163.7}},{"type":"Feature","geometry":{"type":"LineString","coordinates":[[139.70335,35.658163],[139.703421,35.658172],[139.70364,35.658198]]},"properties":{"id":"257223001","name":"\u516d\u672c\u6728\u901a\u308a","tier":"arterial","w":5,"lanes":5,"vmax":16.7,"len":26.5}},{"type":"Feature","geometry":{"type":"LineString","coordinates":[[139.69705,35.656021],[139.696948,35.656001]]},"properties":{"id":"258237576","name":"\u7389\u5ddd\u901a\u308a","tier":"arterial","w":3,"lanes":1,"vmax":22.2,"len":9.5}},{"type":"Feature","geometry":{"type":"LineString","coordinates":[[139.70093,35.657229],[139.700928,35.657228]]},"properties":{"id":"258238268","name":"\u7389\u5ddd\u901a\u308a","tier":"arterial","w":5,"lanes":3,"vmax":27.8,"len":0.2}},{"type":"Feature","geometry":{"type":"LineString","coordinates":[[139.695659,35.655661],[139.695425,35.655579],[139.69516,35.655517],[139.69509,35.655501]]},"properties":{"id":"258432966","name":"\u7389\u5ddd\u901a\u308a","tier":"arterial","w":3,"lanes":1,"vmax":22.2,"len":54.5}},{"type":"Feature","geometry":{"type":"LineString","coordinates":[[139.696693,35.652322],[139.696569,35.652509],[139.696437,35.652707],[139.696306,35.652903],[139.696178,35.653103],[139.696137,35.653166]]},"properties":{"id":"258432968","name":"","tier":"local","w":2,"lanes":1,"vmax":22.2,"len":106.3}},{"type":"Feature","geometry":{"type":"LineString","coordinates":[[139.696781,35.652293],[139.697002,35.6524],[139.697239,35.652516],[139.697476,35.652631],[139.697713,35.652746],[139.697831,35.652804],[139.697957,35.652856]]},"properties":{"id":"258432973#0","name":"\u6e0b\u8c37\u533a\u7279\u5225\u533a\u9053870\u53f7\u7dda\uff08\u91ce\u6ca2\u901a\u308a\uff09","tier":"local","w":2,"lanes":1,"vmax":8.3,"len":123.5}},{"type":"Feature","geometry":{"type":"LineString","coordinates":[[139.698106,35.652937],[139.698252,35.653058],[139.698446,35.653218],[139.698613,35.653357],[139.698763,35.653478]]},"properties":{"id":"258432973#1","name":"\u6e0b\u8c37\u533a\u7279\u5225\u533a\u9053870\u53f7\u7dda\uff08\u91ce\u6ca2\u901a\u308a\uff09","tier":"local","w":2,"lanes":1,"vmax":8.3,"len":84.4}},{"type":"Feature","geometry":{"type":"LineString","coordinates":[[139.69887,35.653573],[139.698932,35.653633]]},"properties":{"id":"258432973#2","name":"\u6e0b\u8c37\u533a\u7279\u5225\u533a\u9053870\u53f7\u7dda\uff08\u91ce\u6ca2\u901a\u308a\uff09","tier":"local","w":2,"lanes":1,"vmax":8.3,"len":8.8}},{"type":"Feature","geometry":{"type":"LineString","coordinates":[[139.700801,35.660379],[139.700798,35.660323],[139.700761,35.660171],[139.700719,35.660023],[139.700657,35.659803],[139.700637,35.659734],[139.700628,35.659705],[139.700616,35.659662],[139.700588,35.659582]]},"properties":{"id":"260252968#0","name":"\u795e\u5bae\u901a\u308a","tier":"local","w":2,"lanes":1,"vmax":22.2,"len":90.6}},{"type":"Feature","geometry":{"type":"LineString","coordinates":[[139.698807,35.664754],[139.698871,35.664785],[139.698932,35.664819],[139.699041,35.664882],[139.699152,35.664955],[139.69933,35.665099],[139.699391,35.665151]]},"properties":{"id":"261815507#0","name":"","tier":"local","w":2,"lanes":1,"vmax":11.1,"len":69.1}},{"type":"Feature","geometry":{"type":"LineString","coordinates":[[139.700795,35.661059],[139.700797,35.660977],[139.700796,35.660752],[139.700795,35.660596],[139.70079,35.660491]]},"properties":{"id":"261815523#0","name":"\u795e\u5bae\u901a\u308a","tier":"local","w":2,"lanes":2,"vmax":22.2,"len":63.0}},{"type":"Feature","geometry":{"type":"LineString","coordinates":[[139.693696,35.654544],[139.693862,35.654733],[139.693965,35.65485]]},"properties":{"id":"261996434#0","name":"\u7389\u5ddd\u901a\u308a","tier":"arterial","w":3,"lanes":2,"vmax":22.2,"len":41.8}},{"type":"Feature","geometry":{"type":"LineString","coordinates":[[139.694024,35.654922],[139.694141,35.655078],[139.69415,35.655089],[139.694232,35.655204]]},"properties":{"id":"261996434#1","name":"\u7389\u5ddd\u901a\u308a","tier":"arterial","w":3,"lanes":2,"vmax":22.2,"len":36.4}},{"type":"Feature","geometry":{"type":"LineString","coordinates":[[139.694286,35.655274],[139.694401,35.655413],[139.694548,35.655573]]},"properties":{"id":"261996434#2","name":"\u7389\u5ddd\u901a\u308a","tier":"arterial","w":3,"lanes":2,"vmax":22.2,"len":40.7}},{"type":"Feature","geometry":{"type":"LineString","coordinates":[[139.71204,35.661213],[139.712052,35.661226],[139.712238,35.661391],[139.712425,35.661557],[139.712573,35.661688],[139.71276,35.661853],[139.712802,35.661891],[139.712812,35.661902]]},"properties":{"id":"265033762#0","name":"","tier":"local","w":2,"lanes":1,"vmax":8.3,"len":103.6}},{"type":"Feature","geometry":{"type":"LineString","coordinates":[[139.701196,35.663313],[139.701126,35.663263],[139.701062,35.663211],[139.701005,35.663155],[139.700953,35.663096],[139.700907,35.663032],[139.700886,35.662998],[139.700867,35.662962],[139.700851,35.662926],[139.700838,35.662889],[139.700827,35.662851],[139.70082,35.662813],[139.700812,35.662736],[139.700811,35.66251],[139.700811,35.662318],[139.700811,35.662281]]},"properties":{"id":"265139657#0","name":"\u795e\u5bae\u901a\u308a","tier":"local","w":2,"lanes":1,"vmax":22.2,"len":125.7}},{"type":"Feature","geometry":{"type":"LineString","coordinates":[[139.716017,35.669073],[139.715879,35.6689],[139.715729,35.668711],[139.715579,35.668522],[139.715428,35.668333],[139.715278,35.668144],[139.715128,35.667955],[139.715001,35.667795],[139.714836,35.667614],[139.714672,35.667433],[139.714507,35.667252],[139.714343,35.667071],[139.714334,35.66706],[139.714234,35.66695],[139.714073,35.666767],[139.713912,35.666583],[139.713752,35.6664],[139.713657,35.666292],[139.713499,35.666108],[139.713333,35.665928],[139.71322,35.665804],[139.713051,35.665626],[139.713,35.665573],[139.712839,35.66539],[139.712769,35.66531],[139.712746,35.665284],[139.712696,35.665229]]},"properties":{"id":"273263244#0","name":"\u9752\u5c71\u901a\u308a","tier":"arterial","w":5,"lanes":3,"vmax":27.8,"len":522.0}},{"type":"Feature","geometry":{"type":"LineString","coordinates":[[139.700594,35.658059],[139.700592,35.658056],[139.700588,35.658038],[139.700582,35.658007],[139.700584,35.657981],[139.700588,35.657957],[139.700604,35.657908],[139.700652,35.6578],[139.700675,35.657744],[139.700762,35.657587],[139.70081,35.657503],[139.700815,35.657495]]},"properties":{"id":"274499717#0","name":"\u795e\u5bae\u901a\u308a","tier":"local","w":2,"lanes":1,"vmax":22.2,"len":66.8}},{"type":"Feature","geometry":{"type":"LineString","coordinates":[[139.700372,35.658174],[139.700357,35.658204],[139.700315,35.658305],[139.700265,35.658463],[139.700259,35.658493]]},"properties":{"id":"282172100","name":"\u795e\u5bae\u901a\u308a","tier":"local","w":2,"lanes":1,"vmax":22.2,"len":36.9}},{"type":"Feature","geometry":{"type":"LineString","coordinates":[[139.711277,35.654845],[139.711336,35.654747],[139.711441,35.654581],[139.711483,35.654512],[139.711585,35.654303],[139.711595,35.654282],[139.71164,35.654189],[139.711687,35.654092],[139.711771,35.653923],[139.711782,35.653901],[139.711786,35.653877],[139.711802,35.653652],[139.711817,35.653427],[139.711829,35.653263],[139.71185,35.653038],[139.711865,35.652876],[139.711879,35.652802],[139.711902,35.652737],[139.711962,35.6526]]},"properties":{"id":"284075887","name":"","tier":"local","w":2,"lanes":1,"vmax":8.3,"len":260.3}},{"type":"Feature","geometry":{"type":"LineString","coordinates":[[139.712372,35.658941],[139.712354,35.658978],[139.712252,35.659188],[139.712246,35.6592],[139.712178,35.659352],[139.712109,35.659499],[139.712083,35.65958],[139.712058,35.659673],[139.712026,35.65979],[139.712006,35.659906],[139.711999,35.659942],[139.711994,35.659986],[139.711997,35.660069],[139.712003,35.660134],[139.712015,35.66025],[139.712019,35.660329],[139.71203,35.660489],[139.71203,35.660553],[139.712024,35.66063],[139.71201,35.660763],[139.711997,35.660923],[139.711994,35.660946]]},"properties":{"id":"284075890#0","name":"","tier":"local","w":2,"lanes":1,"vmax":8.3,"len":228.1}},{"type":"Feature","geometry":{"type":"LineString","coordinates":[[139.707931,35.658207],[139.70783,35.658201],[139.707555,35.658182],[139.70728,35.658164],[139.70714,35.658155]]},"properties":{"id":"284075894#0","name":"\u516d\u672c\u6728\u901a\u308a","tier":"distributor","w":3,"lanes":2,"vmax":16.7,"len":71.8}},{"type":"Feature","geometry":{"type":"LineString","coordinates":[[139.707038,35.65815],[139.706814,35.658141],[139.706538,35.658129],[139.706262,35.658118],[139.706173,35.658114]]},"properties":{"id":"284075894#2","name":"\u516d\u672c\u6728\u901a\u308a","tier":"distributor","w":3,"lanes":2,"vmax":16.7,"len":78.4}},{"type":"Feature","geometry":{"type":"LineString","coordinates":[[139.706069,35.65811],[139.705846,35.658101],[139.70557,35.65809],[139.705295,35.658079],[139.705206,35.658076],[139.705127,35.658073],[139.704851,35.65807],[139.704792,35.658069]]},"properties":{"id":"284075894#3","name":"\u516d\u672c\u6728\u901a\u308a","tier":"distributor","w":3,"lanes":2,"vmax":16.7,"len":115.7}},{"type":"Feature","geometry":{"type":"LineString","coordinates":[[139.712595,35.658869],[139.71267,35.658874],[139.712786,35.658883],[139.712819,35.658886]]},"properties":{"id":"284075900#0","name":"\u516d\u672c\u6728\u901a\u308a","tier":"distributor","w":3,"lanes":3,"vmax":27.8,"len":20.4}},{"type":"Feature","geometry":{"type":"LineString","coordinates":[[139.712924,35.658895],[139.713148,35.658917],[139.713308,35.658933]]},"properties":{"id":"284075900#2","name":"\u516d\u672c\u6728\u901a\u308a","tier":"distributor","w":3,"lanes":3,"vmax":27.8,"len":35.0}},{"type":"Feature","geometry":{"type":"LineString","coordinates":[[139.713411,35.658943],[139.71358,35.65896],[139.713855,35.658986],[139.71402,35.659001],[139.714295,35.659026],[139.714569,35.659052],[139.714599,35.659054],[139.714873,35.659079],[139.71494,35.659085],[139.715215,35.65911],[139.715233,35.659112],[139.715305,35.659118],[139.71545,35.659131]]},"properties":{"id":"284075900#3","name":"\u516d\u672c\u6728\u901a\u308a","tier":"distributor","w":3,"lanes":3,"vmax":27.8,"len":185.7}},{"type":"Feature","geometry":{"type":"LineString","coordinates":[[139.689522,35.653068],[139.689515,35.653183],[139.689503,35.653409],[139.689496,35.65354],[139.689496,35.653639],[139.689501,35.653741],[139.689512,35.653843],[139.689531,35.653943],[139.689559,35.654049],[139.689592,35.654149],[139.689635,35.654249],[139.689734,35.65446],[139.689834,35.65467],[139.689918,35.654847],[139.69002,35.655057],[139.69007,35.655158],[139.690102,35.655224],[139.690108,35.655239]]},"properties":{"id":"285189313#0","name":"\u5c71\u624b\u901a\u308a","tier":"arterial","w":4,"lanes":2,"vmax":16.7,"len":250.4}},{"type":"Feature","geometry":{"type":"LineString","coordinates":[[139.689623,35.659527],[139.689702,35.659449]]},"properties":{"id":"285189336#0","name":"\u5c71\u624b\u901a\u308a","tier":"arterial","w":3,"lanes":1,"vmax":13.9,"len":11.3}},{"type":"Feature","geometry":{"type":"LineString","coordinates":[[139.689743,35.659405],[139.68988,35.659243],[139.690036,35.659057],[139.690178,35.658888]]},"properties":{"id":"285189336#1","name":"\u5c71\u624b\u901a\u308a","tier":"arterial","w":3,"lanes":1,"vmax":13.9,"len":69.6}},{"type":"Feature","geometry":{"type":"LineString","coordinates":[[139.690248,35.658805],[139.690369,35.65866],[139.690501,35.658502]]},"properties":{"id":"285189336#2","name":"\u5c71\u624b\u901a\u308a","tier":"arterial","w":3,"lanes":1,"vmax":13.9,"len":40.6}},{"type":"Feature","geometry":{"type":"LineString","coordinates":[[139.69057,35.658418],[139.690689,35.658274],[139.690843,35.658087],[139.690879,35.658044],[139.690905,35.658006],[139.690929,35.657973],[139.690936,35.657962]]},"properties":{"id":"285189336#3","name":"\u5c71\u624b\u901a\u308a","tier":"arterial","w":3,"lanes":1,"vmax":13.9,"len":60.5}},{"type":"Feature","geometry":{"type":"LineString","coordinates":[[139.690036,35.655378],[139.69007,35.655372]]},"properties":{"id":"28993424#4","name":"\u6de1\u5cf6\u901a\u308a \u677e\u898b\u5742","tier":"distributor","w":3,"lanes":1,"vmax":11.1,"len":3.1}},{"type":"Feature","geometry":{"type":"LineString","coordinates":[[139.691756,35.654956],[139.692011,35.654886],[139.692273,35.654815],[139.692535,35.654744],[139.692545,35.654742],[139.692567,35.654741]]},"properties":{"id":"28993425#0","name":"\u6de1\u5cf6\u901a\u308a","tier":"distributor","w":3,"lanes":1,"vmax":11.1,"len":77.3}},{"type":"Feature","geometry":{"type":"LineString","coordinates":[[139.690947,35.656987],[139.690969,35.657076],[139.690984,35.65717],[139.690992,35.65726],[139.69099,35.657355],[139.690981,35.657455],[139.690965,35.657545],[139.690938,35.657644],[139.690899,35.657742],[139.690858,35.657827],[139.690813,35.657903],[139.690764,35.657976],[139.690699,35.658062],[139.690634,35.658138],[139.690564,35.65822]]},"properties":{"id":"28993428","name":"\u5c71\u624b\u901a\u308a","tier":"arterial","w":4,"lanes":2,"vmax":13.9,"len":146.3}},{"type":"Feature","geometry":{"type":"LineString","coordinates":[[139.690562,35.658222],[139.690407,35.658407],[139.690251,35.658593],[139.690095,35.658779],[139.689938,35.658965],[139.689782,35.659151],[139.689626,35.659337],[139.689507,35.659478]]},"properties":{"id":"28993429","name":"\u5c71\u624b\u901a\u308a","tier":"arterial","w":4,"lanes":2,"vmax":13.9,"len":168.8}},{"type":"Feature","geometry":{"type":"LineString","coordinates":[[139.690629,35.65825],[139.690762,35.658092],[139.690829,35.658004],[139.690882,35.657924],[139.690926,35.657845],[139.690968,35.65776],[139.691005,35.65766],[139.691034,35.657551],[139.691052,35.657461],[139.691062,35.657358],[139.691063,35.65726],[139.691057,35.657165],[139.691044,35.657074],[139.691019,35.656977]]},"properties":{"id":"28993430","name":"\u5c71\u624b\u901a\u308a","tier":"arterial","w":4,"lanes":2,"vmax":13.9,"len":150.7}},{"type":"Feature","geometry":{"type":"LineString","coordinates":[[139.691019,35.656975],[139.690984,35.656874],[139.690941,35.656776],[139.690841,35.656566],[139.690742,35.656356],[139.690677,35.656221],[139.690625,35.656108],[139.690529,35.655897],[139.690433,35.655685],[139.690339,35.65548]]},"properties":{"id":"28993431#0","name":"\u5c71\u624b\u901a\u308a","tier":"arterial","w":4,"lanes":2,"vmax":16.7,"len":177.0}},{"type":"Feature","geometry":{"type":"LineString","coordinates":[[139.702501,35.669314],[139.702262,35.669204],[139.702242,35.669195],[139.702189,35.66917]]},"properties":{"id":"293229187#0","name":"\u4ee3\u3005\u6728\u516c\u5712\u901a\u308a;\u4e94\u8f2a\u6a4b","tier":"distributor","w":3,"lanes":4,"vmax":13.9,"len":32.4}},{"type":"Feature","geometry":{"type":"LineString","coordinates":[[139.702199,35.669175],[139.702197,35.669174]]},"properties":{"id":"293229188","name":"\u4ee3\u3005\u6728\u516c\u5712\u901a\u308a","tier":"distributor","w":3,"lanes":4,"vmax":13.9,"len":0.2}},{"type":"Feature","geometry":{"type":"LineString","coordinates":[[139.690866,35.65762],[139.69086,35.657632],[139.69084,35.657683],[139.690819,35.657731],[139.690812,35.657743],[139.690781,35.657802],[139.690779,35.657805]]},"properties":{"id":"310155072#0","name":"\u5c71\u624b\u901a\u308a","tier":"arterial","w":3,"lanes":1,"vmax":22.2,"len":22.0}},{"type":"Feature","geometry":{"type":"LineString","coordinates":[[139.690701,35.657932],[139.6907,35.657933],[139.690683,35.657956],[139.690649,35.658],[139.690587,35.658077],[139.69043,35.658262],[139.690272,35.658447],[139.690195,35.658537]]},"properties":{"id":"310155073#0","name":"\u5c71\u624b\u901a\u308a","tier":"arterial","w":3,"lanes":1,"vmax":22.2,"len":81.3}},{"type":"Feature","geometry":{"type":"LineString","coordinates":[[139.690137,35.658607],[139.690013,35.658759],[139.689931,35.658858],[139.689776,35.659044],[139.68962,35.65923],[139.689539,35.659327],[139.689461,35.659454]]},"properties":{"id":"310155073#2","name":"\u5c71\u624b\u901a\u308a","tier":"arterial","w":3,"lanes":1,"vmax":22.2,"len":112.2}},{"type":"Feature","geometry":{"type":"LineString","coordinates":[[139.691009,35.657833],[139.691025,35.657799],[139.691055,35.657724],[139.691078,35.657654],[139.691095,35.657594],[139.691156,35.6574]]},"properties":{"id":"310155076#0","name":"\u5c71\u624b\u901a\u308a","tier":"arterial","w":3,"lanes":2,"vmax":13.9,"len":50.0}},{"type":"Feature","geometry":{"type":"LineString","coordinates":[[139.706476,35.655292],[139.706405,35.655352],[139.706227,35.655524],[139.70605,35.655697],[139.706033,35.655714],[139.705929,35.6558],[139.705727,35.655954],[139.705533,35.6561]]},"properties":{"id":"310155079#1","name":"\u660e\u6cbb\u901a\u308a","tier":"arterial","w":4,"lanes":2,"vmax":13.9,"len":124.0}},{"type":"Feature","geometry":{"type":"LineString","coordinates":[[139.705458,35.656158],[139.705295,35.656283],[139.705104,35.65643],[139.704961,35.656514]]},"properties":{"id":"310155079#2","name":"\u660e\u6cbb\u901a\u308a","tier":"arterial","w":4,"lanes":2,"vmax":13.9,"len":60.0}},{"type":"Feature","geometry":{"type":"LineString","coordinates":[[139.704876,35.656563],[139.704696,35.656669],[139.704558,35.656748],[139.704367,35.65688],[139.704242,35.656984]]},"properties":{"id":"310155079#3","name":"\u660e\u6cbb\u901a\u308a","tier":"arterial","w":4,"lanes":2,"vmax":13.9,"len":74.2}},{"type":"Feature","geometry":{"type":"LineString","coordinates":[[139.707933,35.654071],[139.708013,35.654023],[139.708222,35.653876],[139.708226,35.653872],[139.708336,35.653784],[139.708437,35.65369],[139.708529,35.653588],[139.708581,35.653522]]},"properties":{"id":"310155080#0","name":"\u660e\u6cbb\u901a\u308a","tier":"arterial","w":4,"lanes":2,"vmax":13.9,"len":85.2}},{"type":"Feature","geometry":{"type":"LineString","coordinates":[[139.702965,35.658495],[139.703039,35.65834],[139.703077,35.65826],[139.703094,35.658232]]},"properties":{"id":"310155083#1","name":"\u660e\u6cbb\u901a\u308a","tier":"arterial","w":4,"lanes":2,"vmax":13.9,"len":31.4}},{"type":"Feature","geometry":{"type":"LineString","coordinates":[[139.706559,35.655193],[139.706492,35.655075],[139.706471,35.655043]]},"properties":{"id":"310155100","name":"\u516b\u5e61\u901a\u308a","tier":"local","w":2,"lanes":2,"vmax":11.1,"len":18.4}},{"type":"Feature","geometry":{"type":"LineString","coordinates":[[139.695584,35.660053],[139.695835,35.660143],[139.696088,35.660233],[139.696341,35.660324],[139.69635,35.660327]]},"properties":{"id":"310155108#0","name":"\u677e\u6d9b\u6587\u5316\u6751\u30b9\u30c8\u30ea\u30fc\u30c8","tier":"local","w":2,"lanes":1,"vmax":22.2,"len":75.7}},{"type":"Feature","geometry":{"type":"LineString","coordinates":[[139.696506,35.660382],[139.696652,35.660431],[139.696729,35.660458],[139.696811,35.660485]]},"properties":{"id":"310155108#2","name":"\u677e\u6d9b\u6587\u5316\u6751\u30b9\u30c8\u30ea\u30fc\u30c8","tier":"local","w":2,"lanes":1,"vmax":22.2,"len":29.9}},{"type":"Feature","geometry":{"type":"LineString","coordinates":[[139.697441,35.656184],[139.697199,35.656103],[139.697134,35.656082],[139.696872,35.65601],[139.696837,35.656001],[139.696573,35.655936],[139.696308,35.655871],[139.696044,35.655807],[139.69578,35.655742],[139.695648,35.65571],[139.695384,35.655645],[139.695365,35.65564]]},"properties":{"id":"311740421","name":"\u6e0b\u8c37\u51fa\u53e3","tier":"arterial","w":3,"lanes":1,"vmax":22.2,"len":197.6}},{"type":"Feature","geometry":{"type":"LineString","coordinates":[[139.695064,35.655559],[139.694993,35.655522],[139.694935,35.655476]]},"properties":{"id":"311740422#0","name":"\u6e0b\u8c37\u51fa\u53e3(\u9053\u7384\u5742\u4e0a)","tier":"arterial","w":3,"lanes":1,"vmax":22.2,"len":14.9}},{"type":"Feature","geometry":{"type":"LineString","coordinates":[[139.697101,35.656065],[139.696918,35.656051],[139.696653,35.655988],[139.696388,35.655925],[139.696123,35.655862],[139.695858,35.655798],[139.695593,35.655735],[139.695564,35.655728]]},"properties":{"id":"311740423","name":"","tier":"arterial","w":3,"lanes":1,"vmax":22.2,"len":144.3}},{"type":"Feature","geometry":{"type":"LineString","coordinates":[[139.693485,35.65426],[139.693526,35.654308],[139.693695,35.654486],[139.693743,35.654535],[139.693906,35.654717],[139.69391,35.654721],[139.694067,35.654906],[139.694093,35.654936],[139.694243,35.655125],[139.694394,35.655314],[139.694431,35.65536],[139.694542,35.655474],[139.694655,35.655569],[139.694786,35.655659],[139.694885,35.655715],[139.694999,35.655767],[139.695121,35.655816],[139.695252,35.655861],[139.695401,35.655902],[139.695575,35.655941],[139.695754,35.655975],[139.696023,35.656024],[139.696292,35.656073],[139.696546,35.65612],[139.696756,35.656145]]},"properties":{"id":"311740425","name":"\u6e0b\u8c37\u5165\u53e3","tier":"arterial","w":3,"lanes":1,"vmax":22.2,"len":383.3}},{"type":"Feature","geometry":{"type":"LineString","coordinates":[[139.700578,35.65933],[139.700564,35.659285],[139.700541,35.659214]]},"properties":{"id":"31610468","name":"\u795e\u5bae\u901a\u308a","tier":"local","w":2,"lanes":3,"vmax":22.2,"len":13.3}},{"type":"Feature","geometry":{"type":"LineString","coordinates":[[139.736736,35.665478],[139.736505,35.665354],[139.736274,35.665231],[139.736043,35.665107],[139.735873,35.665016],[139.735636,35.6649],[139.7354,35.664783],[139.735164,35.664666],[139.734928,35.664549],[139.734791,35.664482],[139.734558,35.664361],[139.734325,35.66424],[139.734092,35.664119],[139.733859,35.663998],[139.733765,35.663949],[139.733531,35.663829],[139.733298,35.663708],[139.733064,35.663588],[139.73283,35.663468],[139.732756,35.66343],[139.732521,35.663312],[139.732504,35.663303],[139.732263,35.663192],[139.732022,35.663082],[139.731782,35.662971],[139.731541,35.66286],[139.7313,35.66275],[139.73106,35.662639],[139.730819,35.662529],[139.730578,35.662418],[139.730338,35.662308],[139.730097,35.662197],[139.729857,35.662086],[139.729743,35.662034],[139.729508,35.661916],[139.729272,35.661798],[139.729037,35.66168],[139.729011,35.661667],[139.728777,35.661547],[139.728542,35.661428],[139.728343,35.661326],[139.728117,35.661221],[139.727872,35.661121],[139.72762,35.66103],[139.727367,35.66094],[139.727114,35.660849],[139.727045,35.660824],[139.72679,35.660736],[139.726535,35.660649],[139.726281,35.660561],[139.726026,35.660474],[139.725772,35.660387],[139.725517,35.660299],[139.725263,35.660212],[139.725008,35.660124],[139.724754,35.660037],[139.72471,35.660022],[139.72447,35.659947],[139.724212,35.659878],[139.723945,35.65982],[139.723906,35.659811],[139.723638,35.659759],[139.723585,35.659749],[139.723316,35.659701],[139.723247,35.659689],[139.722982,35.659644],[139.722724,35.659604],[139.722468,35.659571],[139.722272,35.659553],[139.721997,35.659535],[139.721721,35.659517],[139.721446,35.659499],[139.721171,35.659481],[139.720896,35.659463],[139.72062,35.659445],[139.720345,35.659427],[139.72007,35.659409],[139.719795,35.659391],[139.719519,35.659373],[139.719248,35.659355],[139.718973,35.659333],[139.718893,35.659327],[139.718619,35.6593],[139.718344,35.659274],[139.71807,35.659248],[139.717796,35.659222],[139.717521,35.659195],[139.717247,35.659169],[139.716973,35.659143],[139.716699,35.659117],[139.716424,35.659091],[139.71615,35.659064],[139.715876,35.659038],[139.715601,35.659012],[139.715327,35.658986],[139.715053,35.65896],[139.714779,35.658933],[139.714617,35.658918],[139.714343,35.658892],[139.714069,35.658866],[139.713794,35.65884],[139.71352,35.658814],[139.713246,35.658788],[139.712971,35.658762],[139.712697,35.658736],[139.712423,35.658711],[139.712148,35.658685],[139.711874,35.658659],[139.7116,35.658633],[139.711358,35.65861],[139.711084,35.658584],[139.710809,35.658557],[139.710535,35.658531],[139.710261,35.658505],[139.71025,35.658504]]},"properties":{"id":"316123949","name":"\u9996\u90fd\u9ad8\u901f3\u53f7\u6e0b\u8c37\u7dda","tier":"arterial","w":5,"lanes":2,"vmax":16.7,"len":2570.1}},{"type":"Feature","geometry":{"type":"LineString","coordinates":[[139.694224,35.655277],[139.694171,35.655314],[139.69397,35.655467],[139.693963,35.655472],[139.693763,35.655627],[139.693619,35.655738],[139.693588,35.655763]]},"properties":{"id":"31856111","name":"","tier":"local","w":2,"lanes":1,"vmax":22.2,"len":78.9}},{"type":"Feature","geometry":{"type":"LineString","coordinates":[[139.691064,35.657899],[139.69108,35.657902],[139.691186,35.65793],[139.691302,35.657966],[139.691378,35.657994]]},"properties":{"id":"31856144#0","name":"\u677e\u6d9b\u6587\u5316\u6751\u30b9\u30c8\u30ea\u30fc\u30c8","tier":"local","w":2,"lanes":1,"vmax":22.2,"len":30.3}},{"type":"Feature","geometry":{"type":"LineString","coordinates":[[139.69412,35.65925],[139.694147,35.659263],[139.694151,35.659265]]},"properties":{"id":"31856144#10","name":"\u677e\u6d9b\u6587\u5316\u6751\u30b9\u30c8\u30ea\u30fc\u30c8","tier":"local","w":2,"lanes":1,"vmax":22.2,"len":3.3}},{"type":"Feature","geometry":{"type":"LineString","coordinates":[[139.694247,35.659319],[139.694442,35.659452],[139.694587,35.659551],[139.694799,35.659696],[139.694892,35.659759],[139.694909,35.659768]]},"properties":{"id":"31856144#12","name":"\u677e\u6d9b\u6587\u5316\u6751\u30b9\u30c8\u30ea\u30fc\u30c8","tier":"local","w":2,"lanes":1,"vmax":22.2,"len":77.9}},{"type":"Feature","geometry":{"type":"LineString","coordinates":[[139.695057,35.659842],[139.695174,35.659896],[139.695373,35.659972],[139.69544,35.659998]]},"properties":{"id":"31856144#14","name":"\u677e\u6d9b\u6587\u5316\u6751\u30b9\u30c8\u30ea\u30fc\u30c8","tier":"local","w":2,"lanes":1,"vmax":22.2,"len":38.7}},{"type":"Feature","geometry":{"type":"LineString","coordinates":[[139.691476,35.658034],[139.691674,35.658123],[139.691825,35.658191]]},"properties":{"id":"31856144#2","name":"\u677e\u6d9b\u6587\u5316\u6751\u30b9\u30c8\u30ea\u30fc\u30c8","tier":"local","w":2,"lanes":1,"vmax":22.2,"len":36.1}},{"type":"Feature","geometry":{"type":"LineString","coordinates":[[139.692236,35.658382],[139.692422,35.658469],[139.692524,35.658516],[139.692601,35.658551]]},"properties":{"id":"31856144#4","name":"\u677e\u6d9b\u6587\u5316\u6751\u30b9\u30c8\u30ea\u30fc\u30c8","tier":"local","w":2,"lanes":1,"vmax":22.2,"len":38.1}},{"type":"Feature","geometry":{"type":"LineString","coordinates":[[139.692709,35.658601],[139.692898,35.658686],[139.69314,35.658794],[139.693382,35.658903],[139.6936,35.659001]]},"properties":{"id":"31856144#5","name":"\u677e\u6d9b\u6587\u5316\u6751\u30b9\u30c8\u30ea\u30fc\u30c8","tier":"local","w":2,"lanes":1,"vmax":22.2,"len":92.2}},{"type":"Feature","geometry":{"type":"LineString","coordinates":[[139.693709,35.659051],[139.693874,35.659127]]},"properties":{"id":"31856144#6","name":"\u677e\u6d9b\u6587\u5316\u6751\u30b9\u30c8\u30ea\u30fc\u30c8","tier":"local","w":2,"lanes":1,"vmax":22.2,"len":17.2}},{"type":"Feature","geometry":{"type":"LineString","coordinates":[[139.693971,35.659175],[139.693984,35.659181]]},"properties":{"id":"31856144#8","name":"\u677e\u6d9b\u6587\u5316\u6751\u30b9\u30c8\u30ea\u30fc\u30c8","tier":"local","w":2,"lanes":1,"vmax":22.2,"len":1.4}},{"type":"Feature","geometry":{"type":"LineString","coordinates":[[139.696673,35.655894],[139.696458,35.655842],[139.696193,35.655778],[139.695929,35.655714],[139.695705,35.655659]]},"properties":{"id":"32621599","name":"\u7389\u5ddd\u901a\u308a","tier":"arterial","w":3,"lanes":2,"vmax":22.2,"len":91.4}},{"type":"Feature","geometry":{"type":"LineString","coordinates":[[139.696218,35.657409],[139.69627,35.657345],[139.696449,35.657173],[139.696489,35.657135]]},"properties":{"id":"32621918#0","name":"","tier":"local","w":2,"lanes":1,"vmax":22.2,"len":39.1}},{"type":"Feature","geometry":{"type":"LineString","coordinates":[[139.696592,35.657035],[139.696719,35.656913],[139.696894,35.656745]]},"properties":{"id":"32621918#2","name":"","tier":"local","w":2,"lanes":1,"vmax":22.2,"len":42.3}},{"type":"Feature","geometry":{"type":"LineString","coordinates":[[139.697003,35.65664],[139.697132,35.656514],[139.697189,35.656459],[139.697227,35.656421],[139.69725,35.656375]]},"properties":{"id":"32621918#3","name":"","tier":"local","w":2,"lanes":1,"vmax":22.2,"len":37.2}},{"type":"Feature","geometry":{"type":"LineString","coordinates":[[139.690217,35.655204],[139.690167,35.655098],[139.690068,35.654887],[139.689969,35.654677],[139.68987,35.654467],[139.689803,35.654326],[139.689771,35.654255],[139.689739,35.654182]]},"properties":{"id":"32622953#0","name":"\u5c71\u624b\u901a\u308a","tier":"arterial","w":4,"lanes":2,"vmax":16.7,"len":125.8}},{"type":"Feature","geometry":{"type":"LineString","coordinates":[[139.695154,35.655937],[139.695153,35.655935]]},"properties":{"id":"33476791","name":"\u9053\u7384\u5742(\u9053\u7384\u5742\u4e0a)","tier":"local","w":2,"lanes":1,"vmax":22.2,"len":0.2}},{"type":"Feature","geometry":{"type":"LineString","coordinates":[[139.702921,35.658336],[139.70282,35.658544],[139.702719,35.658754],[139.70267,35.658855],[139.702573,35.659066],[139.702476,35.659277],[139.702449,35.659337],[139.702425,35.659388],[139.702409,35.659432],[139.702405,35.659442]]},"properties":{"id":"350053182#0","name":"\u660e\u6cbb\u901a\u308a","tier":"arterial","w":4,"lanes":2,"vmax":27.8,"len":131.3}},{"type":"Feature","geometry":{"type":"LineString","coordinates":[[139.710914,35.657321],[139.711099,35.657401],[139.711344,35.657506],[139.711536,35.657588],[139.711555,35.657596],[139.7118,35.657701],[139.711996,35.657785],[139.712033,35.657801],[139.712255,35.657897],[139.712498,35.658004],[139.712633,35.658063],[139.712647,35.658071],[139.712654,35.658082],[139.712663,35.658093],[139.71267,35.65811],[139.712667,35.658132],[139.712603,35.658352],[139.712549,35.658539]]},"properties":{"id":"350053191#0","name":"","tier":"local","w":2,"lanes":1,"vmax":8.3,"len":231.3}},{"type":"Feature","geometry":{"type":"LineString","coordinates":[[139.701312,35.664561],[139.70106,35.664591],[139.700919,35.664607]]},"properties":{"id":"355132186#0","name":"\u30a4\u30a8\u30ed\u30fc\u30b9\u30c8\u30ea\u30fc\u30c8","tier":"local","w":2,"lanes":1,"vmax":22.2,"len":36.0}},{"type":"Feature","geometry":{"type":"LineString","coordinates":[[139.700761,35.664624],[139.700566,35.664643],[139.700499,35.664649]]},"properties":{"id":"355132186#1","name":"\u30a4\u30a8\u30ed\u30fc\u30b9\u30c8\u30ea\u30fc\u30c8","tier":"local","w":2,"lanes":1,"vmax":22.2,"len":23.9}},{"type":"Feature","geometry":{"type":"LineString","coordinates":[[139.700383,35.664656],[139.700165,35.664659],[139.699991,35.664662],[139.699949,35.664663]]},"properties":{"id":"355132186#2","name":"\u30a4\u30a8\u30ed\u30fc\u30b9\u30c8\u30ea\u30fc\u30c8","tier":"local","w":2,"lanes":1,"vmax":22.2,"len":39.3}},{"type":"Feature","geometry":{"type":"LineString","coordinates":[[139.699846,35.664666],[139.699621,35.664674],[139.699365,35.664683]]},"properties":{"id":"355132186#3","name":"\u30a4\u30a8\u30ed\u30fc\u30b9\u30c8\u30ea\u30fc\u30c8","tier":"local","w":2,"lanes":1,"vmax":22.2,"len":43.5}},{"type":"Feature","geometry":{"type":"LineString","coordinates":[[139.701367,35.664504],[139.701342,35.66433],[139.701315,35.664136]]},"properties":{"id":"375809332#0","name":"\u30d5\u30a1\u30a4\u30a2\u30fc\u901a\u308a","tier":"local","w":2,"lanes":1,"vmax":11.1,"len":41.2}},{"type":"Feature","geometry":{"type":"LineString","coordinates":[[139.701304,35.664039],[139.701285,35.663864],[139.701261,35.663639],[139.70125,35.663535],[139.701244,35.663484],[139.70124,35.663427]]},"properties":{"id":"375809332#1","name":"\u30d5\u30a1\u30a4\u30a2\u30fc\u901a\u308a","tier":"local","w":2,"lanes":1,"vmax":11.1,"len":68.1}},{"type":"Feature","geometry":{"type":"LineString","coordinates":[[139.712565,35.665308],[139.712613,35.665361],[139.712776,35.665543],[139.71294,35.665725],[139.713103,35.665906],[139.713192,35.666005],[139.713356,35.666187],[139.713519,35.666368],[139.713683,35.66655],[139.713846,35.666732],[139.71385,35.666736],[139.714014,35.666918],[139.714072,35.666983],[139.714105,35.667023],[139.714187,35.667126],[139.714352,35.667307],[139.714488,35.667457]]},"properties":{"id":"375809334#0","name":"\u9752\u5c71\u901a\u308a","tier":"arterial","w":5,"lanes":4,"vmax":27.8,"len":295.2}},{"type":"Feature","geometry":{"type":"LineString","coordinates":[[139.71455,35.667524],[139.714686,35.667671],[139.714714,35.667702],[139.714872,35.667887],[139.715029,35.668072],[139.715186,35.668258],[139.715201,35.668275],[139.715349,35.668465],[139.715498,35.668655],[139.715647,35.668845],[139.715746,35.668972],[139.715883,35.669147]]},"properties":{"id":"375809334#3","name":"\u9752\u5c71\u901a\u308a","tier":"arterial","w":5,"lanes":4,"vmax":27.8,"len":216.8}},{"type":"Feature","geometry":{"type":"LineString","coordinates":[[139.712572,35.672385],[139.712589,35.672266],[139.712602,35.672166],[139.712633,35.672018],[139.712682,35.671873],[139.712708,35.671806]]},"properties":{"id":"375809337#0","name":"\u5916\u82d1\u897f\u901a\u308a","tier":"distributor","w":3,"lanes":1,"vmax":13.9,"len":65.5}},{"type":"Feature","geometry":{"type":"LineString","coordinates":[[139.712508,35.665017],[139.712454,35.664959],[139.712364,35.664863]]},"properties":{"id":"375809349#0","name":"\u9752\u5c71\u901a\u308a","tier":"arterial","w":5,"lanes":3,"vmax":27.8,"len":21.4}},{"type":"Feature","geometry":{"type":"LineString","coordinates":[[139.712302,35.664795],[139.712168,35.664649],[139.712161,35.664642],[139.711995,35.664461],[139.711829,35.664281],[139.711778,35.664226],[139.711612,35.664045],[139.711564,35.663992],[139.711398,35.663812],[139.711232,35.663632],[139.711198,35.663595],[139.711021,35.663422],[139.710949,35.663353],[139.710779,35.663188]]},"properties":{"id":"375809349#2","name":"\u9752\u5c71\u901a\u308a","tier":"arterial","w":5,"lanes":3,"vmax":27.8,"len":225.4}},{"type":"Feature","geometry":{"type":"LineString","coordinates":[[139.702475,35.659544],[139.702637,35.659569],[139.702708,35.65958],[139.702979,35.659624],[139.70302,35.659631]]},"properties":{"id":"375809353#0","name":"\u5bae\u76ca\u5742","tier":"local","w":2,"lanes":1,"vmax":11.1,"len":50.3}},{"type":"Feature","geometry":{"type":"LineString","coordinates":[[139.703278,35.659672],[139.703461,35.659703],[139.703732,35.659747],[139.703893,35.659774],[139.704163,35.65982],[139.704257,35.659836],[139.704527,35.659885],[139.704793,35.659934]]},"properties":{"id":"375809353#3","name":"\u5bae\u76ca\u5742","tier":"local","w":2,"lanes":1,"vmax":11.1,"len":140.2}},{"type":"Feature","geometry":{"type":"LineString","coordinates":[[139.704953,35.659966],[139.705148,35.660009],[139.705335,35.660051]]},"properties":{"id":"375809353#5","name":"\u5bae\u76ca\u5742","tier":"local","w":2,"lanes":1,"vmax":11.1,"len":35.8}},{"type":"Feature","geometry":{"type":"LineString","coordinates":[[139.698885,35.664488],[139.698933,35.664381],[139.698946,35.664348]]},"properties":{"id":"375814212","name":"\u516c\u5712\u901a\u308a","tier":"local","w":2,"lanes":1,"vmax":8.3,"len":16.5}},{"type":"Feature","geometry":{"type":"LineString","coordinates":[[139.705245,35.658292],[139.705332,35.658315],[139.705608,35.658327],[139.705884,35.65834],[139.706159,35.658353],[139.706435,35.658366],[139.706711,35.658379],[139.706986,35.658392],[139.707085,35.658397],[139.707323,35.658397]]},"properties":{"id":"382210314","name":"\u6e0b\u8c37\u51fa\u53e3","tier":"arterial","w":3,"lanes":1,"vmax":22.2,"len":188.8}},{"type":"Feature","geometry":{"type":"LineString","coordinates":[[139.691732,35.667771],[139.691677,35.667758],[139.691414,35.66769],[139.69115,35.667622],[139.690937,35.667568],[139.690886,35.667554]]},"properties":{"id":"390536917#0","name":"\u4e95\u30ce\u982d\u901a\u308a","tier":"distributor","w":3,"lanes":3,"vmax":13.9,"len":80.2}},{"type":"Feature","geometry":{"type":"LineString","coordinates":[[139.690691,35.667513],[139.690689,35.667513]]},"properties":{"id":"390536917#3","name":"\u4e95\u30ce\u982d\u901a\u308a","tier":"distributor","w":3,"lanes":3,"vmax":13.9,"len":0.2}},{"type":"Feature","geometry":{"type":"LineString","coordinates":[[139.690573,35.667499],[139.69047,35.66749],[139.690271,35.667492],[139.69008,35.667511],[139.689808,35.667553],[139.689635,35.66758],[139.689363,35.66762],[139.689232,35.66764]]},"properties":{"id":"390536917#4","name":"\u4e95\u30ce\u982d\u901a\u308a","tier":"distributor","w":3,"lanes":3,"vmax":13.9,"len":123.0}},{"type":"Feature","geometry":{"type":"LineString","coordinates":[[139.690844,35.667663],[139.690857,35.667666],[139.69112,35.667735],[139.691383,35.667805],[139.69159,35.667859],[139.691689,35.667884]]},"properties":{"id":"390536918#0","name":"\u4e95\u30ce\u982d\u901a\u308a","tier":"distributor","w":3,"lanes":2,"vmax":13.9,"len":80.3}},{"type":"Feature","geometry":{"type":"LineString","coordinates":[[139.688471,35.66783],[139.688747,35.66782],[139.688916,35.667815],[139.689164,35.66779],[139.689436,35.66775],[139.689708,35.66771],[139.689772,35.667701],[139.690041,35.66765],[139.690139,35.667632],[139.690229,35.66762],[139.690322,35.667617],[139.690463,35.667613],[139.690589,35.667619],[139.690632,35.667625]]},"properties":{"id":"390536919","name":"\u4e95\u30ce\u982d\u901a\u308a","tier":"distributor","w":3,"lanes":2,"vmax":13.9,"len":197.7}},{"type":"Feature","geometry":{"type":"LineString","coordinates":[[139.715717,35.66065],[139.715588,35.660698],[139.715342,35.660799],[139.715096,35.6609],[139.714911,35.660977],[139.714843,35.661004],[139.714777,35.661034],[139.71456,35.661131],[139.714322,35.661244],[139.71418,35.661312],[139.714067,35.661366],[139.714034,35.661381],[139.713798,35.661497],[139.713782,35.661505],[139.713546,35.661623],[139.713311,35.66174],[139.71318,35.661805],[139.712947,35.661925],[139.712921,35.661939],[139.712917,35.661941]]},"properties":{"id":"390852605#0","name":"\u9ad8\u6a39\u753a\u901a\u308a","tier":"local","w":2,"lanes":1,"vmax":11.1,"len":291.4}},{"type":"Feature","geometry":{"type":"LineString","coordinates":[[139.712784,35.662012],[139.712554,35.662136],[139.712496,35.662167]]},"properties":{"id":"390852605#6","name":"\u9ad8\u6a39\u753a\u901a\u308a","tier":"local","w":2,"lanes":1,"vmax":11.1,"len":31.2}},{"type":"Feature","geometry":{"type":"LineString","coordinates":[[139.712362,35.662238],[139.712196,35.662327],[139.711965,35.662451],[139.711884,35.662494]]},"properties":{"id":"390852605#8","name":"\u9ad8\u6a39\u753a\u901a\u308a","tier":"local","w":2,"lanes":1,"vmax":11.1,"len":51.8}},{"type":"Feature","geometry":{"type":"LineString","coordinates":[[139.711745,35.662571],[139.71159,35.662659],[139.711364,35.662788],[139.711138,35.662917],[139.710911,35.663047],[139.710859,35.663077],[139.710745,35.663147]]},"properties":{"id":"390852605#9","name":"\u9ad8\u6a39\u753a\u901a\u308a","tier":"local","w":2,"lanes":1,"vmax":11.1,"len":110.8}},{"type":"Feature","geometry":{"type":"LineString","coordinates":[[139.712329,35.66522],[139.71227,35.665248],[139.712031,35.665361],[139.711792,35.665474],[139.711553,35.665586],[139.711314,35.665699],[139.711075,35.665812],[139.710836,35.665925],[139.710709,35.665985],[139.710678,35.666],[139.710644,35.666016]]},"properties":{"id":"390852610#0","name":"\u8868\u53c2\u9053","tier":"distributor","w":3,"lanes":3,"vmax":27.8,"len":176.2}},{"type":"Feature","geometry":{"type":"LineString","coordinates":[[139.695068,35.655772],[139.694993,35.655656],[139.694952,35.655593]]},"properties":{"id":"404515763","name":"\u9053\u7384\u5742","tier":"local","w":2,"lanes":1,"vmax":22.2,"len":22.4}},{"type":"Feature","geometry":{"type":"LineString","coordinates":[[139.691905,35.66794],[139.691948,35.667951],[139.692212,35.668019],[139.692475,35.668086],[139.692719,35.66815],[139.69297,35.668207],[139.693208,35.668248],[139.693353,35.668264],[139.693483,35.668273],[139.693759,35.668282],[139.694035,35.668291],[139.694311,35.6683],[139.694587,35.668309],[139.694863,35.668318],[139.695139,35.668327],[139.695415,35.668336],[139.695691,35.668345],[139.695967,35.668353],[139.696243,35.668362],[139.696519,35.668371],[139.696795,35.66838],[139.697071,35.668389],[139.697347,35.668398],[139.697529,35.668404],[139.697805,35.668414],[139.698081,35.668424],[139.698356,35.668433],[139.698632,35.668443],[139.698908,35.668453],[139.699184,35.668463],[139.69946,35.668473],[139.699736,35.668482],[139.700012,35.668492],[139.700283,35.668529],[139.700467,35.668565],[139.700624,35.668608],[139.7008,35.668671],[139.701044,35.668777],[139.701288,35.668882],[139.701532,35.668988],[139.701776,35.669093],[139.701896,35.669144],[139.701969,35.669176]]},"properties":{"id":"41521073#0","name":"\u4ee3\u3005\u6728\u516c\u5712\u901a\u308a","tier":"distributor","w":3,"lanes":2,"vmax":13.9,"len":933.6}},{"type":"Feature","geometry":{"type":"LineString","coordinates":[[139.703824,35.669266],[139.703991,35.669192],[139.704232,35.669082],[139.704441,35.668987]]},"properties":{"id":"41521096#0","name":"\u8868\u53c2\u9053","tier":"distributor","w":3,"lanes":3,"vmax":13.9,"len":63.8}},{"type":"Feature","geometry":{"type":"LineString","coordinates":[[139.704546,35.668938],[139.704733,35.668851],[139.704972,35.668738],[139.705146,35.668657],[139.705218,35.668624],[139.705384,35.668547]]},"properties":{"id":"41521096#1","name":"\u8868\u53c2\u9053","tier":"distributor","w":3,"lanes":3,"vmax":13.9,"len":87.4}},{"type":"Feature","geometry":{"type":"LineString","coordinates":[[139.70996,35.666432],[139.710037,35.666397]]},"properties":{"id":"41521096#10","name":"\u8868\u53c2\u9053","tier":"distributor","w":3,"lanes":3,"vmax":13.9,"len":8.0}},{"type":"Feature","geometry":{"type":"LineString","coordinates":[[139.710127,35.666354],[139.710327,35.666261],[139.710511,35.666175]]},"properties":{"id":"41521096#11","name":"\u8868\u53c2\u9053","tier":"distributor","w":3,"lanes":3,"vmax":13.9,"len":40.0}},{"type":"Feature","geometry":{"type":"LineString","coordinates":[[139.705459,35.668513],[139.705616,35.668442],[139.705858,35.668334],[139.706074,35.668238]]},"properties":{"id":"41521096#4","name":"\u8868\u53c2\u9053","tier":"distributor","w":3,"lanes":3,"vmax":13.9,"len":63.5}},{"type":"Feature","geometry":{"type":"LineString","coordinates":[[139.706164,35.668197],[139.70636,35.668106],[139.706502,35.66804],[139.706741,35.667926],[139.706979,35.667813],[139.707166,35.667724]]},"properties":{"id":"41521096#6","name":"\u8868\u53c2\u9053","tier":"distributor","w":3,"lanes":3,"vmax":13.9,"len":104.7}},{"type":"Feature","geometry":{"type":"LineString","coordinates":[[139.707257,35.667681],[139.707449,35.667593],[139.707571,35.667538],[139.707812,35.667428],[139.708053,35.667318],[139.708099,35.667296],[139.708126,35.667284],[139.708366,35.667173],[139.708606,35.667061],[139.708846,35.66695],[139.709086,35.666838],[139.709326,35.666727],[139.709566,35.666615],[139.709806,35.666504],[139.70987,35.666474]]},"properties":{"id":"41521096#7","name":"\u8868\u53c2\u9053","tier":"distributor","w":3,"lanes":3,"vmax":13.9,"len":271.8}},{"type":"Feature","geometry":{"type":"LineString","coordinates":[[139.702518,35.669416],[139.702615,35.669459],[139.702689,35.66949]]},"properties":{"id":"41521330#0","name":"\u8868\u53c2\u9053","tier":"distributor","w":3,"lanes":4,"vmax":13.9,"len":17.5}},{"type":"Feature","geometry":{"type":"LineString","coordinates":[[139.702206,35.669282],[139.702448,35.669386],[139.702515,35.669415]]},"properties":{"id":"41521336","name":"\u4ee3\u3005\u6728\u516c\u5712\u901a\u308a;\u4e94\u8f2a\u6a4b","tier":"distributor","w":3,"lanes":4,"vmax":13.9,"len":31.6}},{"type":"Feature","geometry":{"type":"LineString","coordinates":[[139.698762,35.664669],[139.698821,35.664604]]},"properties":{"id":"41521741#0","name":"\u516c\u5712\u901a\u308a","tier":"local","w":2,"lanes":1,"vmax":8.3,"len":8.9}},{"type":"Feature","geometry":{"type":"LineString","coordinates":[[139.68782,35.663122],[139.687927,35.663121],[139.687983,35.663129],[139.688134,35.663175],[139.688394,35.66325],[139.688517,35.663285],[139.688777,35.663361],[139.688875,35.663389],[139.689136,35.663463],[139.689262,35.663499],[139.689518,35.663583],[139.689669,35.663632],[139.689792,35.663673],[139.689907,35.66371],[139.689951,35.663724]]},"properties":{"id":"41522459#0","name":"","tier":"local","w":2,"lanes":1,"vmax":8.3,"len":204.9}},{"type":"Feature","geometry":{"type":"LineString","coordinates":[[139.6901,35.663772],[139.690282,35.663833],[139.690538,35.663918],[139.690632,35.663949]]},"properties":{"id":"41522459#1","name":"","tier":"local","w":2,"lanes":1,"vmax":8.3,"len":52.0}},{"type":"Feature","geometry":{"type":"LineString","coordinates":[[139.699207,35.664701],[139.699204,35.664701],[139.699156,35.664696],[139.699106,35.664684],[139.69906,35.664665],[139.699003,35.664637],[139.698949,35.664606],[139.698938,35.664599]]},"properties":{"id":"41857283","name":"\u30a4\u30a8\u30ed\u30fc\u30b9\u30c8\u30ea\u30fc\u30c8","tier":"local","w":2,"lanes":1,"vmax":22.2,"len":27.3}},{"type":"Feature","geometry":{"type":"LineString","coordinates":[[139.694017,35.659282],[139.694016,35.659283]]},"properties":{"id":"46773537#0","name":"","tier":"local","w":2,"lanes":1,"vmax":22.2,"len":0.2}},{"type":"Feature","geometry":{"type":"LineString","coordinates":[[139.693916,35.659342],[139.693866,35.659353],[139.693788,35.659365],[139.693715,35.659371],[139.69363,35.659374],[139.693354,35.659376],[139.69329,35.659377],[139.693014,35.659355],[139.692739,35.659333],[139.692594,35.659322],[139.692319,35.659317],[139.692309,35.659316],[139.69219,35.659312]]},"properties":{"id":"46773537#2","name":"","tier":"local","w":2,"lanes":1,"vmax":22.2,"len":156.9}},{"type":"Feature","geometry":{"type":"LineString","coordinates":[[139.690818,35.657864],[139.690905,35.657875]]},"properties":{"id":"46773653","name":"\u677e\u6d9b\u6587\u5316\u6751\u30b9\u30c8\u30ea\u30fc\u30c8","tier":"local","w":2,"lanes":1,"vmax":22.2,"len":8.0}},{"type":"Feature","geometry":{"type":"LineString","coordinates":[[139.690303,35.655768],[139.690349,35.655869],[139.69042,35.656022],[139.690521,35.656232],[139.690623,35.656442],[139.690724,35.656651],[139.690785,35.656777]]},"properties":{"id":"46773722#0","name":"\u5c71\u624b\u901a\u308a","tier":"arterial","w":3,"lanes":1,"vmax":22.2,"len":120.2}},{"type":"Feature","geometry":{"type":"LineString","coordinates":[[139.69082,35.656858],[139.690846,35.656931],[139.690864,35.656986],[139.69088,35.657041],[139.690895,35.657102],[139.690906,35.657163],[139.69091,35.657224],[139.69091,35.657231]]},"properties":{"id":"46773722#1","name":"\u5c71\u624b\u901a\u308a","tier":"arterial","w":3,"lanes":1,"vmax":22.2,"len":42.2}},{"type":"Feature","geometry":{"type":"LineString","coordinates":[[139.690909,35.657322],[139.690903,35.657436]]},"properties":{"id":"46773722#2","name":"\u5c71\u624b\u901a\u308a","tier":"arterial","w":3,"lanes":1,"vmax":22.2,"len":12.7}},{"type":"Feature","geometry":{"type":"LineString","coordinates":[[139.69468,35.662801],[139.69484,35.662679],[139.695041,35.662524],[139.695097,35.662481],[139.69522,35.662398],[139.695262,35.662361],[139.69531,35.662309],[139.695447,35.662149]]},"properties":{"id":"46867628#0","name":"\u30aa\u30fc\u30c1\u30e3\u30fc\u30c9\u30ed\u30fc\u30c9","tier":"local","w":2,"lanes":1,"vmax":8.3,"len":100.7}},{"type":"Feature","geometry":{"type":"LineString","coordinates":[[139.695538,35.662043],[139.695649,35.66191],[139.695805,35.661725],[139.695921,35.661587],[139.695925,35.661582]]},"properties":{"id":"46867628#1","name":"\u30aa\u30fc\u30c1\u30e3\u30fc\u30c9\u30ed\u30fc\u30c9","tier":"local","w":2,"lanes":1,"vmax":8.3,"len":61.9}},{"type":"Feature","geometry":{"type":"LineString","coordinates":[[139.698143,35.655034],[139.698129,35.655054],[139.697988,35.655248],[139.697848,35.655442],[139.697719,35.655621]]},"properties":{"id":"46922471","name":"","tier":"local","w":2,"lanes":1,"vmax":22.2,"len":75.5}},{"type":"Feature","geometry":{"type":"LineString","coordinates":[[139.710472,35.662905],[139.710471,35.662904]]},"properties":{"id":"475458677#0","name":"\u9752\u5c71\u901a\u308a","tier":"arterial","w":5,"lanes":3,"vmax":27.8,"len":0.2}},{"type":"Feature","geometry":{"type":"LineString","coordinates":[[139.710403,35.662861],[139.710307,35.662798],[139.710086,35.662663],[139.709865,35.662528],[139.709644,35.662392],[139.709423,35.662257],[139.709202,35.662122],[139.708981,35.661987],[139.70876,35.661851],[139.708625,35.661769]]},"properties":{"id":"475458677#2","name":"\u9752\u5c71\u901a\u308a","tier":"arterial","w":5,"lanes":3,"vmax":27.8,"len":201.4}},{"type":"Feature","geometry":{"type":"LineString","coordinates":[[139.710653,35.663269],[139.710779,35.663399],[139.710822,35.663443],[139.710992,35.66362],[139.711163,35.663797],[139.711215,35.663851]]},"properties":{"id":"475458685#0","name":"\u9752\u5c71\u901a\u308a","tier":"arterial","w":5,"lanes":4,"vmax":27.8,"len":82.2}},{"type":"Feature","geometry":{"type":"LineString","coordinates":[[139.711279,35.663919],[139.711416,35.664064],[139.711459,35.664109]]},"properties":{"id":"475458685#2","name":"\u9752\u5c71\u901a\u308a","tier":"arterial","w":5,"lanes":4,"vmax":27.8,"len":26.7}},{"type":"Feature","geometry":{"type":"LineString","coordinates":[[139.711524,35.66418],[139.711623,35.664288],[139.711697,35.664369]]},"properties":{"id":"475458685#3","name":"\u9752\u5c71\u901a\u308a","tier":"arterial","w":5,"lanes":4,"vmax":27.8,"len":26.2}},{"type":"Feature","geometry":{"type":"LineString","coordinates":[[139.71176,35.664437],[139.711896,35.664585],[139.712062,35.664765],[139.712228,35.664945],[139.71228,35.665002],[139.712312,35.665037],[139.712371,35.665101]]},"properties":{"id":"475458685#4","name":"\u9752\u5c71\u901a\u308a","tier":"arterial","w":5,"lanes":4,"vmax":27.8,"len":92.1}},{"type":"Feature","geometry":{"type":"LineString","coordinates":[[139.705065,35.653012],[139.704958,35.652856],[139.70488,35.652741],[139.704857,35.652704],[139.70485,35.652694]]},"properties":{"id":"48274900#1","name":"\u516b\u5e61\u901a\u308a","tier":"local","w":2,"lanes":1,"vmax":11.1,"len":40.4}},{"type":"Feature","geometry":{"type":"LineString","coordinates":[[139.704802,35.652624],[139.704691,35.652451],[139.704595,35.652301],[139.704464,35.652102],[139.704366,35.651955],[139.704231,35.651758],[139.70419,35.651699],[139.704167,35.65167],[139.704139,35.651624],[139.704074,35.651526],[139.704025,35.651453],[139.703963,35.651368],[139.703894,35.651298],[139.703815,35.651227],[139.703623,35.651066],[139.703515,35.650974],[139.703358,35.650846],[139.703269,35.650773],[139.703238,35.65075]]},"properties":{"id":"48274900#3","name":"\u516b\u5e61\u901a\u308a","tier":"local","w":2,"lanes":1,"vmax":11.1,"len":253.7}},{"type":"Feature","geometry":{"type":"LineString","coordinates":[[139.706648,35.651959],[139.70671,35.651893],[139.706871,35.651711],[139.706952,35.65162],[139.706998,35.651566],[139.707065,35.651481],[139.707118,35.65139],[139.707173,35.651274],[139.707212,35.651181]]},"properties":{"id":"48274901","name":"\u6e0b\u8c37\u533a\u7279\u5225\u533a\u90531076\u53f7\u7dda\uff08\u88dc\u52a918\u53f7\u7dda\uff09","tier":"local","w":2,"lanes":1,"vmax":22.2,"len":101.0}},{"type":"Feature","geometry":{"type":"LineString","coordinates":[[139.697029,35.651772],[139.696981,35.651863],[139.69692,35.651961],[139.696792,35.65216],[139.696763,35.652205]]},"properties":{"id":"49257908","name":"\u91ce\u6ca2\u901a\u308a","tier":"local","w":2,"lanes":1,"vmax":22.2,"len":53.8}},{"type":"Feature","geometry":{"type":"LineString","coordinates":[[139.696543,35.65491],[139.696422,35.654777],[139.696257,35.654596],[139.696144,35.654472],[139.695976,35.654294],[139.695807,35.654116],[139.695638,35.653937],[139.695512,35.653804]]},"properties":{"id":"49257986#0","name":"","tier":"local","w":2,"lanes":1,"vmax":8.3,"len":154.2}},{"type":"Feature","geometry":{"type":"LineString","coordinates":[[139.695413,35.6537],[139.695295,35.653574],[139.695127,35.653395],[139.694959,35.653216],[139.694791,35.653037],[139.694644,35.652881]]},"properties":{"id":"49257986#1","name":"","tier":"local","w":2,"lanes":1,"vmax":8.3,"len":114.5}},{"type":"Feature","geometry":{"type":"LineString","coordinates":[[139.70483,35.653546],[139.704758,35.653525],[139.704576,35.653442],[139.704333,35.653337],[139.704329,35.653335],[139.704203,35.653278],[139.703985,35.653138],[139.703769,35.652998],[139.703764,35.652995],[139.703544,35.652859],[139.703323,35.652723],[139.703106,35.652588],[139.702971,35.652501],[139.702898,35.652453],[139.702683,35.652311],[139.702681,35.652309],[139.702508,35.652205],[139.702291,35.652065],[139.702082,35.65193]]},"properties":{"id":"50988451#0","name":"","tier":"local","w":2,"lanes":1,"vmax":22.2,"len":307.6}},{"type":"Feature","geometry":{"type":"LineString","coordinates":[[139.701957,35.651847],[139.701941,35.651836],[139.701731,35.651689],[139.70158,35.651584],[139.70136,35.651469],[139.701334,35.651455],[139.701103,35.651331],[139.70092,35.651233],[139.700903,35.651223],[139.700668,35.651105],[139.700538,35.651039],[139.700309,35.650912],[139.700278,35.650895],[139.70005,35.650767],[139.699822,35.65064],[139.699594,35.650513],[139.699568,35.650498],[139.699559,35.650494]]},"properties":{"id":"50988451#1","name":"","tier":"local","w":2,"lanes":1,"vmax":22.2,"len":264.2}},{"type":"Feature","geometry":{"type":"LineString","coordinates":[[139.702346,35.659631],[139.702338,35.659664],[139.702318,35.659787],[139.702309,35.659862],[139.702292,35.660087],[139.702275,35.660312],[139.702257,35.660537],[139.702241,35.660749],[139.702231,35.660974],[139.702222,35.661199],[139.702212,35.661425],[139.702203,35.66165],[139.702199,35.661745],[139.702196,35.661809]]},"properties":{"id":"534157302#0","name":"\u660e\u6cbb\u901a\u308a","tier":"arterial","w":4,"lanes":2,"vmax":13.9,"len":242.1}},{"type":"Feature","geometry":{"type":"LineString","coordinates":[[139.711171,35.65226],[139.711248,35.652298],[139.711505,35.652377],[139.711763,35.652457],[139.711881,35.652493],[139.711914,35.652502],[139.711936,35.652508]]},"properties":{"id":"55343563","name":"","tier":"local","w":2,"lanes":1,"vmax":22.2,"len":74.6}},{"type":"Feature","geometry":{"type":"LineString","coordinates":[[139.70679,35.652513],[139.706813,35.652546],[139.706955,35.652739],[139.707087,35.652921]]},"properties":{"id":"55893476#0","name":"","tier":"local","w":2,"lanes":1,"vmax":8.3,"len":52.6}},{"type":"Feature","geometry":{"type":"LineString","coordinates":[[139.707159,35.65304],[139.707227,35.653198],[139.707258,35.653246]]},"properties":{"id":"55893476#1","name":"","tier":"local","w":2,"lanes":1,"vmax":8.3,"len":24.6}},{"type":"Feature","geometry":{"type":"LineString","coordinates":[[139.707302,35.653285],[139.707479,35.653418],[139.707509,35.653443],[139.707527,35.653459],[139.707574,35.6535],[139.707594,35.65352],[139.707616,35.65355],[139.707694,35.653712],[139.707708,35.653747]]},"properties":{"id":"55893476#2","name":"","tier":"local","w":2,"lanes":1,"vmax":8.3,"len":64.4}},{"type":"Feature","geometry":{"type":"LineString","coordinates":[[139.702002,35.651946],[139.701965,35.652018]]},"properties":{"id":"56251322#0","name":"","tier":"local","w":2,"lanes":1,"vmax":8.3,"len":8.7}},{"type":"Feature","geometry":{"type":"LineString","coordinates":[[139.701909,35.652138],[139.701872,35.65222],[139.701782,35.652433],[139.701692,35.652646],[139.701601,35.652859],[139.701511,35.653072],[139.70142,35.653285],[139.701405,35.653321],[139.701306,35.653531],[139.701208,35.653742],[139.701188,35.653784],[139.701095,35.653996],[139.701027,35.654152],[139.701025,35.654156]]},"properties":{"id":"56251322#1","name":"","tier":"local","w":2,"lanes":1,"vmax":8.3,"len":237.8}},{"type":"Feature","geometry":{"type":"LineString","coordinates":[[139.70102,35.65429],[139.701067,35.654489],[139.701092,35.654593]]},"properties":{"id":"56251322#2","name":"","tier":"local","w":2,"lanes":1,"vmax":8.3,"len":34.3}},{"type":"Feature","geometry":{"type":"LineString","coordinates":[[139.701123,35.654722],[139.701162,35.654876],[139.701218,35.655097],[139.701253,35.655232]]},"properties":{"id":"56251322#3","name":"","tier":"local","w":2,"lanes":1,"vmax":8.3,"len":57.8}},{"type":"Feature","geometry":{"type":"LineString","coordinates":[[139.699059,35.653742],[139.69917,35.653811],[139.699326,35.653905],[139.699458,35.653968],[139.699568,35.654015]]},"properties":{"id":"56252212#0","name":"\u6e0b\u8c37\u533a\u7279\u5225\u533a\u9053870\u53f7\u7dda\uff08\u91ce\u6ca2\u901a\u308a\uff09","tier":"local","w":2,"lanes":2,"vmax":8.3,"len":55.2}},{"type":"Feature","geometry":{"type":"LineString","coordinates":[[139.699662,35.654054],[139.699819,35.654118],[139.699878,35.654139],[139.699937,35.654153],[139.700053,35.654171]]},"properties":{"id":"56252212#1","name":"\u6e0b\u8c37\u533a\u7279\u5225\u533a\u9053870\u53f7\u7dda\uff08\u91ce\u6ca2\u901a\u308a\uff09","tier":"local","w":2,"lanes":2,"vmax":8.3,"len":38.0}},{"type":"Feature","geometry":{"type":"LineString","coordinates":[[139.70048,35.654242],[139.700518,35.654248],[139.70059,35.65426],[139.700678,35.654265],[139.700911,35.654237]]},"properties":{"id":"56252212#3","name":"\u6e0b\u8c37\u533a\u7279\u5225\u533a\u9053870\u53f7\u7dda\uff08\u91ce\u6ca2\u901a\u308a\uff09","tier":"local","w":2,"lanes":2,"vmax":8.3,"len":39.5}},{"type":"Feature","geometry":{"type":"LineString","coordinates":[[139.70647,35.655041],[139.706446,35.655003],[139.706418,35.65496]]},"properties":{"id":"56757428#0","name":"\u4e26\u6728\u6a4b","tier":"local","w":2,"lanes":2,"vmax":11.1,"len":10.1}},{"type":"Feature","geometry":{"type":"LineString","coordinates":[[139.694844,35.655765],[139.694861,35.655772],[139.695066,35.655839]]},"properties":{"id":"659059738#0","name":"\u7389\u5ddd\u901a\u308a","tier":"arterial","w":3,"lanes":2,"vmax":22.2,"len":21.7}},{"type":"Feature","geometry":{"type":"LineString","coordinates":[[139.700747,35.662237],[139.700682,35.662247],[139.700419,35.662274]]},"properties":{"id":"691240263#0","name":"\u30d5\u30a3\u30f3\u30ac\u30fc\u30a2\u30d9\u30cb\u30e5\u30fc","tier":"local","w":2,"lanes":1,"vmax":22.2,"len":30.0}},{"type":"Feature","geometry":{"type":"LineString","coordinates":[[139.700296,35.662286],[139.700083,35.662306],[139.699809,35.662333],[139.699534,35.662359],[139.699423,35.66237],[139.699379,35.662374]]},"properties":{"id":"691240263#2","name":"\u30d5\u30a3\u30f3\u30ac\u30fc\u30a2\u30d9\u30cb\u30e5\u30fc","tier":"local","w":2,"lanes":1,"vmax":22.2,"len":83.5}},{"type":"Feature","geometry":{"type":"LineString","coordinates":[[139.700809,35.662139],[139.700807,35.662084],[139.700808,35.661858],[139.700809,35.661633],[139.700811,35.661408],[139.700811,35.661294],[139.700812,35.661187]]},"properties":{"id":"691240265#0","name":"\u795e\u5bae\u901a\u308a","tier":"local","w":2,"lanes":1,"vmax":22.2,"len":105.6}},{"type":"Feature","geometry":{"type":"LineString","coordinates":[[139.706377,35.654897],[139.706267,35.65473],[139.706137,35.654531],[139.706102,35.654478],[139.706061,35.654414],[139.705964,35.654273],[139.705829,35.654077],[139.705693,35.65388],[139.705656,35.653827],[139.705515,35.653634],[139.705373,35.65344],[139.705369,35.653435],[139.705228,35.653244],[139.705198,35.653202]]},"properties":{"id":"74271102","name":"\u516b\u5e61\u901a\u308a","tier":"local","w":2,"lanes":1,"vmax":11.1,"len":216.2}},{"type":"Feature","geometry":{"type":"LineString","coordinates":[[139.707927,35.658252],[139.7078,35.658249],[139.707524,35.658232],[139.707249,35.658215],[139.70708,35.658205],[139.706805,35.658193],[139.706656,35.658187],[139.70638,35.658185],[139.706355,35.658185],[139.70608,35.658174],[139.705804,35.658162],[139.705528,35.65815],[139.705252,35.658139],[139.705066,35.658131],[139.704791,35.658144],[139.704611,35.658153]]},"properties":{"id":"756785283#0","name":"\u6e0b\u8c37\u5165\u53e3","tier":"arterial","w":3,"lanes":1,"vmax":22.2,"len":300.7}},{"type":"Feature","geometry":{"type":"LineString","coordinates":[[139.69529,35.655663],[139.695255,35.655692]]},"properties":{"id":"775467745","name":"\u6e0b\u8c37\u51fa\u53e3","tier":"arterial","w":3,"lanes":1,"vmax":22.2,"len":4.5}},{"type":"Feature","geometry":{"type":"LineString","coordinates":[[139.695685,35.655982],[139.695884,35.656025],[139.696151,35.656083],[139.696418,35.65614],[139.696685,35.656198],[139.69692,35.656249]]},"properties":{"id":"775467747#0","name":"\u7389\u5ddd\u901a\u308a","tier":"arterial","w":3,"lanes":2,"vmax":22.2,"len":115.7}},{"type":"Feature","geometry":{"type":"LineString","coordinates":[[139.702371,35.664223],[139.702362,35.664201],[139.702333,35.664135],[139.702277,35.66401],[139.702247,35.663901],[139.702215,35.66375],[139.702207,35.6637]]},"properties":{"id":"798739071#0","name":"\u660e\u6cbb\u901a\u308a","tier":"arterial","w":4,"lanes":2,"vmax":13.9,"len":60.1}},{"type":"Feature","geometry":{"type":"LineString","coordinates":[[139.702325,35.664388],[139.702334,35.664407],[139.70236,35.664462],[139.702449,35.664617],[139.702525,35.664735],[139.702622,35.664872],[139.702775,35.665059],[139.702929,35.665247],[139.702932,35.66525]]},"properties":{"id":"798739072#0","name":"\u660e\u6cbb\u901a\u308a","tier":"arterial","w":4,"lanes":2,"vmax":13.9,"len":110.5}},{"type":"Feature","geometry":{"type":"LineString","coordinates":[[139.702989,35.665321],[139.703112,35.665473],[139.703264,35.665662],[139.703416,35.66585],[139.703481,35.66593],[139.703515,35.665973],[139.703527,35.665988],[139.703545,35.66601]]},"properties":{"id":"798739072#2","name":"\u660e\u6cbb\u901a\u308a","tier":"arterial","w":4,"lanes":2,"vmax":13.9,"len":91.5}},{"type":"Feature","geometry":{"type":"LineString","coordinates":[[139.703602,35.666081],[139.703723,35.666231],[139.703875,35.666419],[139.703912,35.666464],[139.704016,35.666594],[139.704106,35.666719],[139.704192,35.666849],[139.704217,35.666887],[139.704226,35.666899],[139.704346,35.667073]]},"properties":{"id":"798739072#5","name":"\u660e\u6cbb\u901a\u308a","tier":"arterial","w":4,"lanes":2,"vmax":13.9,"len":129.1}},{"type":"Feature","geometry":{"type":"LineString","coordinates":[[139.704397,35.667146],[139.704509,35.667304],[139.704647,35.6675],[139.704784,35.667695],[139.704892,35.667847]]},"properties":{"id":"798739072#8","name":"\u660e\u6cbb\u901a\u308a","tier":"arterial","w":4,"lanes":2,"vmax":13.9,"len":89.8}},{"type":"Feature","geometry":{"type":"LineString","coordinates":[[139.704945,35.66792],[139.705014,35.668013],[139.70515,35.66821],[139.705195,35.668276],[139.705238,35.668335],[139.705338,35.668471]]},"properties":{"id":"798739072#9","name":"\u660e\u6cbb\u901a\u308a","tier":"arterial","w":4,"lanes":2,"vmax":13.9,"len":70.8}},{"type":"Feature","geometry":{"type":"LineString","coordinates":[[139.702109,35.663704],[139.702109,35.663708],[139.702147,35.663908],[139.702195,35.664086],[139.70226,35.66424],[139.702265,35.664252]]},"properties":{"id":"798794764#0","name":"\u660e\u6cbb\u901a\u308a","tier":"arterial","w":4,"lanes":2,"vmax":13.9,"len":62.7}},{"type":"Feature","geometry":{"type":"LineString","coordinates":[[139.702086,35.663625],[139.702033,35.663609],[139.701775,35.663531],[139.701516,35.663452],[139.701394,35.663415],[139.701339,35.663394]]},"properties":{"id":"798794765#0","name":"\u795e\u5bae\u901a\u308a","tier":"local","w":2,"lanes":1,"vmax":22.2,"len":72.3}},{"type":"Feature","geometry":{"type":"LineString","coordinates":[[139.708167,35.672088],[139.708136,35.672015],[139.708085,35.671917],[139.708036,35.671839],[139.707967,35.671754],[139.707811,35.671568],[139.707656,35.671381],[139.707653,35.671378]]},"properties":{"id":"798794768#0","name":"\u660e\u6cbb\u901a\u308a","tier":"arterial","w":4,"lanes":2,"vmax":13.9,"len":91.9}},{"type":"Feature","geometry":{"type":"LineString","coordinates":[[139.707594,35.671309],[139.707463,35.67116],[139.707302,35.670976],[139.70728,35.67095],[139.707144,35.670754],[139.70709,35.670674],[139.706963,35.670474],[139.706836,35.670274],[139.706807,35.670228],[139.706803,35.670222],[139.7068,35.670217]]},"properties":{"id":"798794768#1","name":"\u660e\u6cbb\u901a\u308a","tier":"arterial","w":4,"lanes":2,"vmax":13.9,"len":141.1}},{"type":"Feature","geometry":{"type":"LineString","coordinates":[[139.702988,35.665189],[139.702875,35.665038],[139.70273,35.664845],[139.702641,35.664726],[139.70258,35.66463],[139.702522,35.664538],[139.702439,35.66437],[139.702431,35.664355]]},"properties":{"id":"798794768#14","name":"\u660e\u6cbb\u901a\u308a","tier":"arterial","w":4,"lanes":2,"vmax":13.9,"len":105.5}},{"type":"Feature","geometry":{"type":"LineString","coordinates":[[139.7067,35.670077],[139.706698,35.670074],[139.706672,35.670041],[139.706518,35.669854],[139.706431,35.669748],[139.706321,35.669608],[139.70617,35.669419],[139.706065,35.669287],[139.705951,35.669157]]},"properties":{"id":"798794768#3","name":"\u660e\u6cbb\u901a\u308a","tier":"arterial","w":4,"lanes":2,"vmax":13.9,"len":122.6}},{"type":"Feature","geometry":{"type":"LineString","coordinates":[[139.705886,35.669083],[139.705737,35.668894],[139.705623,35.668749],[139.705573,35.668682],[139.705454,35.668514]]},"properties":{"id":"798794768#4","name":"\u660e\u6cbb\u901a\u308a","tier":"arterial","w":4,"lanes":2,"vmax":13.9,"len":74.2}},{"type":"Feature","geometry":{"type":"LineString","coordinates":[[139.705402,35.668441],[139.705304,35.668303],[139.705166,35.668108],[139.705029,35.667912],[139.704998,35.667868]]},"properties":{"id":"798794768#7","name":"\u660e\u6cbb\u901a\u308a","tier":"arterial","w":4,"lanes":2,"vmax":13.9,"len":73.3}},{"type":"Feature","geometry":{"type":"LineString","coordinates":[[139.704946,35.667795],[139.704836,35.667638],[139.704698,35.667443],[139.70456,35.667247],[139.704539,35.667217],[139.704402,35.667021],[139.704309,35.666887],[139.704286,35.666854],[139.704269,35.666829],[139.704132,35.666634],[139.70408,35.66656],[139.703929,35.666372],[139.703779,35.666183],[139.703712,35.666099],[139.703618,35.66598],[139.703583,35.665936],[139.703568,35.665917],[139.703492,35.665822],[139.703341,35.665633],[139.70319,35.665444],[139.703049,35.665267]]},"properties":{"id":"798794768#9","name":"\u660e\u6cbb\u901a\u308a","tier":"arterial","w":4,"lanes":2,"vmax":13.9,"len":328.9}},{"type":"Feature","geometry":{"type":"LineString","coordinates":[[139.691452,35.656665],[139.691339,35.656826],[139.691316,35.656858]]},"properties":{"id":"813226003","name":"\u65e7\u5c71\u624b\u901a\u308a","tier":"arterial","w":4,"lanes":2,"vmax":13.9,"len":24.7}},{"type":"Feature","geometry":{"type":"LineString","coordinates":[[139.691176,35.656964],[139.691173,35.656963],[139.691139,35.656949],[139.69111,35.65693],[139.691086,35.656907],[139.691068,35.656879],[139.690964,35.65667],[139.690935,35.656611]]},"properties":{"id":"813226004#0","name":"\u5c71\u624b\u901a\u308a","tier":"arterial","w":3,"lanes":1,"vmax":22.2,"len":46.0}},{"type":"Feature","geometry":{"type":"LineString","coordinates":[[139.690897,35.656532],[139.690817,35.656361],[139.690785,35.656292],[139.690696,35.656078],[139.690617,35.655888]]},"properties":{"id":"813226004#1","name":"\u5c71\u624b\u901a\u308a","tier":"arterial","w":3,"lanes":1,"vmax":22.2,"len":75.8}},{"type":"Feature","geometry":{"type":"LineString","coordinates":[[139.690578,35.655801],[139.690488,35.655629],[139.690399,35.655455]]},"properties":{"id":"813226004#2","name":"\u5c71\u624b\u901a\u308a","tier":"arterial","w":3,"lanes":1,"vmax":22.2,"len":41.6}},{"type":"Feature","geometry":{"type":"LineString","coordinates":[[139.691459,35.656589],[139.69155,35.656411],[139.691657,35.656203],[139.691763,35.655995],[139.691778,35.655966]]},"properties":{"id":"813227199#0","name":"\u65e7\u5c71\u624b\u901a\u308a","tier":"arterial","w":4,"lanes":2,"vmax":13.9,"len":74.9}},{"type":"Feature","geometry":{"type":"LineString","coordinates":[[139.691867,35.655817],[139.691896,35.655775],[139.692039,35.655582],[139.692181,35.655389],[139.692307,35.655219]]},"properties":{"id":"813227199#1","name":"\u65e7\u5c71\u624b\u901a\u308a","tier":"arterial","w":4,"lanes":2,"vmax":13.9,"len":77.4}},{"type":"Feature","geometry":{"type":"LineString","coordinates":[[139.69239,35.655106],[139.692502,35.654954],[139.692582,35.654845],[139.692595,35.654829]]},"properties":{"id":"813227199#2","name":"\u65e7\u5c71\u624b\u901a\u308a","tier":"arterial","w":4,"lanes":2,"vmax":13.9,"len":35.9}},{"type":"Feature","geometry":{"type":"LineString","coordinates":[[139.691032,35.657372],[139.691004,35.657405]]},"properties":{"id":"813241747","name":"\u5c71\u624b\u901a\u308a","tier":"arterial","w":3,"lanes":2,"vmax":22.2,"len":9.3}},{"type":"Feature","geometry":{"type":"LineString","coordinates":[[139.693165,35.654207],[139.693131,35.654252],[139.692985,35.654443],[139.692937,35.654508]]},"properties":{"id":"813362765#0","name":"\u65e7\u5c71\u624b\u901a\u308a","tier":"arterial","w":4,"lanes":2,"vmax":27.8,"len":39.2}},{"type":"Feature","geometry":{"type":"LineString","coordinates":[[139.693358,35.653871],[139.693392,35.653833],[139.69342,35.6538],[139.693465,35.65376],[139.69365,35.653593],[139.693836,35.653426],[139.693882,35.653384]]},"properties":{"id":"817025208#0","name":"\u65e7\u5c71\u624b\u901a\u308a","tier":"arterial","w":4,"lanes":2,"vmax":13.9,"len":72.0}},{"type":"Feature","geometry":{"type":"LineString","coordinates":[[139.694237,35.653065],[139.694376,35.652938],[139.694495,35.65283]]},"properties":{"id":"817025208#3","name":"\u65e7\u5c71\u624b\u901a\u308a","tier":"arterial","w":4,"lanes":2,"vmax":13.9,"len":35.0}},{"type":"Feature","geometry":{"type":"LineString","coordinates":[[139.694622,35.652717],[139.694745,35.652607],[139.694877,35.65249]]},"properties":{"id":"817025208#4","name":"\u65e7\u5c71\u624b\u901a\u308a","tier":"arterial","w":4,"lanes":2,"vmax":13.9,"len":34.2}},{"type":"Feature","geometry":{"type":"LineString","coordinates":[[139.694983,35.652394],[139.695012,35.652367],[139.695198,35.6522],[139.695383,35.652033],[139.695501,35.651927]]},"properties":{"id":"817025208#5","name":"\u65e7\u5c71\u624b\u901a\u308a","tier":"arterial","w":4,"lanes":2,"vmax":13.9,"len":69.9}},{"type":"Feature","geometry":{"type":"LineString","coordinates":[[139.701578,35.656827],[139.701548,35.656839],[139.701301,35.656939],[139.701165,35.656994]]},"properties":{"id":"822783956#0","name":"\u6e0b\u8c37\u533a\u7279\u5225\u533a\u90531076\u53f7\u7dda\uff08\u88dc\u52a918\u53f7\u7dda\uff09","tier":"local","w":2,"lanes":2,"vmax":11.1,"len":41.7}},{"type":"Feature","geometry":{"type":"LineString","coordinates":[[139.701077,35.654202],[139.701287,35.654176],[139.701457,35.654157]]},"properties":{"id":"833121313#0","name":"\u6e0b\u8c37\u533a\u7279\u5225\u533a\u9053870\u53f7\u7dda","tier":"local","w":2,"lanes":1,"vmax":8.3,"len":34.8}},{"type":"Feature","geometry":{"type":"LineString","coordinates":[[139.70162,35.654144],[139.701795,35.654136],[139.701978,35.65413],[139.702181,35.654136],[139.702344,35.654148],[139.702425,35.654158],[139.702575,35.654182],[139.702634,35.65419],[139.702699,35.654199],[139.702759,35.654199]]},"properties":{"id":"833121313#1","name":"\u6e0b\u8c37\u533a\u7279\u5225\u533a\u9053870\u53f7\u7dda","tier":"local","w":2,"lanes":1,"vmax":8.3,"len":103.7}},{"type":"Feature","geometry":{"type":"LineString","coordinates":[[139.702921,35.654198],[139.702981,35.654197],[139.703082,35.654195],[139.70331,35.654189],[139.703405,35.654188],[139.703457,35.654186],[139.703529,35.654192],[139.703659,35.654208],[139.703766,35.654223],[139.703881,35.654237],[139.703908,35.654244],[139.703912,35.654246]]},"properties":{"id":"833121313#2","name":"\u6e0b\u8c37\u533a\u7279\u5225\u533a\u9053870\u53f7\u7dda","tier":"local","w":2,"lanes":1,"vmax":8.3,"len":90.3}},{"type":"Feature","geometry":{"type":"LineString","coordinates":[[139.704051,35.654319],[139.704178,35.654391],[139.70426,35.654431],[139.704309,35.654451]]},"properties":{"id":"833121313#3","name":"\u6e0b\u8c37\u533a\u7279\u5225\u533a\u9053870\u53f7\u7dda","tier":"local","w":2,"lanes":1,"vmax":8.3,"len":27.5}},{"type":"Feature","geometry":{"type":"LineString","coordinates":[[139.709048,35.654781],[139.70889,35.65469],[139.708742,35.654605]]},"properties":{"id":"84154024#0","name":"","tier":"local","w":2,"lanes":1,"vmax":8.3,"len":33.9}},{"type":"Feature","geometry":{"type":"LineString","coordinates":[[139.708565,35.654508],[139.708436,35.654438],[139.708271,35.654357],[139.70814,35.654279],[139.707948,35.654164],[139.707868,35.654116]]},"properties":{"id":"84154024#1","name":"","tier":"local","w":2,"lanes":1,"vmax":8.3,"len":76.7}},{"type":"Feature","geometry":{"type":"LineString","coordinates":[[139.710147,35.655358],[139.710368,35.655482],[139.710596,35.65561],[139.710823,35.655738],[139.710872,35.655766]]},"properties":{"id":"84514717#0","name":"","tier":"local","w":2,"lanes":1,"vmax":8.3,"len":79.8}},{"type":"Feature","geometry":{"type":"LineString","coordinates":[[139.711042,35.655858],[139.711133,35.655906],[139.711336,35.656031],[139.711532,35.656128],[139.711659,35.656186],[139.711904,35.656288],[139.712119,35.656377],[139.712361,35.656486],[139.712603,35.656596],[139.712606,35.656597],[139.712731,35.656652],[139.71298,35.656749],[139.712983,35.65675],[139.713232,35.656846],[139.713296,35.656871],[139.713455,35.656921],[139.713646,35.65697],[139.713908,35.657039],[139.714024,35.65707]]},"properties":{"id":"84514717#1","name":"","tier":"local","w":2,"lanes":1,"vmax":8.3,"len":302.9}},{"type":"Feature","geometry":{"type":"LineString","coordinates":[[139.710954,35.655909],[139.710928,35.656121],[139.710901,35.656345],[139.710873,35.656569],[139.710846,35.656793],[139.710835,35.656887],[139.710808,35.657111],[139.710797,35.6572],[139.710798,35.657226],[139.710805,35.65725],[139.710821,35.657271]]},"properties":{"id":"84514718","name":"","tier":"local","w":2,"lanes":1,"vmax":8.3,"len":152.3}},{"type":"Feature","geometry":{"type":"LineString","coordinates":[[139.688679,35.652579],[139.688937,35.652658],[139.689182,35.652734],[139.689442,35.65281],[139.689702,35.652885],[139.689962,35.652961],[139.690007,35.652974],[139.690262,35.653036]]},"properties":{"id":"84619193","name":"","tier":"arterial","w":3,"lanes":1,"vmax":22.2,"len":152.1}},{"type":"Feature","geometry":{"type":"LineString","coordinates":[[139.703345,35.657915],[139.703437,35.657827],[139.703639,35.657673],[139.703756,35.657583],[139.703958,35.657429],[139.70416,35.657275],[139.704268,35.657192]]},"properties":{"id":"852978892","name":"\u660e\u6cbb\u901a\u308a","tier":"arterial","w":4,"lanes":2,"vmax":13.9,"len":115.9}},{"type":"Feature","geometry":{"type":"LineString","coordinates":[[139.702995,35.658194],[139.702926,35.658327],[139.702922,35.658334]]},"properties":{"id":"852978894","name":"\u660e\u6cbb\u901a\u308a","tier":"arterial","w":4,"lanes":2,"vmax":13.9,"len":16.9}},{"type":"Feature","geometry":{"type":"LineString","coordinates":[[139.704787,35.658339],[139.705038,35.658374],[139.70504,35.658375],[139.705119,35.65838],[139.705395,35.65839],[139.705671,35.6584],[139.705947,35.658409],[139.706223,35.658419],[139.706234,35.658419]]},"properties":{"id":"852978897#0","name":"\u516d\u672c\u6728\u901a\u308a","tier":"distributor","w":3,"lanes":3,"vmax":16.7,"len":131.5}},{"type":"Feature","geometry":{"type":"LineString","coordinates":[[139.704523,35.658611],[139.704698,35.65881],[139.704859,35.658994],[139.705019,35.659177],[139.70518,35.65936],[139.705209,35.659393]]},"properties":{"id":"852978899#0","name":"\u9752\u5c71\u901a\u308a(\u91d1\u738b\u5742)","tier":"arterial","w":5,"lanes":3,"vmax":16.7,"len":106.7}},{"type":"Feature","geometry":{"type":"LineString","coordinates":[[139.705235,35.659422],[139.705375,35.659573],[139.705541,35.659753],[139.705614,35.659832]]},"properties":{"id":"852978899#1","name":"\u9752\u5c71\u901a\u308a(\u91d1\u738b\u5742)","tier":"arterial","w":5,"lanes":3,"vmax":16.7,"len":57.0}},{"type":"Feature","geometry":{"type":"LineString","coordinates":[[139.708622,35.658505],[139.708657,35.658509],[139.708931,35.658535],[139.709206,35.658561],[139.70948,35.658587],[139.709754,35.658613],[139.710029,35.658638],[139.710107,35.658646],[139.710381,35.658672],[139.710655,35.658697],[139.71093,35.658723],[139.711204,35.658749],[139.711335,35.658761],[139.711609,35.658787],[139.711616,35.658788],[139.71189,35.658811],[139.712165,35.658833],[139.712299,35.658844],[139.712301,35.658845]]},"properties":{"id":"852978900#0","name":"\u516d\u672c\u6728\u901a\u308a","tier":"distributor","w":3,"lanes":3,"vmax":27.8,"len":335.2}},{"type":"Feature","geometry":{"type":"LineString","coordinates":[[139.700715,35.657476],[139.700671,35.657561],[139.700557,35.657766],[139.700491,35.657885],[139.700457,35.657945],[139.700439,35.657979],[139.700416,35.658027],[139.7004,35.658061],[139.700393,35.658093]]},"properties":{"id":"87250179","name":"\u795e\u5bae\u901a\u308a","tier":"local","w":2,"lanes":1,"vmax":22.2,"len":74.5}},{"type":"Feature","geometry":{"type":"LineString","coordinates":[[139.700931,35.657163],[139.700929,35.657164]]},"properties":{"id":"87250214","name":"\u6e0b\u8c37\u533a\u7279\u5225\u533a\u90531076\u53f7\u7dda\uff08\u88dc\u52a918\u53f7\u7dda\uff09","tier":"local","w":2,"lanes":2,"vmax":22.2,"len":0.2}},{"type":"Feature","geometry":{"type":"LineString","coordinates":[[139.697257,35.658716],[139.697248,35.658709],[139.697213,35.658682],[139.697072,35.658571],[139.696907,35.658426],[139.69675,35.658239],[139.696594,35.658053],[139.696516,35.65796]]},"properties":{"id":"907042282#1","name":"\u9053\u7384\u5742","tier":"local","w":2,"lanes":1,"vmax":11.1,"len":107.9}},{"type":"Feature","geometry":{"type":"LineString","coordinates":[[139.696427,35.657852],[139.69642,35.657844],[139.696287,35.65768],[139.696195,35.657567]]},"properties":{"id":"907042282#4","name":"\u9053\u7384\u5742","tier":"local","w":2,"lanes":1,"vmax":11.1,"len":38.0}},{"type":"Feature","geometry":{"type":"LineString","coordinates":[[139.708515,35.661151],[139.70854,35.661117],[139.708552,35.661099]]},"properties":{"id":"914330752#0","name":"\u516b\u5e61\u901a\u308a","tier":"local","w":2,"lanes":1,"vmax":11.1,"len":6.6}},{"type":"Feature","geometry":{"type":"LineString","coordinates":[[139.708608,35.661008],[139.708631,35.660966],[139.70867,35.660871],[139.708749,35.660655],[139.708828,35.66044],[139.708841,35.660405],[139.708866,35.660336],[139.708907,35.660193]]},"properties":{"id":"914330752#1","name":"\u516b\u5e61\u901a\u308a","tier":"local","w":2,"lanes":1,"vmax":11.1,"len":94.4}},{"type":"Feature","geometry":{"type":"LineString","coordinates":[[139.70893,35.660092],[139.708936,35.660057],[139.70894,35.659961],[139.708932,35.65982],[139.708921,35.659624],[139.708903,35.659417],[139.708889,35.659322],[139.708867,35.659245],[139.708773,35.659035],[139.708769,35.659028],[139.708679,35.658836],[139.708673,35.658826],[139.708651,35.658786]]},"properties":{"id":"914330752#4","name":"\u516b\u5e61\u901a\u308a","tier":"local","w":2,"lanes":1,"vmax":11.1,"len":149.0}},{"type":"Feature","geometry":{"type":"LineString","coordinates":[[139.708599,35.658695],[139.708559,35.658624],[139.708542,35.658594]]},"properties":{"id":"914330752#5","name":"\u516b\u5e61\u901a\u308a","tier":"local","w":2,"lanes":1,"vmax":11.1,"len":12.3}},{"type":"Feature","geometry":{"type":"LineString","coordinates":[[139.707573,35.661114],[139.707392,35.660994],[139.707178,35.660852],[139.707011,35.660742],[139.706963,35.66071]]},"properties":{"id":"914330753#0","name":"\u9752\u5c71\u901a\u308a","tier":"arterial","w":5,"lanes":4,"vmax":16.7,"len":71.1}},{"type":"Feature","geometry":{"type":"LineString","coordinates":[[139.707691,35.661332],[139.707693,35.661333]]},"properties":{"id":"914330754#0","name":"\u9752\u5c71\u901a\u308a","tier":"arterial","w":5,"lanes":4,"vmax":16.7,"len":0.2}},{"type":"Feature","geometry":{"type":"LineString","coordinates":[[139.707753,35.661372],[139.70793,35.661485],[139.707947,35.661496],[139.707982,35.661518],[139.708061,35.661569]]},"properties":{"id":"914330754#1","name":"\u9752\u5c71\u901a\u308a","tier":"arterial","w":5,"lanes":4,"vmax":16.7,"len":35.4}},{"type":"Feature","geometry":{"type":"LineString","coordinates":[[139.70821,35.661514],[139.708287,35.661426],[139.708319,35.661387],[139.708468,35.66121]]},"properties":{"id":"914330755#0","name":"\u516b\u5e61\u901a\u308a","tier":"local","w":2,"lanes":2,"vmax":11.1,"len":41.0}},{"type":"Feature","geometry":{"type":"LineString","coordinates":[[139.708554,35.661725],[139.708369,35.661611],[139.708318,35.66158],[139.708306,35.661572]]},"properties":{"id":"914330756#0","name":"\u9752\u5c71\u901a\u308a","tier":"arterial","w":5,"lanes":4,"vmax":27.8,"len":28.2}},{"type":"Feature","geometry":{"type":"LineString","coordinates":[[139.697422,35.655997],[139.697423,35.655995],[139.697452,35.655953],[139.697585,35.655756],[139.697603,35.65573]]},"properties":{"id":"915103111#0","name":"","tier":"local","w":2,"lanes":1,"vmax":22.2,"len":33.8}},{"type":"Feature","geometry":{"type":"LineString","coordinates":[[139.69732,35.656227],[139.697356,35.656145]]},"properties":{"id":"915103113","name":"","tier":"local","w":2,"lanes":1,"vmax":22.2,"len":9.7}},{"type":"Feature","geometry":{"type":"LineString","coordinates":[[139.713338,35.658718],[139.713067,35.658761],[139.712921,35.658784],[139.712805,35.658774],[139.712575,35.658753]]},"properties":{"id":"922476286#0","name":"","tier":"distributor","w":2,"lanes":1,"vmax":22.2,"len":70.0}},{"type":"Feature","geometry":{"type":"LineString","coordinates":[[139.712523,35.658715],[139.712522,35.658716]]},"properties":{"id":"922476288","name":"","tier":"local","w":2,"lanes":1,"vmax":8.3,"len":0.2}},{"type":"Feature","geometry":{"type":"LineString","coordinates":[[139.712448,35.658633],[139.712387,35.658627],[139.712113,35.658603],[139.711838,35.658579],[139.711563,35.658555],[139.71137,35.658538],[139.711096,35.658512],[139.710822,35.658486],[139.710547,35.65846],[139.710316,35.658438],[139.710042,35.658408],[139.710031,35.658436]]},"properties":{"id":"922476289#0","name":"\u516d\u672c\u6728\u901a\u308a","tier":"distributor","w":3,"lanes":3,"vmax":27.8,"len":222.5}},{"type":"Feature","geometry":{"type":"LineString","coordinates":[[139.713252,35.658709],[139.712978,35.658684],[139.712824,35.65867],[139.71268,35.658656]]},"properties":{"id":"922476291#0","name":"\u516d\u672c\u6728\u901a\u308a","tier":"distributor","w":3,"lanes":3,"vmax":27.8,"len":52.2}},{"type":"Feature","geometry":{"type":"LineString","coordinates":[[139.710033,35.658422],[139.709797,35.658399]]},"properties":{"id":"922476294#0","name":"\u516d\u672c\u6728\u901a\u308a","tier":"distributor","w":3,"lanes":4,"vmax":27.8,"len":21.5}},{"type":"Feature","geometry":{"type":"LineString","coordinates":[[139.708542,35.658268],[139.708481,35.658262]]},"properties":{"id":"922476294#1","name":"\u516d\u672c\u6728\u901a\u308a","tier":"distributor","w":3,"lanes":3,"vmax":27.8,"len":5.6}},{"type":"Feature","geometry":{"type":"LineString","coordinates":[[139.70968,35.658402],[139.709405,35.658376],[139.709131,35.65835],[139.708984,35.658336],[139.70871,35.658312],[139.708626,35.658305]]},"properties":{"id":"922476294#1-AddedOnRampEdge","name":"\u516d\u672c\u6728\u901a\u308a","tier":"distributor","w":3,"lanes":5,"vmax":27.8,"len":96.0}},{"type":"Feature","geometry":{"type":"LineString","coordinates":[[139.707355,35.658427],[139.707616,35.658438],[139.707891,35.658449],[139.708167,35.658461],[139.70828,35.658465],[139.70838,35.658471]]},"properties":{"id":"922476299#0","name":"\u516d\u672c\u6728\u901a\u308a","tier":"distributor","w":3,"lanes":3,"vmax":27.8,"len":93.0}},{"type":"Feature","geometry":{"type":"LineString","coordinates":[[139.708425,35.658391],[139.708402,35.658351]]},"properties":{"id":"922476300","name":"\u516b\u5e61\u901a\u308a","tier":"local","w":2,"lanes":1,"vmax":11.1,"len":5.0}},{"type":"Feature","geometry":{"type":"LineString","coordinates":[[139.695243,35.655883],[139.69531,35.655899]]},"properties":{"id":"922479809","name":"\u7389\u5ddd\u901a\u308a(\u9053\u7384\u5742\u4e0a)","tier":"arterial","w":3,"lanes":2,"vmax":22.2,"len":6.3}},{"type":"Feature","geometry":{"type":"LineString","coordinates":[[139.690683,35.653206],[139.690917,35.6533],[139.691028,35.653345],[139.69129,35.653416],[139.691464,35.653463]]},"properties":{"id":"922886576","name":"\u7389\u5ddd\u901a\u308a","tier":"arterial","w":3,"lanes":2,"vmax":22.2,"len":76.4}},{"type":"Feature","geometry":{"type":"LineString","coordinates":[[139.693443,35.654284],[139.693578,35.654423]]},"properties":{"id":"923367583","name":"\u7389\u5ddd\u901a\u308a","tier":"arterial","w":3,"lanes":2,"vmax":22.2,"len":19.7}},{"type":"Feature","geometry":{"type":"LineString","coordinates":[[139.693286,35.65415],[139.693506,35.654318]]},"properties":{"id":"923367584","name":"\u7389\u5ddd\u901a\u308a(\u795e\u6cc9\u753a)","tier":"arterial","w":3,"lanes":3,"vmax":22.2,"len":27.3}},{"type":"Feature","geometry":{"type":"LineString","coordinates":[[139.702287,35.661851],[139.702422,35.661811],[139.702685,35.661741],[139.702731,35.661729]]},"properties":{"id":"931455735#0","name":"\u7f8e\u7af9\u901a\u308a","tier":"local","w":2,"lanes":1,"vmax":22.2,"len":42.5}},{"type":"Feature","geometry":{"type":"LineString","coordinates":[[139.703042,35.661638],[139.703208,35.661586],[139.703465,35.661504],[139.703722,35.661421],[139.703979,35.661339],[139.70423,35.661258],[139.704281,35.66124]]},"properties":{"id":"931455735#3","name":"\u7f8e\u7af9\u901a\u308a","tier":"local","w":2,"lanes":1,"vmax":22.2,"len":120.5}},{"type":"Feature","geometry":{"type":"LineString","coordinates":[[139.704425,35.661176],[139.704586,35.661084],[139.704812,35.660955],[139.704855,35.66093]]},"properties":{"id":"931455735#6","name":"\u7f8e\u7af9\u901a\u308a","tier":"local","w":2,"lanes":1,"vmax":22.2,"len":47.5}},{"type":"Feature","geometry":{"type":"LineString","coordinates":[[139.702296,35.661814],[139.702304,35.661704],[139.702316,35.661479],[139.702328,35.661254],[139.702337,35.661067]]},"properties":{"id":"931455736#0","name":"\u660e\u6cbb\u901a\u308a","tier":"arterial","w":4,"lanes":2,"vmax":13.9,"len":83.0}},{"type":"Feature","geometry":{"type":"LineString","coordinates":[[139.702342,35.660966],[139.702349,35.660792],[139.702357,35.660567],[139.702362,35.660445]]},"properties":{"id":"931455736#2","name":"\u660e\u6cbb\u901a\u308a","tier":"arterial","w":4,"lanes":2,"vmax":13.9,"len":57.9}},{"type":"Feature","geometry":{"type":"LineString","coordinates":[[139.702367,35.660344],[139.702379,35.66017],[139.702394,35.659945],[139.702398,35.659883],[139.70241,35.659793],[139.702421,35.65974],[139.702434,35.659678],[139.702444,35.659646]]},"properties":{"id":"931455736#3","name":"\u660e\u6cbb\u901a\u308a","tier":"arterial","w":4,"lanes":2,"vmax":13.9,"len":77.8}},{"type":"Feature","geometry":{"type":"LineString","coordinates":[[139.702197,35.661946],[139.702183,35.662042],[139.702171,35.662267],[139.702159,35.662492],[139.702146,35.662718],[139.702134,35.662943],[139.702133,35.662972],[139.70212,35.663197],[139.702108,35.663422],[139.702107,35.663454],[139.702107,35.66356]]},"properties":{"id":"931455737#0","name":"\u660e\u6cbb\u901a\u308a","tier":"arterial","w":4,"lanes":3,"vmax":13.9,"len":179.3}},{"type":"Feature","geometry":{"type":"LineString","coordinates":[[139.712099,35.652546],[139.712137,35.652554],[139.712249,35.652574],[139.712445,35.652623],[139.712713,35.652679],[139.712941,35.652726],[139.71321,35.652776],[139.713324,35.652798],[139.713451,35.652806]]},"properties":{"id":"93185576","name":"","tier":"local","w":2,"lanes":1,"vmax":22.2,"len":126.0}},{"type":"Feature","geometry":{"type":"LineString","coordinates":[[139.694284,35.679362],[139.694297,35.679323],[139.694302,35.679289],[139.694303,35.679262],[139.694301,35.679228],[139.694267,35.679103],[139.694249,35.679027],[139.694195,35.678806],[139.694154,35.678638],[139.694119,35.678509],[139.694044,35.678292],[139.694031,35.678254],[139.693951,35.678039],[139.693897,35.677893],[139.693817,35.677678],[139.693737,35.677462],[139.693719,35.677414],[139.693603,35.677209],[139.693549,35.677114],[139.693392,35.676928],[139.693284,35.676799],[139.693127,35.676614],[139.693048,35.67652],[139.692934,35.676358],[139.692821,35.676181],[139.692693,35.675982],[139.692666,35.67594],[139.692545,35.675738],[139.692537,35.675725],[139.692414,35.675523],[139.692291,35.675321],[139.692249,35.675252],[139.692223,35.675211],[139.692119,35.675053],[139.691994,35.674851],[139.691954,35.674787],[139.691833,35.674584],[139.691829,35.674578],[139.691752,35.674456],[139.691717,35.674386],[139.691662,35.674255],[139.691622,35.674124],[139.691596,35.674023],[139.691593,35.674005],[139.691564,35.673843],[139.691541,35.673714],[139.691527,35.673635],[139.691487,35.673412],[139.691446,35.673189],[139.691406,35.672966],[139.691366,35.672743],[139.691326,35.67252],[139.691324,35.672512],[139.6913,35.672383],[139.69127,35.672213],[139.69123,35.67199],[139.691189,35.671768],[139.691148,35.671545],[139.691108,35.671322],[139.691067,35.671099],[139.691027,35.670876],[139.69101,35.670785],[139.690967,35.670562],[139.69093,35.670374],[139.690913,35.670285],[139.690901,35.670222],[139.690868,35.67003],[139.690852,35.66988],[139.69085,35.669761],[139.690855,35.669619],[139.690875,35.669468],[139.690907,35.669323],[139.690957,35.669162],[139.691005,35.669049],[139.691055,35.668945],[139.691097,35.668869]]},"properties":{"id":"932381946#0","name":"\u4ee3\u3005\u6728\u6dc0\u6a4b\u7dda","tier":"local","w":2,"lanes":2,"vmax":13.9,"len":1227.4}},{"type":"Feature","geometry":{"type":"LineString","coordinates":[[139.702001,35.668786],[139.702,35.668789],[139.701992,35.668832],[139.70197,35.668876],[139.701933,35.668918],[139.701883,35.668955],[139.701833,35.668972],[139.701796,35.668978]]},"properties":{"id":"93855193","name":"","tier":"distributor","w":2,"lanes":1,"vmax":22.2,"len":30.6}},{"type":"Feature","geometry":{"type":"LineString","coordinates":[[139.690871,35.667465],[139.690883,35.667452],[139.690967,35.667359]]},"properties":{"id":"93868050#0","name":"\u5bcc\u30f6\u8c371\u4e01\u76ee\u901a\u308a","tier":"local","w":2,"lanes":1,"vmax":8.3,"len":14.6}},{"type":"Feature","geometry":{"type":"LineString","coordinates":[[139.691015,35.667302],[139.691136,35.667157],[139.691278,35.666986],[139.691434,35.6668],[139.69153,35.666686],[139.69169,35.666502],[139.691759,35.666422]]},"properties":{"id":"93868050#2","name":"\u5bcc\u30f6\u8c371\u4e01\u76ee\u901a\u308a","tier":"local","w":2,"lanes":1,"vmax":8.3,"len":118.6}},{"type":"Feature","geometry":{"type":"LineString","coordinates":[[139.69185,35.666315],[139.691987,35.66615],[139.691995,35.666141]]},"properties":{"id":"93868050#3","name":"\u5bcc\u30f6\u8c371\u4e01\u76ee\u901a\u308a","tier":"local","w":2,"lanes":1,"vmax":8.3,"len":23.4}},{"type":"Feature","geometry":{"type":"LineString","coordinates":[[139.692055,35.666071],[139.692185,35.665923],[139.692205,35.6659]]},"properties":{"id":"93868050#4","name":"\u5bcc\u30f6\u8c371\u4e01\u76ee\u901a\u308a","tier":"local","w":2,"lanes":1,"vmax":8.3,"len":23.3}},{"type":"Feature","geometry":{"type":"LineString","coordinates":[[139.705336,35.668476],[139.705168,35.668552],[139.704927,35.668662],[139.704686,35.668771],[139.704444,35.668881],[139.704203,35.668991],[139.704197,35.668993]]},"properties":{"id":"944268180#0","name":"\u8868\u53c2\u9053","tier":"distributor","w":3,"lanes":3,"vmax":13.9,"len":118.0}},{"type":"Feature","geometry":{"type":"LineString","coordinates":[[139.7041,35.669037],[139.703936,35.669111],[139.703781,35.669186],[139.703541,35.669298],[139.70337,35.669377],[139.703298,35.669406],[139.703226,35.66943],[139.703112,35.669457],[139.703058,35.669466],[139.703008,35.669471],[139.702962,35.669473],[139.702904,35.66947],[139.702876,35.669463]]},"properties":{"id":"944268180#2","name":"\u8868\u53c2\u9053","tier":"distributor","w":3,"lanes":3,"vmax":13.9,"len":122.8}},{"type":"Feature","geometry":{"type":"LineString","coordinates":[[139.71069,35.66609],[139.710732,35.666072],[139.710855,35.666014],[139.711096,35.665903],[139.711336,35.665792],[139.711577,35.665682],[139.711817,35.665571],[139.712058,35.66546],[139.71228,35.665357],[139.712343,35.665328],[139.712389,35.665308]]},"properties":{"id":"944268181#0","name":"\u8868\u53c2\u9053","tier":"distributor","w":3,"lanes":3,"vmax":27.8,"len":176.6}},{"type":"Feature","geometry":{"type":"LineString","coordinates":[[139.702506,35.659468],[139.702516,35.659443],[139.702534,35.6594],[139.702634,35.65919],[139.702735,35.65898],[139.702813,35.658816],[139.702887,35.658658],[139.702934,35.658562]]},"properties":{"id":"945364031","name":"\u660e\u6cbb\u901a\u308a","tier":"arterial","w":4,"lanes":2,"vmax":13.9,"len":107.8}},{"type":"Feature","geometry":{"type":"LineString","coordinates":[[139.696491,35.660866],[139.696632,35.660737],[139.69671,35.660666],[139.696759,35.66062],[139.696814,35.660574]]},"properties":{"id":"945779623#0","name":"\u30aa\u30fc\u30c1\u30e3\u30fc\u30c9\u30ed\u30fc\u30c9","tier":"local","w":2,"lanes":1,"vmax":22.2,"len":43.5}},{"type":"Feature","geometry":{"type":"LineString","coordinates":[[139.702737,35.669418],[139.702522,35.669323],[139.702505,35.669316]]},"properties":{"id":"95945324","name":"\u8868\u53c2\u9053","tier":"distributor","w":3,"lanes":4,"vmax":13.9,"len":23.9}},{"type":"Feature","geometry":{"type":"LineString","coordinates":[[139.702155,35.669257],[139.702201,35.669279]]},"properties":{"id":"967529918","name":"\u4ee3\u3005\u6728\u516c\u5712\u901a\u308a","tier":"distributor","w":3,"lanes":4,"vmax":13.9,"len":4.9}},{"type":"Feature","geometry":{"type":"LineString","coordinates":[[139.701979,35.668716],[139.701975,35.668692]]},"properties":{"id":"967529919#0","name":"","tier":"local","w":2,"lanes":1,"vmax":11.1,"len":2.6}},{"type":"Feature","geometry":{"type":"LineString","coordinates":[[139.701952,35.668564],[139.701929,35.66844],[139.701905,35.668267],[139.701887,35.668124],[139.701868,35.667898],[139.701848,35.667674],[139.701829,35.667449],[139.70181,35.667224],[139.70179,35.666999],[139.701771,35.666778]]},"properties":{"id":"967529919#1","name":"","tier":"local","w":2,"lanes":1,"vmax":11.1,"len":198.8}},{"type":"Feature","geometry":{"type":"LineString","coordinates":[[139.700718,35.668545],[139.700668,35.668525],[139.700508,35.668475],[139.700304,35.668427],[139.700032,35.66839],[139.700029,35.668389],[139.699753,35.66838],[139.699477,35.668371],[139.699201,35.668362],[139.698925,35.668353],[139.698649,35.668344],[139.698568,35.668341],[139.698292,35.668331],[139.698016,35.668322],[139.69774,35.668313],[139.697534,35.668305],[139.697258,35.668295],[139.696983,35.668284],[139.696707,35.668273],[139.696431,35.668262],[139.696155,35.668252],[139.695879,35.668241],[139.695603,35.66823],[139.695327,35.668219],[139.695051,35.668208],[139.694776,35.668198],[139.6945,35.668187],[139.694224,35.668176],[139.693948,35.668165],[139.693672,35.668155],[139.693495,35.668148],[139.693365,35.668139],[139.693225,35.668122],[139.693012,35.66809],[139.692771,35.668037],[139.692507,35.66797],[139.692244,35.667902],[139.69203,35.667847],[139.691949,35.667826]]},"properties":{"id":"967529920#0","name":"\u4ee3\u3005\u6728\u516c\u5712\u901a\u308a","tier":"distributor","w":3,"lanes":2,"vmax":13.9,"len":801.9}},{"type":"Feature","geometry":{"type":"LineString","coordinates":[[139.701711,35.669018],[139.701467,35.668913],[139.701223,35.668807],[139.700979,35.668702],[139.700825,35.668635],[139.700774,35.668615]]},"properties":{"id":"967529920#0-AddedOnRampEdge","name":"\u4ee3\u3005\u6728\u516c\u5712\u901a\u308a","tier":"distributor","w":3,"lanes":5,"vmax":13.9,"len":95.8}},{"type":"Feature","geometry":{"type":"LineString","coordinates":[[139.702049,35.669128],[139.702019,35.668989],[139.701976,35.668789]]},"properties":{"id":"967529921#0","name":"","tier":"local","w":2,"lanes":1,"vmax":11.1,"len":38.1}},{"type":"Feature","geometry":{"type":"LineString","coordinates":[[139.702018,35.669096],[139.701837,35.669021],[139.701794,35.669024]]},"properties":{"id":"967529922","name":"\u4ee3\u3005\u6728\u516c\u5712\u901a\u308a","tier":"distributor","w":3,"lanes":4,"vmax":13.9,"len":22.2}},{"type":"Feature","geometry":{"type":"LineString","coordinates":[[139.693106,35.654174],[139.693184,35.654078]]},"properties":{"id":"968189476","name":"\u65e7\u5c71\u624b\u901a\u308a(\u795e\u6cc9\u753a)","tier":"arterial","w":4,"lanes":2,"vmax":13.9,"len":12.7}},{"type":"Feature","geometry":{"type":"LineString","coordinates":[[139.699302,35.662261],[139.699334,35.662186],[139.699369,35.662124],[139.699409,35.662065],[139.699421,35.66205]]},"properties":{"id":"976275941#0","name":"\u516c\u5712\u901a\u308a","tier":"local","w":2,"lanes":1,"vmax":22.2,"len":25.9}},{"type":"Feature","geometry":{"type":"LineString","coordinates":[[139.69949,35.661971],[139.699511,35.661949],[139.699573,35.661894],[139.699757,35.661749],[139.699903,35.661636],[139.700065,35.661517],[139.70014,35.661462],[139.700156,35.66145]]},"properties":{"id":"976275941#1","name":"\u516c\u5712\u901a\u308a","tier":"local","w":2,"lanes":1,"vmax":22.2,"len":83.6}},{"type":"Feature","geometry":{"type":"LineString","coordinates":[[139.700257,35.661373],[139.700398,35.661262],[139.700504,35.661179],[139.70054,35.661158],[139.700578,35.661141],[139.700615,35.661127],[139.700658,35.661113],[139.700716,35.661111]]},"properties":{"id":"976275941#2","name":"\u516c\u5712\u901a\u308a","tier":"local","w":2,"lanes":1,"vmax":22.2,"len":52.1}},{"type":"Feature","geometry":{"type":"LineString","coordinates":[[139.699198,35.662382],[139.699182,35.662381]]},"properties":{"id":"976275942","name":"\u30aa\u30eb\u30ac\u30f3\u5742(\u52e4\u52b4\u798f\u7949\u4f1a\u9928\u524d)","tier":"local","w":2,"lanes":1,"vmax":22.2,"len":1.4}},{"type":"Feature","geometry":{"type":"LineString","coordinates":[[139.699292,35.662288],[139.699301,35.662262]]},"properties":{"id":"976275946","name":"\u516c\u5712\u901a\u308a(\u52e4\u52b4\u798f\u7949\u4f1a\u9928\u524d)","tier":"local","w":2,"lanes":1,"vmax":22.2,"len":3.0}},{"type":"Feature","geometry":{"type":"LineString","coordinates":[[139.699251,35.66248],[139.699256,35.662434]]},"properties":{"id":"976275950","name":"\u516c\u5712\u901a\u308a(\u52e4\u52b4\u798f\u7949\u4f1a\u9928\u524d)","tier":"local","w":2,"lanes":1,"vmax":8.3,"len":5.1}}]}