{"type":"FeatureCollection","features":[{"type":"Feature","geometry":{"type":"LineString","coordinates":[[-73.99494,40.744977],[-73.994841,40.745113],[-73.994697,40.74531],[-73.994691,40.745318]]},"properties":{"id":"-1018454469#1","name":"7th Avenue","tier":"distributor","w":3,"lanes":1,"vmax":11.2,"len":43.3}},{"type":"Feature","geometry":{"type":"LineString","coordinates":[[-73.992242,40.758823],[-73.992104,40.759006],[-73.992091,40.759022]]},"properties":{"id":"-1021047632#1","name":"9th Avenue","tier":"arterial","w":4,"lanes":1,"vmax":27.8,"len":25.5}},{"type":"Feature","geometry":{"type":"LineString","coordinates":[[-73.97228,40.74964],[-73.972229,40.749707],[-73.972221,40.749717]]},"properties":{"id":"-1021051876#1","name":"2nd Avenue","tier":"arterial","w":4,"lanes":1,"vmax":11.2,"len":9.9}},{"type":"Feature","geometry":{"type":"LineString","coordinates":[[-73.984521,40.754403],[-73.98462,40.754264],[-73.984645,40.75423]]},"properties":{"id":"-1021065071#1","name":"6th Avenue","tier":"distributor","w":3,"lanes":1,"vmax":27.8,"len":21.9}},{"type":"Feature","geometry":{"type":"LineString","coordinates":[[-73.995176,40.744624],[-73.995135,40.744679],[-73.995125,40.744693]]},"properties":{"id":"-1021124545#1","name":"7th Avenue","tier":"distributor","w":3,"lanes":1,"vmax":11.2,"len":8.8}},{"type":"Feature","geometry":{"type":"LineString","coordinates":[[-73.992803,40.747884],[-73.992802,40.747886],[-73.992726,40.74799],[-73.992582,40.748187],[-73.992439,40.748384],[-73.992438,40.748385]]},"properties":{"id":"-1022184080#2","name":"7th Avenue","tier":"distributor","w":3,"lanes":1,"vmax":11.2,"len":63.6}},{"type":"Feature","geometry":{"type":"LineString","coordinates":[[-73.993083,40.747543],[-73.993055,40.747579],[-73.992905,40.747774],[-73.99289,40.747794]]},"properties":{"id":"-1022184082#1","name":"7th Avenue","tier":"distributor","w":3,"lanes":1,"vmax":11.2,"len":32.3}},{"type":"Feature","geometry":{"type":"LineString","coordinates":[[-73.979401,40.766253],[-73.979336,40.766348],[-73.979198,40.766548],[-73.979061,40.766747],[-73.97906,40.766749]]},"properties":{"id":"-1022822153#2","name":"7th Avenue","tier":"distributor","w":3,"lanes":1,"vmax":11.2,"len":62.1}},{"type":"Feature","geometry":{"type":"LineString","coordinates":[[-73.982716,40.761755],[-73.982706,40.761769],[-73.982628,40.761876],[-73.982484,40.762072],[-73.982341,40.762269]]},"properties":{"id":"-1023136586#2","name":"7th Avenue","tier":"distributor","w":3,"lanes":1,"vmax":11.2,"len":65.2}},{"type":"Feature","geometry":{"type":"LineString","coordinates":[[-73.988668,40.763748],[-73.988604,40.763836],[-73.988461,40.764033],[-73.988455,40.76404]]},"properties":{"id":"-1025734018#1","name":"9th Avenue","tier":"arterial","w":4,"lanes":1,"vmax":27.8,"len":37.1}},{"type":"Feature","geometry":{"type":"LineString","coordinates":[[-73.988852,40.763526],[-73.988851,40.763527],[-73.988731,40.763692]]},"properties":{"id":"-1025734019#1","name":"9th Avenue","tier":"arterial","w":4,"lanes":1,"vmax":27.8,"len":21.1}},{"type":"Feature","geometry":{"type":"LineString","coordinates":[[-73.989761,40.762249],[-73.989749,40.762266],[-73.989741,40.762276],[-73.989598,40.762472],[-73.989518,40.762583],[-73.989376,40.762777]]},"properties":{"id":"-1025734021","name":"9th Avenue","tier":"arterial","w":4,"lanes":1,"vmax":27.8,"len":67.0}},{"type":"Feature","geometry":{"type":"LineString","coordinates":[[-73.993461,40.757195],[-73.993391,40.757289],[-73.993378,40.757306],[-73.993231,40.757502],[-73.993084,40.757698],[-73.993055,40.757741]]},"properties":{"id":"-1025734023#1","name":"9th Avenue","tier":"arterial","w":4,"lanes":1,"vmax":27.8,"len":69.7}},{"type":"Feature","geometry":{"type":"LineString","coordinates":[[-73.997997,40.751102],[-73.997961,40.751151],[-73.997892,40.751245],[-73.997748,40.751442],[-73.997747,40.751443]]},"properties":{"id":"-1027130505#1","name":"9th Avenue","tier":"distributor","w":3,"lanes":1,"vmax":11.2,"len":43.3}},{"type":"Feature","geometry":{"type":"LineString","coordinates":[[-73.998936,40.749684],[-73.998915,40.749713],[-73.998775,40.749905],[-73.998654,40.750071]]},"properties":{"id":"-1027130507#2","name":"9th Avenue","tier":"distributor","w":3,"lanes":1,"vmax":11.2,"len":49.1}},{"type":"Feature","geometry":{"type":"LineString","coordinates":[[-73.998625,40.75014],[-73.998597,40.750178],[-73.998586,40.750193]]},"properties":{"id":"-1027130508#1","name":"9th Avenue","tier":"distributor","w":3,"lanes":1,"vmax":11.2,"len":6.7}},{"type":"Feature","geometry":{"type":"LineString","coordinates":[[-73.999607,40.748792],[-73.99951,40.748925],[-73.999387,40.749095],[-73.999327,40.749178],[-73.999184,40.749375],[-73.99904,40.749572],[-73.999033,40.749582]]},"properties":{"id":"-1027130509#2","name":"9th Avenue","tier":"distributor","w":3,"lanes":1,"vmax":11.2,"len":100.2}},{"type":"Feature","geometry":{"type":"LineString","coordinates":[[-73.999845,40.748435],[-73.999842,40.748439],[-73.99981,40.748483],[-73.999757,40.748557],[-73.999636,40.748722]]},"properties":{"id":"-1027130510#2","name":"9th Avenue","tier":"distributor","w":3,"lanes":1,"vmax":11.2,"len":36.4}},{"type":"Feature","geometry":{"type":"LineString","coordinates":[[-73.995402,40.749645],[-73.995483,40.74953],[-73.995621,40.749331],[-73.99576,40.749132],[-73.995761,40.74913]]},"properties":{"id":"-1027181003#2","name":"8th Avenue","tier":"distributor","w":3,"lanes":1,"vmax":11.2,"len":64.7}},{"type":"Feature","geometry":{"type":"LineString","coordinates":[[-73.995847,40.749041],[-73.995862,40.74902],[-73.995956,40.748896],[-73.996079,40.748732]]},"properties":{"id":"-1027181004#1","name":"8th Avenue","tier":"distributor","w":3,"lanes":1,"vmax":11.2,"len":39.5}},{"type":"Feature","geometry":{"type":"LineString","coordinates":[[-73.993228,40.752574],[-73.993287,40.752493],[-73.993431,40.752297],[-73.993432,40.752295]]},"properties":{"id":"-1027181005#1","name":"8th Avenue","tier":"distributor","w":3,"lanes":1,"vmax":11.2,"len":35.3}},{"type":"Feature","geometry":{"type":"LineString","coordinates":[[-73.989413,40.75787],[-73.989502,40.757749],[-73.989643,40.757556],[-73.989787,40.757359],[-73.98979,40.757355]]},"properties":{"id":"-1027181007#1","name":"8th Avenue","tier":"distributor","w":3,"lanes":1,"vmax":11.2,"len":65.5}},{"type":"Feature","geometry":{"type":"LineString","coordinates":[[-73.987092,40.760994],[-73.987175,40.760881],[-73.987319,40.760684],[-73.987462,40.760487],[-73.987477,40.760466]]},"properties":{"id":"-1027189507#1","name":"8th Avenue","tier":"distributor","w":3,"lanes":1,"vmax":11.2,"len":67.0}},{"type":"Feature","geometry":{"type":"LineString","coordinates":[[-73.987574,40.760393],[-73.987577,40.760388],[-73.987616,40.760335],[-73.987735,40.760169]]},"properties":{"id":"-1027189508","name":"8th Avenue","tier":"distributor","w":3,"lanes":1,"vmax":11.2,"len":28.4}},{"type":"Feature","geometry":{"type":"LineString","coordinates":[[-73.985309,40.763546],[-73.985321,40.763529],[-73.985409,40.763405],[-73.98555,40.763207],[-73.985611,40.763121],[-73.985687,40.763012],[-73.985701,40.762993]]},"properties":{"id":"-1027189509#1","name":"8th Avenue","tier":"distributor","w":3,"lanes":1,"vmax":11.2,"len":69.7}},{"type":"Feature","geometry":{"type":"LineString","coordinates":[[-73.973661,40.743727],[-73.973666,40.743721],[-73.973768,40.743578],[-73.973888,40.743413]]},"properties":{"id":"-1027227129#1","name":"1st Avenue","tier":"arterial","w":4,"lanes":1,"vmax":11.2,"len":39.9}},{"type":"Feature","geometry":{"type":"LineString","coordinates":[[-73.971275,40.746911],[-73.9713,40.746878],[-73.9714,40.746739],[-73.971542,40.746542],[-73.971662,40.746378],[-73.971665,40.746375]]},"properties":{"id":"-1027228244#1","name":"1st Avenue","tier":"arterial","w":4,"lanes":1,"vmax":11.2,"len":68.1}},{"type":"Feature","geometry":{"type":"LineString","coordinates":[[-73.971609,40.750517],[-73.9716,40.750528],[-73.971515,40.750649],[-73.971426,40.750773],[-73.971375,40.750845],[-73.971233,40.751043],[-73.971228,40.751051]]},"properties":{"id":"-1030123270#2","name":"2nd Avenue","tier":"arterial","w":4,"lanes":1,"vmax":11.2,"len":67.4}},{"type":"Feature","geometry":{"type":"LineString","coordinates":[[-73.971164,40.751138],[-73.971151,40.751156],[-73.971044,40.751299],[-73.970917,40.751474],[-73.970787,40.751653]]},"properties":{"id":"-1030123272#1","name":"2nd Avenue","tier":"arterial","w":4,"lanes":1,"vmax":11.2,"len":65.5}},{"type":"Feature","geometry":{"type":"LineString","coordinates":[[-73.970705,40.751794],[-73.970627,40.7519],[-73.970483,40.752097],[-73.970341,40.75229]]},"properties":{"id":"-1030123273#2","name":"2nd Avenue","tier":"arterial","w":4,"lanes":1,"vmax":11.2,"len":63.1}},{"type":"Feature","geometry":{"type":"LineString","coordinates":[[-73.972583,40.749205],[-73.972437,40.7494],[-73.97236,40.749502],[-73.97231,40.74957]]},"properties":{"id":"-1030139835#1","name":"2nd Avenue","tier":"arterial","w":4,"lanes":1,"vmax":11.2,"len":46.6}},{"type":"Feature","geometry":{"type":"LineString","coordinates":[[-73.973015,40.748553],[-73.973006,40.748564],[-73.972895,40.748718],[-73.97279,40.748863],[-73.972647,40.74906],[-73.972643,40.749065]]},"properties":{"id":"-1030139836#1","name":"2nd Avenue","tier":"arterial","w":4,"lanes":1,"vmax":11.2,"len":65.0}},{"type":"Feature","geometry":{"type":"LineString","coordinates":[[-73.973911,40.747314],[-73.973902,40.747326],[-73.973887,40.747348],[-73.973767,40.747513]]},"properties":{"id":"-1030139837#1","name":"2nd Avenue","tier":"arterial","w":4,"lanes":1,"vmax":11.2,"len":25.3}},{"type":"Feature","geometry":{"type":"LineString","coordinates":[[-73.97628,40.744135],[-73.976269,40.744151],[-73.976143,40.744321],[-73.976006,40.744511],[-73.975896,40.744662],[-73.975891,40.744669]]},"properties":{"id":"-1031400325#1","name":"2nd Avenue","tier":"arterial","w":4,"lanes":1,"vmax":11.2,"len":67.8}},{"type":"Feature","geometry":{"type":"LineString","coordinates":[[-73.993164,40.747397],[-73.99311,40.747476]]},"properties":{"id":"-1040766903","name":"7th Avenue","tier":"distributor","w":3,"lanes":1,"vmax":11.2,"len":9.8}},{"type":"Feature","geometry":{"type":"LineString","coordinates":[[-73.986906,40.761289],[-73.987018,40.761125],[-73.987035,40.761102]]},"properties":{"id":"-1049888072#1","name":"8th Avenue","tier":"distributor","w":3,"lanes":1,"vmax":11.2,"len":23.5}},{"type":"Feature","geometry":{"type":"LineString","coordinates":[[-73.988229,40.754187],[-73.988226,40.754193],[-73.988161,40.754284],[-73.988019,40.754481],[-73.987878,40.754679],[-73.987874,40.754684]]},"properties":{"id":"-1049920716#2","name":"7th Avenue","tier":"distributor","w":3,"lanes":1,"vmax":11.2,"len":62.8}},{"type":"Feature","geometry":{"type":"LineString","coordinates":[[-73.988704,40.753542],[-73.988686,40.753565],[-73.988618,40.753658],[-73.988473,40.753854],[-73.988328,40.754051],[-73.988316,40.754067]]},"properties":{"id":"-1049920718#2","name":"7th Avenue","tier":"distributor","w":3,"lanes":1,"vmax":11.2,"len":66.8}},{"type":"Feature","geometry":{"type":"LineString","coordinates":[[-73.994717,40.755436],[-73.994577,40.755624],[-73.994445,40.755801]]},"properties":{"id":"-1051734606#1","name":"9th Avenue","tier":"arterial","w":4,"lanes":1,"vmax":27.8,"len":46.6}},{"type":"Feature","geometry":{"type":"LineString","coordinates":[[-73.990486,40.751063],[-73.990484,40.751066],[-73.990398,40.751183],[-73.990253,40.751379],[-73.990109,40.751574]]},"properties":{"id":"-1051750427#2","name":"7th Avenue","tier":"distributor","w":3,"lanes":1,"vmax":11.2,"len":65.0}},{"type":"Feature","geometry":{"type":"LineString","coordinates":[[-73.997835,40.746302],[-73.99789,40.746226],[-73.998011,40.746053],[-73.998028,40.74603]]},"properties":{"id":"-1061731838","name":"8th Avenue","tier":"distributor","w":3,"lanes":1,"vmax":11.2,"len":34.3}},{"type":"Feature","geometry":{"type":"LineString","coordinates":[[-73.972471,40.762372],[-73.972603,40.762428],[-73.972862,40.762537],[-73.973121,40.762646],[-73.973313,40.762727],[-73.973572,40.762836],[-73.973832,40.762945]]},"properties":{"id":"-1087048475#1","name":"East 57th Street","tier":"arterial","w":4,"lanes":2,"vmax":27.8,"len":131.3}},{"type":"Feature","geometry":{"type":"LineString","coordinates":[[-73.975062,40.750086],[-73.975067,40.750078],[-73.975097,40.750037],[-73.975164,40.749945],[-73.975308,40.749748],[-73.97541,40.749607],[-73.975431,40.749579],[-73.975438,40.74957]]},"properties":{"id":"-1087744935#3","name":"3rd Avenue","tier":"arterial","w":4,"lanes":1,"vmax":11.2,"len":65.5}},{"type":"Feature","geometry":{"type":"LineString","coordinates":[[-73.992866,40.742976],[-73.992907,40.742995],[-73.992945,40.743011],[-73.993204,40.743122],[-73.993278,40.743151],[-73.99335,40.743176],[-73.993418,40.743201],[-73.993481,40.743226],[-73.993639,40.743293],[-73.993899,40.743402],[-73.994158,40.743511],[-73.994417,40.74362],[-73.994676,40.743729],[-73.994935,40.743838],[-73.995194,40.743947],[-73.99523,40.743963],[-73.995488,40.744074],[-73.995492,40.744076]]},"properties":{"id":"-1088320657#1","name":"West 23rd Street","tier":"distributor","w":3,"lanes":2,"vmax":11.2,"len":253.2}},{"type":"Feature","geometry":{"type":"LineString","coordinates":[[-73.976006,40.744891],[-73.976091,40.744928],[-73.976309,40.745019]]},"properties":{"id":"-1088325193#1","name":"East 34th Street","tier":"arterial","w":4,"lanes":2,"vmax":11.2,"len":29.3}},{"type":"Feature","geometry":{"type":"LineString","coordinates":[[-73.977616,40.745485],[-73.977613,40.745484],[-73.977443,40.745413]]},"properties":{"id":"-1088325194","name":"East 34th Street","tier":"arterial","w":4,"lanes":2,"vmax":11.2,"len":16.6}},{"type":"Feature","geometry":{"type":"LineString","coordinates":[[-73.981213,40.746975],[-73.98121,40.746973],[-73.981148,40.746948],[-73.980938,40.746859]]},"properties":{"id":"-1088325195#2","name":"East 34th Street","tier":"arterial","w":4,"lanes":2,"vmax":11.2,"len":26.6}},{"type":"Feature","geometry":{"type":"LineString","coordinates":[[-73.984924,40.748576],[-73.984697,40.748483],[-73.984687,40.748478]]},"properties":{"id":"-1088325196#1","name":"West 34th Street","tier":"arterial","w":4,"lanes":3,"vmax":11.2,"len":22.8}},{"type":"Feature","geometry":{"type":"LineString","coordinates":[[-73.996421,40.7535],[-73.996593,40.753572],[-73.996811,40.753662]]},"properties":{"id":"-1088325197#1","name":"West 34th Street","tier":"arterial","w":4,"lanes":2,"vmax":11.2,"len":37.6}},{"type":"Feature","geometry":{"type":"LineString","coordinates":[[-73.992815,40.753133],[-73.992961,40.752939],[-73.992968,40.752929]]},"properties":{"id":"-1124078896#1","name":"8th Avenue","tier":"distributor","w":3,"lanes":1,"vmax":11.2,"len":26.1}},{"type":"Feature","geometry":{"type":"LineString","coordinates":[[-73.99217,40.754055],[-73.992245,40.753952],[-73.992388,40.753755],[-73.992532,40.753558],[-73.992534,40.753555]]},"properties":{"id":"-1124078897#2","name":"8th Avenue","tier":"distributor","w":3,"lanes":1,"vmax":11.2,"len":63.4}},{"type":"Feature","geometry":{"type":"LineString","coordinates":[[-73.991735,40.754655],[-73.991795,40.754572],[-73.991938,40.754375],[-73.992081,40.754178],[-73.992088,40.754168]]},"properties":{"id":"-1124078898#2","name":"8th Avenue","tier":"distributor","w":3,"lanes":1,"vmax":11.2,"len":61.6}},{"type":"Feature","geometry":{"type":"LineString","coordinates":[[-73.991535,40.75493],[-73.991629,40.754801]]},"properties":{"id":"-1124078899#1","name":"8th Avenue","tier":"distributor","w":3,"lanes":1,"vmax":11.2,"len":16.3}},{"type":"Feature","geometry":{"type":"LineString","coordinates":[[-73.994352,40.755927],[-73.994345,40.755937],[-73.994247,40.75607],[-73.994122,40.756241],[-73.993978,40.756439]]},"properties":{"id":"-1135614654#1","name":"9th Avenue","tier":"arterial","w":4,"lanes":1,"vmax":27.8,"len":64.9}},{"type":"Feature","geometry":{"type":"LineString","coordinates":[[-73.993891,40.75656],[-73.993887,40.756566],[-73.993747,40.756764],[-73.993678,40.756862],[-73.993545,40.757051]]},"properties":{"id":"-1135614656#1","name":"9th Avenue","tier":"arterial","w":4,"lanes":1,"vmax":27.8,"len":61.8}},{"type":"Feature","geometry":{"type":"LineString","coordinates":[[-73.989597,40.752324],[-73.989519,40.75243],[-73.989375,40.752627],[-73.989235,40.752818]]},"properties":{"id":"-1135620538#2","name":"7th Avenue","tier":"distributor","w":3,"lanes":1,"vmax":11.2,"len":62.8}},{"type":"Feature","geometry":{"type":"LineString","coordinates":[[-73.984026,40.761496],[-73.983981,40.761564],[-73.983848,40.761765],[-73.983824,40.7618],[-73.983691,40.762001],[-73.983683,40.762013]]},"properties":{"id":"-1136460178#1","name":"Broadway","tier":"local","w":2,"lanes":1,"vmax":22.2,"len":64.3}},{"type":"Feature","geometry":{"type":"LineString","coordinates":[[-73.983015,40.763103],[-73.982902,40.763309]]},"properties":{"id":"-1136460180#1","name":"Broadway","tier":"local","w":2,"lanes":1,"vmax":22.2,"len":24.7}},{"type":"Feature","geometry":{"type":"LineString","coordinates":[[-73.9832,40.762768],[-73.983188,40.762787],[-73.983121,40.762909],[-73.983058,40.763025]]},"properties":{"id":"-1136460181#1","name":"Broadway","tier":"local","w":2,"lanes":1,"vmax":22.2,"len":31.0}},{"type":"Feature","geometry":{"type":"LineString","coordinates":[[-73.986391,40.755756],[-73.986317,40.755724],[-73.986058,40.755615],[-73.985988,40.755585]]},"properties":{"id":"-1136952921#1","name":"West 42nd Street","tier":"arterial","w":4,"lanes":2,"vmax":11.2,"len":38.9}},{"type":"Feature","geometry":{"type":"LineString","coordinates":[[-73.994036,40.751524],[-73.994059,40.751492],[-73.994196,40.751304],[-73.994339,40.751107],[-73.994459,40.750941]]},"properties":{"id":"-1157664114#1","name":"8th Avenue","tier":"distributor","w":3,"lanes":1,"vmax":11.2,"len":73.8}},{"type":"Feature","geometry":{"type":"LineString","coordinates":[[-73.981816,40.766409],[-73.981812,40.766427],[-73.981806,40.766461],[-73.981774,40.766649]]},"properties":{"id":"-1167939119#1","name":"Broadway","tier":"arterial","w":4,"lanes":1,"vmax":11.2,"len":26.9}},{"type":"Feature","geometry":{"type":"LineString","coordinates":[[-73.977195,40.742913],[-73.977187,40.742923],[-73.977102,40.743039],[-73.976958,40.743235],[-73.976814,40.743432],[-73.976808,40.743439]]},"properties":{"id":"-118400729#2","name":"2nd Avenue","tier":"arterial","w":4,"lanes":1,"vmax":11.2,"len":66.9}},{"type":"Feature","geometry":{"type":"LineString","coordinates":[[-73.988925,40.758509],[-73.98893,40.758503],[-73.989011,40.758391],[-73.989155,40.758195],[-73.989295,40.758002]]},"properties":{"id":"-1198594026#1","name":"8th Avenue","tier":"distributor","w":3,"lanes":1,"vmax":11.2,"len":64.4}},{"type":"Feature","geometry":{"type":"LineString","coordinates":[[-73.988468,40.759136],[-73.988477,40.759124],[-73.988539,40.759038],[-73.98866,40.758873]]},"properties":{"id":"-1198594029#1","name":"8th Avenue","tier":"distributor","w":3,"lanes":1,"vmax":11.2,"len":33.5}},{"type":"Feature","geometry":{"type":"LineString","coordinates":[[-73.987764,40.760099],[-73.987787,40.760069],[-73.987931,40.759872],[-73.987946,40.759852]]},"properties":{"id":"-1198594030#1","name":"8th Avenue","tier":"distributor","w":3,"lanes":1,"vmax":11.2,"len":31.4}},{"type":"Feature","geometry":{"type":"LineString","coordinates":[[-73.985844,40.762765],[-73.985979,40.76258],[-73.986117,40.762391]]},"properties":{"id":"-1207834765","name":"8th Avenue","tier":"distributor","w":3,"lanes":1,"vmax":11.2,"len":47.5}},{"type":"Feature","geometry":{"type":"LineString","coordinates":[[-73.988689,40.758803],[-73.988833,40.758606],[-73.988844,40.75859]]},"properties":{"id":"-1207834766","name":"8th Avenue","tier":"distributor","w":3,"lanes":1,"vmax":11.2,"len":27.0}},{"type":"Feature","geometry":{"type":"LineString","coordinates":[[-73.992616,40.753442],[-73.99262,40.753437],[-73.992668,40.753369],[-73.992787,40.753202]]},"properties":{"id":"-1207834767#1","name":"8th Avenue","tier":"distributor","w":3,"lanes":1,"vmax":11.2,"len":30.2}},{"type":"Feature","geometry":{"type":"LineString","coordinates":[[-73.993585,40.752143],[-73.993589,40.752137],[-73.993611,40.752107],[-73.993732,40.751941]]},"properties":{"id":"-1207834768#1","name":"8th Avenue","tier":"distributor","w":3,"lanes":1,"vmax":11.2,"len":25.6}},{"type":"Feature","geometry":{"type":"LineString","coordinates":[[-73.980082,40.760493],[-73.980206,40.760323],[-73.980349,40.760126],[-73.980382,40.760081],[-73.980443,40.759995]]},"properties":{"id":"-1211049193#1","name":"6th Avenue","tier":"distributor","w":3,"lanes":1,"vmax":27.8,"len":63.1}},{"type":"Feature","geometry":{"type":"LineString","coordinates":[[-73.976417,40.765572],[-73.976448,40.765529],[-73.976569,40.765364]]},"properties":{"id":"-1211049195#1","name":"6th Avenue","tier":"distributor","w":3,"lanes":1,"vmax":27.8,"len":26.4}},{"type":"Feature","geometry":{"type":"LineString","coordinates":[[-73.996996,40.757735],[-73.997006,40.757721],[-73.997086,40.757612],[-73.997229,40.757415],[-73.997372,40.757219],[-73.997397,40.757186]]},"properties":{"id":"-1211608942#2","name":"10th Avenue","tier":"arterial","w":4,"lanes":1,"vmax":11.2,"len":69.7}},{"type":"Feature","geometry":{"type":"LineString","coordinates":[[-73.996392,40.75856],[-73.996465,40.758461]]},"properties":{"id":"-1211608943#1","name":"10th Avenue","tier":"arterial","w":4,"lanes":1,"vmax":11.2,"len":12.7}},{"type":"Feature","geometry":{"type":"LineString","coordinates":[[-73.981426,40.767788],[-73.981446,40.767783],[-73.981642,40.767736],[-73.98167,40.767732]]},"properties":{"id":"-1211612937#1","name":"Central Park South","tier":"distributor","w":3,"lanes":1,"vmax":11.2,"len":21.5}},{"type":"Feature","geometry":{"type":"LineString","coordinates":[[-73.990843,40.755909],[-73.990914,40.755812],[-73.991057,40.755615],[-73.9912,40.755418],[-73.991209,40.755406]]},"properties":{"id":"-125479721#2","name":"8th Avenue","tier":"distributor","w":3,"lanes":1,"vmax":27.8,"len":63.8}},{"type":"Feature","geometry":{"type":"LineString","coordinates":[[-73.991507,40.744802],[-73.991522,40.74478],[-73.9916,40.744674],[-73.991744,40.744478],[-73.991888,40.744281],[-73.991905,40.744258]]},"properties":{"id":"-1266830893#1","name":"6th Avenue","tier":"distributor","w":3,"lanes":1,"vmax":11.2,"len":69.1}},{"type":"Feature","geometry":{"type":"LineString","coordinates":[[-73.982833,40.763433],[-73.982823,40.763451],[-73.982754,40.763572],[-73.982636,40.763778],[-73.982518,40.763985],[-73.982515,40.76399]]},"properties":{"id":"-1267505842#2","name":"Broadway","tier":"local","w":2,"lanes":1,"vmax":22.2,"len":67.4}},{"type":"Feature","geometry":{"type":"LineString","coordinates":[[-73.982437,40.764116],[-73.982388,40.764251],[-73.982322,40.764433]]},"properties":{"id":"-1267505843#1","name":"Broadway","tier":"local","w":2,"lanes":1,"vmax":22.2,"len":36.5}},{"type":"Feature","geometry":{"type":"LineString","coordinates":[[-73.976549,40.751615],[-73.976493,40.751591],[-73.976234,40.751482],[-73.976182,40.75146]]},"properties":{"id":"-1272613980#2","name":"East 42nd Street","tier":"arterial","w":4,"lanes":3,"vmax":11.2,"len":35.5}},{"type":"Feature","geometry":{"type":"LineString","coordinates":[[-73.980783,40.753395],[-73.98062,40.753327],[-73.98036,40.753219],[-73.98019,40.753147],[-73.979931,40.753037],[-73.979672,40.752928],[-73.979422,40.752822]]},"properties":{"id":"-1272613981#1","name":"East 42nd Street","tier":"arterial","w":4,"lanes":2,"vmax":11.2,"len":131.3}},{"type":"Feature","geometry":{"type":"LineString","coordinates":[[-73.983741,40.755475],[-73.983809,40.755381],[-73.983953,40.755185],[-73.984098,40.754988],[-73.984113,40.754966],[-73.984115,40.754965]]},"properties":{"id":"-127693103#2","name":"6th Avenue","tier":"distributor","w":3,"lanes":1,"vmax":27.8,"len":64.8}},{"type":"Feature","geometry":{"type":"LineString","coordinates":[[-73.983268,40.756122],[-73.983275,40.756113],[-73.98336,40.755996],[-73.983504,40.755799],[-73.983648,40.755602],[-73.983654,40.755594]]},"properties":{"id":"-127693103#5","name":"6th Avenue","tier":"distributor","w":3,"lanes":1,"vmax":27.8,"len":67.1}},{"type":"Feature","geometry":{"type":"LineString","coordinates":[[-73.996297,40.74841],[-73.996307,40.748397],[-73.996373,40.748307],[-73.996519,40.748111],[-73.996664,40.747915],[-73.996673,40.747902]]},"properties":{"id":"-127693383#2","name":"8th Avenue","tier":"distributor","w":3,"lanes":1,"vmax":11.2,"len":64.7}},{"type":"Feature","geometry":{"type":"LineString","coordinates":[[-73.99611,40.748662],[-73.996207,40.748532],[-73.996213,40.748523]]},"properties":{"id":"-127693383#4","name":"8th Avenue","tier":"distributor","w":3,"lanes":1,"vmax":11.2,"len":17.7}},{"type":"Feature","geometry":{"type":"LineString","coordinates":[[-73.991411,40.765286],[-73.991415,40.76528],[-73.9915,40.765164],[-73.991644,40.764967],[-73.991789,40.764771],[-73.991794,40.764764]]},"properties":{"id":"-1308875366#2","name":"10th Avenue","tier":"arterial","w":4,"lanes":1,"vmax":11.2,"len":66.3}},{"type":"Feature","geometry":{"type":"LineString","coordinates":[[-73.992171,40.764271],[-73.992261,40.764148],[-73.992273,40.764131]]},"properties":{"id":"-1308875367#1","name":"10th Avenue","tier":"arterial","w":4,"lanes":1,"vmax":11.2,"len":17.8}},{"type":"Feature","geometry":{"type":"LineString","coordinates":[[-73.971086,40.747239],[-73.971109,40.747206],[-73.971244,40.747008],[-73.971261,40.746985]]},"properties":{"id":"-1313071250#1","name":"1st Avenue","tier":"arterial","w":4,"lanes":1,"vmax":11.2,"len":31.9}},{"type":"Feature","geometry":{"type":"LineString","coordinates":[[-73.974626,40.750713],[-73.974657,40.750669],[-73.974721,40.750583],[-73.974866,40.750386],[-73.974978,40.750235],[-73.974996,40.750209]]},"properties":{"id":"-1316831694#3","name":"3rd Avenue","tier":"arterial","w":4,"lanes":1,"vmax":11.2,"len":64.0}},{"type":"Feature","geometry":{"type":"LineString","coordinates":[[-73.975503,40.749483],[-73.975514,40.749468],[-73.97555,40.749421],[-73.975581,40.749378],[-73.975724,40.749181],[-73.975867,40.748984],[-73.975871,40.748978]]},"properties":{"id":"-1316831700#3","name":"3rd Avenue","tier":"arterial","w":4,"lanes":1,"vmax":11.2,"len":64.2}},{"type":"Feature","geometry":{"type":"LineString","coordinates":[[-73.984015,40.75475],[-73.984012,40.754748],[-73.983921,40.75471],[-73.983703,40.754619]]},"properties":{"id":"-1320232776#1","name":"West 42nd Street","tier":"arterial","w":4,"lanes":2,"vmax":11.2,"len":30.1}},{"type":"Feature","geometry":{"type":"LineString","coordinates":[[-73.989294,40.76289],[-73.989292,40.762892],[-73.989287,40.762899],[-73.989143,40.763096],[-73.989063,40.763207],[-73.98892,40.763404],[-73.988918,40.763405]]},"properties":{"id":"-1320234483#1","name":"9th Avenue","tier":"arterial","w":4,"lanes":1,"vmax":27.8,"len":65.4}},{"type":"Feature","geometry":{"type":"LineString","coordinates":[[-73.992519,40.758334],[-73.99248,40.758317],[-73.992335,40.758256],[-73.992117,40.758164]]},"properties":{"id":"-1320290376#1","name":"West 42nd Street","tier":"arterial","w":4,"lanes":2,"vmax":11.2,"len":38.7}},{"type":"Feature","geometry":{"type":"LineString","coordinates":[[-73.993444,40.758803],[-73.993543,40.758844],[-73.993802,40.758954],[-73.993845,40.758972]]},"properties":{"id":"-1320549615#1","name":"West 42nd Street","tier":"arterial","w":4,"lanes":2,"vmax":11.2,"len":38.8}},{"type":"Feature","geometry":{"type":"LineString","coordinates":[[-73.990591,40.757534],[-73.990352,40.757434],[-73.990206,40.757372],[-73.989946,40.757263],[-73.989925,40.757255]]},"properties":{"id":"-1321771943#1","name":"West 42nd Street","tier":"arterial","w":4,"lanes":3,"vmax":11.2,"len":64.2}},{"type":"Feature","geometry":{"type":"LineString","coordinates":[[-73.970042,40.748832],[-73.97007,40.748796],[-73.970164,40.748667]]},"properties":{"id":"-1359353583","name":"1st Avenue","tier":"arterial","w":4,"lanes":1,"vmax":27.8,"len":21.1}},{"type":"Feature","geometry":{"type":"LineString","coordinates":[[-73.98573,40.762893],[-73.985735,40.762886],[-73.985782,40.762821]]},"properties":{"id":"-1376935153#1","name":"8th Avenue","tier":"distributor","w":3,"lanes":1,"vmax":11.2,"len":9.1}},{"type":"Feature","geometry":{"type":"LineString","coordinates":[[-73.997506,40.754026],[-73.997501,40.754033],[-73.997454,40.754098],[-73.997314,40.754297]]},"properties":{"id":"-139919706#1","name":"Dyer Avenue","tier":"arterial","w":4,"lanes":1,"vmax":11.2,"len":34.2}},{"type":"Feature","geometry":{"type":"LineString","coordinates":[[-73.984474,40.760844],[-73.984463,40.76086],[-73.984398,40.76096],[-73.984386,40.760978],[-73.984255,40.76118],[-73.984123,40.761382],[-73.984119,40.761388]]},"properties":{"id":"-1413171972#1","name":"Broadway","tier":"local","w":2,"lanes":1,"vmax":22.2,"len":67.5}},{"type":"Feature","geometry":{"type":"LineString","coordinates":[[-73.970625,40.747974],[-73.970645,40.747946],[-73.970786,40.747748],[-73.970851,40.747654],[-73.970865,40.747636]]},"properties":{"id":"-1414774493#1","name":"1st Avenue","tier":"arterial","w":4,"lanes":1,"vmax":11.2,"len":42.7}},{"type":"Feature","geometry":{"type":"LineString","coordinates":[[-73.972777,40.743444],[-73.972565,40.743354],[-73.972536,40.743342],[-73.972279,40.74323],[-73.972205,40.743201]]},"properties":{"id":"-1424092635","name":"East 34th Street","tier":"arterial","w":4,"lanes":3,"vmax":11.2,"len":55.3}},{"type":"Feature","geometry":{"type":"LineString","coordinates":[[-73.973266,40.744234],[-73.97336,40.744106],[-73.973505,40.743909]]},"properties":{"id":"-144001606#1","name":"1st Avenue","tier":"arterial","w":4,"lanes":1,"vmax":11.2,"len":41.3}},{"type":"Feature","geometry":{"type":"LineString","coordinates":[[-73.982187,40.764864],[-73.982153,40.764972],[-73.982086,40.765191],[-73.982018,40.765411],[-73.982018,40.765413]]},"properties":{"id":"-1442249232#2","name":"Broadway","tier":"local","w":2,"lanes":1,"vmax":22.2,"len":62.6}},{"type":"Feature","geometry":{"type":"LineString","coordinates":[[-73.982315,40.764506],[-73.98225,40.764686],[-73.982249,40.764689]]},"properties":{"id":"-1442249232#4","name":"Broadway","tier":"local","w":2,"lanes":1,"vmax":22.2,"len":21.0}},{"type":"Feature","geometry":{"type":"LineString","coordinates":[[-73.981988,40.765535],[-73.981983,40.765562],[-73.981975,40.765608]]},"properties":{"id":"-1442249235#1","name":"Broadway","tier":"local","w":2,"lanes":1,"vmax":22.2,"len":8.1}},{"type":"Feature","geometry":{"type":"LineString","coordinates":[[-73.974114,40.751464],[-73.974131,40.75144],[-73.97414,40.751427],[-73.974284,40.75123],[-73.974365,40.75112],[-73.974508,40.750923],[-73.974515,40.750915]]},"properties":{"id":"-1455345748#2","name":"3rd Avenue","tier":"arterial","w":4,"lanes":1,"vmax":11.2,"len":69.7}},{"type":"Feature","geometry":{"type":"LineString","coordinates":[[-73.973665,40.752078],[-73.973676,40.752063],[-73.973755,40.751955],[-73.973899,40.751758],[-73.974043,40.751561],[-73.974049,40.751552]]},"properties":{"id":"-1455345748#5","name":"3rd Avenue","tier":"arterial","w":4,"lanes":1,"vmax":11.2,"len":66.7}},{"type":"Feature","geometry":{"type":"LineString","coordinates":[[-73.973222,40.752683],[-73.973334,40.752535],[-73.973457,40.75237]]},"properties":{"id":"-1455345749#1","name":"3rd Avenue","tier":"arterial","w":4,"lanes":1,"vmax":11.2,"len":40.0}},{"type":"Feature","geometry":{"type":"LineString","coordinates":[[-73.971594,40.754912],[-73.971611,40.754889],[-73.971754,40.754692],[-73.971769,40.754672]]},"properties":{"id":"-1455345750#10","name":"3rd Avenue","tier":"arterial","w":4,"lanes":1,"vmax":11.2,"len":30.5}},{"type":"Feature","geometry":{"type":"LineString","coordinates":[[-73.972764,40.75331],[-73.972843,40.753203],[-73.972986,40.753006],[-73.973123,40.752819]]},"properties":{"id":"-1455345750#2","name":"3rd Avenue","tier":"arterial","w":4,"lanes":1,"vmax":11.2,"len":62.4}},{"type":"Feature","geometry":{"type":"LineString","coordinates":[[-73.972292,40.753956],[-73.972301,40.753945],[-73.972381,40.753834],[-73.972525,40.753637],[-73.972665,40.753446]]},"properties":{"id":"-1455345750#5","name":"3rd Avenue","tier":"arterial","w":4,"lanes":1,"vmax":11.2,"len":64.8}},{"type":"Feature","geometry":{"type":"LineString","coordinates":[[-73.971839,40.754576],[-73.971846,40.754567],[-73.971874,40.754528],[-73.972018,40.754332],[-73.972072,40.754258],[-73.972215,40.754061],[-73.972227,40.754045]]},"properties":{"id":"-1455345750#8","name":"3rd Avenue","tier":"arterial","w":4,"lanes":1,"vmax":11.2,"len":67.5}},{"type":"Feature","geometry":{"type":"LineString","coordinates":[[-73.971397,40.755182],[-73.971427,40.755141],[-73.971548,40.754975]]},"properties":{"id":"-1455345751#1","name":"3rd Avenue","tier":"arterial","w":4,"lanes":1,"vmax":11.2,"len":26.2}},{"type":"Feature","geometry":{"type":"LineString","coordinates":[[-73.970928,40.755824],[-73.970929,40.755821],[-73.971016,40.755702],[-73.97116,40.755506],[-73.971295,40.75532]]},"properties":{"id":"-1455345752#2","name":"3rd Avenue","tier":"arterial","w":4,"lanes":1,"vmax":11.2,"len":63.9}},{"type":"Feature","geometry":{"type":"LineString","coordinates":[[-73.970715,40.756115],[-73.970841,40.755942],[-73.970845,40.755936]]},"properties":{"id":"-1455345752#4","name":"3rd Avenue","tier":"arterial","w":4,"lanes":1,"vmax":11.2,"len":22.7}},{"type":"Feature","geometry":{"type":"LineString","coordinates":[[-73.970462,40.75646],[-73.970477,40.756441],[-73.970548,40.756343],[-73.970669,40.756178]]},"properties":{"id":"-1455345753#1","name":"3rd Avenue","tier":"arterial","w":4,"lanes":1,"vmax":11.2,"len":35.9}},{"type":"Feature","geometry":{"type":"LineString","coordinates":[[-73.976883,40.747583],[-73.976894,40.747568],[-73.976941,40.747498],[-73.977078,40.747298],[-73.977205,40.747111]]},"properties":{"id":"-1462663361#3","name":"3rd Avenue","tier":"arterial","w":4,"lanes":1,"vmax":11.2,"len":59.0}},{"type":"Feature","geometry":{"type":"LineString","coordinates":[[-73.977311,40.746964],[-73.977323,40.746948],[-73.977378,40.746875],[-73.977525,40.74668],[-73.977672,40.746486]]},"properties":{"id":"-1462663362#2","name":"3rd Avenue","tier":"arterial","w":4,"lanes":1,"vmax":11.2,"len":61.2}},{"type":"Feature","geometry":{"type":"LineString","coordinates":[[-73.999327,40.754542],[-73.999335,40.754532],[-73.999475,40.754334],[-73.999552,40.754229],[-73.99969,40.75404]]},"properties":{"id":"-1498955410#1","name":"10th Avenue","tier":"arterial","w":4,"lanes":1,"vmax":11.2,"len":63.5}},{"type":"Feature","geometry":{"type":"LineString","coordinates":[[-73.99234,40.764042],[-73.992352,40.764025],[-73.992432,40.763915],[-73.992575,40.763718],[-73.992695,40.763552]]},"properties":{"id":"-1499234750#1","name":"10th Avenue","tier":"arterial","w":4,"lanes":1,"vmax":11.2,"len":62.1}},{"type":"Feature","geometry":{"type":"LineString","coordinates":[[-73.976724,40.743522],[-73.976713,40.743538],[-73.976584,40.743717],[-73.976441,40.743914],[-73.976364,40.74402],[-73.976363,40.744021]]},"properties":{"id":"-1499800687#1","name":"2nd Avenue","tier":"arterial","w":4,"lanes":1,"vmax":11.2,"len":63.3}},{"type":"Feature","geometry":{"type":"LineString","coordinates":[[-73.995962,40.75915],[-73.995977,40.759129]]},"properties":{"id":"-1518515023#1","name":"10th Avenue","tier":"arterial","w":4,"lanes":1,"vmax":11.2,"len":2.6}},{"type":"Feature","geometry":{"type":"LineString","coordinates":[[-73.995083,40.760279],[-73.995086,40.760275],[-73.995171,40.760158],[-73.995315,40.759961],[-73.995459,40.759765],[-73.995479,40.759737]]},"properties":{"id":"-1518515024#2","name":"10th Avenue","tier":"arterial","w":4,"lanes":1,"vmax":11.2,"len":68.9}},{"type":"Feature","geometry":{"type":"LineString","coordinates":[[-73.994627,40.760905],[-73.994632,40.760898],[-73.994679,40.760834],[-73.994822,40.760637],[-73.994855,40.760592],[-73.994995,40.7604]]},"properties":{"id":"-1518515025#1","name":"10th Avenue","tier":"arterial","w":4,"lanes":1,"vmax":11.2,"len":64.1}},{"type":"Feature","geometry":{"type":"LineString","coordinates":[[-73.973145,40.748402],[-73.973109,40.748452],[-73.973097,40.748469]]},"properties":{"id":"-1523945331#1","name":"2nd Avenue","tier":"arterial","w":4,"lanes":1,"vmax":11.2,"len":8.4}},{"type":"Feature","geometry":{"type":"LineString","coordinates":[[-73.997918,40.75647],[-73.997945,40.756433],[-73.998089,40.756235],[-73.998143,40.756161],[-73.99822,40.756056],[-73.998275,40.755979],[-73.998277,40.755976]]},"properties":{"id":"-1527798601#1","name":"10th Avenue","tier":"arterial","w":4,"lanes":1,"vmax":11.2,"len":62.6}},{"type":"Feature","geometry":{"type":"LineString","coordinates":[[-73.997467,40.757089],[-73.99753,40.757003],[-73.997673,40.756806],[-73.997817,40.756609],[-73.997835,40.756584]]},"properties":{"id":"-1527798601#4","name":"10th Avenue","tier":"arterial","w":4,"lanes":1,"vmax":11.2,"len":64.2}},{"type":"Feature","geometry":{"type":"LineString","coordinates":[[-73.996567,40.758322],[-73.996652,40.758205],[-73.996796,40.758009],[-73.996901,40.757866],[-73.99691,40.757854]]},"properties":{"id":"-1528692691#1","name":"10th Avenue","tier":"arterial","w":4,"lanes":1,"vmax":11.2,"len":59.5}},{"type":"Feature","geometry":{"type":"LineString","coordinates":[[-73.998935,40.761116],[-73.999149,40.761206],[-73.99926,40.761253],[-73.999519,40.761362],[-73.999778,40.761472],[-73.999837,40.761496],[-74.000097,40.761604],[-74.000357,40.761712]]},"properties":{"id":"-1531467269","name":"West 42nd Street","tier":"arterial","w":4,"lanes":2,"vmax":11.2,"len":137.1}},{"type":"Feature","geometry":{"type":"LineString","coordinates":[[-73.969988,40.757109],[-73.970014,40.757075],[-73.970154,40.756883],[-73.970298,40.756686],[-73.970398,40.756549]]},"properties":{"id":"-1531577067#2","name":"3rd Avenue","tier":"arterial","w":4,"lanes":1,"vmax":11.2,"len":71.2}},{"type":"Feature","geometry":{"type":"LineString","coordinates":[[-73.977667,40.746493],[-73.977668,40.746491]]},"properties":{"id":"-1531811269","name":"3rd Avenue","tier":"arterial","w":4,"lanes":1,"vmax":11.2,"len":0.2}},{"type":"Feature","geometry":{"type":"LineString","coordinates":[[-73.994151,40.761528],[-73.994159,40.761517],[-73.994237,40.76141],[-73.994381,40.761213],[-73.994525,40.761016],[-73.994541,40.760993]]},"properties":{"id":"-1531976889#2","name":"10th Avenue","tier":"arterial","w":4,"lanes":1,"vmax":11.2,"len":67.9}},{"type":"Feature","geometry":{"type":"LineString","coordinates":[[-73.996735,40.747818],[-73.996741,40.747809],[-73.996833,40.747684],[-73.996976,40.747487],[-73.99712,40.74729],[-73.997124,40.747283]]},"properties":{"id":"-1532218058#2","name":"8th Avenue","tier":"distributor","w":3,"lanes":1,"vmax":11.2,"len":67.9}},{"type":"Feature","geometry":{"type":"LineString","coordinates":[[-73.993707,40.762137],[-73.993789,40.762025],[-73.993932,40.761828],[-73.994076,40.761631],[-73.994086,40.761617]]},"properties":{"id":"-1536562612#2","name":"10th Avenue","tier":"arterial","w":4,"lanes":1,"vmax":11.2,"len":66.0}},{"type":"Feature","geometry":{"type":"LineString","coordinates":[[-73.991876,40.76465],[-73.991878,40.764648],[-73.99199,40.764493],[-73.992109,40.764327]]},"properties":{"id":"-1537161337#1","name":"10th Avenue","tier":"arterial","w":4,"lanes":1,"vmax":11.2,"len":40.9}},{"type":"Feature","geometry":{"type":"LineString","coordinates":[[-73.99836,40.755863],[-73.998366,40.755855],[-73.998422,40.755778],[-73.998564,40.755582],[-73.998617,40.755511],[-73.998726,40.755362],[-73.998736,40.755347]]},"properties":{"id":"-1537619200#1","name":"10th Avenue","tier":"arterial","w":4,"lanes":1,"vmax":11.2,"len":65.5}},{"type":"Feature","geometry":{"type":"LineString","coordinates":[[-73.998801,40.755259],[-73.998811,40.755245],[-73.998931,40.75508],[-73.999074,40.754884],[-73.999187,40.754739],[-73.999194,40.75473]]},"properties":{"id":"-1537619201#2","name":"10th Avenue","tier":"arterial","w":4,"lanes":1,"vmax":11.2,"len":67.5}},{"type":"Feature","geometry":{"type":"LineString","coordinates":[[-73.973917,40.743343],[-73.973922,40.743336],[-73.974024,40.743194],[-73.974053,40.743155]]},"properties":{"id":"-1537896629","name":"1st Avenue","tier":"arterial","w":4,"lanes":1,"vmax":11.2,"len":23.8}},{"type":"Feature","geometry":{"type":"LineString","coordinates":[[-73.980524,40.742606],[-73.980545,40.742577],[-73.98058,40.742529],[-73.980625,40.742467],[-73.980768,40.74227],[-73.980912,40.742073],[-73.980954,40.742016]]},"properties":{"id":"-1539481862#3","name":"3rd Avenue","tier":"arterial","w":4,"lanes":1,"vmax":11.2,"len":74.9}},{"type":"Feature","geometry":{"type":"LineString","coordinates":[[-73.98009,40.743198],[-73.980097,40.743188],[-73.980128,40.743146],[-73.980173,40.743084],[-73.980317,40.742887],[-73.980462,40.742691],[-73.980479,40.742667]]},"properties":{"id":"-1539481862#7","name":"3rd Avenue","tier":"arterial","w":4,"lanes":1,"vmax":11.2,"len":67.5}},{"type":"Feature","geometry":{"type":"LineString","coordinates":[[-73.973504,40.752305],[-73.973591,40.752179],[-73.973601,40.752166]]},"properties":{"id":"-1539502333#1","name":"3rd Avenue","tier":"arterial","w":4,"lanes":1,"vmax":11.2,"len":17.5}},{"type":"Feature","geometry":{"type":"LineString","coordinates":[[-73.999052,40.744607],[-73.999063,40.744592],[-73.999142,40.744483],[-73.999287,40.744287],[-73.999429,40.744094]]},"properties":{"id":"-156994969#2","name":"8th Avenue","tier":"distributor","w":3,"lanes":1,"vmax":11.2,"len":65.2}},{"type":"Feature","geometry":{"type":"LineString","coordinates":[[-73.974786,40.746111],[-73.974783,40.746114],[-73.974745,40.746166],[-73.974645,40.746302],[-73.974598,40.746366],[-73.974596,40.746369],[-73.974453,40.746565],[-73.974448,40.746572]]},"properties":{"id":"-157014137#1","name":"2nd Avenue","tier":"arterial","w":4,"lanes":1,"vmax":11.2,"len":58.6}},{"type":"Feature","geometry":{"type":"LineString","coordinates":[[-73.987364,40.755396],[-73.987353,40.755412],[-73.987259,40.755536],[-73.987112,40.755732],[-73.986965,40.755927],[-73.986961,40.755933]]},"properties":{"id":"-167922070#2","name":"7th Avenue","tier":"distributor","w":3,"lanes":1,"vmax":11.2,"len":68.6}},{"type":"Feature","geometry":{"type":"LineString","coordinates":[[-73.984526,40.759262],[-73.984451,40.759366],[-73.984309,40.759564],[-73.984174,40.759751]]},"properties":{"id":"-167922071#2","name":"7th Avenue","tier":"distributor","w":3,"lanes":1,"vmax":11.2,"len":61.8}},{"type":"Feature","geometry":{"type":"LineString","coordinates":[[-73.985896,40.755563],[-73.985878,40.755555],[-73.98562,40.755445],[-73.985574,40.755426],[-73.985315,40.755316],[-73.985057,40.755207],[-73.984798,40.755097],[-73.984539,40.754988],[-73.984281,40.754878],[-73.984265,40.754872]]},"properties":{"id":"-167922072#1","name":"West 42nd Street","tier":"arterial","w":4,"lanes":2,"vmax":11.2,"len":157.6}},{"type":"Feature","geometry":{"type":"LineString","coordinates":[[-73.986852,40.755964],[-73.986849,40.755963],[-73.986787,40.755937],[-73.986527,40.755829],[-73.986474,40.755807]]},"properties":{"id":"-167922076#2","name":"West 42nd Street","tier":"arterial","w":4,"lanes":2,"vmax":11.2,"len":36.3}},{"type":"Feature","geometry":{"type":"LineString","coordinates":[[-73.992763,40.758532],[-73.992875,40.758579],[-73.993134,40.758688],[-73.993352,40.75878]]},"properties":{"id":"-167922077#1","name":"West 42nd Street","tier":"arterial","w":4,"lanes":2,"vmax":11.2,"len":56.8}},{"type":"Feature","geometry":{"type":"LineString","coordinates":[[-73.971978,40.743273],[-73.971974,40.743281],[-73.971956,40.743309],[-73.97183,40.743512],[-73.971737,40.743653],[-73.971632,40.743811]]},"properties":{"id":"-194926840#1","name":"FDR Drive","tier":"arterial","w":4,"lanes":2,"vmax":11.2,"len":66.4}},{"type":"Feature","geometry":{"type":"LineString","coordinates":[[-73.98801,40.759764],[-73.988019,40.759752],[-73.988038,40.759726],[-73.988182,40.759529],[-73.988246,40.759441],[-73.988389,40.759244],[-73.988403,40.759225]]},"properties":{"id":"-194926851#2","name":"8th Avenue","tier":"distributor","w":3,"lanes":1,"vmax":11.2,"len":68.4}},{"type":"Feature","geometry":{"type":"LineString","coordinates":[[-73.991278,40.75531],[-73.99129,40.755295],[-73.991385,40.755165],[-73.991506,40.754999]]},"properties":{"id":"-194926854#1","name":"8th Avenue","tier":"distributor","w":3,"lanes":1,"vmax":11.2,"len":39.5}},{"type":"Feature","geometry":{"type":"LineString","coordinates":[[-73.992473,40.758487],[-73.992469,40.758493],[-73.992396,40.758589],[-73.992272,40.758753]]},"properties":{"id":"-194926855#1","name":"9th Avenue","tier":"arterial","w":4,"lanes":1,"vmax":27.8,"len":34.0}},{"type":"Feature","geometry":{"type":"LineString","coordinates":[[-73.979182,40.766954],[-73.979324,40.767014],[-73.979583,40.767124],[-73.979649,40.767152],[-73.979731,40.767186],[-73.97999,40.767296],[-73.980249,40.767405],[-73.980508,40.767515],[-73.980779,40.76763]]},"properties":{"id":"-195743152#1","name":"Central Park South","tier":"distributor","w":3,"lanes":2,"vmax":27.8,"len":154.3}},{"type":"Feature","geometry":{"type":"LineString","coordinates":[[-73.990706,40.751081],[-73.990735,40.751093],[-73.990815,40.751127],[-73.991074,40.751237],[-73.991332,40.751346],[-73.991591,40.751456],[-73.99185,40.751566],[-73.991939,40.751602],[-73.992021,40.751637],[-73.992149,40.751691],[-73.992408,40.7518],[-73.992667,40.751909],[-73.992791,40.75196],[-73.993051,40.752067],[-73.993312,40.752174],[-73.993328,40.75218]]},"properties":{"id":"-195743208#2","name":"West 34th Street","tier":"arterial","w":4,"lanes":2,"vmax":11.2,"len":252.7}},{"type":"Feature","geometry":{"type":"LineString","coordinates":[[-73.990049,40.767237],[-73.990093,40.767255],[-73.990194,40.767298],[-73.990453,40.767407],[-73.990712,40.767516],[-73.990971,40.767625],[-73.99123,40.767734],[-73.991489,40.767843],[-73.99163,40.767902],[-73.991889,40.768011],[-73.992148,40.76812],[-73.992408,40.768229],[-73.992667,40.768338],[-73.992696,40.768349]]},"properties":{"id":"-195743211#2","name":"West 54th Street","tier":"distributor","w":3,"lanes":1,"vmax":27.8,"len":255.2}},{"type":"Feature","geometry":{"type":"LineString","coordinates":[[-73.989699,40.767635],[-73.989824,40.767463],[-73.989967,40.767266],[-73.989977,40.767252]]},"properties":{"id":"-195743301#1","name":"10th Avenue","tier":"arterial","w":4,"lanes":1,"vmax":27.8,"len":48.6}},{"type":"Feature","geometry":{"type":"LineString","coordinates":[[-73.987619,40.755041],[-73.987576,40.755101],[-73.987435,40.755299],[-73.987429,40.755308]]},"properties":{"id":"-195743344#1","name":"7th Avenue","tier":"distributor","w":3,"lanes":1,"vmax":11.2,"len":33.8}},{"type":"Feature","geometry":{"type":"LineString","coordinates":[[-73.99013,40.756858],[-73.99014,40.756844],[-73.990283,40.756647],[-73.990294,40.756632]]},"properties":{"id":"-195743345#1","name":"8th Avenue","tier":"distributor","w":3,"lanes":1,"vmax":27.8,"len":28.6}},{"type":"Feature","geometry":{"type":"LineString","coordinates":[[-73.981963,40.765678],[-73.981951,40.765746],[-73.981913,40.765969],[-73.981875,40.766189]]},"properties":{"id":"-196116976#1","name":"Broadway","tier":"local","w":2,"lanes":1,"vmax":22.2,"len":57.3}},{"type":"Feature","geometry":{"type":"LineString","coordinates":[[-73.978975,40.766787],[-73.978964,40.766782],[-73.978705,40.766672],[-73.978446,40.766562],[-73.978188,40.766452],[-73.977929,40.766343],[-73.977671,40.766233],[-73.977644,40.766222],[-73.977385,40.766112],[-73.977167,40.76602]]},"properties":{"id":"-196116988#1","name":"Central Park South","tier":"distributor","w":3,"lanes":2,"vmax":27.8,"len":174.7}},{"type":"Feature","geometry":{"type":"LineString","coordinates":[[-73.982761,40.766636],[-73.982759,40.766635],[-73.982528,40.766537],[-73.98227,40.766427],[-73.982037,40.766328]]},"properties":{"id":"-196117083#2","name":"West 57th Street","tier":"arterial","w":4,"lanes":2,"vmax":27.8,"len":70.0}},{"type":"Feature","geometry":{"type":"LineString","coordinates":[[-73.985623,40.767843],[-73.985605,40.767835],[-73.985465,40.767776],[-73.985206,40.767667],[-73.984947,40.767557],[-73.984689,40.767448],[-73.98443,40.767338],[-73.984241,40.767258],[-73.984182,40.767234],[-73.984058,40.767181],[-73.983799,40.767072],[-73.983737,40.767046],[-73.983555,40.766969],[-73.983295,40.76686],[-73.983036,40.766751],[-73.983021,40.766745]]},"properties":{"id":"-196117084#2","name":"West 57th Street","tier":"arterial","w":4,"lanes":2,"vmax":11.2,"len":251.2}},{"type":"Feature","geometry":{"type":"LineString","coordinates":[[-73.978692,40.762487],[-73.978705,40.762492],[-73.978891,40.762571],[-73.97915,40.76268],[-73.979409,40.762789],[-73.979668,40.762898],[-73.979754,40.762935],[-73.979822,40.762965],[-73.979947,40.763019],[-73.979965,40.763027],[-73.980222,40.763139],[-73.980299,40.763174],[-73.980372,40.763204],[-73.980552,40.763277],[-73.980813,40.763384],[-73.981026,40.763475],[-73.981284,40.763585],[-73.981308,40.763595]]},"properties":{"id":"-226041032#2","name":"West 54th Street","tier":"distributor","w":3,"lanes":1,"vmax":27.8,"len":252.8}},{"type":"Feature","geometry":{"type":"LineString","coordinates":[[-73.981697,40.767217],[-73.981656,40.767429],[-73.981659,40.767464],[-73.981663,40.767495],[-73.981666,40.767513]]},"properties":{"id":"-22898530#1","name":"Broadway","tier":"arterial","w":4,"lanes":1,"vmax":11.2,"len":33.2}},{"type":"Feature","geometry":{"type":"LineString","coordinates":[[-74.000561,40.755216],[-74.000571,40.755221],[-74.000765,40.755303],[-74.001024,40.755412]]},"properties":{"id":"-273019810#1","name":"West 34th Street","tier":"arterial","w":4,"lanes":2,"vmax":11.2,"len":44.7}},{"type":"Feature","geometry":{"type":"LineString","coordinates":[[-73.999288,40.754683],[-73.999382,40.754722],[-73.999641,40.75483],[-73.999901,40.754939],[-74.000161,40.755047],[-74.00042,40.755155],[-74.000442,40.755164]]},"properties":{"id":"-273019810#4","name":"West 34th Street","tier":"arterial","w":4,"lanes":2,"vmax":11.2,"len":111.1}},{"type":"Feature","geometry":{"type":"LineString","coordinates":[[-73.981781,40.766722],[-73.981763,40.766825],[-73.981725,40.767048],[-73.981723,40.767059]]},"properties":{"id":"-308322448#1","name":"Broadway","tier":"arterial","w":4,"lanes":1,"vmax":11.2,"len":37.7}},{"type":"Feature","geometry":{"type":"LineString","coordinates":[[-73.985529,40.765345],[-73.985649,40.765395],[-73.985909,40.765503],[-73.986169,40.765611],[-73.986429,40.76572],[-73.986688,40.765828],[-73.986948,40.765936],[-73.986983,40.76595],[-73.987008,40.765961],[-73.98702,40.765966]]},"properties":{"id":"-324118557#1","name":"West 54th Street","tier":"distributor","w":3,"lanes":1,"vmax":27.8,"len":143.4}},{"type":"Feature","geometry":{"type":"LineString","coordinates":[[-73.971573,40.743901],[-73.971563,40.743916],[-73.971552,40.743932],[-73.971419,40.744133],[-73.971286,40.744334]]},"properties":{"id":"-34769546#1","name":"FDR Drive","tier":"arterial","w":4,"lanes":2,"vmax":27.8,"len":53.9}},{"type":"Feature","geometry":{"type":"LineString","coordinates":[[-74.000333,40.747794],[-74.000307,40.74783],[-74.000233,40.747933],[-74.00009,40.74813],[-73.999947,40.748327],[-73.999927,40.748353]]},"properties":{"id":"-350726028#2","name":"9th Avenue","tier":"distributor","w":3,"lanes":1,"vmax":11.2,"len":70.9}},{"type":"Feature","geometry":{"type":"LineString","coordinates":[[-74.000538,40.747508],[-74.000396,40.747707],[-74.000386,40.747721]]},"properties":{"id":"-350726028#4","name":"9th Avenue","tier":"distributor","w":3,"lanes":1,"vmax":11.2,"len":26.9}},{"type":"Feature","geometry":{"type":"LineString","coordinates":[[-73.99766,40.751573],[-73.997547,40.751728],[-73.997402,40.751924],[-73.997258,40.752121],[-73.997196,40.752206],[-73.997141,40.752281],[-73.996998,40.752478],[-73.996856,40.752675],[-73.996835,40.752697]]},"properties":{"id":"-350726030#4","name":"9th Avenue","tier":"distributor","w":3,"lanes":1,"vmax":11.2,"len":142.9}},{"type":"Feature","geometry":{"type":"LineString","coordinates":[[-73.970923,40.747555],[-73.970942,40.747527],[-73.971064,40.74735],[-73.971064,40.747336]]},"properties":{"id":"-36185650#1","name":"1st Avenue","tier":"arterial","w":3,"lanes":1,"vmax":11.2,"len":27.3}},{"type":"Feature","geometry":{"type":"LineString","coordinates":[[-74.000055,40.7583],[-74.000028,40.758339],[-74.000014,40.758358],[-73.999961,40.758431],[-73.999818,40.758628],[-73.999675,40.758826],[-73.999662,40.758843]]},"properties":{"id":"-36801165#1","name":"11th Avenue","tier":"arterial","w":4,"lanes":2,"vmax":11.2,"len":68.9}},{"type":"Feature","geometry":{"type":"LineString","coordinates":[[-73.996903,40.753684],[-73.997019,40.753733],[-73.997209,40.753812],[-73.997333,40.753863],[-73.997499,40.753932]]},"properties":{"id":"-36806903","name":"West 34th Street","tier":"arterial","w":4,"lanes":3,"vmax":11.2,"len":57.3}},{"type":"Feature","geometry":{"type":"LineString","coordinates":[[-73.971915,40.746061],[-73.971984,40.745966],[-73.972127,40.74577],[-73.972136,40.745758]]},"properties":{"id":"-368938762#1","name":"1st Avenue","tier":"arterial","w":4,"lanes":1,"vmax":11.2,"len":38.5}},{"type":"Feature","geometry":{"type":"LineString","coordinates":[[-73.970166,40.748664],[-73.970282,40.748506],[-73.970426,40.748309],[-73.970519,40.748154]]},"properties":{"id":"-380098431","name":"1st Avenue","tier":"arterial","w":4,"lanes":1,"vmax":27.8,"len":64.0}},{"type":"Feature","geometry":{"type":"LineString","coordinates":[[-73.975676,40.747202],[-73.975415,40.747062],[-73.97516,40.746953],[-73.974902,40.746843],[-73.974651,40.746736]]},"properties":{"id":"-381477008#1","name":"East 37th Street","tier":"distributor","w":3,"lanes":1,"vmax":11.2,"len":100.9}},{"type":"Feature","geometry":{"type":"LineString","coordinates":[[-73.98179,40.762993],[-73.98178,40.763006],[-73.981702,40.763113],[-73.981557,40.763309],[-73.981412,40.763506],[-73.981408,40.763511]]},"properties":{"id":"-382740985#2","name":"7th Avenue","tier":"distributor","w":3,"lanes":1,"vmax":11.2,"len":65.9}},{"type":"Feature","geometry":{"type":"LineString","coordinates":[[-73.982246,40.762368],[-73.982237,40.762381],[-73.982208,40.76242],[-73.982146,40.762506],[-73.982002,40.762702],[-73.981874,40.762878],[-73.981872,40.76288]]},"properties":{"id":"-382740985#5","name":"7th Avenue","tier":"distributor","w":3,"lanes":1,"vmax":11.2,"len":65.1}},{"type":"Feature","geometry":{"type":"LineString","coordinates":[[-74.001368,40.746496],[-74.001201,40.746426],[-74.001183,40.746418],[-74.000924,40.746309],[-74.000666,40.746199],[-74.000407,40.74609],[-74.000148,40.745981],[-73.999889,40.745871],[-73.99963,40.745762],[-73.999413,40.74567],[-73.999154,40.745561],[-73.998895,40.745451],[-73.998636,40.745342],[-73.998603,40.745328]]},"properties":{"id":"-384178812#2","name":"West 23rd Street","tier":"distributor","w":3,"lanes":2,"vmax":11.2,"len":267.0}},{"type":"Feature","geometry":{"type":"LineString","coordinates":[[-73.986929,40.751034],[-73.986942,40.751017],[-73.987087,40.75082],[-73.987151,40.750733],[-73.987295,40.750536],[-73.987301,40.750528]]},"properties":{"id":"-384649120#1","name":"6th Avenue","tier":"distributor","w":3,"lanes":1,"vmax":11.2,"len":64.4}},{"type":"Feature","geometry":{"type":"LineString","coordinates":[[-73.985569,40.752914],[-73.98558,40.752898],[-73.985663,40.752786],[-73.985809,40.75259],[-73.985955,40.752394],[-73.985961,40.752386]]},"properties":{"id":"-384649120#10","name":"6th Avenue","tier":"distributor","w":3,"lanes":1,"vmax":11.2,"len":67.4}},{"type":"Feature","geometry":{"type":"LineString","coordinates":[[-73.985122,40.753535],[-73.985131,40.753521],[-73.985212,40.753409],[-73.985354,40.753211],[-73.985496,40.753014],[-73.985497,40.753013]]},"properties":{"id":"-384649120#13","name":"6th Avenue","tier":"distributor","w":3,"lanes":1,"vmax":11.2,"len":66.0}},{"type":"Feature","geometry":{"type":"LineString","coordinates":[[-73.986499,40.751649],[-73.986568,40.751549],[-73.986706,40.75135],[-73.986829,40.751173]]},"properties":{"id":"-384649120#4","name":"6th Avenue","tier":"distributor","w":3,"lanes":1,"vmax":11.2,"len":59.7}},{"type":"Feature","geometry":{"type":"LineString","coordinates":[[-73.986032,40.75229],[-73.986039,40.75228],[-73.986113,40.752179],[-73.986257,40.751982],[-73.986399,40.751789]]},"properties":{"id":"-384649120#7","name":"6th Avenue","tier":"distributor","w":3,"lanes":1,"vmax":11.2,"len":63.6}},{"type":"Feature","geometry":{"type":"LineString","coordinates":[[-73.987847,40.749877],[-73.987873,40.749889],[-73.988042,40.749959],[-73.988268,40.750054],[-73.988356,40.750091],[-73.988615,40.7502],[-73.988874,40.75031],[-73.989133,40.750419],[-73.989205,40.750449],[-73.989281,40.750481],[-73.989444,40.75055],[-73.989703,40.750659],[-73.989962,40.750768],[-73.990221,40.750877],[-73.99048,40.750987]]},"properties":{"id":"-384649121#7","name":"West 34th Street","tier":"arterial","w":4,"lanes":2,"vmax":11.2,"len":254.2}},{"type":"Feature","geometry":{"type":"LineString","coordinates":[[-73.972301,40.749927],[-73.972319,40.749934],[-73.972382,40.749962],[-73.972485,40.750004],[-73.972746,40.750111],[-73.973006,40.750218],[-73.973203,40.7503],[-73.973463,40.750409],[-73.973534,40.750438]]},"properties":{"id":"-384826723#2","name":"East 42nd Street","tier":"arterial","w":4,"lanes":2,"vmax":11.2,"len":118.6}},{"type":"Feature","geometry":{"type":"LineString","coordinates":[[-73.978734,40.745055],[-73.978739,40.745049],[-73.978769,40.745007],[-73.978819,40.744939],[-73.978963,40.744742],[-73.979107,40.744545]]},"properties":{"id":"-388240124#11","name":"3rd Avenue","tier":"arterial","w":4,"lanes":1,"vmax":11.2,"len":64.7}},{"type":"Feature","geometry":{"type":"LineString","coordinates":[[-73.979635,40.743823],[-73.979646,40.743808],[-73.979674,40.743769],[-73.979723,40.743702],[-73.979866,40.743505],[-73.98001,40.743308],[-73.98002,40.743294]]},"properties":{"id":"-388240124#3","name":"3rd Avenue","tier":"arterial","w":4,"lanes":1,"vmax":11.2,"len":67.1}},{"type":"Feature","geometry":{"type":"LineString","coordinates":[[-73.979189,40.744432],[-73.979192,40.744428],[-73.979218,40.744393],[-73.979273,40.744319],[-73.979416,40.744122],[-73.97956,40.743925],[-73.97957,40.743911]]},"properties":{"id":"-388240124#7","name":"3rd Avenue","tier":"arterial","w":4,"lanes":1,"vmax":11.2,"len":66.2}},{"type":"Feature","geometry":{"type":"LineString","coordinates":[[-73.970921,40.761716],[-73.970939,40.761724],[-73.970996,40.761748],[-73.971045,40.761768],[-73.9712,40.761834],[-73.971459,40.761943],[-73.971717,40.762053],[-73.971976,40.762163],[-73.972222,40.762267]]},"properties":{"id":"-388696206#3","name":"East 57th Street","tier":"arterial","w":4,"lanes":2,"vmax":27.8,"len":125.8}},{"type":"Feature","geometry":{"type":"LineString","coordinates":[[-73.986342,40.756752],[-73.986331,40.756768],[-73.986296,40.756818],[-73.98627,40.756855],[-73.98613,40.757054],[-73.985989,40.757252],[-73.985976,40.757271]]},"properties":{"id":"-397795464#3","name":"7th Avenue","tier":"distributor","w":3,"lanes":1,"vmax":11.2,"len":65.4}},{"type":"Feature","geometry":{"type":"LineString","coordinates":[[-73.975967,40.751368],[-73.975917,40.751347],[-73.975701,40.751257],[-73.975442,40.751147],[-73.975183,40.751038],[-73.974924,40.750929],[-73.974665,40.75082],[-73.974648,40.750813]]},"properties":{"id":"-420356168#4","name":"East 42nd Street","tier":"arterial","w":4,"lanes":3,"vmax":11.2,"len":127.3}},{"type":"Feature","geometry":{"type":"LineString","coordinates":[[-73.973627,40.75046],[-73.973841,40.750547],[-73.974003,40.750613],[-73.974264,40.750719],[-73.974295,40.750731],[-73.974298,40.750733]]},"properties":{"id":"-420356169#2","name":"East 42nd Street","tier":"arterial","w":4,"lanes":3,"vmax":11.2,"len":64.2}},{"type":"Feature","geometry":{"type":"LineString","coordinates":[[-73.993557,40.75227],[-73.99359,40.752282],[-73.993723,40.752338],[-73.993984,40.752445],[-73.994244,40.752552],[-73.994504,40.75266],[-73.994582,40.752692],[-73.994664,40.752726],[-73.994877,40.752815],[-73.995136,40.752924],[-73.995209,40.752956],[-73.995279,40.752989],[-73.995369,40.753031],[-73.995621,40.753151],[-73.995705,40.753186],[-73.995778,40.753217],[-73.995881,40.753261],[-73.996141,40.75337],[-73.996168,40.753381]]},"properties":{"id":"-420509471#4","name":"West 34th Street","tier":"arterial","w":4,"lanes":2,"vmax":11.2,"len":252.6}},{"type":"Feature","geometry":{"type":"LineString","coordinates":[[-73.993705,40.746647],[-73.993695,40.746661],[-73.993555,40.746853],[-73.99348,40.746956],[-73.993336,40.747153],[-73.993327,40.747166]]},"properties":{"id":"-420512231#2","name":"7th Avenue","tier":"distributor","w":3,"lanes":1,"vmax":11.2,"len":65.9}},{"type":"Feature","geometry":{"type":"LineString","coordinates":[[-73.995496,40.744154],[-73.995485,40.744168],[-73.995462,40.744201],[-73.995319,40.744398],[-73.995205,40.744554]]},"properties":{"id":"-420598327#1","name":"7th Avenue","tier":"distributor","w":3,"lanes":1,"vmax":11.2,"len":50.7}},{"type":"Feature","geometry":{"type":"LineString","coordinates":[[-73.994026,40.746208],[-73.993932,40.746337],[-73.993788,40.746533]]},"properties":{"id":"-420598330#1","name":"7th Avenue","tier":"distributor","w":3,"lanes":1,"vmax":11.2,"len":41.3}},{"type":"Feature","geometry":{"type":"LineString","coordinates":[[-73.997665,40.74657],[-73.997672,40.74656],[-73.997687,40.746538],[-73.997806,40.746372]]},"properties":{"id":"-420598332#1","name":"8th Avenue","tier":"distributor","w":3,"lanes":1,"vmax":11.2,"len":25.0}},{"type":"Feature","geometry":{"type":"LineString","coordinates":[[-73.999515,40.744005],[-73.999535,40.743978],[-73.999555,40.74395],[-73.999612,40.743872],[-73.999732,40.743706]]},"properties":{"id":"-420598333#2","name":"8th Avenue","tier":"distributor","w":3,"lanes":1,"vmax":11.2,"len":37.8}},{"type":"Feature","geometry":{"type":"LineString","coordinates":[[-73.998598,40.745251],[-73.998612,40.745232],[-73.998694,40.745124],[-73.998817,40.74496]]},"properties":{"id":"-420598339#1","name":"8th Avenue","tier":"distributor","w":3,"lanes":1,"vmax":11.2,"len":37.2}},{"type":"Feature","geometry":{"type":"LineString","coordinates":[[-73.999935,40.743401],[-73.999939,40.743395],[-73.999967,40.743356],[-73.999999,40.743311],[-74.000141,40.743113],[-74.000283,40.742916],[-74.000318,40.742867]]},"properties":{"id":"-420598349#3","name":"8th Avenue","tier":"distributor","w":3,"lanes":1,"vmax":11.2,"len":67.5}},{"type":"Feature","geometry":{"type":"LineString","coordinates":[[-73.998091,40.745946],[-73.998103,40.74593],[-73.998134,40.745888],[-73.998191,40.74581],[-73.998333,40.745612],[-73.998474,40.745417]]},"properties":{"id":"-420598366#3","name":"8th Avenue","tier":"distributor","w":3,"lanes":1,"vmax":11.2,"len":67.0}},{"type":"Feature","geometry":{"type":"LineString","coordinates":[[-73.995749,40.744186],[-73.995753,40.744188],[-73.995995,40.74429],[-73.996254,40.7444],[-73.996513,40.744509],[-73.996771,40.744619],[-73.99703,40.744728],[-73.997289,40.744838],[-73.997548,40.744947],[-73.997806,40.745057],[-73.998065,40.745166],[-73.998324,40.745276],[-73.998339,40.745282]]},"properties":{"id":"-420598407#2","name":"West 23rd Street","tier":"distributor","w":3,"lanes":2,"vmax":11.2,"len":250.2}},{"type":"Feature","geometry":{"type":"LineString","coordinates":[[-73.975248,40.745483],[-73.975159,40.745604],[-73.975064,40.745734]]},"properties":{"id":"-420872183#1","name":"2nd Avenue","tier":"arterial","w":4,"lanes":1,"vmax":11.2,"len":31.9}},{"type":"Feature","geometry":{"type":"LineString","coordinates":[[-73.975719,40.744844],[-73.975657,40.744928],[-73.975512,40.745125],[-73.975493,40.745151],[-73.97535,40.745344]]},"properties":{"id":"-420872195#1","name":"2nd Avenue","tier":"arterial","w":4,"lanes":1,"vmax":11.2,"len":63.7}},{"type":"Feature","geometry":{"type":"LineString","coordinates":[[-73.975253,40.744572],[-73.975463,40.744661],[-73.975714,40.744768]]},"properties":{"id":"-420872204#2","name":"East 34th Street","tier":"arterial","w":4,"lanes":2,"vmax":11.2,"len":44.6}},{"type":"Feature","geometry":{"type":"LineString","coordinates":[[-73.976702,40.74599],[-73.976699,40.745988],[-73.976567,40.745933],[-73.976308,40.745823],[-73.976049,40.745714],[-73.97579,40.745605],[-73.975554,40.745506]]},"properties":{"id":"-420872209#1","name":"East 35th Street","tier":"distributor","w":3,"lanes":2,"vmax":11.2,"len":110.8}},{"type":"Feature","geometry":{"type":"LineString","coordinates":[[-73.982501,40.767359],[-73.982502,40.767357],[-73.982649,40.767162],[-73.982731,40.767052],[-73.982877,40.766856],[-73.982894,40.766833]]},"properties":{"id":"-420890022#1","name":"8th Avenue","tier":"distributor","w":3,"lanes":1,"vmax":27.8,"len":67.2}},{"type":"Feature","geometry":{"type":"LineString","coordinates":[[-73.982243,40.767681],[-73.982255,40.767668],[-73.982279,40.767638],[-73.982292,40.76762],[-73.982332,40.767563],[-73.982374,40.7675],[-73.982393,40.767476]]},"properties":{"id":"-420890023#2","name":"8th Avenue","tier":"distributor","w":3,"lanes":1,"vmax":11.2,"len":26.0}},{"type":"Feature","geometry":{"type":"LineString","coordinates":[[-73.984394,40.764776],[-73.984518,40.764608]]},"properties":{"id":"-420890024#1","name":"8th Avenue","tier":"distributor","w":3,"lanes":1,"vmax":27.8,"len":21.4}},{"type":"Feature","geometry":{"type":"LineString","coordinates":[[-73.984866,40.764137],[-73.984935,40.764043],[-73.984943,40.764032],[-73.985091,40.763837],[-73.985239,40.763642],[-73.985249,40.763628]]},"properties":{"id":"-420890026#1","name":"8th Avenue","tier":"distributor","w":3,"lanes":1,"vmax":11.2,"len":65.2}},{"type":"Feature","geometry":{"type":"LineString","coordinates":[[-73.983955,40.765402],[-73.984017,40.765311],[-73.984033,40.765287],[-73.984173,40.765088],[-73.984311,40.764891]]},"properties":{"id":"-420890027#1","name":"8th Avenue","tier":"distributor","w":3,"lanes":1,"vmax":27.8,"len":64.2}},{"type":"Feature","geometry":{"type":"LineString","coordinates":[[-73.98452,40.764606],[-73.984625,40.764464],[-73.98477,40.764268],[-73.984782,40.764252]]},"properties":{"id":"-420890028","name":"8th Avenue","tier":"distributor","w":3,"lanes":1,"vmax":11.2,"len":45.1}},{"type":"Feature","geometry":{"type":"LineString","coordinates":[[-73.983502,40.76601],[-73.983575,40.765913],[-73.983721,40.765718],[-73.983848,40.765549]]},"properties":{"id":"-420890029#2","name":"8th Avenue","tier":"distributor","w":3,"lanes":1,"vmax":27.8,"len":59.0}},{"type":"Feature","geometry":{"type":"LineString","coordinates":[[-73.985976,40.767438],[-73.985861,40.767598],[-73.985729,40.767781]]},"properties":{"id":"-420892263#1","name":"9th Avenue","tier":"arterial","w":4,"lanes":1,"vmax":27.8,"len":43.5}},{"type":"Feature","geometry":{"type":"LineString","coordinates":[[-73.986116,40.767282],[-73.986112,40.767286],[-73.98604,40.767382]]},"properties":{"id":"-420892264#1","name":"9th Avenue","tier":"arterial","w":4,"lanes":1,"vmax":27.8,"len":12.8}},{"type":"Feature","geometry":{"type":"LineString","coordinates":[[-73.986532,40.766672],[-73.986431,40.766805]]},"properties":{"id":"-420892265#1","name":"9th Avenue","tier":"arterial","w":4,"lanes":1,"vmax":27.8,"len":17.0}},{"type":"Feature","geometry":{"type":"LineString","coordinates":[[-73.985573,40.767993],[-73.985452,40.768158],[-73.985309,40.768355]]},"properties":{"id":"-420892266#1","name":"9th Avenue","tier":"arterial","w":4,"lanes":1,"vmax":27.8,"len":46.0}},{"type":"Feature","geometry":{"type":"LineString","coordinates":[[-73.987946,40.764769],[-73.987942,40.764775],[-73.987848,40.764904]]},"properties":{"id":"-420892270#1","name":"9th Avenue","tier":"arterial","w":4,"lanes":1,"vmax":27.8,"len":17.1}},{"type":"Feature","geometry":{"type":"LineString","coordinates":[[-73.987846,40.764907],[-73.987709,40.765094],[-73.987568,40.765288]]},"properties":{"id":"-420892271#1","name":"9th Avenue","tier":"arterial","w":4,"lanes":1,"vmax":27.8,"len":48.4}},{"type":"Feature","geometry":{"type":"LineString","coordinates":[[-73.987348,40.765594],[-73.987257,40.765721],[-73.987115,40.765918],[-73.987111,40.765924]]},"properties":{"id":"-420892272#1","name":"9th Avenue","tier":"arterial","w":4,"lanes":1,"vmax":27.8,"len":41.8}},{"type":"Feature","geometry":{"type":"LineString","coordinates":[[-73.98745,40.765391],[-73.987449,40.765392],[-73.98736,40.765517]]},"properties":{"id":"-420892273#1","name":"9th Avenue","tier":"arterial","w":4,"lanes":1,"vmax":27.8,"len":15.9}},{"type":"Feature","geometry":{"type":"LineString","coordinates":[[-73.98704,40.766021],[-73.987032,40.766031],[-73.98693,40.766183],[-73.986807,40.766352],[-73.986668,40.766545]]},"properties":{"id":"-420892274#1","name":"9th Avenue","tier":"arterial","w":4,"lanes":1,"vmax":27.8,"len":66.2}},{"type":"Feature","geometry":{"type":"LineString","coordinates":[[-73.986401,40.766875],[-73.986333,40.766964],[-73.986186,40.76716],[-73.986185,40.767161]]},"properties":{"id":"-420892275#1","name":"9th Avenue","tier":"arterial","w":4,"lanes":1,"vmax":27.8,"len":36.6}},{"type":"Feature","geometry":{"type":"LineString","coordinates":[[-73.977075,40.765998],[-73.977065,40.765993],[-73.976806,40.765884],[-73.976738,40.765856],[-73.976698,40.765839],[-73.97644,40.765729],[-73.976394,40.76571]]},"properties":{"id":"-420899371","name":"Central Park South","tier":"distributor","w":3,"lanes":2,"vmax":27.8,"len":65.8}},{"type":"Feature","geometry":{"type":"LineString","coordinates":[[-73.972048,40.749893],[-73.972015,40.749937],[-73.971985,40.749978],[-73.97184,40.750174],[-73.971814,40.75021],[-73.971669,40.750406],[-73.971657,40.750423]]},"properties":{"id":"-420901677#2","name":"2nd Avenue","tier":"arterial","w":4,"lanes":1,"vmax":11.2,"len":67.5}},{"type":"Feature","geometry":{"type":"LineString","coordinates":[[-73.973754,40.747591],[-73.973719,40.74764],[-73.973576,40.747837],[-73.973573,40.747841]]},"properties":{"id":"-420901679#1","name":"2nd Avenue","tier":"arterial","w":4,"lanes":1,"vmax":11.2,"len":31.7}},{"type":"Feature","geometry":{"type":"LineString","coordinates":[[-73.969807,40.753024],[-73.969797,40.753037],[-73.969711,40.753154],[-73.969566,40.753351],[-73.969422,40.753547],[-73.969417,40.753555]]},"properties":{"id":"-420901681#2","name":"2nd Avenue","tier":"arterial","w":4,"lanes":1,"vmax":11.2,"len":67.5}},{"type":"Feature","geometry":{"type":"LineString","coordinates":[[-73.970242,40.752426],[-73.970206,40.752475],[-73.970154,40.752548],[-73.970025,40.752725],[-73.969881,40.752922],[-73.969864,40.752945]]},"properties":{"id":"-420901681#5","name":"2nd Avenue","tier":"arterial","w":4,"lanes":1,"vmax":11.2,"len":65.9}},{"type":"Feature","geometry":{"type":"LineString","coordinates":[[-73.974347,40.746711],[-73.974275,40.746811],[-73.974132,40.747008],[-73.973999,40.747193]]},"properties":{"id":"-420901683#2","name":"2nd Avenue","tier":"arterial","w":4,"lanes":1,"vmax":11.2,"len":61.0}},{"type":"Feature","geometry":{"type":"LineString","coordinates":[[-73.973485,40.747963],[-73.973431,40.748037],[-73.973327,40.74818],[-73.973207,40.748346]]},"properties":{"id":"-420901690#1","name":"2nd Avenue","tier":"arterial","w":4,"lanes":1,"vmax":11.2,"len":48.6}},{"type":"Feature","geometry":{"type":"LineString","coordinates":[[-73.995728,40.75408],[-73.995714,40.754098],[-73.99563,40.754211],[-73.995608,40.75424],[-73.995582,40.754275],[-73.995492,40.754396],[-73.995346,40.754591],[-73.995345,40.754592]]},"properties":{"id":"-420901917#1","name":"9th Avenue","tier":"arterial","w":4,"lanes":1,"vmax":27.8,"len":65.4}},{"type":"Feature","geometry":{"type":"LineString","coordinates":[[-73.996166,40.753469],[-73.996164,40.753473],[-73.99602,40.75367],[-73.995944,40.753778],[-73.995804,40.753976],[-73.995793,40.753991]]},"properties":{"id":"-420901922#1","name":"9th Avenue","tier":"arterial","w":4,"lanes":1,"vmax":11.2,"len":66.0}},{"type":"Feature","geometry":{"type":"LineString","coordinates":[[-73.996715,40.752753],[-73.996704,40.752764],[-73.996626,40.752872],[-73.996616,40.752885],[-73.99647,40.753081],[-73.996324,40.753277],[-73.996318,40.753286]]},"properties":{"id":"-420901924#1","name":"9th Avenue","tier":"distributor","w":3,"lanes":1,"vmax":11.2,"len":68.0}},{"type":"Feature","geometry":{"type":"LineString","coordinates":[[-73.999591,40.759078],[-73.999467,40.759255],[-73.999327,40.759453],[-73.999288,40.759505]]},"properties":{"id":"-420903239#1","name":"11th Avenue","tier":"arterial","w":4,"lanes":1,"vmax":27.8,"len":53.9}},{"type":"Feature","geometry":{"type":"LineString","coordinates":[[-73.993993,40.759035],[-73.994009,40.759041],[-73.994063,40.759064],[-73.994288,40.759159],[-73.994547,40.759268],[-73.994806,40.759378],[-73.995064,40.759487],[-73.995298,40.759585]]},"properties":{"id":"-420904618#2","name":"West 42nd Street","tier":"arterial","w":4,"lanes":2,"vmax":27.8,"len":126.0}},{"type":"Feature","geometry":{"type":"LineString","coordinates":[[-73.998276,40.760857],[-73.998278,40.760858]]},"properties":{"id":"-420904620","name":"West 42nd Street","tier":"arterial","w":4,"lanes":1,"vmax":11.2,"len":0.2}},{"type":"Feature","geometry":{"type":"LineString","coordinates":[[-73.982872,40.747699],[-73.982743,40.747648],[-73.982659,40.747609],[-73.982405,40.747493],[-73.982318,40.747456],[-73.982059,40.747346],[-73.9818,40.747236],[-73.981637,40.747168],[-73.981563,40.747138]]},"properties":{"id":"-420904658#3","name":"East 34th Street","tier":"arterial","w":4,"lanes":2,"vmax":11.2,"len":126.9}},{"type":"Feature","geometry":{"type":"LineString","coordinates":[[-73.984439,40.748376],[-73.984284,40.74831],[-73.984026,40.748201],[-73.983767,40.748092],[-73.983715,40.748067],[-73.983502,40.747967]]},"properties":{"id":"-420904659#1","name":"East 34th Street","tier":"arterial","w":4,"lanes":2,"vmax":11.2,"len":91.2}},{"type":"Feature","geometry":{"type":"LineString","coordinates":[[-73.989927,40.757166],[-73.98998,40.757093],[-73.9901,40.756928]]},"properties":{"id":"-420907902#1","name":"8th Avenue","tier":"distributor","w":3,"lanes":1,"vmax":27.8,"len":30.2}},{"type":"Feature","geometry":{"type":"LineString","coordinates":[[-73.986665,40.761647],[-73.98667,40.761639],[-73.986755,40.761526],[-73.986877,40.761361]]},"properties":{"id":"-420907903#1","name":"8th Avenue","tier":"distributor","w":3,"lanes":1,"vmax":11.2,"len":36.5}},{"type":"Feature","geometry":{"type":"LineString","coordinates":[[-73.986202,40.762246],[-73.986283,40.762137],[-73.986429,40.761941],[-73.986575,40.761745],[-73.986583,40.761733]]},"properties":{"id":"-420907906#1","name":"8th Avenue","tier":"distributor","w":3,"lanes":1,"vmax":11.2,"len":65.4}},{"type":"Feature","geometry":{"type":"LineString","coordinates":[[-73.99066,40.761014],[-73.990567,40.761144],[-73.990429,40.761332],[-73.990286,40.761528],[-73.990282,40.761533]]},"properties":{"id":"-420907907#1","name":"9th Avenue","tier":"arterial","w":4,"lanes":1,"vmax":27.8,"len":65.8}},{"type":"Feature","geometry":{"type":"LineString","coordinates":[[-73.991118,40.760385],[-73.991117,40.760387],[-73.991023,40.760516],[-73.99088,40.760713],[-73.990743,40.760901]]},"properties":{"id":"-420907908#2","name":"9th Avenue","tier":"arterial","w":4,"lanes":1,"vmax":27.8,"len":65.4}},{"type":"Feature","geometry":{"type":"LineString","coordinates":[[-73.975034,40.745803],[-73.974922,40.745956]]},"properties":{"id":"-421852618#1","name":"2nd Avenue","tier":"arterial","w":4,"lanes":1,"vmax":11.2,"len":19.4}},{"type":"Feature","geometry":{"type":"LineString","coordinates":[[-73.981876,40.767732],[-73.981967,40.767738],[-73.981996,40.767743],[-73.982008,40.767745]]},"properties":{"id":"-439801902","name":"Columbus Circle","tier":"arterial","w":4,"lanes":1,"vmax":11.2,"len":11.2}},{"type":"Feature","geometry":{"type":"LineString","coordinates":[[-73.983047,40.766626],[-73.983114,40.766536],[-73.983259,40.766339],[-73.983403,40.766143],[-73.983418,40.766123]]},"properties":{"id":"-439933933#1","name":"8th Avenue","tier":"distributor","w":3,"lanes":1,"vmax":27.8,"len":64.1}},{"type":"Feature","geometry":{"type":"LineString","coordinates":[[-73.984688,40.754169],[-73.984704,40.754147],[-73.984728,40.754114],[-73.984869,40.753916],[-73.985011,40.753719],[-73.985063,40.753647],[-73.98508,40.753623]]},"properties":{"id":"-440122868#1","name":"6th Avenue","tier":"distributor","w":3,"lanes":1,"vmax":27.8,"len":69.1}},{"type":"Feature","geometry":{"type":"LineString","coordinates":[[-73.98427,40.754781],[-73.984373,40.754639],[-73.984492,40.754473]]},"properties":{"id":"-448686048#1","name":"6th Avenue","tier":"distributor","w":3,"lanes":1,"vmax":27.8,"len":39.0}},{"type":"Feature","geometry":{"type":"LineString","coordinates":[[-73.982175,40.767816],[-73.982212,40.767843],[-73.982247,40.76788],[-73.982274,40.767917],[-73.982293,40.767952],[-73.982306,40.767991],[-73.982313,40.768032],[-73.982314,40.768063],[-73.982311,40.768097]]},"properties":{"id":"-460065822#1","name":"Columbus Circle","tier":"arterial","w":4,"lanes":1,"vmax":11.2,"len":34.5}},{"type":"Feature","geometry":{"type":"LineString","coordinates":[[-73.993238,40.762779],[-73.993243,40.762773],[-73.99333,40.762654],[-73.993473,40.762457],[-73.993606,40.762275]]},"properties":{"id":"-460585328#2","name":"10th Avenue","tier":"arterial","w":4,"lanes":1,"vmax":11.2,"len":64.0}},{"type":"Feature","geometry":{"type":"LineString","coordinates":[[-73.992783,40.763405],[-73.992792,40.763392],[-73.992873,40.763282],[-73.993016,40.763085],[-73.99316,40.762888],[-73.993174,40.762868]]},"properties":{"id":"-460585328#5","name":"10th Avenue","tier":"arterial","w":4,"lanes":1,"vmax":11.2,"len":68.2}},{"type":"Feature","geometry":{"type":"LineString","coordinates":[[-73.99272,40.763489],[-73.992722,40.763487]]},"properties":{"id":"-460585328#6","name":"10th Avenue","tier":"arterial","w":4,"lanes":1,"vmax":11.2,"len":0.2}},{"type":"Feature","geometry":{"type":"LineString","coordinates":[[-73.988334,40.749106],[-73.988345,40.749091],[-73.988428,40.74898],[-73.988575,40.748784],[-73.988722,40.748589],[-73.988734,40.748572]]},"properties":{"id":"-460606347#2","name":"6th Avenue","tier":"distributor","w":3,"lanes":1,"vmax":11.2,"len":68.3}},{"type":"Feature","geometry":{"type":"LineString","coordinates":[[-73.981442,40.758624],[-73.98145,40.758614],[-73.981575,40.758442],[-73.981718,40.758245],[-73.981818,40.758107],[-73.981832,40.758088]]},"properties":{"id":"-464516471#11","name":"6th Avenue","tier":"distributor","w":3,"lanes":1,"vmax":27.8,"len":68.0}},{"type":"Feature","geometry":{"type":"LineString","coordinates":[[-73.98099,40.759246],[-73.981075,40.759129],[-73.981219,40.758932],[-73.981363,40.758735],[-73.981372,40.758722]]},"properties":{"id":"-464516471#14","name":"6th Avenue","tier":"distributor","w":3,"lanes":1,"vmax":27.8,"len":66.5}},{"type":"Feature","geometry":{"type":"LineString","coordinates":[[-73.980525,40.759882],[-73.980532,40.759872],[-73.980624,40.759747],[-73.980768,40.75955],[-73.980805,40.759499],[-73.980917,40.759346]]},"properties":{"id":"-464516471#17","name":"6th Avenue","tier":"distributor","w":3,"lanes":1,"vmax":27.8,"len":68.0}},{"type":"Feature","geometry":{"type":"LineString","coordinates":[[-73.982819,40.756743],[-73.98282,40.756741],[-73.982903,40.756627],[-73.983045,40.75643],[-73.983188,40.756232],[-73.983198,40.756218]]},"properties":{"id":"-464516471#2","name":"6th Avenue","tier":"distributor","w":3,"lanes":1,"vmax":27.8,"len":66.4}},{"type":"Feature","geometry":{"type":"LineString","coordinates":[[-73.982362,40.757362],[-73.98237,40.757351],[-73.982442,40.757253],[-73.982588,40.757057],[-73.982733,40.756861],[-73.982736,40.756856]]},"properties":{"id":"-464516471#5","name":"6th Avenue","tier":"distributor","w":3,"lanes":1,"vmax":27.8,"len":64.4}},{"type":"Feature","geometry":{"type":"LineString","coordinates":[[-73.981896,40.758],[-73.981903,40.757991],[-73.981986,40.757876],[-73.98213,40.757679],[-73.982273,40.757482],[-73.982279,40.757475]]},"properties":{"id":"-464516471#8","name":"6th Avenue","tier":"distributor","w":3,"lanes":1,"vmax":27.8,"len":66.7}},{"type":"Feature","geometry":{"type":"LineString","coordinates":[[-73.990044,40.751695],[-73.99004,40.7517],[-73.989964,40.751807],[-73.989824,40.752006],[-73.989683,40.752204],[-73.989678,40.752212]]},"properties":{"id":"-464543615#2","name":"7th Avenue","tier":"distributor","w":3,"lanes":1,"vmax":11.2,"len":65.2}},{"type":"Feature","geometry":{"type":"LineString","coordinates":[[-73.999761,40.743637],[-73.999855,40.743511],[-73.999867,40.743494]]},"properties":{"id":"-465098285#1","name":"8th Avenue","tier":"distributor","w":3,"lanes":1,"vmax":11.2,"len":18.2}},{"type":"Feature","geometry":{"type":"LineString","coordinates":[[-73.998848,40.744889],[-73.998974,40.744711],[-73.998987,40.744694]]},"properties":{"id":"-465098290#1","name":"8th Avenue","tier":"distributor","w":3,"lanes":1,"vmax":11.2,"len":24.6}},{"type":"Feature","geometry":{"type":"LineString","coordinates":[[-73.984997,40.75862],[-73.984978,40.758647],[-73.984914,40.758733],[-73.98477,40.75893],[-73.984626,40.759126],[-73.984603,40.759158]]},"properties":{"id":"-483360105#2","name":"7th Avenue","tier":"distributor","w":3,"lanes":1,"vmax":11.2,"len":68.4}},{"type":"Feature","geometry":{"type":"LineString","coordinates":[[-73.991197,40.745229],[-73.991293,40.745096],[-73.991435,40.744899],[-73.991447,40.744883]]},"properties":{"id":"-489019752#1","name":"6th Avenue","tier":"distributor","w":3,"lanes":1,"vmax":11.2,"len":43.9}},{"type":"Feature","geometry":{"type":"LineString","coordinates":[[-73.987871,40.749739],[-73.987979,40.749591],[-73.988119,40.7494],[-73.988262,40.749203],[-73.988269,40.749194]]},"properties":{"id":"-496982024#1","name":"6th Avenue","tier":"distributor","w":3,"lanes":1,"vmax":11.2,"len":69.3}},{"type":"Feature","geometry":{"type":"LineString","coordinates":[[-73.987404,40.750417],[-73.98748,40.750311],[-73.987484,40.750305],[-73.987625,40.750107],[-73.987762,40.749915]]},"properties":{"id":"-496983396#1","name":"6th Avenue","tier":"distributor","w":3,"lanes":1,"vmax":11.2,"len":63.3}},{"type":"Feature","geometry":{"type":"LineString","coordinates":[[-73.979958,40.765455],[-73.979917,40.765438],[-73.979701,40.765347],[-73.979442,40.765238],[-73.979183,40.765129],[-73.978924,40.76502],[-73.978681,40.764917],[-73.978422,40.764808],[-73.978163,40.764699],[-73.977904,40.76459],[-73.977645,40.76448],[-73.977613,40.764467],[-73.977357,40.764359]]},"properties":{"id":"-496986969#3","name":"West 57th Street","tier":"arterial","w":4,"lanes":2,"vmax":27.8,"len":251.0}},{"type":"Feature","geometry":{"type":"LineString","coordinates":[[-73.979926,40.765582],[-73.979911,40.765603],[-73.979864,40.765668],[-73.97979,40.765769],[-73.979647,40.765966],[-73.979539,40.766114],[-73.979533,40.766123]]},"properties":{"id":"-496986970#2","name":"7th Avenue","tier":"distributor","w":3,"lanes":1,"vmax":11.2,"len":68.6}},{"type":"Feature","geometry":{"type":"LineString","coordinates":[[-73.980441,40.764876],[-73.980435,40.764884],[-73.980399,40.764932],[-73.980389,40.764946],[-73.980246,40.765143],[-73.980193,40.765215],[-73.98005,40.765412],[-73.980045,40.765418]]},"properties":{"id":"-496989355#2","name":"7th Avenue","tier":"distributor","w":3,"lanes":1,"vmax":11.2,"len":68.8}},{"type":"Feature","geometry":{"type":"LineString","coordinates":[[-73.980875,40.764279],[-73.9808,40.764382],[-73.980657,40.764579],[-73.980525,40.76476]]},"properties":{"id":"-496989355#5","name":"7th Avenue","tier":"distributor","w":3,"lanes":1,"vmax":11.2,"len":61.0}},{"type":"Feature","geometry":{"type":"LineString","coordinates":[[-73.981329,40.763649],[-73.981303,40.763686],[-73.98118,40.763855],[-73.981108,40.763954],[-73.980976,40.764136]]},"properties":{"id":"-496989355#8","name":"7th Avenue","tier":"distributor","w":3,"lanes":1,"vmax":11.2,"len":61.7}},{"type":"Feature","geometry":{"type":"LineString","coordinates":[[-73.969223,40.761001],[-73.969224,40.761002],[-73.969234,40.761006],[-73.969493,40.761115],[-73.969615,40.761166],[-73.969874,40.761275],[-73.969959,40.761311],[-73.970218,40.76142],[-73.970477,40.761529],[-73.970534,40.761553],[-73.970561,40.761564]]},"properties":{"id":"-497165757#3","name":"East 57th Street","tier":"arterial","w":4,"lanes":2,"vmax":27.8,"len":129.1}},{"type":"Feature","geometry":{"type":"LineString","coordinates":[[-73.976854,40.764971],[-73.976933,40.764861],[-73.977076,40.764664],[-73.977218,40.764466],[-73.977233,40.764447]]},"properties":{"id":"-497258108#1","name":"6th Avenue","tier":"distributor","w":3,"lanes":1,"vmax":27.8,"len":66.4}},{"type":"Feature","geometry":{"type":"LineString","coordinates":[[-73.976615,40.765301],[-73.976748,40.765118]]},"properties":{"id":"-497258108#2","name":"6th Avenue","tier":"distributor","w":3,"lanes":1,"vmax":27.8,"len":23.2}},{"type":"Feature","geometry":{"type":"LineString","coordinates":[[-73.974081,40.76305],[-73.974083,40.763051],[-73.974334,40.763156],[-73.974593,40.763265],[-73.974853,40.763373],[-73.975112,40.763482],[-73.975371,40.763591],[-73.975631,40.7637],[-73.975856,40.763794],[-73.976116,40.763903],[-73.97613,40.763909],[-73.976265,40.763966],[-73.976524,40.764075],[-73.976783,40.764184],[-73.977035,40.764289]]},"properties":{"id":"-497258109#4","name":"West 57th Street","tier":"arterial","w":4,"lanes":2,"vmax":27.8,"len":284.8}},{"type":"Feature","geometry":{"type":"LineString","coordinates":[[-73.975168,40.744437],[-73.975117,40.744415],[-73.975086,40.744402],[-73.974827,40.744293],[-73.974568,40.744184],[-73.97435,40.744093]]},"properties":{"id":"-50603617#1","name":"East 34th Street","tier":"arterial","w":4,"lanes":2,"vmax":11.2,"len":78.9}},{"type":"Feature","geometry":{"type":"LineString","coordinates":[[-73.983611,40.754596],[-73.983465,40.754535],[-73.983206,40.754426],[-73.982947,40.754316],[-73.982688,40.754207],[-73.982429,40.754098],[-73.982334,40.754057],[-73.982075,40.753947],[-73.981817,40.753838],[-73.981558,40.753728],[-73.981299,40.753619],[-73.98104,40.753509],[-73.981028,40.753504]]},"properties":{"id":"-511699183#2","name":"West 42nd Street","tier":"arterial","w":4,"lanes":2,"vmax":11.2,"len":249.5}},{"type":"Feature","geometry":{"type":"LineString","coordinates":[[-73.989697,40.757161],[-73.989676,40.757152],[-73.989488,40.757073],[-73.989229,40.756963],[-73.98897,40.756854],[-73.988711,40.756745],[-73.988538,40.756673],[-73.988437,40.75663],[-73.988346,40.756592],[-73.98828,40.756564],[-73.988021,40.756455],[-73.987762,40.756346],[-73.987503,40.756236],[-73.987488,40.75623],[-73.987229,40.756121],[-73.987088,40.756062],[-73.98708,40.756058]]},"properties":{"id":"-525729008#5","name":"West 42nd Street","tier":"arterial","w":4,"lanes":2,"vmax":11.2,"len":252.5}},{"type":"Feature","geometry":{"type":"LineString","coordinates":[[-73.99292,40.757908],[-73.992913,40.757918],[-73.992769,40.758115],[-73.992632,40.758303]]},"properties":{"id":"-525729009#2","name":"9th Avenue","tier":"arterial","w":4,"lanes":1,"vmax":27.8,"len":50.2}},{"type":"Feature","geometry":{"type":"LineString","coordinates":[[-73.977801,40.763621],[-73.97788,40.763514],[-73.978024,40.763318],[-73.978155,40.763141]]},"properties":{"id":"-541350711#2","name":"6th Avenue","tier":"distributor","w":3,"lanes":1,"vmax":27.8,"len":61.1}},{"type":"Feature","geometry":{"type":"LineString","coordinates":[[-73.977322,40.76427],[-73.977331,40.764259],[-73.977419,40.76414],[-73.977564,40.763943],[-73.977708,40.763747],[-73.977718,40.763734]]},"properties":{"id":"-541350711#5","name":"6th Avenue","tier":"distributor","w":3,"lanes":1,"vmax":27.8,"len":68.3}},{"type":"Feature","geometry":{"type":"LineString","coordinates":[[-73.979651,40.746336],[-73.979641,40.746332],[-73.979586,40.746313],[-73.979509,40.746287],[-73.979476,40.746276],[-73.97945,40.746267],[-73.979416,40.746254],[-73.979316,40.746212],[-73.979057,40.746104],[-73.979051,40.746101],[-73.978792,40.745992],[-73.978533,40.745883],[-73.978341,40.745803],[-73.97827,40.745773]]},"properties":{"id":"-542096278#2","name":"East 34th Street","tier":"arterial","w":4,"lanes":2,"vmax":11.2,"len":132.4}},{"type":"Feature","geometry":{"type":"LineString","coordinates":[[-73.997683,40.754008],[-73.997728,40.754027],[-73.997832,40.75407],[-73.998091,40.754178],[-73.998124,40.754192],[-73.998384,40.7543],[-73.998419,40.754315]]},"properties":{"id":"-542096280#1","name":"West 34th Street","tier":"arterial","w":4,"lanes":2,"vmax":11.2,"len":70.9}},{"type":"Feature","geometry":{"type":"LineString","coordinates":[[-73.990374,40.756551],[-73.990386,40.756535],[-73.990455,40.75644],[-73.990599,40.756243],[-73.990742,40.756047]]},"properties":{"id":"-542257430#2","name":"8th Avenue","tier":"distributor","w":3,"lanes":1,"vmax":27.8,"len":63.9}},{"type":"Feature","geometry":{"type":"LineString","coordinates":[[-73.992016,40.758155],[-73.991846,40.758083],[-73.991586,40.757974],[-73.991327,40.757864],[-73.991293,40.75785],[-73.991191,40.757806],[-73.990933,40.757696],[-73.990675,40.757585],[-73.990665,40.757581]]},"properties":{"id":"-542259076#1","name":"West 42nd Street","tier":"arterial","w":4,"lanes":1,"vmax":11.2,"len":130.6}},{"type":"Feature","geometry":{"type":"LineString","coordinates":[[-73.976401,40.745041],[-73.976539,40.7451],[-73.976798,40.745208],[-73.977057,40.745317],[-73.977225,40.745388]]},"properties":{"id":"-554083352","name":"East 34th Street","tier":"arterial","w":4,"lanes":2,"vmax":11.2,"len":79.5}},{"type":"Feature","geometry":{"type":"LineString","coordinates":[[-73.977762,40.746362],[-73.977787,40.746328],[-73.977843,40.746252],[-73.977986,40.746055],[-73.978129,40.745858],[-73.978132,40.745853]]},"properties":{"id":"-554083353#3","name":"3rd Avenue","tier":"arterial","w":4,"lanes":1,"vmax":11.2,"len":64.7}},{"type":"Feature","geometry":{"type":"LineString","coordinates":[[-73.974258,40.74407],[-73.974184,40.744039],[-73.973926,40.74393],[-73.973667,40.74382],[-73.973656,40.743816]]},"properties":{"id":"-556075523#1","name":"East 34th Street","tier":"arterial","w":4,"lanes":3,"vmax":11.2,"len":58.2}},{"type":"Feature","geometry":{"type":"LineString","coordinates":[[-73.973714,40.76466],[-73.973729,40.764669],[-73.973794,40.764703],[-73.974021,40.764798],[-73.974281,40.764907],[-73.97454,40.765016],[-73.974799,40.765125],[-73.975059,40.765234],[-73.975318,40.765343],[-73.975577,40.765451],[-73.975837,40.76556],[-73.976051,40.76565]]},"properties":{"id":"-5670253#2","name":"Central Park South","tier":"distributor","w":3,"lanes":2,"vmax":11.2,"len":225.9}},{"type":"Feature","geometry":{"type":"LineString","coordinates":[[-73.987649,40.749726],[-73.987434,40.749634],[-73.987297,40.749576],[-73.987038,40.749467],[-73.986779,40.749358],[-73.98652,40.749249],[-73.986261,40.74914],[-73.986002,40.749031],[-73.985743,40.748921],[-73.985484,40.748812],[-73.985225,40.748703],[-73.985007,40.748611]]},"properties":{"id":"-5670600#1","name":"West 34th Street","tier":"arterial","w":4,"lanes":2,"vmax":11.2,"len":255.1}},{"type":"Feature","geometry":{"type":"LineString","coordinates":[[-73.995911,40.743645],[-73.995807,40.743786],[-73.995663,40.743983],[-73.99566,40.743987],[-73.995648,40.744003]]},"properties":{"id":"-5670836#1","name":"7th Avenue","tier":"distributor","w":3,"lanes":1,"vmax":11.2,"len":45.5}},{"type":"Feature","geometry":{"type":"LineString","coordinates":[[-73.988407,40.764136],[-73.988395,40.764153],[-73.98831,40.76427],[-73.988167,40.764467],[-73.988023,40.764664],[-73.988006,40.764687]]},"properties":{"id":"-5671276#2","name":"9th Avenue","tier":"arterial","w":4,"lanes":1,"vmax":27.8,"len":69.9}},{"type":"Feature","geometry":{"type":"LineString","coordinates":[[-73.98342,40.747931],[-73.983315,40.747887],[-73.983088,40.747793]]},"properties":{"id":"-5671315#1","name":"East 34th Street","tier":"arterial","w":4,"lanes":3,"vmax":11.2,"len":31.9}},{"type":"Feature","geometry":{"type":"LineString","coordinates":[[-73.972022,40.745623],[-73.972008,40.745617],[-73.971823,40.745541],[-73.971562,40.745433],[-73.971559,40.745432],[-73.971299,40.745324],[-73.971246,40.745302],[-73.970996,40.745199]]},"properties":{"id":"-5671719#1","name":"East 37th Street","tier":"distributor","w":3,"lanes":1,"vmax":11.2,"len":98.5}},{"type":"Feature","geometry":{"type":"LineString","coordinates":[[-73.981803,40.766234],[-73.981746,40.766212],[-73.981672,40.766181],[-73.981413,40.766072],[-73.981154,40.765962],[-73.980895,40.765853],[-73.980756,40.765794],[-73.980497,40.765684],[-73.980333,40.765614],[-73.980166,40.765544],[-73.980151,40.765537]]},"properties":{"id":"-5672752#2","name":"West 57th Street","tier":"arterial","w":4,"lanes":2,"vmax":27.8,"len":159.4}},{"type":"Feature","geometry":{"type":"LineString","coordinates":[[-73.973862,40.760465],[-73.973939,40.760498],[-73.974199,40.760606],[-73.974459,40.760714],[-73.974718,40.760822],[-73.974978,40.76093],[-73.975238,40.761039],[-73.975262,40.761049]]},"properties":{"id":"-5672954#2","name":"East 54th Street","tier":"distributor","w":3,"lanes":1,"vmax":27.8,"len":134.8}},{"type":"Feature","geometry":{"type":"LineString","coordinates":[[-73.979198,40.75274],[-73.979026,40.752668],[-73.978976,40.752647],[-73.978925,40.752623],[-73.978863,40.752594],[-73.978732,40.752531],[-73.978677,40.752504],[-73.978618,40.752476],[-73.978539,40.752443],[-73.9784,40.752385],[-73.978262,40.752329],[-73.978092,40.752257],[-73.977833,40.752149],[-73.977691,40.75209],[-73.977554,40.752033],[-73.9775,40.752011],[-73.977386,40.751964],[-73.97737,40.751957],[-73.97711,40.751849],[-73.97685,40.751741],[-73.976632,40.75165]]},"properties":{"id":"-5672991#4","name":"East 42nd Street","tier":"arterial","w":4,"lanes":2,"vmax":11.2,"len":248.2}},{"type":"Feature","geometry":{"type":"LineString","coordinates":[[-73.978259,40.762999],[-73.978334,40.762896],[-73.97834,40.762887],[-73.978483,40.76269],[-73.97862,40.762502]]},"properties":{"id":"-569345537#11","name":"6th Avenue","tier":"distributor","w":3,"lanes":1,"vmax":27.8,"len":63.0}},{"type":"Feature","geometry":{"type":"LineString","coordinates":[[-73.979611,40.76114],[-73.979628,40.761117],[-73.979659,40.761075],[-73.979802,40.760878],[-73.979946,40.76068],[-73.979991,40.760618],[-73.979994,40.760614]]},"properties":{"id":"-569345537#2","name":"6th Avenue","tier":"distributor","w":3,"lanes":1,"vmax":27.8,"len":66.7}},{"type":"Feature","geometry":{"type":"LineString","coordinates":[[-73.979171,40.761745],[-73.979232,40.761661],[-73.979376,40.761464],[-73.979397,40.761435],[-73.97954,40.761238],[-73.979553,40.761221]]},"properties":{"id":"-569345537#5","name":"6th Avenue","tier":"distributor","w":3,"lanes":1,"vmax":27.8,"len":66.5}},{"type":"Feature","geometry":{"type":"LineString","coordinates":[[-73.978729,40.762353],[-73.978794,40.762264],[-73.978937,40.762067],[-73.97908,40.76187],[-73.979088,40.761858]]},"properties":{"id":"-569345537#8","name":"6th Avenue","tier":"distributor","w":3,"lanes":1,"vmax":27.8,"len":62.7}},{"type":"Feature","geometry":{"type":"LineString","coordinates":[[-73.983608,40.760512],[-73.983562,40.760575],[-73.983418,40.760772],[-73.983385,40.760818],[-73.983243,40.761015],[-73.983241,40.761018]]},"properties":{"id":"-569345540#2","name":"7th Avenue","tier":"distributor","w":3,"lanes":1,"vmax":11.2,"len":64.1}},{"type":"Feature","geometry":{"type":"LineString","coordinates":[[-73.984073,40.759888],[-73.983992,40.759995],[-73.983845,40.760191],[-73.983708,40.760373]]},"properties":{"id":"-569345540#5","name":"7th Avenue","tier":"distributor","w":3,"lanes":1,"vmax":11.2,"len":62.1}},{"type":"Feature","geometry":{"type":"LineString","coordinates":[[-73.985419,40.757973],[-73.985399,40.758001],[-73.985303,40.758135],[-73.985161,40.758332],[-73.985048,40.758489],[-73.985028,40.758518]]},"properties":{"id":"-569345542#1","name":"7th Avenue","tier":"distributor","w":3,"lanes":1,"vmax":11.2,"len":69.0}},{"type":"Feature","geometry":{"type":"LineString","coordinates":[[-73.986822,40.756091],[-73.986814,40.756103],[-73.986727,40.756222],[-73.986584,40.756419],[-73.986443,40.756613]]},"properties":{"id":"-569345544#2","name":"7th Avenue","tier":"distributor","w":3,"lanes":1,"vmax":11.2,"len":66.2}},{"type":"Feature","geometry":{"type":"LineString","coordinates":[[-73.987772,40.754797],[-73.987767,40.754805],[-73.987648,40.754971]]},"properties":{"id":"-569345545#1","name":"7th Avenue","tier":"distributor","w":3,"lanes":1,"vmax":11.2,"len":22.0}},{"type":"Feature","geometry":{"type":"LineString","coordinates":[[-73.989152,40.752931],[-73.989145,40.75294],[-73.989077,40.753032],[-73.988933,40.753229],[-73.988927,40.753238],[-73.988782,40.753435],[-73.988782,40.753436]]},"properties":{"id":"-569345547#1","name":"7th Avenue","tier":"distributor","w":3,"lanes":1,"vmax":11.2,"len":64.2}},{"type":"Feature","geometry":{"type":"LineString","coordinates":[[-73.980845,40.746836],[-73.9807,40.746775],[-73.980441,40.746666],[-73.980182,40.746557],[-73.979923,40.746448],[-73.979871,40.746426]]},"properties":{"id":"-571651963#2","name":"East 34th Street","tier":"arterial","w":4,"lanes":2,"vmax":11.2,"len":94.0}},{"type":"Feature","geometry":{"type":"LineString","coordinates":[[-73.987213,40.766047],[-73.987256,40.766065],[-73.987505,40.766169],[-73.987764,40.766277],[-73.988024,40.766386],[-73.988283,40.766495],[-73.988543,40.766603],[-73.988802,40.766712],[-73.989062,40.766821],[-73.989321,40.766929],[-73.989581,40.767038],[-73.98984,40.767147],[-73.989857,40.767154]]},"properties":{"id":"-584971503#2","name":"West 54th Street","tier":"distributor","w":3,"lanes":1,"vmax":27.8,"len":254.8}},{"type":"Feature","geometry":{"type":"LineString","coordinates":[[-73.97803,40.74564],[-73.978018,40.745634],[-73.97795,40.745606],[-73.977927,40.745596],[-73.977708,40.745507]]},"properties":{"id":"-587038129#2","name":"East 34th Street","tier":"arterial","w":4,"lanes":1,"vmax":11.2,"len":31.0}},{"type":"Feature","geometry":{"type":"LineString","coordinates":[[-73.978273,40.74569],[-73.978278,40.745683],[-73.97831,40.745641],[-73.978354,40.74558],[-73.978497,40.745382],[-73.978518,40.745354],[-73.97866,40.745157],[-73.97867,40.745143]]},"properties":{"id":"-587061869#2","name":"3rd Avenue","tier":"arterial","w":4,"lanes":1,"vmax":11.2,"len":69.3}},{"type":"Feature","geometry":{"type":"LineString","coordinates":[[-73.98316,40.761132],[-73.983159,40.761133],[-73.983083,40.761239],[-73.982943,40.761437],[-73.982802,40.761635],[-73.982792,40.761649]]},"properties":{"id":"-588157337#2","name":"7th Avenue","tier":"distributor","w":3,"lanes":1,"vmax":11.2,"len":65.3}},{"type":"Feature","geometry":{"type":"LineString","coordinates":[[-73.998502,40.75435],[-73.998735,40.754449],[-73.998973,40.75455]]},"properties":{"id":"-589494596#1","name":"West 34th Street","tier":"arterial","w":4,"lanes":3,"vmax":11.2,"len":45.6}},{"type":"Feature","geometry":{"type":"LineString","coordinates":[[-73.993761,40.751871],[-73.993818,40.751793],[-73.993961,40.751596],[-73.993975,40.751577]]},"properties":{"id":"-600848485#1","name":"8th Avenue","tier":"distributor","w":3,"lanes":1,"vmax":11.2,"len":37.3}},{"type":"Feature","geometry":{"type":"LineString","coordinates":[[-73.990604,40.766387],[-73.990729,40.766212],[-73.990871,40.766014],[-73.990879,40.766002]]},"properties":{"id":"-601733867#1","name":"10th Avenue","tier":"arterial","w":4,"lanes":1,"vmax":11.2,"len":48.6}},{"type":"Feature","geometry":{"type":"LineString","coordinates":[[-73.997185,40.747198],[-73.997207,40.747169],[-73.997284,40.747063],[-73.997428,40.746866],[-73.997571,40.746669],[-73.997584,40.746652]]},"properties":{"id":"-630828583#2","name":"8th Avenue","tier":"distributor","w":3,"lanes":1,"vmax":11.2,"len":69.4}},{"type":"Feature","geometry":{"type":"LineString","coordinates":[[-73.992416,40.743552],[-73.992425,40.74354],[-73.99251,40.743423],[-73.992654,40.743226],[-73.992798,40.743029],[-73.992817,40.743003]]},"properties":{"id":"-630828586#0","name":"6th Avenue","tier":"distributor","w":3,"lanes":1,"vmax":11.2,"len":69.7}},{"type":"Feature","geometry":{"type":"LineString","coordinates":[[-73.992053,40.744054],[-73.99219,40.743867],[-73.992333,40.743669],[-73.992353,40.743641]]},"properties":{"id":"-630828586#1","name":"6th Avenue","tier":"distributor","w":3,"lanes":1,"vmax":11.2,"len":52.5}},{"type":"Feature","geometry":{"type":"LineString","coordinates":[[-73.97052,40.748151],[-73.970608,40.747991]]},"properties":{"id":"-654561413","name":"1st Avenue","tier":"arterial","w":4,"lanes":1,"vmax":27.8,"len":19.3}},{"type":"Feature","geometry":{"type":"LineString","coordinates":[[-73.983016,40.766669],[-73.983022,40.76666],[-73.983046,40.766628]]},"properties":{"id":"-663543997#1","name":"8th Avenue","tier":"distributor","w":3,"lanes":1,"vmax":27.8,"len":5.2}},{"type":"Feature","geometry":{"type":"LineString","coordinates":[[-73.985908,40.757362],[-73.985887,40.75739],[-73.985822,40.757474],[-73.985673,40.757668],[-73.985523,40.757863],[-73.985501,40.757892]]},"properties":{"id":"-682360554#2","name":"7th Avenue","tier":"distributor","w":3,"lanes":1,"vmax":11.2,"len":68.2}},{"type":"Feature","geometry":{"type":"LineString","coordinates":[[-73.99561,40.759718],[-73.995631,40.759727],[-73.99589,40.759837],[-73.996148,40.759948],[-73.996406,40.760058],[-73.996665,40.760168],[-73.996923,40.760278],[-73.997181,40.760388],[-73.997308,40.760442],[-73.997321,40.760448],[-73.997372,40.76047],[-73.997631,40.76058],[-73.997889,40.76069],[-73.998131,40.760792]]},"properties":{"id":"-68325079#1","name":"West 42nd Street","tier":"arterial","w":4,"lanes":2,"vmax":27.8,"len":244.0}},{"type":"Feature","geometry":{"type":"LineString","coordinates":[[-73.973407,40.743694],[-73.973396,40.743689],[-73.973171,40.743594],[-73.973086,40.743558],[-73.972869,40.743466]]},"properties":{"id":"-68668529#1","name":"East 34th Street","tier":"arterial","w":4,"lanes":2,"vmax":11.2,"len":52.0}},{"type":"Feature","geometry":{"type":"LineString","coordinates":[[-73.999345,40.759625],[-73.999372,40.759638],[-73.999562,40.759718],[-73.999666,40.759762],[-73.999925,40.759871],[-74.000184,40.759979],[-74.000444,40.760088],[-74.000703,40.760197],[-74.000962,40.760306],[-74.001222,40.760415],[-74.001481,40.760523],[-74.00174,40.760632],[-74.001933,40.760713],[-74.002055,40.760763]]},"properties":{"id":"-696491643#1","name":"West 40th Street","tier":"arterial","w":4,"lanes":1,"vmax":11.2,"len":261.3}},{"type":"Feature","geometry":{"type":"LineString","coordinates":[[-73.976426,40.748217],[-73.976442,40.748194],[-73.976543,40.748057],[-73.976639,40.747926],[-73.976769,40.747748]]},"properties":{"id":"-729972918#2","name":"3rd Avenue","tier":"arterial","w":4,"lanes":1,"vmax":11.2,"len":59.6}},{"type":"Feature","geometry":{"type":"LineString","coordinates":[[-73.975959,40.748857],[-73.975968,40.748844],[-73.97599,40.748815],[-73.976035,40.748753],[-73.976179,40.748556],[-73.976323,40.748359],[-73.976337,40.748341],[-73.976338,40.748339]]},"properties":{"id":"-729972918#6","name":"3rd Avenue","tier":"arterial","w":4,"lanes":1,"vmax":11.2,"len":65.8}},{"type":"Feature","geometry":{"type":"LineString","coordinates":[[-73.969996,40.748928],[-73.970035,40.748945],[-73.970258,40.74904],[-73.970517,40.749149],[-73.970762,40.749253],[-73.97102,40.749362],[-73.971279,40.749471],[-73.971538,40.749581],[-73.971756,40.749673]]},"properties":{"id":"-747908051#1","name":"East 42nd Street","tier":"arterial","w":4,"lanes":2,"vmax":11.2,"len":170.0}},{"type":"Feature","geometry":{"type":"LineString","coordinates":[[-73.971838,40.749708],[-73.97199,40.749773],[-73.972044,40.749796],[-73.972055,40.749802]]},"properties":{"id":"-747908052#2","name":"East 42nd Street","tier":"arterial","w":4,"lanes":3,"vmax":11.2,"len":21.1}},{"type":"Feature","geometry":{"type":"LineString","coordinates":[[-73.994944,40.750277],[-73.994953,40.750266],[-73.995017,40.750178],[-73.99516,40.749981],[-73.995179,40.749955],[-73.995322,40.749758],[-73.995327,40.749751]]},"properties":{"id":"-767683112#1","name":"8th Avenue","tier":"distributor","w":3,"lanes":1,"vmax":11.2,"len":66.7}},{"type":"Feature","geometry":{"type":"LineString","coordinates":[[-73.994488,40.750871],[-73.994531,40.750813],[-73.994553,40.750782],[-73.994697,40.750586],[-73.994841,40.750389],[-73.994862,40.75036]]},"properties":{"id":"-767683114#2","name":"8th Avenue","tier":"distributor","w":3,"lanes":1,"vmax":11.2,"len":65.0}},{"type":"Feature","geometry":{"type":"LineString","coordinates":[[-73.999777,40.75392],[-73.999782,40.753913],[-73.999796,40.753895],[-73.99994,40.753698],[-73.999989,40.753631],[-74.000133,40.753434],[-74.000276,40.753237],[-74.000419,40.75304],[-74.000563,40.752842]]},"properties":{"id":"-767990686#1","name":"10th Avenue","tier":"arterial","w":4,"lanes":1,"vmax":11.2,"len":136.7}},{"type":"Feature","geometry":{"type":"LineString","coordinates":[[-73.98148,40.767927],[-73.981494,40.767902],[-73.981517,40.767873],[-73.981541,40.767848],[-73.981574,40.767818],[-73.981608,40.767795],[-73.981645,40.767774],[-73.981693,40.767753],[-73.98173,40.767741]]},"properties":{"id":"-768381525#1","name":"Columbus Circle","tier":"arterial","w":4,"lanes":1,"vmax":11.2,"len":30.4}},{"type":"Feature","geometry":{"type":"LineString","coordinates":[[-73.98914,40.768409],[-73.989224,40.768291],[-73.989366,40.768094],[-73.989492,40.767919]]},"properties":{"id":"-808190584#2","name":"10th Avenue","tier":"arterial","w":4,"lanes":1,"vmax":11.2,"len":62.0}},{"type":"Feature","geometry":{"type":"LineString","coordinates":[[-73.988906,40.768732],[-73.988914,40.76872],[-73.989057,40.768523]]},"properties":{"id":"-808190584#4","name":"10th Avenue","tier":"arterial","w":4,"lanes":1,"vmax":11.2,"len":26.4}},{"type":"Feature","geometry":{"type":"LineString","coordinates":[[-73.990937,40.765922],[-73.990955,40.7659],[-73.991041,40.765783],[-73.991187,40.765588],[-73.991334,40.765392],[-73.991347,40.765374]]},"properties":{"id":"-808190587#2","name":"10th Avenue","tier":"arterial","w":4,"lanes":1,"vmax":11.2,"len":70.0}},{"type":"Feature","geometry":{"type":"LineString","coordinates":[[-73.990048,40.767155],[-73.990049,40.767153],[-73.990134,40.767037],[-73.990277,40.76684],[-73.990421,40.766643],[-73.990422,40.766641]]},"properties":{"id":"-808190588#2","name":"10th Avenue","tier":"arterial","w":4,"lanes":1,"vmax":11.2,"len":65.2}},{"type":"Feature","geometry":{"type":"LineString","coordinates":[[-73.983603,40.762138],[-73.983601,40.762142],[-73.983528,40.762254],[-73.983397,40.762456],[-73.983265,40.762659],[-73.983256,40.762675]]},"properties":{"id":"-812949648#2","name":"Broadway","tier":"local","w":2,"lanes":1,"vmax":22.2,"len":66.4}},{"type":"Feature","geometry":{"type":"LineString","coordinates":[[-73.996485,40.742852],[-73.996452,40.742897],[-73.99641,40.742955],[-73.996267,40.743151],[-73.996122,40.743349],[-73.996109,40.743369]]},"properties":{"id":"-813970416#3","name":"7th Avenue","tier":"distributor","w":3,"lanes":1,"vmax":11.2,"len":65.6}},{"type":"Feature","geometry":{"type":"LineString","coordinates":[[-73.99682,40.742391],[-73.996711,40.742541],[-73.996568,40.742738],[-73.996555,40.742756]]},"properties":{"id":"-813970416#5","name":"7th Avenue","tier":"distributor","w":3,"lanes":1,"vmax":11.2,"len":46.3}},{"type":"Feature","geometry":{"type":"LineString","coordinates":[[-73.990217,40.761622],[-73.990202,40.761643],[-73.990116,40.761761],[-73.989973,40.761958],[-73.989829,40.762155],[-73.989825,40.762161]]},"properties":{"id":"-814278019#2","name":"9th Avenue","tier":"arterial","w":4,"lanes":1,"vmax":27.8,"len":68.4}},{"type":"Feature","geometry":{"type":"LineString","coordinates":[[-73.988589,40.76908],[-73.988463,40.769027],[-73.988317,40.768965],[-73.988058,40.768856],[-73.987954,40.768812],[-73.987695,40.768702],[-73.987436,40.768593],[-73.987177,40.768483],[-73.986918,40.768374],[-73.98666,40.768264],[-73.986401,40.768155],[-73.986142,40.768046],[-73.985883,40.767936],[-73.985858,40.767926]]},"properties":{"id":"-835176553#2","name":"West 57th Street","tier":"arterial","w":4,"lanes":3,"vmax":11.2,"len":263.7}},{"type":"Feature","geometry":{"type":"LineString","coordinates":[[-73.978308,40.751318],[-73.978432,40.75115],[-73.978577,40.750954]]},"properties":{"id":"-872052106","name":"Park Avenue","tier":"arterial","w":4,"lanes":1,"vmax":11.2,"len":46.4}},{"type":"Feature","geometry":{"type":"LineString","coordinates":[[-73.995642,40.759591],[-73.995654,40.759574],[-73.995796,40.759379],[-73.995916,40.759213]]},"properties":{"id":"-945460473#1","name":"10th Avenue","tier":"arterial","w":4,"lanes":1,"vmax":11.2,"len":47.9}},{"type":"Feature","geometry":{"type":"LineString","coordinates":[[-73.996111,40.758947],[-73.996136,40.758913],[-73.996279,40.758715],[-73.996346,40.758623]]},"properties":{"id":"-954520389#1","name":"10th Avenue","tier":"arterial","w":4,"lanes":1,"vmax":11.2,"len":41.2}},{"type":"Feature","geometry":{"type":"LineString","coordinates":[[-73.97236,40.745478],[-73.972446,40.745362],[-73.97258,40.745179]]},"properties":{"id":"-954929768#1","name":"1st Avenue","tier":"arterial","w":4,"lanes":1,"vmax":11.2,"len":38.1}},{"type":"Feature","geometry":{"type":"LineString","coordinates":[[-73.9727,40.745015],[-73.972815,40.74486],[-73.972896,40.744748],[-73.973038,40.744551],[-73.97306,40.744521]]},"properties":{"id":"-954929769#1","name":"1st Avenue","tier":"arterial","w":4,"lanes":1,"vmax":11.2,"len":62.7}},{"type":"Feature","geometry":{"type":"LineString","coordinates":[[-73.971788,40.746268],[-73.971886,40.746131]]},"properties":{"id":"-955205137#1","name":"1st Avenue","tier":"arterial","w":4,"lanes":1,"vmax":11.2,"len":17.3}},{"type":"Feature","geometry":{"type":"LineString","coordinates":[[-73.990617,40.746021],[-73.990627,40.746007],[-73.990723,40.745874],[-73.990845,40.745708],[-73.990989,40.745511],[-73.990993,40.745505]]},"properties":{"id":"-968394452#2","name":"6th Avenue","tier":"distributor","w":3,"lanes":1,"vmax":11.2,"len":65.5}},{"type":"Feature","geometry":{"type":"LineString","coordinates":[[-73.990326,40.746432],[-73.990447,40.746255],[-73.99054,40.746127],[-73.990552,40.74611]]},"properties":{"id":"-968394452#4","name":"6th Avenue","tier":"distributor","w":3,"lanes":1,"vmax":11.2,"len":40.5}},{"type":"Feature","geometry":{"type":"LineString","coordinates":[[-73.989715,40.747261],[-73.989727,40.747246],[-73.989803,40.747142],[-73.989948,40.746946],[-73.990093,40.746749],[-73.990101,40.746738]]},"properties":{"id":"-968394455#2","name":"6th Avenue","tier":"distributor","w":3,"lanes":1,"vmax":11.2,"len":66.6}},{"type":"Feature","geometry":{"type":"LineString","coordinates":[[-73.989394,40.747692],[-73.989492,40.747562],[-73.989638,40.747366],[-73.989651,40.747348]]},"properties":{"id":"-968394455#4","name":"6th Avenue","tier":"distributor","w":3,"lanes":1,"vmax":11.2,"len":44.0}},{"type":"Feature","geometry":{"type":"LineString","coordinates":[[-73.991583,40.759747],[-73.991574,40.759758],[-73.991502,40.759853],[-73.991483,40.759879],[-73.991341,40.760077],[-73.991201,40.760272]]},"properties":{"id":"-968513228#1","name":"9th Avenue","tier":"arterial","w":4,"lanes":1,"vmax":27.8,"len":66.6}},{"type":"Feature","geometry":{"type":"LineString","coordinates":[[-73.992029,40.759136],[-73.992027,40.759137],[-73.991945,40.759251],[-73.991801,40.759448],[-73.991658,40.759645],[-73.991652,40.759652]]},"properties":{"id":"-968513229#2","name":"9th Avenue","tier":"arterial","w":4,"lanes":1,"vmax":27.8,"len":65.5}},{"type":"Feature","geometry":{"type":"LineString","coordinates":[[-73.98879,40.748497],[-73.988799,40.748485],[-73.988921,40.748326],[-73.989071,40.748131],[-73.989182,40.747979],[-73.989191,40.747968]]},"properties":{"id":"-978161521#1","name":"6th Avenue","tier":"distributor","w":3,"lanes":1,"vmax":11.2,"len":67.8}},{"type":"Feature","geometry":{"type":"LineString","coordinates":[[-73.994627,40.745407],[-73.994612,40.745428],[-73.994539,40.745529],[-73.994397,40.745727],[-73.994255,40.745924],[-73.994243,40.74594]]},"properties":{"id":"-986615541#2","name":"7th Avenue","tier":"distributor","w":3,"lanes":1,"vmax":11.2,"len":67.5}},{"type":"Feature","geometry":{"type":"LineString","coordinates":[[-73.995292,40.754724],[-73.99529,40.754727],[-73.99519,40.75486],[-73.995066,40.755026],[-73.994922,40.755219]]},"properties":{"id":"-988515374#1","name":"9th Avenue","tier":"arterial","w":4,"lanes":1,"vmax":27.8,"len":63.1}},{"type":"Feature","geometry":{"type":"LineString","coordinates":[[-73.977614,40.752236],[-73.977692,40.752129],[-73.977836,40.751932],[-73.97798,40.751736],[-73.978125,40.751539],[-73.978246,40.751374]]},"properties":{"id":"-988956476","name":"Park Avenue","tier":"arterial","w":4,"lanes":1,"vmax":11.2,"len":109.6}},{"type":"Feature","geometry":{"type":"LineString","coordinates":[[-73.998421,40.760919],[-73.998436,40.760925],[-73.998565,40.760979],[-73.998825,40.761086],[-73.998843,40.761094]]},"properties":{"id":"-989265269#1","name":"West 42nd Street","tier":"arterial","w":4,"lanes":2,"vmax":11.2,"len":40.5}},{"type":"Feature","geometry":{"type":"LineString","coordinates":[[-73.998505,40.750305],[-73.998433,40.750405],[-73.998289,40.750602],[-73.998146,40.750799]]},"properties":{"id":"-989270322#2","name":"9th Avenue","tier":"distributor","w":3,"lanes":1,"vmax":11.2,"len":62.7}},{"type":"Feature","geometry":{"type":"LineString","coordinates":[[-73.994746,40.745341],[-73.994752,40.745333],[-73.994896,40.745136],[-73.994995,40.745]]},"properties":{"id":"1018454469#0","name":"7th Avenue","tier":"distributor","w":3,"lanes":3,"vmax":11.2,"len":43.3}},{"type":"Feature","geometry":{"type":"LineString","coordinates":[[-73.975168,40.745778],[-73.975264,40.745648],[-73.975353,40.745527]]},"properties":{"id":"1020832418","name":"2nd Avenue","tier":"arterial","w":4,"lanes":6,"vmax":11.2,"len":31.9}},{"type":"Feature","geometry":{"type":"LineString","coordinates":[[-73.998826,40.764169],[-73.998912,40.76405],[-73.99904,40.763878]]},"properties":{"id":"1020835925","name":"12th Avenue","tier":"arterial","w":5,"lanes":5,"vmax":13.4,"len":37.0}},{"type":"Feature","geometry":{"type":"LineString","coordinates":[[-73.992178,40.759061],[-73.992191,40.759044],[-73.992329,40.758861]]},"properties":{"id":"1021047632#0","name":"9th Avenue","tier":"arterial","w":4,"lanes":5,"vmax":27.8,"len":25.6}},{"type":"Feature","geometry":{"type":"LineString","coordinates":[[-73.972276,40.749741],[-73.972284,40.749731],[-73.972334,40.749663]]},"properties":{"id":"1021051876#0","name":"2nd Avenue","tier":"arterial","w":4,"lanes":3,"vmax":11.2,"len":9.9}},{"type":"Feature","geometry":{"type":"LineString","coordinates":[[-73.984573,40.7542],[-73.984548,40.754234],[-73.984449,40.754373]]},"properties":{"id":"1021065071#0","name":"6th Avenue","tier":"distributor","w":3,"lanes":4,"vmax":27.8,"len":21.9}},{"type":"Feature","geometry":{"type":"LineString","coordinates":[[-73.985008,40.753593],[-73.984991,40.753617],[-73.984939,40.753689],[-73.984798,40.753886],[-73.984656,40.754084],[-73.984632,40.754117],[-73.984617,40.754139]]},"properties":{"id":"1021068251#0","name":"6th Avenue","tier":"distributor","w":3,"lanes":4,"vmax":27.8,"len":69.1}},{"type":"Feature","geometry":{"type":"LineString","coordinates":[[-73.995197,40.744723],[-73.995207,40.74471],[-73.995247,40.744654]]},"properties":{"id":"1021124545#0","name":"7th Avenue","tier":"distributor","w":3,"lanes":4,"vmax":11.2,"len":8.8}},{"type":"Feature","geometry":{"type":"LineString","coordinates":[[-73.992509,40.748415],[-73.99251,40.748414],[-73.992654,40.748217],[-73.992797,40.74802],[-73.992873,40.747916],[-73.992875,40.747914]]},"properties":{"id":"1022184080#0","name":"7th Avenue","tier":"distributor","w":3,"lanes":4,"vmax":11.2,"len":63.6}},{"type":"Feature","geometry":{"type":"LineString","coordinates":[[-73.992945,40.747817],[-73.99296,40.747798],[-73.993109,40.747604],[-73.993138,40.747567]]},"properties":{"id":"1022184082#0","name":"7th Avenue","tier":"distributor","w":3,"lanes":3,"vmax":11.2,"len":32.2}},{"type":"Feature","geometry":{"type":"LineString","coordinates":[[-73.993247,40.7474],[-73.993313,40.747303],[-73.99332,40.747294],[-73.99333,40.747281]]},"properties":{"id":"1022184084#0","name":"7th Avenue","tier":"distributor","w":3,"lanes":4,"vmax":11.2,"len":14.9}},{"type":"Feature","geometry":{"type":"LineString","coordinates":[[-73.973251,40.76505],[-73.973259,40.765046],[-73.973288,40.765024],[-73.973313,40.765]]},"properties":{"id":"1022813500#1","name":"Grand Army Plaza","tier":"distributor","w":3,"lanes":2,"vmax":11.2,"len":7.8}},{"type":"Feature","geometry":{"type":"LineString","coordinates":[[-73.979147,40.766783],[-73.979148,40.766782],[-73.979285,40.766582],[-73.979422,40.766383],[-73.979488,40.766287]]},"properties":{"id":"1022822153#0","name":"7th Avenue","tier":"distributor","w":3,"lanes":2,"vmax":11.2,"len":62.1}},{"type":"Feature","geometry":{"type":"LineString","coordinates":[[-73.982395,40.762292],[-73.982539,40.762096],[-73.982683,40.761899],[-73.982761,40.761792],[-73.982771,40.761778]]},"properties":{"id":"1023136586#0","name":"7th Avenue","tier":"distributor","w":3,"lanes":3,"vmax":11.2,"len":65.2}},{"type":"Feature","geometry":{"type":"LineString","coordinates":[[-73.975237,40.758347],[-73.975175,40.758431]]},"properties":{"id":"1023236297#0","name":"Madison Avenue","tier":"distributor","w":3,"lanes":5,"vmax":11.2,"len":10.8}},{"type":"Feature","geometry":{"type":"LineString","coordinates":[[-73.974339,40.759583],[-73.974299,40.759637],[-73.974272,40.759675]]},"properties":{"id":"1023238044","name":"Madison Avenue","tier":"distributor","w":3,"lanes":5,"vmax":11.2,"len":11.7}},{"type":"Feature","geometry":{"type":"LineString","coordinates":[[-73.988527,40.76407],[-73.988532,40.764063],[-73.988676,40.763866],[-73.98874,40.763778]]},"properties":{"id":"1025734018#0","name":"9th Avenue","tier":"arterial","w":4,"lanes":4,"vmax":27.8,"len":37.1}},{"type":"Feature","geometry":{"type":"LineString","coordinates":[[-73.988786,40.763715],[-73.988906,40.76355],[-73.988907,40.763549]]},"properties":{"id":"1025734019#0","name":"9th Avenue","tier":"arterial","w":4,"lanes":3,"vmax":27.8,"len":21.1}},{"type":"Feature","geometry":{"type":"LineString","coordinates":[[-73.989448,40.762807],[-73.989589,40.762613],[-73.989669,40.762503],[-73.989813,40.762306],[-73.98982,40.762296],[-73.989832,40.762279]]},"properties":{"id":"1025734020#0","name":"9th Avenue","tier":"arterial","w":4,"lanes":4,"vmax":27.8,"len":67.0}},{"type":"Feature","geometry":{"type":"LineString","coordinates":[[-73.993127,40.75777],[-73.993156,40.757728],[-73.993302,40.757533],[-73.993449,40.757337],[-73.993462,40.75732],[-73.993533,40.757225]]},"properties":{"id":"1025734022#0","name":"9th Avenue","tier":"arterial","w":4,"lanes":4,"vmax":27.8,"len":69.5}},{"type":"Feature","geometry":{"type":"LineString","coordinates":[[-73.997769,40.751452],[-73.99777,40.751451],[-73.997914,40.751254],[-73.997983,40.75116],[-73.998019,40.751112]]},"properties":{"id":"1027130505#0","name":"9th Avenue","tier":"distributor","w":3,"lanes":1,"vmax":11.2,"len":43.2}},{"type":"Feature","geometry":{"type":"LineString","coordinates":[[-73.998742,40.750108],[-73.998863,40.749942],[-73.999003,40.749751],[-73.999024,40.749722]]},"properties":{"id":"1027130507#0","name":"9th Avenue","tier":"distributor","w":3,"lanes":5,"vmax":11.2,"len":48.9}},{"type":"Feature","geometry":{"type":"LineString","coordinates":[[-73.998657,40.750223],[-73.998668,40.750209],[-73.998696,40.750171]]},"properties":{"id":"1027130508#0","name":"9th Avenue","tier":"distributor","w":3,"lanes":4,"vmax":11.2,"len":6.7}},{"type":"Feature","geometry":{"type":"LineString","coordinates":[[-73.999105,40.749612],[-73.999112,40.749602],[-73.999255,40.749405],[-73.999399,40.749208],[-73.999459,40.749125],[-73.999581,40.748955],[-73.999679,40.748822]]},"properties":{"id":"1027130509#0","name":"9th Avenue","tier":"distributor","w":3,"lanes":4,"vmax":11.2,"len":100.2}},{"type":"Feature","geometry":{"type":"LineString","coordinates":[[-73.999725,40.748759],[-73.999845,40.748594],[-73.999898,40.74852],[-73.99993,40.748477],[-73.999933,40.748473]]},"properties":{"id":"1027130510#0","name":"9th Avenue","tier":"distributor","w":3,"lanes":5,"vmax":11.2,"len":36.4}},{"type":"Feature","geometry":{"type":"LineString","coordinates":[[-73.99569,40.7491],[-73.995688,40.749103],[-73.995549,40.749302],[-73.99541,40.749501],[-73.99533,40.749616]]},"properties":{"id":"1027181003#0","name":"8th Avenue","tier":"distributor","w":3,"lanes":4,"vmax":11.2,"len":64.8}},{"type":"Feature","geometry":{"type":"LineString","coordinates":[[-73.995992,40.748694],[-73.995868,40.748858],[-73.995775,40.748983],[-73.995759,40.749004]]},"properties":{"id":"1027181004#0","name":"8th Avenue","tier":"distributor","w":3,"lanes":5,"vmax":11.2,"len":39.7}},{"type":"Feature","geometry":{"type":"LineString","coordinates":[[-73.993393,40.752279],[-73.993392,40.752281],[-73.993248,40.752477],[-73.99319,40.752557]]},"properties":{"id":"1027181005#0","name":"8th Avenue","tier":"distributor","w":3,"lanes":2,"vmax":11.2,"len":35.3}},{"type":"Feature","geometry":{"type":"LineString","coordinates":[[-73.993149,40.752622],[-73.993028,40.752788],[-73.993017,40.752802]]},"properties":{"id":"1027181006#0","name":"8th Avenue","tier":"distributor","w":3,"lanes":3,"vmax":11.2,"len":22.8}},{"type":"Feature","geometry":{"type":"LineString","coordinates":[[-73.987439,40.760451],[-73.987424,40.760471],[-73.98728,40.760668],[-73.987136,40.760865],[-73.987054,40.760978]]},"properties":{"id":"1027189507#0","name":"8th Avenue","tier":"distributor","w":3,"lanes":2,"vmax":11.2,"len":66.9}},{"type":"Feature","geometry":{"type":"LineString","coordinates":[[-73.987663,40.760139],[-73.987544,40.760305],[-73.987505,40.760358],[-73.987502,40.760363]]},"properties":{"id":"1027189508","name":"8th Avenue","tier":"distributor","w":3,"lanes":4,"vmax":11.2,"len":28.3}},{"type":"Feature","geometry":{"type":"LineString","coordinates":[[-73.985162,40.76359],[-73.985151,40.763604],[-73.985003,40.763799],[-73.984855,40.763994],[-73.984847,40.764006],[-73.984778,40.7641]]},"properties":{"id":"1027189509#2","name":"8th Avenue","tier":"distributor","w":3,"lanes":5,"vmax":11.2,"len":65.3}},{"type":"Feature","geometry":{"type":"LineString","coordinates":[[-73.985612,40.762957],[-73.985599,40.762976],[-73.985522,40.763084],[-73.985461,40.76317],[-73.98532,40.763369],[-73.985233,40.763492],[-73.985221,40.763509]]},"properties":{"id":"1027189510#0","name":"8th Avenue","tier":"distributor","w":3,"lanes":5,"vmax":11.2,"len":69.7}},{"type":"Feature","geometry":{"type":"LineString","coordinates":[[-73.973982,40.743125],[-73.973952,40.743164],[-73.973851,40.743306],[-73.973846,40.743313]]},"properties":{"id":"1027227127#0","name":"1st Avenue","tier":"arterial","w":4,"lanes":4,"vmax":11.2,"len":23.8}},{"type":"Feature","geometry":{"type":"LineString","coordinates":[[-73.974176,40.742868],[-73.974068,40.743016],[-73.974041,40.743053]]},"properties":{"id":"1027227128#0","name":"1st Avenue","tier":"arterial","w":4,"lanes":5,"vmax":11.2,"len":23.4}},{"type":"Feature","geometry":{"type":"LineString","coordinates":[[-73.9738,40.743376],[-73.97368,40.743541],[-73.973578,40.743683],[-73.973573,40.74369]]},"properties":{"id":"1027227129#0","name":"1st Avenue","tier":"arterial","w":4,"lanes":5,"vmax":11.2,"len":39.8}},{"type":"Feature","geometry":{"type":"LineString","coordinates":[[-73.9713,40.751081],[-73.971305,40.751072],[-73.971447,40.750875],[-73.971498,40.750803],[-73.971587,40.750679],[-73.971672,40.750558],[-73.97168,40.750548]]},"properties":{"id":"1030123270#0","name":"2nd Avenue","tier":"arterial","w":4,"lanes":4,"vmax":11.2,"len":67.3}},{"type":"Feature","geometry":{"type":"LineString","coordinates":[[-73.970396,40.752313],[-73.970538,40.75212],[-73.970682,40.751924],[-73.97076,40.751817]]},"properties":{"id":"1030123273#0","name":"2nd Avenue","tier":"arterial","w":4,"lanes":3,"vmax":11.2,"len":63.1}},{"type":"Feature","geometry":{"type":"LineString","coordinates":[[-73.972381,40.749601],[-73.972431,40.749533],[-73.972508,40.749431],[-73.972654,40.749236]]},"properties":{"id":"1030139835#0","name":"2nd Avenue","tier":"arterial","w":4,"lanes":4,"vmax":11.2,"len":46.6}},{"type":"Feature","geometry":{"type":"LineString","coordinates":[[-73.973872,40.747557],[-73.973991,40.747392],[-73.974007,40.74737],[-73.974016,40.747358]]},"properties":{"id":"1030139837#0","name":"2nd Avenue","tier":"arterial","w":4,"lanes":6,"vmax":11.2,"len":25.3}},{"type":"Feature","geometry":{"type":"LineString","coordinates":[[-73.975962,40.7447],[-73.975967,40.744693],[-73.976078,40.74454],[-73.976215,40.744351],[-73.97634,40.744182],[-73.976352,40.744166]]},"properties":{"id":"1031400324#0","name":"2nd Avenue","tier":"arterial","w":4,"lanes":4,"vmax":11.2,"len":67.8}},{"type":"Feature","geometry":{"type":"LineString","coordinates":[[-73.99291,40.753639],[-73.992663,40.753536],[-73.992634,40.753524],[-73.992622,40.753518]]},"properties":{"id":"1034529064#0","name":"West 36th Street","tier":"distributor","w":3,"lanes":2,"vmax":27.8,"len":27.8}},{"type":"Feature","geometry":{"type":"LineString","coordinates":[[-73.985685,40.751393],[-73.985903,40.751485],[-73.985969,40.751513],[-73.986065,40.751554],[-73.986267,40.751642],[-73.986302,40.751658]]},"properties":{"id":"1036712190","name":"West 37th Street","tier":"distributor","w":3,"lanes":3,"vmax":11.2,"len":59.8}},{"type":"Feature","geometry":{"type":"LineString","coordinates":[[-73.982167,40.745847],[-73.982032,40.746033],[-73.98189,40.746231],[-73.98184,40.7463],[-73.981808,40.746338],[-73.981794,40.746354]]},"properties":{"id":"1037772009#0","name":"Park Avenue","tier":"arterial","w":4,"lanes":3,"vmax":11.2,"len":64.5}},{"type":"Feature","geometry":{"type":"LineString","coordinates":[[-73.975611,40.7546],[-73.975603,40.754596],[-73.975344,40.754486],[-73.975086,40.754375],[-73.974828,40.754265],[-73.974669,40.754197]]},"properties":{"id":"1037772010#0","name":"East 46th Street","tier":"distributor","w":3,"lanes":1,"vmax":27.8,"len":91.3}},{"type":"Feature","geometry":{"type":"LineString","coordinates":[[-73.977557,40.752247],[-73.977552,40.752252],[-73.977543,40.752259],[-73.977538,40.752261],[-73.977533,40.752264],[-73.977528,40.752267],[-73.977521,40.752269],[-73.977515,40.752272],[-73.977506,40.752274],[-73.977496,40.752276],[-73.97749,40.752276],[-73.977484,40.752277],[-73.977475,40.752277],[-73.977466,40.752276],[-73.977455,40.752275],[-73.977444,40.752272],[-73.977434,40.752269],[-73.977425,40.752266],[-73.977165,40.752159],[-73.977109,40.752135],[-73.977086,40.752128],[-73.977063,40.752126],[-73.977043,40.752125],[-73.97702,40.752127],[-73.976989,40.752132],[-73.976966,40.75214],[-73.97694,40.752151],[-73.976922,40.752164],[-73.976902,40.752192],[-73.976758,40.752389],[-73.976615,40.752586],[-73.976472,40.752783],[-73.976393,40.752892],[-73.976251,40.75309],[-73.976109,40.753287],[-73.975983,40.753462],[-73.975926,40.753539],[-73.975873,40.753614]]},"properties":{"id":"1037772011","name":"Park Avenue","tier":"arterial","w":4,"lanes":1,"vmax":11.2,"len":243.7}},{"type":"Feature","geometry":{"type":"LineString","coordinates":[[-73.995255,40.749721],[-73.99525,40.749728],[-73.995107,40.749925],[-73.995088,40.74995],[-73.994945,40.750148],[-73.994882,40.750236],[-73.994873,40.750247]]},"properties":{"id":"1038780408#0","name":"8th Avenue","tier":"distributor","w":3,"lanes":4,"vmax":11.2,"len":66.7}},{"type":"Feature","geometry":{"type":"LineString","coordinates":[[-73.993037,40.748697],[-73.99282,40.748604],[-73.992656,40.748535],[-73.992611,40.748515],[-73.992574,40.7485]]},"properties":{"id":"1038939784#0","name":"West 30th Street","tier":"local","w":2,"lanes":3,"vmax":11.2,"len":44.7}},{"type":"Feature","geometry":{"type":"LineString","coordinates":[[-73.974366,40.746337],[-73.974507,40.746383],[-73.974766,40.746494],[-73.974831,40.746521],[-73.97509,40.746631],[-73.975349,40.74674],[-73.975521,40.746813],[-73.975575,40.746833],[-73.975633,40.74685],[-73.975653,40.746855]]},"properties":{"id":"1040748541","name":"","tier":"arterial","w":3,"lanes":2,"vmax":22.2,"len":123.1}},{"type":"Feature","geometry":{"type":"LineString","coordinates":[[-73.993183,40.747505],[-73.993236,40.747426]]},"properties":{"id":"1040766903","name":"7th Avenue","tier":"distributor","w":3,"lanes":4,"vmax":11.2,"len":9.8}},{"type":"Feature","geometry":{"type":"LineString","coordinates":[[-73.996794,40.757806],[-73.996787,40.757817],[-73.996681,40.75796],[-73.996537,40.758157],[-73.996452,40.758273]]},"properties":{"id":"1041012063#0","name":"10th Avenue","tier":"arterial","w":4,"lanes":4,"vmax":11.2,"len":59.4}},{"type":"Feature","geometry":{"type":"LineString","coordinates":[[-73.998077,40.750858],[-73.998005,40.750827],[-73.997757,40.750709]]},"properties":{"id":"1041018376","name":"West 30th Street","tier":"local","w":2,"lanes":3,"vmax":11.2,"len":31.7}},{"type":"Feature","geometry":{"type":"LineString","coordinates":[[-73.995861,40.7499],[-73.995644,40.749807],[-73.995448,40.749723],[-73.995416,40.749709],[-73.995408,40.749706]]},"properties":{"id":"1041018377#0","name":"West 30th Street","tier":"local","w":2,"lanes":3,"vmax":11.2,"len":43.9}},{"type":"Feature","geometry":{"type":"LineString","coordinates":[[-73.975694,40.75467],[-73.975692,40.754679],[-73.975681,40.754702],[-73.975661,40.754733],[-73.975518,40.75493],[-73.975375,40.755127],[-73.975332,40.755186],[-73.975308,40.755219]]},"properties":{"id":"1049841322#0","name":"Park Avenue","tier":"arterial","w":4,"lanes":3,"vmax":11.2,"len":69.2}},{"type":"Feature","geometry":{"type":"LineString","coordinates":[[-73.975228,40.75533],[-73.975087,40.755523],[-73.974943,40.75572],[-73.974885,40.755798],[-73.974852,40.755843],[-73.974841,40.755859]]},"properties":{"id":"1049841322#4","name":"Park Avenue","tier":"arterial","w":4,"lanes":3,"vmax":11.2,"len":67.2}},{"type":"Feature","geometry":{"type":"LineString","coordinates":[[-73.98698,40.761079],[-73.986963,40.761103],[-73.98685,40.761267]]},"properties":{"id":"1049888072#0","name":"8th Avenue","tier":"distributor","w":3,"lanes":3,"vmax":11.2,"len":23.7}},{"type":"Feature","geometry":{"type":"LineString","coordinates":[[-73.987929,40.754707],[-73.987933,40.754702],[-73.988074,40.754504],[-73.988216,40.754306],[-73.988281,40.754216],[-73.988284,40.75421]]},"properties":{"id":"1049920716#0","name":"7th Avenue","tier":"distributor","w":3,"lanes":3,"vmax":11.2,"len":62.8}},{"type":"Feature","geometry":{"type":"LineString","coordinates":[[-73.988371,40.75409],[-73.988383,40.754074],[-73.988528,40.753878],[-73.988673,40.753681],[-73.988741,40.753589],[-73.988758,40.753566]]},"properties":{"id":"1049920718#0","name":"7th Avenue","tier":"distributor","w":3,"lanes":3,"vmax":11.2,"len":66.8}},{"type":"Feature","geometry":{"type":"LineString","coordinates":[[-73.994532,40.75584],[-73.994665,40.755662],[-73.994805,40.755474]]},"properties":{"id":"1051734606#0","name":"9th Avenue","tier":"arterial","w":4,"lanes":5,"vmax":27.8,"len":46.8}},{"type":"Feature","geometry":{"type":"LineString","coordinates":[[-73.976157,40.757281],[-73.976161,40.757283],[-73.976305,40.757343],[-73.976517,40.757432]]},"properties":{"id":"1051743127#0","name":"East 49th Street","tier":"distributor","w":3,"lanes":2,"vmax":27.8,"len":34.7}},{"type":"Feature","geometry":{"type":"LineString","coordinates":[[-73.982661,40.757562],[-73.982444,40.75747],[-73.982391,40.757448],[-73.982367,40.757438]]},"properties":{"id":"1051744070#0","name":"West 46th Street","tier":"distributor","w":3,"lanes":2,"vmax":27.8,"len":28.4}},{"type":"Feature","geometry":{"type":"LineString","coordinates":[[-73.990933,40.760234],[-73.991091,40.760301],[-73.991112,40.760309]]},"properties":{"id":"1051744778#0","name":"West 45th Street","tier":"distributor","w":3,"lanes":2,"vmax":27.8,"len":17.3}},{"type":"Feature","geometry":{"type":"LineString","coordinates":[[-73.983281,40.760284],[-73.983498,40.760376],[-73.983605,40.760421],[-73.98361,40.760423]]},"properties":{"id":"1051745205#0","name":"West 49th Street","tier":"distributor","w":3,"lanes":3,"vmax":27.8,"len":31.8}},{"type":"Feature","geometry":{"type":"LineString","coordinates":[[-73.990181,40.751605],[-73.990324,40.75141],[-73.990469,40.751213],[-73.990555,40.751096],[-73.990557,40.751094]]},"properties":{"id":"1051750427#0","name":"7th Avenue","tier":"distributor","w":3,"lanes":4,"vmax":11.2,"len":65.0}},{"type":"Feature","geometry":{"type":"LineString","coordinates":[[-73.972447,40.753266],[-73.972197,40.753161],[-73.971938,40.753052],[-73.971715,40.752958],[-73.971456,40.752849],[-73.971197,40.75274],[-73.970938,40.75263],[-73.970679,40.752521],[-73.970484,40.752439],[-73.970437,40.75242]]},"properties":{"id":"1051751160#0","name":"East 46th Street","tier":"distributor","w":3,"lanes":1,"vmax":27.8,"len":193.9}},{"type":"Feature","geometry":{"type":"LineString","coordinates":[[-73.981597,40.743845],[-73.981608,40.74383],[-73.981752,40.743633],[-73.981896,40.743436],[-73.981945,40.74337],[-73.981976,40.743325],[-73.981977,40.743324]]},"properties":{"id":"1051841852#0","name":"Lexington Avenue","tier":"distributor","w":3,"lanes":3,"vmax":11.2,"len":66.1}},{"type":"Feature","geometry":{"type":"LineString","coordinates":[[-73.982048,40.743227],[-73.982054,40.743219],[-73.982197,40.743022],[-73.98234,40.742825],[-73.98239,40.742757],[-73.982428,40.742706],[-73.982448,40.742678]]},"properties":{"id":"1051841854#0","name":"Lexington Avenue","tier":"distributor","w":3,"lanes":3,"vmax":11.2,"len":69.8}},{"type":"Feature","geometry":{"type":"LineString","coordinates":[[-73.972109,40.764721],[-73.972325,40.764814],[-73.972435,40.764862],[-73.97245,40.764868]]},"properties":{"id":"1052631409#0","name":"East 60th Street","tier":"distributor","w":3,"lanes":3,"vmax":11.2,"len":33.1}},{"type":"Feature","geometry":{"type":"LineString","coordinates":[[-73.995272,40.757059],[-73.995271,40.757061]]},"properties":{"id":"1053371047","name":"","tier":"arterial","w":3,"lanes":3,"vmax":22.2,"len":0.2}},{"type":"Feature","geometry":{"type":"LineString","coordinates":[[-73.976435,40.744051],[-73.976436,40.74405],[-73.976512,40.743944],[-73.976655,40.743747],[-73.976785,40.743568],[-73.976796,40.743552]]},"properties":{"id":"1057527156#0","name":"2nd Avenue","tier":"arterial","w":4,"lanes":4,"vmax":11.2,"len":63.3}},{"type":"Feature","geometry":{"type":"LineString","coordinates":[[-73.979614,40.755467],[-73.979872,40.755577],[-73.979977,40.755621]]},"properties":{"id":"1061622295#0","name":"West 45th Street","tier":"distributor","w":3,"lanes":1,"vmax":27.8,"len":35.2}},{"type":"Feature","geometry":{"type":"LineString","coordinates":[[-73.974586,40.754162],[-73.974532,40.754139],[-73.974289,40.754037],[-73.97428,40.754033]]},"properties":{"id":"1061623142#0","name":"East 46th Street","tier":"distributor","w":3,"lanes":2,"vmax":27.8,"len":29.5}},{"type":"Feature","geometry":{"type":"LineString","coordinates":[[-73.992822,40.768352],[-73.992845,40.768322],[-73.992988,40.768125],[-73.993131,40.767927],[-73.993208,40.76782],[-73.993221,40.767802]]},"properties":{"id":"1061979012#0","name":"11th Avenue","tier":"distributor","w":3,"lanes":5,"vmax":11.2,"len":69.6}},{"type":"Feature","geometry":{"type":"LineString","coordinates":[[-73.993287,40.767716],[-73.993298,40.767702],[-73.99344,40.767505],[-73.993582,40.767307],[-73.993665,40.767191],[-73.993677,40.767175]]},"properties":{"id":"1061979013#0","name":"11th Avenue","tier":"distributor","w":3,"lanes":5,"vmax":11.2,"len":68.5}},{"type":"Feature","geometry":{"type":"LineString","coordinates":[[-73.994199,40.766469],[-73.99421,40.766454],[-73.994287,40.766347],[-73.99443,40.76615],[-73.994574,40.765953],[-73.994578,40.765946]]},"properties":{"id":"1061979015#0","name":"11th Avenue","tier":"distributor","w":3,"lanes":5,"vmax":11.2,"len":66.2}},{"type":"Feature","geometry":{"type":"LineString","coordinates":[[-73.975367,40.74954],[-73.97536,40.749549],[-73.975339,40.749577],[-73.975236,40.749718],[-73.975093,40.749915],[-73.975025,40.750007],[-73.974996,40.750049],[-73.97499,40.750056]]},"properties":{"id":"1087744935#0","name":"3rd Avenue","tier":"arterial","w":4,"lanes":4,"vmax":11.2,"len":65.6}},{"type":"Feature","geometry":{"type":"LineString","coordinates":[[-73.995529,40.744026],[-73.995525,40.744024],[-73.995268,40.743913],[-73.995231,40.743897],[-73.994972,40.743788],[-73.994712,40.743679],[-73.994453,40.74357],[-73.994194,40.743461],[-73.993935,40.743352],[-73.993676,40.743243],[-73.993516,40.743176],[-73.993452,40.74315],[-73.993382,40.743124],[-73.993311,40.743099],[-73.99324,40.743071],[-73.992982,40.742961],[-73.992945,40.742945],[-73.992905,40.742927]]},"properties":{"id":"1088320658#0","name":"West 23rd Street","tier":"distributor","w":3,"lanes":2,"vmax":11.2,"len":253.0}},{"type":"Feature","geometry":{"type":"LineString","coordinates":[[-73.976355,40.744956],[-73.976137,40.744864],[-73.976052,40.744828]]},"properties":{"id":"1088325193#0","name":"East 34th Street","tier":"arterial","w":4,"lanes":3,"vmax":11.2,"len":29.2}},{"type":"Feature","geometry":{"type":"LineString","coordinates":[[-73.977406,40.745464],[-73.977576,40.745534],[-73.977579,40.745536]]},"properties":{"id":"1088325194","name":"East 34th Street","tier":"arterial","w":4,"lanes":2,"vmax":11.2,"len":16.6}},{"type":"Feature","geometry":{"type":"LineString","coordinates":[[-73.980892,40.746922],[-73.981103,40.747011],[-73.981164,40.747037],[-73.981167,40.747038]]},"properties":{"id":"1088325195#0","name":"East 34th Street","tier":"arterial","w":4,"lanes":3,"vmax":11.2,"len":26.6}},{"type":"Feature","geometry":{"type":"LineString","coordinates":[[-73.984642,40.748542],[-73.984652,40.748546],[-73.984879,40.74864]]},"properties":{"id":"1088325196#0","name":"West 34th Street","tier":"arterial","w":4,"lanes":2,"vmax":11.2,"len":22.8}},{"type":"Feature","geometry":{"type":"LineString","coordinates":[[-73.996857,40.753599],[-73.996639,40.753508],[-73.996466,40.753437]]},"properties":{"id":"1088325197#0","name":"West 34th Street","tier":"arterial","w":4,"lanes":3,"vmax":11.2,"len":37.6}},{"type":"Feature","geometry":{"type":"LineString","coordinates":[[-73.998456,40.754264],[-73.99842,40.754249],[-73.99816,40.754141],[-73.998128,40.754128],[-73.997868,40.75402],[-73.997764,40.753976],[-73.997719,40.753958]]},"properties":{"id":"1088325198","name":"West 34th Street","tier":"arterial","w":4,"lanes":2,"vmax":11.2,"len":70.9}},{"type":"Feature","geometry":{"type":"LineString","coordinates":[[-73.995891,40.756595],[-73.995874,40.756533],[-73.995866,40.756462],[-73.99587,40.756389],[-73.995894,40.756318],[-73.995931,40.756231],[-73.995938,40.756215]]},"properties":{"id":"1088327051","name":"","tier":"arterial","w":3,"lanes":2,"vmax":22.2,"len":43.1}},{"type":"Feature","geometry":{"type":"LineString","coordinates":[[-73.995637,40.754968],[-73.995858,40.755058],[-73.995957,40.755099],[-73.995994,40.755115],[-73.99602,40.755131],[-73.996041,40.755146],[-73.99606,40.755169],[-73.996073,40.755191],[-73.996081,40.755214],[-73.996083,40.755237],[-73.996081,40.755262],[-73.996079,40.755265]]},"properties":{"id":"1088327053","name":"","tier":"arterial","w":3,"lanes":1,"vmax":22.2,"len":53.6}},{"type":"Feature","geometry":{"type":"LineString","coordinates":[[-73.996091,40.755314],[-73.995789,40.755511],[-73.995775,40.75552],[-73.995591,40.755639]]},"properties":{"id":"1088327054","name":"","tier":"arterial","w":3,"lanes":2,"vmax":11.2,"len":55.6}},{"type":"Feature","geometry":{"type":"LineString","coordinates":[[-73.972237,40.745736],[-73.97226,40.745745],[-73.972317,40.745769]]},"properties":{"id":"1090370025#0","name":"East 37th Street","tier":"distributor","w":3,"lanes":3,"vmax":11.2,"len":7.7}},{"type":"Feature","geometry":{"type":"LineString","coordinates":[[-73.974702,40.746036],[-73.974568,40.745985],[-73.974282,40.745925],[-73.974277,40.745924]]},"properties":{"id":"1090370030","name":"","tier":"arterial","w":3,"lanes":2,"vmax":22.2,"len":38.1}},{"type":"Feature","geometry":{"type":"LineString","coordinates":[[-73.974291,40.746462],[-73.974417,40.746516],[-73.974676,40.746625],[-73.974738,40.746652],[-73.974997,40.746761],[-73.975256,40.74687],[-73.975423,40.74694]]},"properties":{"id":"1097213725","name":"","tier":"arterial","w":3,"lanes":2,"vmax":22.2,"len":109.4}},{"type":"Feature","geometry":{"type":"LineString","coordinates":[[-73.9773,40.755318],[-73.977055,40.755215],[-73.977001,40.755192]]},"properties":{"id":"1106482767#0","name":"East 46th Street","tier":"distributor","w":3,"lanes":1,"vmax":11.2,"len":28.9}},{"type":"Feature","geometry":{"type":"LineString","coordinates":[[-73.97644,40.754957],[-73.976432,40.754954],[-73.976326,40.754907]]},"properties":{"id":"1106482768#0","name":"East 46th Street","tier":"distributor","w":3,"lanes":1,"vmax":27.8,"len":11.1}},{"type":"Feature","geometry":{"type":"LineString","coordinates":[[-73.982825,40.756819],[-73.982838,40.756824],[-73.983096,40.756934],[-73.983355,40.757043],[-73.983478,40.757095],[-73.983737,40.757204],[-73.983996,40.757314],[-73.984254,40.757423],[-73.984513,40.757532],[-73.984772,40.757642],[-73.984829,40.757666],[-73.985088,40.757775],[-73.985347,40.757884],[-73.985373,40.757895],[-73.985405,40.757909]]},"properties":{"id":"1117867038#0","name":"West 45th Street","tier":"distributor","w":3,"lanes":1,"vmax":27.8,"len":249.1}},{"type":"Feature","geometry":{"type":"LineString","coordinates":[[-73.985664,40.758017],[-73.985684,40.758025],[-73.985732,40.758046],[-73.985991,40.758154],[-73.986227,40.758253],[-73.986487,40.758361],[-73.986728,40.758462],[-73.986988,40.758571],[-73.987247,40.75868],[-73.987506,40.758789],[-73.987765,40.758898],[-73.988024,40.759007],[-73.988259,40.759106],[-73.988289,40.759119]]},"properties":{"id":"1117867040#1","name":"West 45th Street","tier":"distributor","w":3,"lanes":1,"vmax":27.8,"len":253.2}},{"type":"Feature","geometry":{"type":"LineString","coordinates":[[-73.995064,40.755355],[-73.995321,40.755466],[-73.995478,40.755533]]},"properties":{"id":"1123877140#0","name":"West 37th Street","tier":"distributor","w":3,"lanes":1,"vmax":11.2,"len":40.1}},{"type":"Feature","geometry":{"type":"LineString","coordinates":[[-73.995027,40.755284],[-73.995036,40.755274],[-73.995184,40.755079],[-73.995215,40.755038],[-73.995244,40.755003],[-73.995269,40.754979],[-73.995295,40.754964],[-73.995318,40.754951],[-73.99535,40.754941],[-73.995387,40.754933],[-73.995429,40.754927],[-73.995467,40.754927],[-73.995504,40.754929],[-73.995538,40.754935],[-73.995556,40.754939]]},"properties":{"id":"1123877141#0","name":"","tier":"arterial","w":3,"lanes":2,"vmax":22.2,"len":65.4}},{"type":"Feature","geometry":{"type":"LineString","coordinates":[[-73.992929,40.752913],[-73.992923,40.752922],[-73.992777,40.753117]]},"properties":{"id":"1124078896#0","name":"8th Avenue","tier":"distributor","w":3,"lanes":2,"vmax":11.2,"len":26.1}},{"type":"Feature","geometry":{"type":"LineString","coordinates":[[-73.992479,40.753532],[-73.992477,40.753535],[-73.992333,40.753732],[-73.99219,40.753929],[-73.992115,40.754032]]},"properties":{"id":"1124078897#0","name":"8th Avenue","tier":"distributor","w":3,"lanes":3,"vmax":11.2,"len":63.4}},{"type":"Feature","geometry":{"type":"LineString","coordinates":[[-73.992033,40.754145],[-73.992026,40.754155],[-73.991883,40.754352],[-73.99174,40.754549],[-73.99168,40.754632]]},"properties":{"id":"1124078898#0","name":"8th Avenue","tier":"distributor","w":3,"lanes":3,"vmax":11.2,"len":61.7}},{"type":"Feature","geometry":{"type":"LineString","coordinates":[[-73.991574,40.754778],[-73.99148,40.754906]]},"properties":{"id":"1124078899#0","name":"8th Avenue","tier":"distributor","w":3,"lanes":3,"vmax":11.2,"len":16.3}},{"type":"Feature","geometry":{"type":"LineString","coordinates":[[-73.981228,40.74455],[-73.981479,40.744655],[-73.981738,40.744764],[-73.981998,40.744873],[-73.982257,40.744982],[-73.982516,40.745091],[-73.982536,40.745099],[-73.982582,40.745118]]},"properties":{"id":"1135346522#0","name":"East 31st Street","tier":"local","w":2,"lanes":1,"vmax":11.2,"len":130.6}},{"type":"Feature","geometry":{"type":"LineString","coordinates":[[-73.981152,40.74446],[-73.981162,40.744447],[-73.981305,40.74425],[-73.981447,40.744052],[-73.981494,40.743987],[-73.981526,40.743943],[-73.981539,40.743926]]},"properties":{"id":"1135346523#0","name":"Lexington Avenue","tier":"distributor","w":3,"lanes":4,"vmax":11.2,"len":67.7}},{"type":"Feature","geometry":{"type":"LineString","coordinates":[[-73.994066,40.756476],[-73.99421,40.756279],[-73.994335,40.756107],[-73.994433,40.755974],[-73.99444,40.755964]]},"properties":{"id":"1135614655#0","name":"9th Avenue","tier":"arterial","w":4,"lanes":5,"vmax":27.8,"len":65.0}},{"type":"Feature","geometry":{"type":"LineString","coordinates":[[-73.989592,40.752248],[-73.989563,40.752236],[-73.989304,40.752127],[-73.989045,40.752018],[-73.988786,40.751909],[-73.988527,40.751799],[-73.988268,40.75169],[-73.98801,40.751581],[-73.987771,40.75148],[-73.987756,40.751474]]},"properties":{"id":"1135620537#0","name":"West 36th Street","tier":"distributor","w":3,"lanes":2,"vmax":27.8,"len":177.2}},{"type":"Feature","geometry":{"type":"LineString","coordinates":[[-73.989289,40.752841],[-73.98943,40.75265],[-73.989574,40.752453],[-73.989651,40.752347]]},"properties":{"id":"1135620538#0","name":"7th Avenue","tier":"distributor","w":3,"lanes":3,"vmax":11.2,"len":62.8}},{"type":"Feature","geometry":{"type":"LineString","coordinates":[[-73.97332,40.753631],[-73.973076,40.753529],[-73.972817,40.753421],[-73.972762,40.753398]]},"properties":{"id":"1135622595#0","name":"East 46th Street","tier":"distributor","w":3,"lanes":2,"vmax":27.8,"len":53.8}},{"type":"Feature","geometry":{"type":"LineString","coordinates":[[-73.968978,40.754251],[-73.969118,40.75431],[-73.969364,40.754414],[-73.969623,40.754523],[-73.969882,40.754633],[-73.970098,40.754724],[-73.970357,40.754833],[-73.970616,40.754942],[-73.970683,40.754971],[-73.970942,40.75508],[-73.971079,40.755138]]},"properties":{"id":"1135661892#0","name":"East 49th Street","tier":"distributor","w":3,"lanes":3,"vmax":27.8,"len":202.9}},{"type":"Feature","geometry":{"type":"LineString","coordinates":[[-73.990354,40.761563],[-73.990357,40.761559],[-73.990501,40.761362],[-73.990638,40.761174],[-73.990732,40.761044]]},"properties":{"id":"1136391284#0","name":"9th Avenue","tier":"arterial","w":4,"lanes":4,"vmax":27.8,"len":65.8}},{"type":"Feature","geometry":{"type":"LineString","coordinates":[[-73.984021,40.761419],[-73.983932,40.761382],[-73.983688,40.761279]]},"properties":{"id":"1136460176#0","name":"West 50th Street","tier":"distributor","w":3,"lanes":2,"vmax":27.8,"len":32.1}},{"type":"Feature","geometry":{"type":"LineString","coordinates":[[-73.984141,40.761397],[-73.984146,40.76139],[-73.984277,40.761188],[-73.984408,40.760986],[-73.98442,40.760969],[-73.984485,40.760869],[-73.984496,40.760852]]},"properties":{"id":"1136460177#0","name":"Broadway","tier":"local","w":2,"lanes":1,"vmax":22.2,"len":67.5}},{"type":"Feature","geometry":{"type":"LineString","coordinates":[[-73.983722,40.762028],[-73.98373,40.762016],[-73.983863,40.761815],[-73.983887,40.76178],[-73.98402,40.761579],[-73.984066,40.761511]]},"properties":{"id":"1136460179#0","name":"Broadway","tier":"local","w":2,"lanes":2,"vmax":22.2,"len":64.3}},{"type":"Feature","geometry":{"type":"LineString","coordinates":[[-73.982943,40.763322],[-73.983056,40.763116]]},"properties":{"id":"1136460180#0","name":"Broadway","tier":"local","w":2,"lanes":2,"vmax":22.2,"len":24.7}},{"type":"Feature","geometry":{"type":"LineString","coordinates":[[-73.983098,40.763038],[-73.983162,40.762922],[-73.983228,40.762801],[-73.98324,40.762782]]},"properties":{"id":"1136460181#0","name":"Broadway","tier":"local","w":2,"lanes":2,"vmax":22.2,"len":30.8}},{"type":"Feature","geometry":{"type":"LineString","coordinates":[[-73.985942,40.755648],[-73.986012,40.755678],[-73.986271,40.755787],[-73.986345,40.755819]]},"properties":{"id":"1136952921#0","name":"West 42nd Street","tier":"arterial","w":4,"lanes":3,"vmax":11.2,"len":38.9}},{"type":"Feature","geometry":{"type":"LineString","coordinates":[[-73.997865,40.761445],[-73.998027,40.761284]]},"properties":{"id":"1149178606","name":"11th Avenue","tier":"distributor","w":3,"lanes":3,"vmax":11.2,"len":22.4}},{"type":"Feature","geometry":{"type":"LineString","coordinates":[[-73.973084,40.764199],[-73.973215,40.76402],[-73.97336,40.763824],[-73.97343,40.763729],[-73.973433,40.763724]]},"properties":{"id":"1150705656#0","name":"5th Avenue","tier":"distributor","w":3,"lanes":4,"vmax":11.2,"len":60.5}},{"type":"Feature","geometry":{"type":"LineString","coordinates":[[-73.994927,40.76192],[-73.995185,40.762028],[-73.995445,40.762136],[-73.995704,40.762245],[-73.995964,40.762353],[-73.996224,40.762461],[-73.996483,40.76257],[-73.996743,40.762678],[-73.996781,40.762694],[-73.996792,40.762699]]},"properties":{"id":"1156946156#0","name":"West 45th Street","tier":"distributor","w":3,"lanes":3,"vmax":11.2,"len":179.6}},{"type":"Feature","geometry":{"type":"LineString","coordinates":[[-73.996951,40.762685],[-73.997086,40.7625],[-73.997229,40.762302],[-73.997314,40.762185],[-73.997331,40.762162]]},"properties":{"id":"1156946157#0","name":"11th Avenue","tier":"distributor","w":3,"lanes":5,"vmax":11.2,"len":66.4}},{"type":"Feature","geometry":{"type":"LineString","coordinates":[[-73.996498,40.763312],[-73.99663,40.763129],[-73.996773,40.762932],[-73.99686,40.762812],[-73.996862,40.762809]]},"properties":{"id":"1156946158#0","name":"11th Avenue","tier":"distributor","w":3,"lanes":5,"vmax":11.2,"len":63.7}},{"type":"Feature","geometry":{"type":"LineString","coordinates":[[-73.996338,40.763327],[-73.996328,40.763322],[-73.996066,40.763216],[-73.995805,40.76311],[-73.995741,40.763084],[-73.99553,40.762995],[-73.995271,40.762886],[-73.995012,40.762777],[-73.994753,40.762668],[-73.994494,40.762559],[-73.994471,40.762549]]},"properties":{"id":"1156946159#0","name":"West 46th Street","tier":"distributor","w":3,"lanes":3,"vmax":11.2,"len":179.7}},{"type":"Feature","geometry":{"type":"LineString","coordinates":[[-73.996024,40.763963],[-73.996038,40.763944],[-73.996182,40.763747],[-73.996325,40.76355],[-73.996405,40.76344],[-73.996408,40.763436]]},"properties":{"id":"1156946161#0","name":"11th Avenue","tier":"distributor","w":3,"lanes":5,"vmax":11.2,"len":66.9}},{"type":"Feature","geometry":{"type":"LineString","coordinates":[[-73.994387,40.750911],[-73.994267,40.751077],[-73.994124,40.751274],[-73.993987,40.751462],[-73.993964,40.751493]]},"properties":{"id":"1157664114#0","name":"8th Avenue","tier":"distributor","w":3,"lanes":4,"vmax":11.2,"len":73.8}},{"type":"Feature","geometry":{"type":"LineString","coordinates":[[-73.981836,40.766655],[-73.981869,40.766468],[-73.981874,40.766434],[-73.981878,40.766416]]},"properties":{"id":"1167939119#0","name":"Broadway","tier":"arterial","w":4,"lanes":3,"vmax":11.2,"len":26.8}},{"type":"Feature","geometry":{"type":"LineString","coordinates":[[-73.972149,40.765482],[-73.972157,40.765471],[-73.9723,40.765274],[-73.972443,40.765077],[-73.972499,40.764999],[-73.972508,40.764987]]},"properties":{"id":"1174928402#0","name":"5th Avenue","tier":"distributor","w":3,"lanes":3,"vmax":11.2,"len":62.7}},{"type":"Feature","geometry":{"type":"LineString","coordinates":[[-73.976862,40.743463],[-73.976868,40.743455],[-73.977013,40.743259],[-73.977157,40.743062],[-73.977242,40.742947],[-73.977249,40.742936]]},"properties":{"id":"118400729#0","name":"2nd Avenue","tier":"arterial","w":4,"lanes":3,"vmax":11.2,"len":67.0}},{"type":"Feature","geometry":{"type":"LineString","coordinates":[[-73.970978,40.745224],[-73.971228,40.745327],[-73.971282,40.745349],[-73.971541,40.745457],[-73.971544,40.745458],[-73.971805,40.745566],[-73.97199,40.745642],[-73.972003,40.745648]]},"properties":{"id":"1185734601","name":"East 37th Street","tier":"distributor","w":3,"lanes":2,"vmax":11.2,"len":98.5}},{"type":"Feature","geometry":{"type":"LineString","coordinates":[[-73.99677,40.766995],[-73.996836,40.766904]]},"properties":{"id":"1186131872","name":"12th Avenue","tier":"arterial","w":5,"lanes":5,"vmax":13.4,"len":11.5}},{"type":"Feature","geometry":{"type":"LineString","coordinates":[[-73.954077,40.741571],[-73.954373,40.74156],[-73.954428,40.741558],[-73.95471,40.741559],[-73.954979,40.741562],[-73.955269,40.741594],[-73.95556,40.741638],[-73.955565,40.741639],[-73.955852,40.741694],[-73.95614,40.741749],[-73.956427,40.741804],[-73.956714,40.741859],[-73.957001,40.741914],[-73.957288,40.741969],[-73.957575,40.742024],[-73.957862,40.74208],[-73.958149,40.742135],[-73.958436,40.74219],[-73.958723,40.742245],[-73.95901,40.7423],[-73.959155,40.742327],[-73.959438,40.742394],[-73.959558,40.742422],[-73.959832,40.742507],[-73.95998,40.742553],[-73.960237,40.742661],[-73.96049,40.742778],[-73.960544,40.742803],[-73.960786,40.742932],[-73.960823,40.742952],[-73.961054,40.743093],[-73.961085,40.743111],[-73.961306,40.743262],[-73.961526,40.743412],[-73.961746,40.743563],[-73.961967,40.743713],[-73.962187,40.743864],[-73.962407,40.744014],[-73.962628,40.744164],[-73.962848,40.744315],[-73.963068,40.744465],[-73.963289,40.744616],[-73.963509,40.744766],[-73.96373,40.744916],[-73.96395,40.745067],[-73.96417,40.745217],[-73.964391,40.745368],[-73.964611,40.745518],[-73.964831,40.745668],[-73.965052,40.745819],[-73.965272,40.745969],[-73.965492,40.74612],[-73.965713,40.74627],[-73.965933,40.746421],[-73.966153,40.746571],[-73.966374,40.746721],[-73.966594,40.746872],[-73.966815,40.747022],[-73.967035,40.747173],[-73.967255,40.747323],[-73.967476,40.747474],[-73.967696,40.747624],[-73.967889,40.747756],[-73.96808,40.747854],[-73.968299,40.74795],[-73.968508,40.748023],[-73.9687,40.748076],[-73.968935,40.74812],[-73.969153,40.748141],[-73.969405,40.748142],[-73.969631,40.748122],[-73.969867,40.748086],[-73.970138,40.748011],[-73.970306,40.747948],[-73.970515,40.74783],[-73.970722,40.747712],[-73.970901,40.747565],[-73.971005,40.747451],[-73.9711,40.747312],[-73.971238,40.747113],[-73.971375,40.746914],[-73.971513,40.746714],[-73.97165,40.746515],[-73.971664,40.746494],[-73.971788,40.746364],[-73.971946,40.746246],[-73.972144,40.746139],[-73.972379,40.746052],[-73.972643,40.745991],[-73.972881,40.745968],[-73.973123,40.745974]]},"properties":{"id":"11878036","name":"Queens-Midtown Tunnel","tier":"arterial","w":5,"lanes":1,"vmax":17.9,"len":1959.1}},{"type":"Feature","geometry":{"type":"LineString","coordinates":[[-73.98924,40.757979],[-73.9891,40.758171],[-73.988956,40.758368],[-73.988875,40.758479],[-73.98887,40.758486]]},"properties":{"id":"1198594026#0","name":"8th Avenue","tier":"distributor","w":3,"lanes":3,"vmax":11.2,"len":64.4}},{"type":"Feature","geometry":{"type":"LineString","coordinates":[[-73.988482,40.7592],[-73.98853,40.759221],[-73.988789,40.75933],[-73.989048,40.759439],[-73.989307,40.759548],[-73.989566,40.759658],[-73.989825,40.759767],[-73.990084,40.759876],[-73.990343,40.759985],[-73.990602,40.760094],[-73.99085,40.760199]]},"properties":{"id":"1198594028#0","name":"West 45th Street","tier":"distributor","w":3,"lanes":1,"vmax":27.8,"len":228.6}},{"type":"Feature","geometry":{"type":"LineString","coordinates":[[-73.988605,40.75885],[-73.988484,40.759015],[-73.988422,40.759101],[-73.988413,40.759113]]},"properties":{"id":"1198594029#0","name":"8th Avenue","tier":"distributor","w":3,"lanes":3,"vmax":11.2,"len":33.5}},{"type":"Feature","geometry":{"type":"LineString","coordinates":[[-73.987891,40.759829],[-73.987876,40.759849],[-73.987732,40.760045],[-73.987709,40.760076]]},"properties":{"id":"1198594030#0","name":"8th Avenue","tier":"distributor","w":3,"lanes":3,"vmax":11.2,"len":31.4}},{"type":"Feature","geometry":{"type":"LineString","coordinates":[[-73.982427,40.7485],[-73.982287,40.748691],[-73.982143,40.748888],[-73.982068,40.748991],[-73.982063,40.748997]]},"properties":{"id":"1201643837#0","name":"Madison Avenue","tier":"distributor","w":3,"lanes":4,"vmax":11.2,"len":63.2}},{"type":"Feature","geometry":{"type":"LineString","coordinates":[[-73.971097,40.758424],[-73.971107,40.758428],[-73.971367,40.758536],[-73.971627,40.758644],[-73.971726,40.758685],[-73.971985,40.758794],[-73.972115,40.758849]]},"properties":{"id":"1201651432#0","name":"East 53rd Street","tier":"distributor","w":3,"lanes":2,"vmax":27.8,"len":98.0}},{"type":"Feature","geometry":{"type":"LineString","coordinates":[[-73.972198,40.758884],[-73.972335,40.758942],[-73.97239,40.758965],[-73.972442,40.758987]]},"properties":{"id":"1201651434#0","name":"East 53rd Street","tier":"distributor","w":3,"lanes":3,"vmax":27.8,"len":23.6}},{"type":"Feature","geometry":{"type":"LineString","coordinates":[[-73.973399,40.757835],[-73.973256,40.75803],[-73.973113,40.758227],[-73.97306,40.7583],[-73.973024,40.758348],[-73.973012,40.758366]]},"properties":{"id":"1201651435#0","name":"Park Avenue","tier":"arterial","w":4,"lanes":3,"vmax":11.2,"len":67.3}},{"type":"Feature","geometry":{"type":"LineString","coordinates":[[-73.972954,40.758447],[-73.972944,40.758462],[-73.9728,40.758659],[-73.972656,40.758856],[-73.972604,40.758927],[-73.972583,40.758956]]},"properties":{"id":"1201651435#4","name":"Park Avenue","tier":"arterial","w":4,"lanes":3,"vmax":11.2,"len":64.6}},{"type":"Feature","geometry":{"type":"LineString","coordinates":[[-73.972755,40.759027],[-73.972889,40.758845],[-73.973034,40.758648],[-73.973084,40.758581],[-73.97312,40.758533],[-73.973129,40.758521]]},"properties":{"id":"1201651437#0","name":"Park Avenue","tier":"arterial","w":4,"lanes":3,"vmax":11.2,"len":64.4}},{"type":"Feature","geometry":{"type":"LineString","coordinates":[[-73.996283,40.756743],[-73.996013,40.756729],[-73.995952,40.756683],[-73.995931,40.75666]]},"properties":{"id":"1201839361","name":"","tier":"arterial","w":3,"lanes":5,"vmax":22.2,"len":33.2}},{"type":"Feature","geometry":{"type":"LineString","coordinates":[[-73.996328,40.755163],[-73.996317,40.755171],[-73.996143,40.755301],[-73.996131,40.755308]]},"properties":{"id":"1201839381","name":"","tier":"arterial","w":3,"lanes":1,"vmax":11.2,"len":23.1}},{"type":"Feature","geometry":{"type":"LineString","coordinates":[[-73.996781,40.755246],[-73.996819,40.755247],[-73.996861,40.755238],[-73.996887,40.755228],[-73.996913,40.755217],[-73.996963,40.755194],[-73.997137,40.755116],[-73.997248,40.755065],[-73.997291,40.755044],[-73.997477,40.75496],[-73.997603,40.754901],[-73.997744,40.754826],[-73.997861,40.754763],[-73.997937,40.754718],[-73.998009,40.754663],[-73.998069,40.754611],[-73.998136,40.754549],[-73.998181,40.754488],[-73.998268,40.754425]]},"properties":{"id":"1202082365#0","name":"","tier":"arterial","w":3,"lanes":1,"vmax":22.2,"len":157.7}},{"type":"Feature","geometry":{"type":"LineString","coordinates":[[-73.997015,40.754629],[-73.997006,40.754637],[-73.99699,40.754652],[-73.996911,40.75472],[-73.996844,40.75478],[-73.996782,40.75483],[-73.996573,40.754989],[-73.996486,40.755055]]},"properties":{"id":"1202082384#0","name":"Dyer Avenue","tier":"arterial","w":4,"lanes":1,"vmax":11.2,"len":65.1}},{"type":"Feature","geometry":{"type":"LineString","coordinates":[[-73.977121,40.766083],[-73.977339,40.766175],[-73.977598,40.766285],[-73.977625,40.766296],[-73.977883,40.766406],[-73.978142,40.766515],[-73.9784,40.766625],[-73.978659,40.766735],[-73.978917,40.766845],[-73.97893,40.76685],[-73.978931,40.766851]]},"properties":{"id":"1205900284","name":"Central Park South","tier":"distributor","w":3,"lanes":3,"vmax":27.8,"len":174.9}},{"type":"Feature","geometry":{"type":"LineString","coordinates":[[-73.986046,40.762361],[-73.985908,40.76255],[-73.985773,40.762735]]},"properties":{"id":"1207834765","name":"8th Avenue","tier":"distributor","w":3,"lanes":4,"vmax":11.2,"len":47.5}},{"type":"Feature","geometry":{"type":"LineString","coordinates":[[-73.988806,40.758574],[-73.988795,40.758589],[-73.988651,40.758787]]},"properties":{"id":"1207834766","name":"8th Avenue","tier":"distributor","w":3,"lanes":2,"vmax":11.2,"len":27.0}},{"type":"Feature","geometry":{"type":"LineString","coordinates":[[-73.992731,40.75318],[-73.992613,40.753346],[-73.992565,40.753415],[-73.992561,40.753419]]},"properties":{"id":"1207834767#0","name":"8th Avenue","tier":"distributor","w":3,"lanes":3,"vmax":11.2,"len":30.2}},{"type":"Feature","geometry":{"type":"LineString","coordinates":[[-73.99366,40.751911],[-73.99354,40.752077],[-73.993517,40.752107],[-73.993513,40.752113]]},"properties":{"id":"1207834768#0","name":"8th Avenue","tier":"distributor","w":3,"lanes":4,"vmax":11.2,"len":25.6}},{"type":"Feature","geometry":{"type":"LineString","coordinates":[[-73.980371,40.759966],[-73.98031,40.760051],[-73.980277,40.760096],[-73.980134,40.760293],[-73.98001,40.760463]]},"properties":{"id":"1211049194#0","name":"6th Avenue","tier":"distributor","w":3,"lanes":4,"vmax":27.8,"len":63.1}},{"type":"Feature","geometry":{"type":"LineString","coordinates":[[-73.976468,40.765321],[-73.976347,40.765486],[-73.976305,40.765544]]},"properties":{"id":"1211049195#0","name":"6th Avenue","tier":"distributor","w":3,"lanes":4,"vmax":27.8,"len":28.2}},{"type":"Feature","geometry":{"type":"LineString","coordinates":[[-73.997283,40.757136],[-73.997258,40.75717],[-73.997114,40.757367],[-73.99697,40.757564],[-73.996892,40.757672],[-73.996881,40.757686]]},"properties":{"id":"1211608942#0","name":"10th Avenue","tier":"arterial","w":4,"lanes":4,"vmax":11.2,"len":69.9}},{"type":"Feature","geometry":{"type":"LineString","coordinates":[[-73.99635,40.758412],[-73.996277,40.758511]]},"properties":{"id":"1211608943#0","name":"10th Avenue","tier":"arterial","w":4,"lanes":5,"vmax":11.2,"len":12.7}},{"type":"Feature","geometry":{"type":"LineString","coordinates":[[-73.981716,40.76769],[-73.981696,40.767694]]},"properties":{"id":"1211612936","name":"Central Park South","tier":"distributor","w":3,"lanes":2,"vmax":11.2,"len":1.7}},{"type":"Feature","geometry":{"type":"LineString","coordinates":[[-73.981657,40.767685],[-73.981626,40.76769],[-73.981427,40.767737],[-73.981407,40.767742]]},"properties":{"id":"1211612937#0","name":"Central Park South","tier":"distributor","w":3,"lanes":3,"vmax":11.2,"len":22.0}},{"type":"Feature","geometry":{"type":"LineString","coordinates":[[-73.981282,40.767946],[-73.981283,40.767948],[-73.981286,40.767953]]},"properties":{"id":"1211612938","name":"Central Park South","tier":"distributor","w":3,"lanes":3,"vmax":11.2,"len":0.8}},{"type":"Feature","geometry":{"type":"LineString","coordinates":[[-73.998408,40.760774],[-73.998431,40.760744],[-73.998573,40.760546],[-73.998579,40.760538]]},"properties":{"id":"1212776159#0","name":"11th Avenue","tier":"arterial","w":4,"lanes":2,"vmax":11.2,"len":29.9}},{"type":"Feature","geometry":{"type":"LineString","coordinates":[[-73.997458,40.761988],[-73.997581,40.761824],[-73.997588,40.761813],[-73.997734,40.761617],[-73.997775,40.761562],[-73.997786,40.761547]]},"properties":{"id":"1213301201","name":"11th Avenue","tier":"distributor","w":3,"lanes":6,"vmax":11.2,"len":56.3}},{"type":"Feature","geometry":{"type":"LineString","coordinates":[[-73.999518,40.752173],[-73.999591,40.752075],[-73.999675,40.75196],[-73.999701,40.751923],[-73.999722,40.751889],[-73.999729,40.751874]]},"properties":{"id":"1238990622#0","name":"Dyer Avenue","tier":"distributor","w":3,"lanes":2,"vmax":11.2,"len":37.8}},{"type":"Feature","geometry":{"type":"LineString","coordinates":[[-73.970127,40.759562],[-73.970257,40.759383],[-73.9704,40.759186],[-73.970488,40.759064],[-73.970492,40.759059]]},"properties":{"id":"1250866957#0","name":"Lexington Avenue","tier":"distributor","w":3,"lanes":4,"vmax":11.2,"len":63.7}},{"type":"Feature","geometry":{"type":"LineString","coordinates":[[-73.991137,40.755376],[-73.991128,40.755388],[-73.990985,40.755585],[-73.990842,40.755782],[-73.990772,40.755879]]},"properties":{"id":"125479721#0","name":"8th Avenue","tier":"distributor","w":3,"lanes":4,"vmax":27.8,"len":63.8}},{"type":"Feature","geometry":{"type":"LineString","coordinates":[[-73.989718,40.757325],[-73.989715,40.757329],[-73.989571,40.757526],[-73.98943,40.757719],[-73.989342,40.75784]]},"properties":{"id":"125480075#0","name":"8th Avenue","tier":"distributor","w":3,"lanes":4,"vmax":11.2,"len":65.5}},{"type":"Feature","geometry":{"type":"LineString","coordinates":[[-73.991833,40.744228],[-73.991817,40.744251],[-73.991673,40.744447],[-73.991529,40.744644],[-73.99145,40.744751],[-73.991435,40.744772]]},"properties":{"id":"1266830893#0","name":"6th Avenue","tier":"distributor","w":3,"lanes":4,"vmax":11.2,"len":69.1}},{"type":"Feature","geometry":{"type":"LineString","coordinates":[[-73.991969,40.744051],[-73.991907,40.744136],[-73.991903,40.744142]]},"properties":{"id":"1266830894","name":"6th Avenue","tier":"distributor","w":3,"lanes":4,"vmax":11.2,"len":11.5}},{"type":"Feature","geometry":{"type":"LineString","coordinates":[[-73.982555,40.764004],[-73.982558,40.763998],[-73.982676,40.763792],[-73.982794,40.763585],[-73.982863,40.763464],[-73.982873,40.763446]]},"properties":{"id":"1267505842#0","name":"Broadway","tier":"local","w":2,"lanes":2,"vmax":22.2,"len":67.4}},{"type":"Feature","geometry":{"type":"LineString","coordinates":[[-73.982383,40.764446],[-73.982449,40.764263],[-73.982497,40.764129]]},"properties":{"id":"1267505843#0","name":"Broadway","tier":"local","w":2,"lanes":3,"vmax":22.2,"len":36.5}},{"type":"Feature","geometry":{"type":"LineString","coordinates":[[-73.976135,40.751523],[-73.976188,40.751545],[-73.976447,40.751654],[-73.976503,40.751678]]},"properties":{"id":"1272613980#0","name":"East 42nd Street","tier":"arterial","w":4,"lanes":2,"vmax":11.2,"len":35.5}},{"type":"Feature","geometry":{"type":"LineString","coordinates":[[-73.984043,40.754934],[-73.984042,40.754936],[-73.984026,40.754958],[-73.983882,40.755154],[-73.983738,40.755351],[-73.983669,40.755445]]},"properties":{"id":"127693103#0","name":"6th Avenue","tier":"distributor","w":3,"lanes":4,"vmax":27.8,"len":64.8}},{"type":"Feature","geometry":{"type":"LineString","coordinates":[[-73.983583,40.755563],[-73.983576,40.755572],[-73.983432,40.755769],[-73.983289,40.755966],[-73.983203,40.756082],[-73.983196,40.756092]]},"properties":{"id":"127693103#3","name":"6th Avenue","tier":"distributor","w":3,"lanes":4,"vmax":27.8,"len":67.1}},{"type":"Feature","geometry":{"type":"LineString","coordinates":[[-73.996601,40.747872],[-73.996592,40.747884],[-73.996447,40.74808],[-73.996302,40.748277],[-73.996236,40.748366],[-73.996226,40.74838]]},"properties":{"id":"127693383#0","name":"8th Avenue","tier":"distributor","w":3,"lanes":4,"vmax":11.2,"len":64.7}},{"type":"Feature","geometry":{"type":"LineString","coordinates":[[-73.996142,40.748492],[-73.996136,40.748501],[-73.996039,40.748631]]},"properties":{"id":"127693383#3","name":"8th Avenue","tier":"distributor","w":3,"lanes":4,"vmax":11.2,"len":17.7}},{"type":"Feature","geometry":{"type":"LineString","coordinates":[[-73.954077,40.741544],[-73.954373,40.74153],[-73.954423,40.741528],[-73.954705,40.741528],[-73.954975,40.741531],[-73.955265,40.741564],[-73.955555,40.741608],[-73.955561,40.741608],[-73.955848,40.741663],[-73.956135,40.741718],[-73.956422,40.741773],[-73.95671,40.741828],[-73.956997,40.741883],[-73.957284,40.741937],[-73.957571,40.741992],[-73.957858,40.742047],[-73.958145,40.742102],[-73.958433,40.742157],[-73.95872,40.742212],[-73.959007,40.742266],[-73.959157,40.742295],[-73.959441,40.74236],[-73.959549,40.742385],[-73.959825,40.742466],[-73.959963,40.742507],[-73.960221,40.742619],[-73.960248,40.742631],[-73.960504,40.742743],[-73.960552,40.742764],[-73.960793,40.742895],[-73.960834,40.742918],[-73.961064,40.743059],[-73.961092,40.743077],[-73.961313,40.743227],[-73.961533,40.743377],[-73.961754,40.743527],[-73.961974,40.743678],[-73.962195,40.743828],[-73.962415,40.743978],[-73.962636,40.744129],[-73.962856,40.744279],[-73.963077,40.744429],[-73.963297,40.74458],[-73.963518,40.74473],[-73.963738,40.74488],[-73.963958,40.745031],[-73.964179,40.745181],[-73.9644,40.745331],[-73.96462,40.745481],[-73.96484,40.745632],[-73.965061,40.745782],[-73.965281,40.745932],[-73.965502,40.746083],[-73.965722,40.746233],[-73.965943,40.746383],[-73.966163,40.746534],[-73.966384,40.746684],[-73.966604,40.746834],[-73.966825,40.746984],[-73.967045,40.747135],[-73.967266,40.747285],[-73.967486,40.747435],[-73.967707,40.747586],[-73.967897,40.747716],[-73.968087,40.747817],[-73.968293,40.747912],[-73.968498,40.747984],[-73.968698,40.74804],[-73.968931,40.748086],[-73.969156,40.748104],[-73.9694,40.748105],[-73.969623,40.748086],[-73.969857,40.74805],[-73.970078,40.747991],[-73.970271,40.747923],[-73.97047,40.747816],[-73.970694,40.747678],[-73.970835,40.747568],[-73.970971,40.747425],[-73.971058,40.747289],[-73.971197,40.74709],[-73.971336,40.746891],[-73.971475,40.746692],[-73.971614,40.746493],[-73.971638,40.746459],[-73.971761,40.746328],[-73.971919,40.74621],[-73.972117,40.746104],[-73.972352,40.746016],[-73.972617,40.745956],[-73.972854,40.745933],[-73.973125,40.745938]]},"properties":{"id":"1287670362","name":"Queens-Midtown Tunnel","tier":"arterial","w":5,"lanes":1,"vmax":17.9,"len":1959.5}},{"type":"Feature","geometry":{"type":"LineString","coordinates":[[-73.973125,40.745938],[-73.973174,40.745941],[-73.97324,40.745952],[-73.973311,40.745967],[-73.973372,40.745983],[-73.973422,40.745999],[-73.973479,40.74602],[-73.97359,40.746059]]},"properties":{"id":"1287670364","name":"","tier":"arterial","w":5,"lanes":1,"vmax":39.4,"len":41.8}},{"type":"Feature","geometry":{"type":"LineString","coordinates":[[-73.972439,40.745647],[-73.972202,40.745735],[-73.972029,40.745846],[-73.971893,40.745954],[-73.971697,40.746121],[-73.971553,40.746318],[-73.971409,40.746515],[-73.971265,40.746712],[-73.971121,40.746909],[-73.970977,40.747105],[-73.970901,40.74721],[-73.970831,40.7473],[-73.970695,40.74745],[-73.970557,40.747563],[-73.970399,40.747668],[-73.970226,40.747744],[-73.970024,40.747814],[-73.969855,40.747858],[-73.969642,40.747904],[-73.969436,40.747919],[-73.969212,40.747919],[-73.969011,40.747908],[-73.968803,40.747875],[-73.968623,40.747826],[-73.968462,40.747771],[-73.968214,40.747656],[-73.968046,40.747568],[-73.967825,40.747417],[-73.967605,40.747267],[-73.967384,40.747116],[-73.967164,40.746966],[-73.966944,40.746816],[-73.966723,40.746665],[-73.966503,40.746515],[-73.966282,40.746365],[-73.966062,40.746214],[-73.965841,40.746064],[-73.965621,40.745914],[-73.965401,40.745763],[-73.96518,40.745613],[-73.96496,40.745463],[-73.964739,40.745312],[-73.964519,40.745162],[-73.964298,40.745012],[-73.964078,40.744861],[-73.963858,40.744711],[-73.963637,40.74456],[-73.963417,40.74441],[-73.963196,40.74426],[-73.962976,40.744109],[-73.962755,40.743959],[-73.962535,40.743809],[-73.962314,40.743658],[-73.962094,40.743508],[-73.961874,40.743358],[-73.961653,40.743207],[-73.961433,40.743057],[-73.961256,40.742937],[-73.961022,40.742799],[-73.960971,40.742769],[-73.960728,40.74264],[-73.960701,40.742627],[-73.960446,40.742513],[-73.960383,40.742485],[-73.960115,40.742388],[-73.960061,40.742369],[-73.959786,40.742286],[-73.959666,40.742251],[-73.959381,40.742189],[-73.959204,40.742151],[-73.958917,40.742097],[-73.958629,40.742043],[-73.958342,40.741989],[-73.958055,40.741934],[-73.957767,40.74188],[-73.95748,40.741826],[-73.957192,40.741772],[-73.956905,40.741718],[-73.956618,40.741664],[-73.95633,40.741609],[-73.956043,40.741555],[-73.95576,40.741502],[-73.955488,40.741453],[-73.955248,40.741418],[-73.954984,40.74139],[-73.95475,40.741383],[-73.954455,40.741399],[-73.954159,40.741415],[-73.954072,40.74142]]},"properties":{"id":"1287670367","name":"Queens-Midtown Tunnel","tier":"arterial","w":5,"lanes":1,"vmax":17.9,"len":1910.7}},{"type":"Feature","geometry":{"type":"LineString","coordinates":[[-73.973159,40.745582],[-73.97312,40.745576],[-73.973041,40.74557],[-73.972981,40.745569],[-73.972926,40.745568],[-73.97287,40.745571],[-73.972796,40.745574],[-73.972747,40.745579],[-73.972681,40.745585],[-73.972619,40.745597],[-73.972557,40.74561],[-73.972439,40.745647]]},"properties":{"id":"1287670368","name":"","tier":"arterial","w":5,"lanes":1,"vmax":39.4,"len":62.1}},{"type":"Feature","geometry":{"type":"LineString","coordinates":[[-73.974702,40.746036],[-73.974499,40.746023],[-73.974255,40.745974]]},"properties":{"id":"1287670369","name":"","tier":"arterial","w":5,"lanes":2,"vmax":39.4,"len":38.5}},{"type":"Feature","geometry":{"type":"LineString","coordinates":[[-73.973666,40.746103],[-73.973888,40.746189],[-73.973901,40.746194],[-73.974081,40.746261]]},"properties":{"id":"1287670370","name":"","tier":"arterial","w":5,"lanes":2,"vmax":39.4,"len":39.2}},{"type":"Feature","geometry":{"type":"LineString","coordinates":[[-73.974105,40.746287],[-73.974345,40.746387],[-73.974452,40.746447]]},"properties":{"id":"1287670372","name":"","tier":"arterial","w":3,"lanes":1,"vmax":22.2,"len":34.3}},{"type":"Feature","geometry":{"type":"LineString","coordinates":[[-73.991739,40.764741],[-73.991734,40.764747],[-73.99159,40.764944],[-73.991445,40.765141],[-73.99136,40.765257],[-73.991356,40.765262]]},"properties":{"id":"1308875366#0","name":"10th Avenue","tier":"arterial","w":4,"lanes":3,"vmax":11.2,"len":66.3}},{"type":"Feature","geometry":{"type":"LineString","coordinates":[[-73.992203,40.7641],[-73.992189,40.764117],[-73.9921,40.764241]]},"properties":{"id":"1308875367#0","name":"10th Avenue","tier":"arterial","w":4,"lanes":4,"vmax":11.2,"len":17.9}},{"type":"Feature","geometry":{"type":"LineString","coordinates":[[-73.998711,40.759265],[-73.998684,40.759245],[-73.998624,40.759202]]},"properties":{"id":"1312887380","name":"","tier":"arterial","w":3,"lanes":1,"vmax":22.2,"len":10.1}},{"type":"Feature","geometry":{"type":"LineString","coordinates":[[-73.999115,40.759397],[-73.998929,40.759321],[-73.998667,40.759215],[-73.998643,40.759186]]},"properties":{"id":"1312887381#0","name":"West 40th Street","tier":"arterial","w":4,"lanes":1,"vmax":11.2,"len":46.7}},{"type":"Feature","geometry":{"type":"LineString","coordinates":[[-73.996573,40.766702],[-73.996555,40.766694],[-73.996394,40.766627],[-73.996185,40.766539],[-73.995926,40.766431],[-73.995666,40.766322],[-73.995407,40.766213],[-73.995278,40.76616],[-73.995019,40.766051],[-73.994828,40.765971],[-73.994777,40.765949],[-73.994714,40.765923]]},"properties":{"id":"1313054202","name":"West 50th Street","tier":"distributor","w":3,"lanes":3,"vmax":11.2,"len":179.1}},{"type":"Feature","geometry":{"type":"LineString","coordinates":[[-73.970704,40.747579],[-73.970697,40.747589],[-73.970553,40.74778]]},"properties":{"id":"1313071249#0","name":"1st Avenue","tier":"arterial","w":4,"lanes":4,"vmax":11.2,"len":25.7}},{"type":"Feature","geometry":{"type":"LineString","coordinates":[[-73.971191,40.746953],[-73.971172,40.746978],[-73.971036,40.747178],[-73.971014,40.747211]]},"properties":{"id":"1313071250#0","name":"1st Avenue","tier":"arterial","w":4,"lanes":4,"vmax":11.2,"len":32.3}},{"type":"Feature","geometry":{"type":"LineString","coordinates":[[-73.998016,40.764918],[-73.997904,40.765071],[-73.997778,40.765243]]},"properties":{"id":"1313135172","name":"12th Avenue","tier":"arterial","w":5,"lanes":5,"vmax":13.4,"len":41.3}},{"type":"Feature","geometry":{"type":"LineString","coordinates":[[-73.999503,40.763376],[-73.999537,40.763345],[-73.999609,40.763289],[-73.999679,40.763232],[-73.999695,40.763219]]},"properties":{"id":"1313135175#0","name":"12th Avenue","tier":"arterial","w":5,"lanes":5,"vmax":13.4,"len":23.8}},{"type":"Feature","geometry":{"type":"LineString","coordinates":[[-73.99876,40.764259],[-73.998773,40.764242],[-73.99878,40.764232]]},"properties":{"id":"1313135176#0","name":"12th Avenue","tier":"arterial","w":5,"lanes":4,"vmax":13.4,"len":3.5}},{"type":"Feature","geometry":{"type":"LineString","coordinates":[[-73.999772,40.76316],[-73.999832,40.763118],[-73.999894,40.763079],[-73.999977,40.763022],[-74.000139,40.762911]]},"properties":{"id":"1313135177#0","name":"12th Avenue","tier":"arterial","w":5,"lanes":4,"vmax":13.4,"len":41.5}},{"type":"Feature","geometry":{"type":"LineString","coordinates":[[-73.976591,40.750715],[-73.976596,40.750708],[-73.976741,40.750511],[-73.976885,40.750314],[-73.976919,40.750269],[-73.976952,40.750224],[-73.976956,40.750218]]},"properties":{"id":"1316295726#0","name":"Lexington Avenue","tier":"distributor","w":3,"lanes":4,"vmax":11.2,"len":63.1}},{"type":"Feature","geometry":{"type":"LineString","coordinates":[[-73.974907,40.750173],[-73.97489,40.750198],[-73.974778,40.750349],[-73.974633,40.750545],[-73.974569,40.750632],[-73.974537,40.750676]]},"properties":{"id":"1316831694#0","name":"3rd Avenue","tier":"arterial","w":4,"lanes":5,"vmax":11.2,"len":64.0}},{"type":"Feature","geometry":{"type":"LineString","coordinates":[[-73.9758,40.748948],[-73.975795,40.748954],[-73.975652,40.749151],[-73.975509,40.749348],[-73.975478,40.749391],[-73.975443,40.749438],[-73.975432,40.749453]]},"properties":{"id":"1316831700#0","name":"3rd Avenue","tier":"arterial","w":4,"lanes":4,"vmax":11.2,"len":64.1}},{"type":"Feature","geometry":{"type":"LineString","coordinates":[[-73.983657,40.754682],[-73.983875,40.754773],[-73.983966,40.754811],[-73.98397,40.754813]]},"properties":{"id":"1320232776#0","name":"West 42nd Street","tier":"arterial","w":4,"lanes":3,"vmax":11.2,"len":30.1}},{"type":"Feature","geometry":{"type":"LineString","coordinates":[[-73.98899,40.763436],[-73.988991,40.763434],[-73.989134,40.763237],[-73.989215,40.763126],[-73.989358,40.762929],[-73.989363,40.762923],[-73.989365,40.762921]]},"properties":{"id":"1320234482#0","name":"9th Avenue","tier":"arterial","w":4,"lanes":4,"vmax":27.8,"len":65.3}},{"type":"Feature","geometry":{"type":"LineString","coordinates":[[-73.983803,40.760504],[-73.983848,40.760523],[-73.98405,40.760608],[-73.98431,40.760716],[-73.984368,40.76074],[-73.984456,40.760777]]},"properties":{"id":"1320234484#0","name":"West 49th Street","tier":"distributor","w":3,"lanes":1,"vmax":11.2,"len":62.9}},{"type":"Feature","geometry":{"type":"LineString","coordinates":[[-73.984585,40.760831],[-73.984597,40.760837],[-73.984855,40.760947],[-73.984955,40.760989],[-73.985117,40.761057],[-73.985376,40.761167],[-73.98542,40.761185],[-73.985679,40.761294],[-73.985938,40.761403],[-73.986197,40.761512],[-73.986428,40.761609],[-73.986453,40.76162]]},"properties":{"id":"1320234484#3","name":"West 49th Street","tier":"distributor","w":3,"lanes":1,"vmax":11.2,"len":180.4}},{"type":"Feature","geometry":{"type":"LineString","coordinates":[[-73.986679,40.761715],[-73.986708,40.761727],[-73.986967,40.761836],[-73.987002,40.761851],[-73.987261,40.76196],[-73.98752,40.762069],[-73.987749,40.762166],[-73.988008,40.762275],[-73.988091,40.76231],[-73.98835,40.762419],[-73.988356,40.762421],[-73.988615,40.76253],[-73.988835,40.762623]]},"properties":{"id":"1320234484#6","name":"West 49th Street","tier":"distributor","w":3,"lanes":1,"vmax":11.2,"len":208.0}},{"type":"Feature","geometry":{"type":"LineString","coordinates":[[-73.988917,40.762658],[-73.989135,40.762749],[-73.989201,40.762777],[-73.989279,40.76281],[-73.989289,40.762814]]},"properties":{"id":"1320234485#0","name":"West 49th Street","tier":"distributor","w":3,"lanes":2,"vmax":11.2,"len":35.9}},{"type":"Feature","geometry":{"type":"LineString","coordinates":[[-73.992072,40.758228],[-73.992289,40.758319],[-73.992434,40.75838],[-73.992476,40.758398]]},"properties":{"id":"1320290376#0","name":"West 42nd Street","tier":"arterial","w":4,"lanes":3,"vmax":11.2,"len":39.0}},{"type":"Feature","geometry":{"type":"LineString","coordinates":[[-73.993882,40.758922],[-73.993838,40.758903],[-73.99358,40.758794],[-73.99348,40.758752]]},"properties":{"id":"1320549615#0","name":"West 42nd Street","tier":"arterial","w":4,"lanes":2,"vmax":11.2,"len":38.8}},{"type":"Feature","geometry":{"type":"LineString","coordinates":[[-73.989881,40.757318],[-73.989901,40.757326],[-73.99016,40.757435],[-73.990306,40.757497],[-73.990546,40.757597]]},"properties":{"id":"1321771943#0","name":"West 42nd Street","tier":"arterial","w":4,"lanes":2,"vmax":11.2,"len":64.1}},{"type":"Feature","geometry":{"type":"LineString","coordinates":[[-73.997777,40.765245],[-73.997707,40.76534]]},"properties":{"id":"1341940285","name":"12th Avenue","tier":"arterial","w":5,"lanes":5,"vmax":13.4,"len":12.0}},{"type":"Feature","geometry":{"type":"LineString","coordinates":[[-73.997545,40.765931],[-73.997659,40.765774]]},"properties":{"id":"1341940286","name":"12th Avenue","tier":"arterial","w":5,"lanes":5,"vmax":13.4,"len":19.9}},{"type":"Feature","geometry":{"type":"LineString","coordinates":[[-73.972331,40.742974],[-73.972358,40.742946],[-73.972461,40.742736],[-73.972554,40.742527],[-73.972627,40.742335]]},"properties":{"id":"134485639","name":"","tier":"arterial","w":3,"lanes":1,"vmax":22.2,"len":75.4}},{"type":"Feature","geometry":{"type":"LineString","coordinates":[[-73.976784,40.759116],[-73.97679,40.759107],[-73.976935,40.758911],[-73.977081,40.758715],[-73.977162,40.758606],[-73.977165,40.758602]]},"properties":{"id":"1352944235#0","name":"5th Avenue","tier":"distributor","w":3,"lanes":4,"vmax":11.2,"len":65.5}},{"type":"Feature","geometry":{"type":"LineString","coordinates":[[-73.970142,40.748657],[-73.970049,40.748786],[-73.970022,40.748821]]},"properties":{"id":"1359353584","name":"1st Avenue","tier":"arterial","w":4,"lanes":1,"vmax":27.8,"len":20.8}},{"type":"Feature","geometry":{"type":"LineString","coordinates":[[-73.995032,40.758619],[-73.995224,40.758701]]},"properties":{"id":"1361048663","name":"West 41st Street","tier":"distributor","w":3,"lanes":5,"vmax":27.8,"len":18.6}},{"type":"Feature","geometry":{"type":"LineString","coordinates":[[-73.976596,40.751701],[-73.976814,40.751791],[-73.977074,40.751899],[-73.977333,40.752008],[-73.97735,40.752015],[-73.977464,40.752062],[-73.977518,40.752084],[-73.977655,40.752141],[-73.977796,40.752199],[-73.978055,40.752308],[-73.978226,40.752379],[-73.978364,40.752436],[-73.978503,40.752494],[-73.97858,40.752526],[-73.978636,40.752553],[-73.978691,40.752579],[-73.978823,40.752643],[-73.978885,40.752672],[-73.978937,40.752696],[-73.978988,40.752719],[-73.97916,40.75279]]},"properties":{"id":"1364312922","name":"East 42nd Street","tier":"arterial","w":4,"lanes":2,"vmax":11.2,"len":248.1}},{"type":"Feature","geometry":{"type":"LineString","coordinates":[[-73.975017,40.755933],[-73.975031,40.755914],[-73.975174,40.755717],[-73.975317,40.755519],[-73.975377,40.755437],[-73.975401,40.755403]]},"properties":{"id":"1376704196#0","name":"Park Avenue","tier":"arterial","w":4,"lanes":3,"vmax":11.2,"len":67.1}},{"type":"Feature","geometry":{"type":"LineString","coordinates":[[-73.975483,40.75529],[-73.975625,40.755096],[-73.975769,40.7549],[-73.975836,40.754808],[-73.97585,40.754792],[-73.975861,40.75478]]},"properties":{"id":"1376704196#4","name":"Park Avenue","tier":"arterial","w":4,"lanes":3,"vmax":11.2,"len":65.0}},{"type":"Feature","geometry":{"type":"LineString","coordinates":[[-73.974775,40.755948],[-73.97477,40.755956],[-73.974627,40.756153],[-73.974484,40.75635],[-73.974429,40.756426],[-73.974397,40.756469]]},"properties":{"id":"1376704198#0","name":"Park Avenue","tier":"arterial","w":4,"lanes":3,"vmax":11.2,"len":66.0}},{"type":"Feature","geometry":{"type":"LineString","coordinates":[[-73.974315,40.756583],[-73.974173,40.756776],[-73.974029,40.756973],[-73.973971,40.757052],[-73.973945,40.757087]]},"properties":{"id":"1376704198#4","name":"Park Avenue","tier":"arterial","w":4,"lanes":3,"vmax":11.2,"len":64.0}},{"type":"Feature","geometry":{"type":"LineString","coordinates":[[-73.988837,40.753459],[-73.988981,40.753261],[-73.988988,40.753252],[-73.989132,40.753055],[-73.9892,40.752963],[-73.989206,40.752954]]},"properties":{"id":"1376929274#0","name":"7th Avenue","tier":"distributor","w":3,"lanes":3,"vmax":11.2,"len":64.1}},{"type":"Feature","geometry":{"type":"LineString","coordinates":[[-73.985727,40.762798],[-73.98568,40.762862],[-73.985675,40.76287]]},"properties":{"id":"1376935153#0","name":"8th Avenue","tier":"distributor","w":3,"lanes":3,"vmax":11.2,"len":9.1}},{"type":"Feature","geometry":{"type":"LineString","coordinates":[[-73.986005,40.762254],[-73.985959,40.762234],[-73.985829,40.762179],[-73.985569,40.76207],[-73.985321,40.761966],[-73.985279,40.761948],[-73.98502,40.761839],[-73.98476,40.76173],[-73.984501,40.761621],[-73.984242,40.761512],[-73.984178,40.761485]]},"properties":{"id":"1376951511#0","name":"West 50th Street","tier":"distributor","w":3,"lanes":2,"vmax":27.8,"len":176.3}},{"type":"Feature","geometry":{"type":"LineString","coordinates":[[-73.986494,40.76246],[-73.986277,40.762368],[-73.986251,40.762357],[-73.986214,40.762341]]},"properties":{"id":"1376951512","name":"West 50th Street","tier":"distributor","w":3,"lanes":3,"vmax":27.8,"len":27.1}},{"type":"Feature","geometry":{"type":"LineString","coordinates":[[-73.997364,40.754317],[-73.997504,40.754119],[-73.99755,40.754054],[-73.997555,40.754048]]},"properties":{"id":"139919706#0","name":"Dyer Avenue","tier":"arterial","w":4,"lanes":2,"vmax":11.2,"len":34.0}},{"type":"Feature","geometry":{"type":"LineString","coordinates":[[-73.983024,40.763024],[-73.983019,40.762994],[-73.983118,40.762781],[-73.983131,40.762754],[-73.983134,40.762748]]},"properties":{"id":"1413723466#0","name":"","tier":"local","w":2,"lanes":1,"vmax":22.2,"len":32.3}},{"type":"Feature","geometry":{"type":"LineString","coordinates":[[-73.970832,40.747622],[-73.970819,40.74764],[-73.970753,40.747734],[-73.970612,40.747932],[-73.970592,40.747961]]},"properties":{"id":"1414774493#0","name":"1st Avenue","tier":"arterial","w":4,"lanes":2,"vmax":11.2,"len":42.8}},{"type":"Feature","geometry":{"type":"LineString","coordinates":[[-73.99593,40.767778],[-73.995856,40.767879],[-73.995823,40.767924],[-73.995795,40.767962]]},"properties":{"id":"1425233036#0","name":"12th Avenue","tier":"arterial","w":5,"lanes":4,"vmax":13.4,"len":23.4}},{"type":"Feature","geometry":{"type":"LineString","coordinates":[[-73.996354,40.767193],[-73.996256,40.767329]]},"properties":{"id":"1425350540","name":"12th Avenue","tier":"arterial","w":5,"lanes":4,"vmax":13.4,"len":17.2}},{"type":"Feature","geometry":{"type":"LineString","coordinates":[[-73.996274,40.767676],[-73.996373,40.76754],[-73.996399,40.767504]]},"properties":{"id":"1425350541#0","name":"12th Avenue","tier":"arterial","w":5,"lanes":4,"vmax":13.4,"len":21.8}},{"type":"Feature","geometry":{"type":"LineString","coordinates":[[-73.973433,40.743879],[-73.973289,40.744076],[-73.973195,40.744203]]},"properties":{"id":"144001606#0","name":"1st Avenue","tier":"arterial","w":4,"lanes":4,"vmax":11.2,"len":41.3}},{"type":"Feature","geometry":{"type":"LineString","coordinates":[[-73.981942,40.765617],[-73.981917,40.76559],[-73.98193,40.765531],[-73.981938,40.765495]]},"properties":{"id":"1442249231#0","name":"","tier":"local","w":2,"lanes":1,"vmax":22.2,"len":14.4}},{"type":"Feature","geometry":{"type":"LineString","coordinates":[[-73.98206,40.765421],[-73.982061,40.765418],[-73.982129,40.765199],[-73.982196,40.76498],[-73.982229,40.764874]]},"properties":{"id":"1442249232#0","name":"Broadway","tier":"local","w":2,"lanes":2,"vmax":22.2,"len":62.4}},{"type":"Feature","geometry":{"type":"LineString","coordinates":[[-73.982292,40.764697],[-73.982292,40.764695],[-73.982358,40.764515]]},"properties":{"id":"1442249232#3","name":"Broadway","tier":"local","w":2,"lanes":2,"vmax":22.2,"len":21.0}},{"type":"Feature","geometry":{"type":"LineString","coordinates":[[-73.982019,40.765612],[-73.982027,40.765566],[-73.982032,40.76554]]},"properties":{"id":"1442249235#0","name":"Broadway","tier":"local","w":2,"lanes":2,"vmax":22.2,"len":8.1}},{"type":"Feature","geometry":{"type":"LineString","coordinates":[[-73.974399,40.750866],[-73.974393,40.750875],[-73.974249,40.751071],[-73.974169,40.751182],[-73.974025,40.751378],[-73.974015,40.751392],[-73.973998,40.751415]]},"properties":{"id":"1455345748#0","name":"3rd Avenue","tier":"arterial","w":4,"lanes":4,"vmax":11.2,"len":69.7}},{"type":"Feature","geometry":{"type":"LineString","coordinates":[[-73.973933,40.751503],[-73.973927,40.751512],[-73.973783,40.751709],[-73.973639,40.751906],[-73.97356,40.752014],[-73.97355,40.752029]]},"properties":{"id":"1455345748#3","name":"3rd Avenue","tier":"arterial","w":4,"lanes":4,"vmax":11.2,"len":66.7}},{"type":"Feature","geometry":{"type":"LineString","coordinates":[[-73.973342,40.752321],[-73.973219,40.752485],[-73.973107,40.752635]]},"properties":{"id":"1455345749#0","name":"3rd Avenue","tier":"arterial","w":4,"lanes":5,"vmax":11.2,"len":40.1}},{"type":"Feature","geometry":{"type":"LineString","coordinates":[[-73.973008,40.75277],[-73.972871,40.752957],[-73.972727,40.753154],[-73.972649,40.753262]]},"properties":{"id":"1455345750#0","name":"3rd Avenue","tier":"arterial","w":4,"lanes":4,"vmax":11.2,"len":62.4}},{"type":"Feature","geometry":{"type":"LineString","coordinates":[[-73.97255,40.753397],[-73.97241,40.753589],[-73.972266,40.753786],[-73.972185,40.753896],[-73.972177,40.753908]]},"properties":{"id":"1455345750#3","name":"3rd Avenue","tier":"arterial","w":4,"lanes":4,"vmax":11.2,"len":64.8}},{"type":"Feature","geometry":{"type":"LineString","coordinates":[[-73.972112,40.753996],[-73.9721,40.754013],[-73.971956,40.754209],[-73.971903,40.754283],[-73.971759,40.75448],[-73.97173,40.754519],[-73.971724,40.754528]]},"properties":{"id":"1455345750#6","name":"3rd Avenue","tier":"arterial","w":4,"lanes":4,"vmax":11.2,"len":67.5}},{"type":"Feature","geometry":{"type":"LineString","coordinates":[[-73.971654,40.754623],[-73.971639,40.754643],[-73.971495,40.75484],[-73.971478,40.754864]]},"properties":{"id":"1455345750#9","name":"3rd Avenue","tier":"arterial","w":4,"lanes":4,"vmax":11.2,"len":30.5}},{"type":"Feature","geometry":{"type":"LineString","coordinates":[[-73.971432,40.754927],[-73.971311,40.755092],[-73.971281,40.755133]]},"properties":{"id":"1455345751#0","name":"3rd Avenue","tier":"arterial","w":4,"lanes":5,"vmax":11.2,"len":26.2}},{"type":"Feature","geometry":{"type":"LineString","coordinates":[[-73.97118,40.755272],[-73.971045,40.755457],[-73.970901,40.755654],[-73.970814,40.755773],[-73.970812,40.755775]]},"properties":{"id":"1455345752#0","name":"3rd Avenue","tier":"arterial","w":4,"lanes":4,"vmax":11.2,"len":63.9}},{"type":"Feature","geometry":{"type":"LineString","coordinates":[[-73.97073,40.755887],[-73.970726,40.755893],[-73.9706,40.756066]]},"properties":{"id":"1455345752#3","name":"3rd Avenue","tier":"arterial","w":4,"lanes":4,"vmax":11.2,"len":22.7}},{"type":"Feature","geometry":{"type":"LineString","coordinates":[[-73.970554,40.756129],[-73.970433,40.756294],[-73.970361,40.756392],[-73.970347,40.756412]]},"properties":{"id":"1455345753#0","name":"3rd Avenue","tier":"arterial","w":4,"lanes":5,"vmax":11.2,"len":35.9}},{"type":"Feature","geometry":{"type":"LineString","coordinates":[[-73.975827,40.747097],[-73.975827,40.747098]]},"properties":{"id":"1461919267","name":"","tier":"arterial","w":3,"lanes":1,"vmax":22.2,"len":0.2}},{"type":"Feature","geometry":{"type":"LineString","coordinates":[[-73.97587,40.747114],[-73.975876,40.747118],[-73.975904,40.74714],[-73.97593,40.747168],[-73.975913,40.747191]]},"properties":{"id":"1461919269","name":"","tier":"arterial","w":3,"lanes":1,"vmax":22.2,"len":10.8}},{"type":"Feature","geometry":{"type":"LineString","coordinates":[[-73.975457,40.746952],[-73.975536,40.746975],[-73.975607,40.746996],[-73.975775,40.747068]]},"properties":{"id":"1461922851","name":"","tier":"arterial","w":3,"lanes":1,"vmax":22.2,"len":29.8}},{"type":"Feature","geometry":{"type":"LineString","coordinates":[[-73.975454,40.746955],[-73.975525,40.746991],[-73.975584,40.74702],[-73.975737,40.747085]]},"properties":{"id":"1461922852","name":"","tier":"arterial","w":3,"lanes":1,"vmax":22.2,"len":27.9}},{"type":"Feature","geometry":{"type":"LineString","coordinates":[[-73.977132,40.747082],[-73.977005,40.747269],[-73.976869,40.747469],[-73.976821,40.747539],[-73.976811,40.747554]]},"properties":{"id":"1462663361#0","name":"3rd Avenue","tier":"arterial","w":4,"lanes":4,"vmax":11.2,"len":59.0}},{"type":"Feature","geometry":{"type":"LineString","coordinates":[[-73.977601,40.746455],[-73.977454,40.746649],[-73.977307,40.746844],[-73.977252,40.746917],[-73.97724,40.746933]]},"properties":{"id":"1462663362#0","name":"3rd Avenue","tier":"arterial","w":4,"lanes":4,"vmax":11.2,"len":61.2}},{"type":"Feature","geometry":{"type":"LineString","coordinates":[[-73.971558,40.760364],[-73.971432,40.760538],[-73.971288,40.760734],[-73.971234,40.760808],[-73.971203,40.76085],[-73.971193,40.760865]]},"properties":{"id":"1498928840#0","name":"Park Avenue","tier":"arterial","w":4,"lanes":3,"vmax":11.2,"len":63.6}},{"type":"Feature","geometry":{"type":"LineString","coordinates":[[-73.99234,40.7641],[-73.992342,40.764101]]},"properties":{"id":"1499234747","name":"West 49th Street","tier":"distributor","w":3,"lanes":1,"vmax":11.2,"len":0.2}},{"type":"Feature","geometry":{"type":"LineString","coordinates":[[-73.989514,40.762909],[-73.989544,40.762921],[-73.989803,40.763031],[-73.990062,40.76314],[-73.990321,40.763249],[-73.99058,40.763358],[-73.990839,40.763467],[-73.991098,40.763576],[-73.991357,40.763685],[-73.991616,40.763794],[-73.991875,40.763903],[-73.992118,40.764006],[-73.992128,40.76401]]},"properties":{"id":"1499234748","name":"West 49th Street","tier":"distributor","w":3,"lanes":1,"vmax":11.2,"len":252.2}},{"type":"Feature","geometry":{"type":"LineString","coordinates":[[-73.992624,40.763522],[-73.992503,40.763688],[-73.99236,40.763885],[-73.99228,40.763995],[-73.992268,40.764011]]},"properties":{"id":"1499234750#0","name":"10th Avenue","tier":"arterial","w":4,"lanes":4,"vmax":11.2,"len":62.0}},{"type":"Feature","geometry":{"type":"LineString","coordinates":[[-73.969439,40.763585],[-73.969543,40.763629],[-73.969651,40.763674],[-73.969909,40.763786],[-73.970166,40.763897],[-73.970424,40.764008],[-73.970681,40.76412],[-73.97083,40.764184]]},"properties":{"id":"1499498642#0","name":"East 60th Street","tier":"distributor","w":3,"lanes":2,"vmax":11.2,"len":134.8}},{"type":"Feature","geometry":{"type":"LineString","coordinates":[[-73.970122,40.762323],[-73.96999,40.762504],[-73.969847,40.762701],[-73.969779,40.762795],[-73.969759,40.762823],[-73.969724,40.76287]]},"properties":{"id":"1499796506#0","name":"Park Avenue","tier":"arterial","w":4,"lanes":4,"vmax":11.2,"len":69.4}},{"type":"Feature","geometry":{"type":"LineString","coordinates":[[-73.995863,40.759079],[-73.995847,40.759101]]},"properties":{"id":"1518515023#0","name":"10th Avenue","tier":"arterial","w":4,"lanes":4,"vmax":11.2,"len":2.8}},{"type":"Feature","geometry":{"type":"LineString","coordinates":[[-73.995408,40.759706],[-73.995387,40.759734],[-73.995243,40.759931],[-73.9951,40.760128],[-73.995015,40.760244],[-73.995011,40.760249]]},"properties":{"id":"1518515024#0","name":"10th Avenue","tier":"arterial","w":4,"lanes":4,"vmax":11.2,"len":68.9}},{"type":"Feature","geometry":{"type":"LineString","coordinates":[[-73.994923,40.76037],[-73.994783,40.760562],[-73.994751,40.760607],[-73.994607,40.760804],[-73.99456,40.760868],[-73.994555,40.760875]]},"properties":{"id":"1518515024#3","name":"10th Avenue","tier":"arterial","w":4,"lanes":4,"vmax":11.2,"len":64.1}},{"type":"Feature","geometry":{"type":"LineString","coordinates":[[-73.978918,40.750252],[-73.978774,40.750442],[-73.978663,40.750589]]},"properties":{"id":"1523419609#0","name":"Park Avenue","tier":"arterial","w":4,"lanes":2,"vmax":11.2,"len":43.2}},{"type":"Feature","geometry":{"type":"LineString","coordinates":[[-73.973279,40.748376],[-73.973399,40.74821],[-73.973503,40.748066],[-73.973556,40.747993]]},"properties":{"id":"1523945330","name":"2nd Avenue","tier":"arterial","w":4,"lanes":4,"vmax":11.2,"len":48.6}},{"type":"Feature","geometry":{"type":"LineString","coordinates":[[-73.973185,40.748506],[-73.973197,40.748489],[-73.973233,40.748439]]},"properties":{"id":"1523945331#0","name":"2nd Avenue","tier":"arterial","w":4,"lanes":5,"vmax":11.2,"len":8.4}},{"type":"Feature","geometry":{"type":"LineString","coordinates":[[-73.974169,40.745954],[-73.973985,40.745905],[-73.973864,40.745861],[-73.973597,40.745764],[-73.973467,40.745716],[-73.973424,40.745699],[-73.973334,40.745665],[-73.973216,40.745614]]},"properties":{"id":"1525440750","name":"","tier":"arterial","w":5,"lanes":1,"vmax":39.4,"len":89.0}},{"type":"Feature","geometry":{"type":"LineString","coordinates":[[-73.99772,40.756535],[-73.997702,40.75656],[-73.997558,40.756757],[-73.997415,40.756954],[-73.99735,40.757043]]},"properties":{"id":"1527798601#2","name":"10th Avenue","tier":"arterial","w":4,"lanes":4,"vmax":11.2,"len":64.5}},{"type":"Feature","geometry":{"type":"LineString","coordinates":[[-73.978582,40.745106],[-73.978572,40.74512],[-73.978429,40.745317],[-73.978409,40.745345],[-73.978266,40.745543],[-73.978222,40.745603],[-73.978191,40.745645],[-73.978186,40.745652]]},"properties":{"id":"1528044512#0","name":"3rd Avenue","tier":"arterial","w":4,"lanes":5,"vmax":11.2,"len":69.2}},{"type":"Feature","geometry":{"type":"LineString","coordinates":[[-73.976697,40.747719],[-73.976567,40.747896],[-73.976471,40.748027],[-73.976371,40.748164],[-73.976354,40.748187]]},"properties":{"id":"1528409790#0","name":"3rd Avenue","tier":"arterial","w":4,"lanes":4,"vmax":11.2,"len":59.4}},{"type":"Feature","geometry":{"type":"LineString","coordinates":[[-73.997957,40.745999],[-73.99794,40.746023],[-73.997818,40.746197],[-73.997763,40.746272]]},"properties":{"id":"1529521817#0","name":"8th Avenue","tier":"distributor","w":3,"lanes":4,"vmax":11.2,"len":34.5}},{"type":"Feature","geometry":{"type":"LineString","coordinates":[[-73.970481,40.745726],[-73.970594,40.745593],[-73.970646,40.745532],[-73.970802,40.74534],[-73.970891,40.745231]]},"properties":{"id":"1529946082","name":"FDR Drive","tier":"arterial","w":4,"lanes":2,"vmax":27.8,"len":65.0}},{"type":"Feature","geometry":{"type":"LineString","coordinates":[[-73.998163,40.755927],[-73.99816,40.755931],[-73.998104,40.756008],[-73.998028,40.756113],[-73.997974,40.756187],[-73.99783,40.756384],[-73.997803,40.756421]]},"properties":{"id":"1529974552#0","name":"10th Avenue","tier":"arterial","w":4,"lanes":4,"vmax":11.2,"len":62.7}},{"type":"Feature","geometry":{"type":"LineString","coordinates":[[-73.979805,40.746324],[-73.979948,40.746127],[-73.980029,40.746016],[-73.980152,40.745848],[-73.980184,40.745802],[-73.980191,40.745792]]},"properties":{"id":"1529988902#0","name":"Lexington Avenue","tier":"distributor","w":3,"lanes":4,"vmax":11.2,"len":67.4}},{"type":"Feature","geometry":{"type":"LineString","coordinates":[[-73.98108,40.750345],[-73.981075,40.750351],[-73.980934,40.750549],[-73.980793,40.750747],[-73.980721,40.750848]]},"properties":{"id":"1530333337#0","name":"Madison Avenue","tier":"distributor","w":3,"lanes":3,"vmax":27.8,"len":63.6}},{"type":"Feature","geometry":{"type":"LineString","coordinates":[[-73.981529,40.749721],[-73.981523,40.74973],[-73.98138,40.749928],[-73.981238,40.750125],[-73.981193,40.750187],[-73.981168,40.750222]]},"properties":{"id":"1530333338#0","name":"Madison Avenue","tier":"distributor","w":3,"lanes":3,"vmax":27.8,"len":63.3}},{"type":"Feature","geometry":{"type":"LineString","coordinates":[[-73.979376,40.749625],[-73.979373,40.749629],[-73.97923,40.749826],[-73.979087,40.750024],[-73.979034,40.750096],[-73.979009,40.750131]]},"properties":{"id":"1530348720#0","name":"Park Avenue","tier":"arterial","w":4,"lanes":2,"vmax":11.2,"len":64.1}},{"type":"Feature","geometry":{"type":"LineString","coordinates":[[-73.9709,40.751786],[-73.970946,40.751805],[-73.971205,40.751915],[-73.971463,40.752024],[-73.971722,40.752134],[-73.97198,40.752244],[-73.972239,40.752354],[-73.972497,40.752463],[-73.972665,40.752535]]},"properties":{"id":"1530354497#0","name":"East 45th Street","tier":"distributor","w":3,"lanes":1,"vmax":27.8,"len":170.7}},{"type":"Feature","geometry":{"type":"LineString","coordinates":[[-73.970858,40.751683],[-73.970988,40.751504],[-73.971115,40.751329],[-73.971222,40.751186],[-73.971235,40.751168]]},"properties":{"id":"1530354498#0","name":"2nd Avenue","tier":"arterial","w":4,"lanes":4,"vmax":11.2,"len":65.4}},{"type":"Feature","geometry":{"type":"LineString","coordinates":[[-73.970282,40.7565],[-73.970182,40.756637],[-73.970038,40.756834],[-73.969898,40.757026],[-73.969873,40.75706]]},"properties":{"id":"1531577067#0","name":"3rd Avenue","tier":"arterial","w":4,"lanes":4,"vmax":11.2,"len":71.2}},{"type":"Feature","geometry":{"type":"LineString","coordinates":[[-73.977597,40.746461],[-73.977596,40.746462]]},"properties":{"id":"1531811269","name":"3rd Avenue","tier":"arterial","w":4,"lanes":4,"vmax":11.2,"len":0.2}},{"type":"Feature","geometry":{"type":"LineString","coordinates":[[-73.975586,40.752078],[-73.975592,40.75207],[-73.975736,40.751873],[-73.975881,40.751677],[-73.97596,40.75157],[-73.975986,40.751534]]},"properties":{"id":"1531856345#0","name":"Lexington Avenue","tier":"distributor","w":3,"lanes":3,"vmax":27.8,"len":69.2}},{"type":"Feature","geometry":{"type":"LineString","coordinates":[[-73.990521,40.766609],[-73.990549,40.766621],[-73.990809,40.76673],[-73.991068,40.766839],[-73.991327,40.766948],[-73.991587,40.767057],[-73.991846,40.767165],[-73.992105,40.767274],[-73.992365,40.767383],[-73.992624,40.767492],[-73.992883,40.767601],[-73.993132,40.767705]]},"properties":{"id":"1531861167#0","name":"West 53rd Street","tier":"distributor","w":3,"lanes":1,"vmax":27.8,"len":251.7}},{"type":"Feature","geometry":{"type":"LineString","coordinates":[[-73.994486,40.76097],[-73.99447,40.760993],[-73.994326,40.76119],[-73.994182,40.761386],[-73.994104,40.761494],[-73.994096,40.761505]]},"properties":{"id":"1531976889#0","name":"10th Avenue","tier":"arterial","w":4,"lanes":3,"vmax":11.2,"len":67.9}},{"type":"Feature","geometry":{"type":"LineString","coordinates":[[-73.994128,40.762405],[-73.99391,40.762313],[-73.993738,40.762241],[-73.993703,40.762226]]},"properties":{"id":"1531976890#0","name":"West 46th Street","tier":"distributor","w":3,"lanes":3,"vmax":27.8,"len":41.0}},{"type":"Feature","geometry":{"type":"LineString","coordinates":[[-73.99585,40.756675],[-73.995768,40.756642],[-73.995738,40.756571],[-73.995731,40.75651],[-73.995741,40.756399],[-73.995785,40.75629],[-73.995874,40.756188]]},"properties":{"id":"1532063683","name":"","tier":"arterial","w":3,"lanes":1,"vmax":22.2,"len":61.5}},{"type":"Feature","geometry":{"type":"LineString","coordinates":[[-73.971673,40.766117],[-73.971689,40.766096],[-73.971836,40.7659],[-73.971983,40.765705],[-73.972071,40.765587],[-73.972078,40.765578]]},"properties":{"id":"1532178066#0","name":"5th Avenue","tier":"distributor","w":3,"lanes":3,"vmax":11.2,"len":69.0}},{"type":"Feature","geometry":{"type":"LineString","coordinates":[[-73.997052,40.747253],[-73.997048,40.74726],[-73.996905,40.747456],[-73.996761,40.747653],[-73.99667,40.747779],[-73.996663,40.747788]]},"properties":{"id":"1532218058#0","name":"8th Avenue","tier":"distributor","w":3,"lanes":4,"vmax":11.2,"len":67.8}},{"type":"Feature","geometry":{"type":"LineString","coordinates":[[-73.995173,40.765295],[-73.995224,40.765317],[-73.995482,40.765428],[-73.995544,40.765455],[-73.995586,40.765473],[-73.995846,40.765581],[-73.996106,40.76569],[-73.996365,40.765798],[-73.996625,40.765907],[-73.99669,40.765933],[-73.99695,40.766041],[-73.997012,40.766066],[-73.997032,40.766075]]},"properties":{"id":"1532350682","name":"West 49th Street","tier":"distributor","w":3,"lanes":3,"vmax":11.2,"len":179.2}},{"type":"Feature","geometry":{"type":"LineString","coordinates":[[-73.992411,40.764131],[-73.992622,40.764221],[-73.992881,40.76433],[-73.99314,40.764439],[-73.993399,40.764548],[-73.993658,40.764657],[-73.993917,40.764766],[-73.994176,40.764875],[-73.994436,40.764984],[-73.994655,40.765077],[-73.994914,40.765186],[-73.994952,40.765202],[-73.994968,40.765209]]},"properties":{"id":"1532350683#0","name":"West 49th Street","tier":"distributor","w":3,"lanes":3,"vmax":11.2,"len":246.8}},{"type":"Feature","geometry":{"type":"LineString","coordinates":[[-73.97076,40.767351],[-73.970765,40.767344],[-73.970909,40.767148],[-73.971054,40.766951],[-73.971144,40.766829],[-73.971157,40.766811]]},"properties":{"id":"1532515755#0","name":"5th Avenue","tier":"distributor","w":3,"lanes":3,"vmax":11.2,"len":68.6}},{"type":"Feature","geometry":{"type":"LineString","coordinates":[[-73.971221,40.766723],[-73.971225,40.766718],[-73.971371,40.766522],[-73.971517,40.766326],[-73.971605,40.766207],[-73.971622,40.766185]]},"properties":{"id":"1532515756#0","name":"5th Avenue","tier":"distributor","w":3,"lanes":3,"vmax":11.2,"len":68.7}},{"type":"Feature","geometry":{"type":"LineString","coordinates":[[-73.970315,40.767977],[-73.970324,40.767965],[-73.970464,40.767767],[-73.970605,40.767568],[-73.970689,40.767449],[-73.970697,40.767438]]},"properties":{"id":"1533402211#0","name":"5th Avenue","tier":"distributor","w":3,"lanes":3,"vmax":11.2,"len":68.1}},{"type":"Feature","geometry":{"type":"LineString","coordinates":[[-73.995127,40.765195],[-73.995264,40.765004],[-73.995285,40.764975],[-73.995427,40.764777],[-73.995493,40.764686]]},"properties":{"id":"1533485924#0","name":"11th Avenue","tier":"distributor","w":3,"lanes":5,"vmax":11.2,"len":64.4}},{"type":"Feature","geometry":{"type":"LineString","coordinates":[[-73.984442,40.742726],[-73.984428,40.742746],[-73.984285,40.742943],[-73.984141,40.74314],[-73.984088,40.743214],[-73.984058,40.743255],[-73.984052,40.743263]]},"properties":{"id":"1536088485#0","name":"Park Avenue South","tier":"arterial","w":4,"lanes":3,"vmax":11.2,"len":68.1}},{"type":"Feature","geometry":{"type":"LineString","coordinates":[[-73.983983,40.743356],[-73.983979,40.743361],[-73.983837,40.743558],[-73.983694,40.743756],[-73.98364,40.743831],[-73.983614,40.743866],[-73.983612,40.743869]]},"properties":{"id":"1536088486#0","name":"Park Avenue South","tier":"arterial","w":4,"lanes":3,"vmax":11.2,"len":65.1}},{"type":"Feature","geometry":{"type":"LineString","coordinates":[[-73.973188,40.75844],[-73.973202,40.758421],[-73.973345,40.758224],[-73.973488,40.758027],[-73.973541,40.757954],[-73.973574,40.757909]]},"properties":{"id":"1536092164#0","name":"Park Avenue","tier":"arterial","w":4,"lanes":4,"vmax":11.2,"len":67.3}},{"type":"Feature","geometry":{"type":"LineString","coordinates":[[-73.994164,40.761593],[-73.994207,40.761611],[-73.994464,40.761722],[-73.994605,40.761783]]},"properties":{"id":"1536562611#0","name":"West 45th Street","tier":"distributor","w":3,"lanes":1,"vmax":27.8,"len":42.8}},{"type":"Feature","geometry":{"type":"LineString","coordinates":[[-73.994031,40.761594],[-73.994021,40.761608],[-73.993877,40.761805],[-73.993734,40.762002],[-73.993652,40.762114]]},"properties":{"id":"1536562612#0","name":"10th Avenue","tier":"arterial","w":4,"lanes":3,"vmax":11.2,"len":66.0}},{"type":"Feature","geometry":{"type":"LineString","coordinates":[[-73.980125,40.749065],[-73.980144,40.749073],[-73.980183,40.74909],[-73.980443,40.749198],[-73.980704,40.749305],[-73.980964,40.749413],[-73.981224,40.749521],[-73.981463,40.74962]]},"properties":{"id":"1536568236#0","name":"East 37th Street","tier":"distributor","w":3,"lanes":2,"vmax":11.2,"len":128.6}},{"type":"Feature","geometry":{"type":"LineString","coordinates":[[-73.980102,40.748965],[-73.980238,40.748777],[-73.980381,40.74858],[-73.980432,40.748509],[-73.980461,40.748471]]},"properties":{"id":"1536568237#0","name":"Park Avenue","tier":"arterial","w":4,"lanes":2,"vmax":11.2,"len":62.7}},{"type":"Feature","geometry":{"type":"LineString","coordinates":[[-73.980544,40.748357],[-73.980547,40.748353],[-73.980692,40.748157],[-73.980837,40.747961],[-73.980884,40.747896],[-73.980906,40.747867]]},"properties":{"id":"1536568237#4","name":"Park Avenue","tier":"arterial","w":4,"lanes":2,"vmax":11.2,"len":62.3}},{"type":"Feature","geometry":{"type":"LineString","coordinates":[[-73.969954,40.762877],[-73.970084,40.762699],[-73.970228,40.762503],[-73.970281,40.762431],[-73.970304,40.762399]]},"properties":{"id":"1536593475#0","name":"Park Avenue","tier":"arterial","w":4,"lanes":3,"vmax":11.2,"len":60.8}},{"type":"Feature","geometry":{"type":"LineString","coordinates":[[-73.996203,40.75333],[-73.996176,40.753319],[-73.995918,40.75321],[-73.995815,40.753167],[-73.995743,40.753136],[-73.99566,40.753101],[-73.995409,40.752982],[-73.995319,40.75294],[-73.995248,40.752907],[-73.995173,40.752874],[-73.994914,40.752765],[-73.9947,40.752675],[-73.994618,40.752641],[-73.99454,40.752609],[-73.99428,40.752502],[-73.99402,40.752394],[-73.993759,40.752287],[-73.993625,40.752232],[-73.993592,40.752219]]},"properties":{"id":"1536703392#0","name":"West 34th Street","tier":"arterial","w":4,"lanes":2,"vmax":11.2,"len":252.7}},{"type":"Feature","geometry":{"type":"LineString","coordinates":[[-73.993363,40.752128],[-73.993348,40.752123],[-73.993087,40.752016],[-73.992827,40.751909],[-73.992704,40.751859],[-73.992445,40.75175],[-73.992186,40.75164],[-73.992058,40.751586],[-73.991976,40.751551],[-73.991886,40.751515],[-73.991628,40.751406],[-73.991369,40.751296],[-73.991111,40.751187],[-73.990852,40.751077],[-73.990771,40.751043],[-73.990743,40.751031]]},"properties":{"id":"1536703973#0","name":"West 34th Street","tier":"arterial","w":4,"lanes":2,"vmax":11.2,"len":252.5}},{"type":"Feature","geometry":{"type":"LineString","coordinates":[[-73.994508,40.765838],[-73.994492,40.765831],[-73.994231,40.765724],[-73.993971,40.765617],[-73.993842,40.765563],[-73.993584,40.765453],[-73.993326,40.765342],[-73.993068,40.765231],[-73.992811,40.76512],[-73.992638,40.765045],[-73.992379,40.764936],[-73.99212,40.764827],[-73.991926,40.764746],[-73.991882,40.764727]]},"properties":{"id":"1537161336#0","name":"West 50th Street","tier":"distributor","w":3,"lanes":2,"vmax":27.8,"len":253.7}},{"type":"Feature","geometry":{"type":"LineString","coordinates":[[-73.992054,40.764304],[-73.991935,40.76447],[-73.991823,40.764625],[-73.991821,40.764627]]},"properties":{"id":"1537161337#0","name":"10th Avenue","tier":"arterial","w":4,"lanes":3,"vmax":11.2,"len":40.9}},{"type":"Feature","geometry":{"type":"LineString","coordinates":[[-73.979818,40.749024],[-73.979686,40.749204],[-73.979542,40.749401],[-73.97949,40.749471],[-73.979469,40.749501]]},"properties":{"id":"1537180165#0","name":"Park Avenue","tier":"arterial","w":4,"lanes":3,"vmax":11.2,"len":60.6}},{"type":"Feature","geometry":{"type":"LineString","coordinates":[[-73.999078,40.754683],[-73.999073,40.75469],[-73.99896,40.754834],[-73.998816,40.755031],[-73.998696,40.755196],[-73.998686,40.75521]]},"properties":{"id":"1537619201#0","name":"10th Avenue","tier":"arterial","w":4,"lanes":4,"vmax":11.2,"len":67.3}},{"type":"Feature","geometry":{"type":"LineString","coordinates":[[-73.973859,40.757209],[-73.973718,40.757401],[-73.973573,40.757598],[-73.973514,40.757678],[-73.973483,40.75772],[-73.973481,40.757723]]},"properties":{"id":"1538411807#0","name":"Park Avenue","tier":"arterial","w":4,"lanes":3,"vmax":11.2,"len":65.3}},{"type":"Feature","geometry":{"type":"LineString","coordinates":[[-73.998053,40.755809],[-73.997935,40.755759],[-73.997676,40.75565],[-73.997417,40.755542],[-73.997157,40.755433],[-73.997148,40.755429],[-73.997035,40.755382],[-73.996857,40.755307],[-73.996766,40.755269]]},"properties":{"id":"1539480057#0","name":"West 36th Street","tier":"distributor","w":3,"lanes":2,"vmax":11.2,"len":124.0}},{"type":"Feature","geometry":{"type":"LineString","coordinates":[[-73.980866,40.741979],[-73.980824,40.742036],[-73.98068,40.742233],[-73.980537,40.74243],[-73.980492,40.742492],[-73.980457,40.74254],[-73.980436,40.742569]]},"properties":{"id":"1539481862#0","name":"3rd Avenue","tier":"arterial","w":4,"lanes":5,"vmax":11.2,"len":74.9}},{"type":"Feature","geometry":{"type":"LineString","coordinates":[[-73.980391,40.74263],[-73.980374,40.742654],[-73.980229,40.74285],[-73.980085,40.743047],[-73.98004,40.743108],[-73.980008,40.743151],[-73.980001,40.743161]]},"properties":{"id":"1539481862#4","name":"3rd Avenue","tier":"arterial","w":4,"lanes":5,"vmax":11.2,"len":67.6}},{"type":"Feature","geometry":{"type":"LineString","coordinates":[[-73.973485,40.752117],[-73.973474,40.752132],[-73.973387,40.752258]]},"properties":{"id":"1539502333#0","name":"3rd Avenue","tier":"arterial","w":4,"lanes":4,"vmax":11.2,"len":17.7}},{"type":"Feature","geometry":{"type":"LineString","coordinates":[[-73.97823,40.745822],[-73.978305,40.745854],[-73.978496,40.745934],[-73.978755,40.746043],[-73.979015,40.746152],[-73.97902,40.746154],[-73.979279,40.746263],[-73.97938,40.746305],[-73.979417,40.746319],[-73.979446,40.746329],[-73.979479,40.74634],[-73.979555,40.746365],[-73.979607,40.746384],[-73.979616,40.746387]]},"properties":{"id":"1545181773#0","name":"East 34th Street","tier":"arterial","w":4,"lanes":2,"vmax":11.2,"len":132.8}},{"type":"Feature","geometry":{"type":"LineString","coordinates":[[-73.999373,40.744071],[-73.999232,40.744263],[-73.999088,40.74446],[-73.999008,40.744569],[-73.998997,40.744583]]},"properties":{"id":"156994969#0","name":"8th Avenue","tier":"distributor","w":3,"lanes":3,"vmax":11.2,"len":65.2}},{"type":"Feature","geometry":{"type":"LineString","coordinates":[[-73.987016,40.755956],[-73.98702,40.755951],[-73.987167,40.755755],[-73.987314,40.75556],[-73.987407,40.755435],[-73.987419,40.75542]]},"properties":{"id":"167922070#0","name":"7th Avenue","tier":"distributor","w":3,"lanes":3,"vmax":11.2,"len":68.7}},{"type":"Feature","geometry":{"type":"LineString","coordinates":[[-73.984229,40.759774],[-73.984364,40.759587],[-73.984507,40.759389],[-73.984581,40.759285]]},"properties":{"id":"167922071#0","name":"7th Avenue","tier":"distributor","w":3,"lanes":3,"vmax":11.2,"len":61.8}},{"type":"Feature","geometry":{"type":"LineString","coordinates":[[-73.984228,40.754922],[-73.984244,40.754928],[-73.984502,40.755038],[-73.984761,40.755148],[-73.98502,40.755257],[-73.985278,40.755367],[-73.985537,40.755476],[-73.985583,40.755496],[-73.985842,40.755605],[-73.985859,40.755613]]},"properties":{"id":"167922072#0","name":"West 42nd Street","tier":"arterial","w":4,"lanes":2,"vmax":11.2,"len":157.6}},{"type":"Feature","geometry":{"type":"LineString","coordinates":[[-73.981379,40.767764],[-73.981355,40.767766],[-73.981325,40.767764],[-73.981274,40.767753],[-73.981232,40.767735],[-73.981185,40.767718],[-73.980909,40.767636],[-73.980816,40.767582]]},"properties":{"id":"167922075#0","name":"Central Park South","tier":"distributor","w":3,"lanes":2,"vmax":11.2,"len":52.4}},{"type":"Feature","geometry":{"type":"LineString","coordinates":[[-73.986438,40.755858],[-73.98649,40.755879],[-73.98675,40.755988],[-73.986813,40.756014],[-73.986816,40.756015]]},"properties":{"id":"167922076#0","name":"West 42nd Street","tier":"arterial","w":4,"lanes":2,"vmax":11.2,"len":36.4}},{"type":"Feature","geometry":{"type":"LineString","coordinates":[[-73.993398,40.758717],[-73.99318,40.758625],[-73.992921,40.758516],[-73.992809,40.758469]]},"properties":{"id":"167922077#0","name":"West 42nd Street","tier":"arterial","w":4,"lanes":3,"vmax":11.2,"len":56.8}},{"type":"Feature","geometry":{"type":"LineString","coordinates":[[-73.998913,40.763699],[-73.99888,40.763739],[-73.998831,40.763802],[-73.998716,40.763954],[-73.998604,40.764106],[-73.99857,40.764153],[-73.998554,40.764174]]},"properties":{"id":"169267539","name":"12th Avenue","tier":"arterial","w":5,"lanes":4,"vmax":13.4,"len":60.8}},{"type":"Feature","geometry":{"type":"LineString","coordinates":[[-73.999086,40.763815],[-73.999108,40.763784],[-73.999159,40.763719],[-73.999214,40.763653],[-73.999271,40.763593],[-73.999326,40.763537],[-73.999406,40.763462],[-73.999441,40.763431]]},"properties":{"id":"169269031","name":"12th Avenue","tier":"arterial","w":5,"lanes":6,"vmax":13.4,"len":52.3}},{"type":"Feature","geometry":{"type":"LineString","coordinates":[[-73.970157,40.748159],[-73.970112,40.748205],[-73.969972,40.748404],[-73.969833,40.748603],[-73.969787,40.748668]]},"properties":{"id":"169383517","name":"1st Avenue","tier":"arterial","w":4,"lanes":2,"vmax":11.2,"len":64.7}},{"type":"Feature","geometry":{"type":"LineString","coordinates":[[-73.968812,40.747504],[-73.968921,40.747364],[-73.968985,40.747281],[-73.969141,40.74709],[-73.969273,40.74693],[-73.969288,40.746913],[-73.969426,40.746756],[-73.969609,40.746579],[-73.969792,40.746402],[-73.969975,40.746225],[-73.970158,40.746048],[-73.970341,40.745871],[-73.970384,40.74583]]},"properties":{"id":"169383518","name":"FDR Drive","tier":"arterial","w":4,"lanes":2,"vmax":27.8,"len":228.7}},{"type":"Feature","geometry":{"type":"LineString","coordinates":[[-73.98078,40.76763],[-73.98102,40.767736],[-73.981148,40.767812],[-73.981208,40.76784],[-73.981235,40.767857],[-73.98126,40.767877],[-73.981281,40.767905],[-73.981286,40.767916]]},"properties":{"id":"186202420#0","name":"Central Park South","tier":"distributor","w":3,"lanes":2,"vmax":11.2,"len":54.0}},{"type":"Feature","geometry":{"type":"LineString","coordinates":[[-73.991689,40.764646],[-73.991671,40.764638],[-73.991584,40.764602],[-73.991325,40.764492],[-73.991066,40.764383],[-73.990806,40.764274],[-73.990547,40.764165],[-73.990288,40.764056],[-73.990029,40.763947],[-73.98977,40.763838],[-73.989511,40.763729],[-73.989252,40.76362],[-73.989225,40.763609],[-73.989081,40.763548],[-73.989056,40.763538]]},"properties":{"id":"194920158#0","name":"West 50th Street","tier":"distributor","w":3,"lanes":2,"vmax":27.8,"len":254.0}},{"type":"Feature","geometry":{"type":"LineString","coordinates":[[-73.988847,40.76345],[-73.988816,40.763436],[-73.988556,40.763327],[-73.988297,40.763218],[-73.988038,40.763109],[-73.987779,40.763],[-73.987628,40.762937],[-73.987463,40.762868],[-73.987285,40.762792],[-73.987026,40.762683],[-73.986767,40.762574],[-73.986577,40.762494]]},"properties":{"id":"194920158#3","name":"West 50th Street","tier":"distributor","w":3,"lanes":2,"vmax":27.8,"len":218.9}},{"type":"Feature","geometry":{"type":"LineString","coordinates":[[-73.996192,40.767417],[-73.996081,40.76757],[-73.995937,40.767767],[-73.99593,40.767778]]},"properties":{"id":"194920159","name":"12th Avenue","tier":"arterial","w":5,"lanes":4,"vmax":13.4,"len":45.8}},{"type":"Feature","geometry":{"type":"LineString","coordinates":[[-73.9717,40.743837],[-73.971804,40.743679],[-73.971898,40.743537],[-73.972025,40.743333],[-73.972043,40.743304],[-73.972048,40.743295]]},"properties":{"id":"194926840#0","name":"FDR Drive","tier":"arterial","w":4,"lanes":2,"vmax":11.2,"len":67.0}},{"type":"Feature","geometry":{"type":"LineString","coordinates":[[-73.988348,40.759201],[-73.988334,40.759221],[-73.988191,40.759418],[-73.988127,40.759506],[-73.987983,40.759703],[-73.987964,40.759729],[-73.987956,40.759741]]},"properties":{"id":"194926851#0","name":"8th Avenue","tier":"distributor","w":3,"lanes":3,"vmax":11.2,"len":68.4}},{"type":"Feature","geometry":{"type":"LineString","coordinates":[[-73.991434,40.754969],[-73.991313,40.755135],[-73.991218,40.755265],[-73.991207,40.75528]]},"properties":{"id":"194926854#0","name":"8th Avenue","tier":"distributor","w":3,"lanes":4,"vmax":11.2,"len":39.5}},{"type":"Feature","geometry":{"type":"LineString","coordinates":[[-73.992376,40.758798],[-73.9925,40.758634],[-73.992573,40.758538],[-73.992577,40.758533]]},"properties":{"id":"194926855#0","name":"9th Avenue","tier":"arterial","w":4,"lanes":6,"vmax":27.8,"len":34.0}},{"type":"Feature","geometry":{"type":"LineString","coordinates":[[-73.99639,40.753315],[-73.996396,40.753307],[-73.996542,40.753111],[-73.996687,40.752915],[-73.996697,40.752902],[-73.996774,40.752797],[-73.996782,40.752788]]},"properties":{"id":"194926856#0","name":"9th Avenue","tier":"distributor","w":3,"lanes":4,"vmax":11.2,"len":67.2}},{"type":"Feature","geometry":{"type":"LineString","coordinates":[[-73.980632,40.750968],[-73.980495,40.751158],[-73.980353,40.751356],[-73.980318,40.751404],[-73.980265,40.751479]]},"properties":{"id":"195743182#0","name":"Madison Avenue","tier":"distributor","w":3,"lanes":3,"vmax":27.8,"len":64.6}},{"type":"Feature","geometry":{"type":"LineString","coordinates":[[-73.991595,40.749662],[-73.991615,40.749634],[-73.99176,40.749438],[-73.991904,40.749241],[-73.99197,40.74915],[-73.991974,40.749145]]},"properties":{"id":"195743190#0","name":"7th Avenue","tier":"distributor","w":3,"lanes":5,"vmax":11.2,"len":65.7}},{"type":"Feature","geometry":{"type":"LineString","coordinates":[[-73.992707,40.768333],[-73.992679,40.768321],[-73.99242,40.768212],[-73.99216,40.768103],[-73.991901,40.767994],[-73.991642,40.767885],[-73.991501,40.767826],[-73.991242,40.767717],[-73.990983,40.767608],[-73.990724,40.767499],[-73.990465,40.76739],[-73.990206,40.767281],[-73.990105,40.767239],[-73.990061,40.76722]]},"properties":{"id":"195743211#0","name":"West 54th Street","tier":"distributor","w":3,"lanes":1,"vmax":27.8,"len":255.2}},{"type":"Feature","geometry":{"type":"LineString","coordinates":[[-73.989922,40.767229],[-73.989912,40.767243],[-73.989769,40.76744],[-73.989644,40.767612]]},"properties":{"id":"195743301#0","name":"10th Avenue","tier":"arterial","w":4,"lanes":3,"vmax":27.8,"len":48.6}},{"type":"Feature","geometry":{"type":"LineString","coordinates":[[-73.974034,40.76289],[-73.974043,40.762878],[-73.974187,40.762681],[-73.97433,40.762485],[-73.974417,40.762365],[-73.97443,40.762347]]},"properties":{"id":"195743336#0","name":"5th Avenue","tier":"distributor","w":3,"lanes":5,"vmax":27.8,"len":68.9}},{"type":"Feature","geometry":{"type":"LineString","coordinates":[[-73.974514,40.762233],[-73.974655,40.762044],[-73.974765,40.761895],[-73.974872,40.76175]]},"properties":{"id":"195743336#3","name":"5th Avenue","tier":"distributor","w":3,"lanes":5,"vmax":27.8,"len":61.6}},{"type":"Feature","geometry":{"type":"LineString","coordinates":[[-73.974963,40.761628],[-73.974964,40.761626]]},"properties":{"id":"195743336#6","name":"5th Avenue","tier":"distributor","w":3,"lanes":5,"vmax":27.8,"len":0.2}},{"type":"Feature","geometry":{"type":"LineString","coordinates":[[-73.984613,40.748358],[-73.984618,40.748352],[-73.984761,40.748154],[-73.984905,40.747957],[-73.984995,40.747833],[-73.985006,40.747818]]},"properties":{"id":"195743343#0","name":"5th Avenue","tier":"distributor","w":3,"lanes":4,"vmax":11.2,"len":68.5}},{"type":"Feature","geometry":{"type":"LineString","coordinates":[[-73.98507,40.74773],[-73.985084,40.747711],[-73.985227,40.747514],[-73.985241,40.747495],[-73.985385,40.747298],[-73.98544,40.747221]]},"properties":{"id":"195743343#3","name":"5th Avenue","tier":"distributor","w":3,"lanes":4,"vmax":11.2,"len":64.5}},{"type":"Feature","geometry":{"type":"LineString","coordinates":[[-73.987484,40.755331],[-73.98749,40.755322],[-73.987632,40.755124],[-73.987675,40.755064]]},"properties":{"id":"195743344#0","name":"7th Avenue","tier":"distributor","w":3,"lanes":3,"vmax":11.2,"len":33.8}},{"type":"Feature","geometry":{"type":"LineString","coordinates":[[-73.990239,40.756609],[-73.990228,40.756624],[-73.990085,40.756821],[-73.990075,40.756835]]},"properties":{"id":"195743345#0","name":"8th Avenue","tier":"distributor","w":3,"lanes":3,"vmax":27.8,"len":28.6}},{"type":"Feature","geometry":{"type":"LineString","coordinates":[[-73.981918,40.766194],[-73.981956,40.765974],[-73.981995,40.76575],[-73.982007,40.765682]]},"properties":{"id":"196116976#0","name":"Broadway","tier":"local","w":2,"lanes":2,"vmax":22.2,"len":57.3}},{"type":"Feature","geometry":{"type":"LineString","coordinates":[[-73.974238,40.753926],[-73.974368,40.75375],[-73.974512,40.753553],[-73.974599,40.753434],[-73.974616,40.753411]]},"properties":{"id":"196117039#0","name":"Lexington Avenue","tier":"distributor","w":3,"lanes":3,"vmax":27.8,"len":65.4}},{"type":"Feature","geometry":{"type":"LineString","coordinates":[[-73.986565,40.742815],[-73.986551,40.742835],[-73.986408,40.743032],[-73.986264,40.743229],[-73.986189,40.743332],[-73.986184,40.743338]]},"properties":{"id":"196117042#0","name":"Madison Avenue","tier":"distributor","w":3,"lanes":3,"vmax":11.2,"len":66.3}},{"type":"Feature","geometry":{"type":"LineString","coordinates":[[-73.986101,40.743452],[-73.986099,40.743455],[-73.985956,40.743652],[-73.985812,40.743849],[-73.985736,40.743954],[-73.985728,40.743964]]},"properties":{"id":"196117042#3","name":"Madison Avenue","tier":"distributor","w":3,"lanes":3,"vmax":11.2,"len":65.1}},{"type":"Feature","geometry":{"type":"LineString","coordinates":[[-73.985663,40.744053],[-73.985653,40.744067],[-73.98551,40.744264],[-73.985488,40.744295],[-73.985372,40.744454],[-73.985285,40.744573],[-73.985278,40.744583]]},"properties":{"id":"196117042#5","name":"Madison Avenue","tier":"distributor","w":3,"lanes":3,"vmax":11.2,"len":67.2}},{"type":"Feature","geometry":{"type":"LineString","coordinates":[[-73.982,40.766378],[-73.982233,40.766477],[-73.982492,40.766587],[-73.982723,40.766685],[-73.982724,40.766686]]},"properties":{"id":"196117083#0","name":"West 57th Street","tier":"arterial","w":4,"lanes":2,"vmax":27.8,"len":70.0}},{"type":"Feature","geometry":{"type":"LineString","coordinates":[[-73.982806,40.766796],[-73.98279,40.766818],[-73.982643,40.767014],[-73.982561,40.767124],[-73.982415,40.76732],[-73.982412,40.767323]]},"properties":{"id":"196117092#0","name":"8th Avenue","tier":"distributor","w":3,"lanes":5,"vmax":27.8,"len":67.3}},{"type":"Feature","geometry":{"type":"LineString","coordinates":[[-73.971313,40.763537],[-73.971101,40.763443],[-73.970841,40.763336],[-73.97058,40.763228],[-73.97032,40.763121],[-73.970065,40.763016],[-73.970012,40.762994],[-73.969993,40.762986]]},"properties":{"id":"198924552#0","name":"East 59th Street","tier":"distributor","w":3,"lanes":3,"vmax":11.2,"len":127.1}},{"type":"Feature","geometry":{"type":"LineString","coordinates":[[-73.971371,40.763661],[-73.971311,40.763748],[-73.97117,40.763945],[-73.971152,40.76397]]},"properties":{"id":"198924587#0","name":"Madison Avenue","tier":"distributor","w":3,"lanes":4,"vmax":11.2,"len":39.0}},{"type":"Feature","geometry":{"type":"LineString","coordinates":[[-73.972609,40.764848],[-73.972614,40.764841],[-73.972683,40.764747],[-73.972755,40.764646]]},"properties":{"id":"198924778#0","name":"5th Avenue","tier":"distributor","w":3,"lanes":4,"vmax":11.2,"len":25.5}},{"type":"Feature","geometry":{"type":"LineString","coordinates":[[-73.997837,40.754547],[-73.997775,40.754591],[-73.997699,40.754639],[-73.997632,40.75468],[-73.997526,40.754731],[-73.997404,40.754772],[-73.99729,40.754803],[-73.997187,40.754827],[-73.997096,40.754843]]},"properties":{"id":"207542284","name":"Lincoln Tunnel Expressway","tier":"arterial","w":5,"lanes":3,"vmax":39.4,"len":71.8}},{"type":"Feature","geometry":{"type":"LineString","coordinates":[[-73.97984,40.743161],[-73.979818,40.743151],[-73.979558,40.743043],[-73.979299,40.742934],[-73.97904,40.742825],[-73.97878,40.742716],[-73.978521,40.742608],[-73.97835,40.742536]]},"properties":{"id":"226040995#0","name":"East 30th Street","tier":"local","w":2,"lanes":1,"vmax":11.2,"len":143.6}},{"type":"Feature","geometry":{"type":"LineString","coordinates":[[-73.984703,40.745212],[-73.984694,40.745208],[-73.984435,40.745099],[-73.984176,40.744989],[-73.983917,40.74488],[-73.983659,40.74477],[-73.9834,40.744661],[-73.983337,40.744635]]},"properties":{"id":"226040996#0","name":"East 30th Street","tier":"local","w":2,"lanes":1,"vmax":11.2,"len":131.9}},{"type":"Feature","geometry":{"type":"LineString","coordinates":[[-73.983033,40.7445],[-73.982782,40.744394],[-73.982524,40.744284],[-73.982265,40.744175],[-73.982006,40.744065],[-73.981748,40.743955],[-73.981705,40.743937],[-73.981672,40.743923],[-73.981669,40.743922]]},"properties":{"id":"226040998#0","name":"East 30th Street","tier":"local","w":2,"lanes":2,"vmax":11.2,"len":131.9}},{"type":"Feature","geometry":{"type":"LineString","coordinates":[[-73.981474,40.74384],[-73.981468,40.743837],[-73.981209,40.743728],[-73.98095,40.743618],[-73.980691,40.743509],[-73.980432,40.7434],[-73.980173,40.743291],[-73.980154,40.743282],[-73.980105,40.743262]]},"properties":{"id":"226040998#4","name":"East 30th Street","tier":"local","w":2,"lanes":2,"vmax":11.2,"len":132.2}},{"type":"Feature","geometry":{"type":"LineString","coordinates":[[-73.971982,40.759615],[-73.971951,40.759602],[-73.971693,40.759493],[-73.971434,40.759383],[-73.971175,40.759274],[-73.970916,40.759164],[-73.970657,40.759055],[-73.970647,40.759051],[-73.970641,40.759048]]},"properties":{"id":"226041011#1","name":"East 54th Street","tier":"distributor","w":3,"lanes":2,"vmax":27.8,"len":129.6}},{"type":"Feature","geometry":{"type":"LineString","coordinates":[[-73.989504,40.747231],[-73.989489,40.747225],[-73.98923,40.747115],[-73.988971,40.747006],[-73.988712,40.746897],[-73.988556,40.746831],[-73.988531,40.746821]]},"properties":{"id":"226041019#0","name":"West 30th Street","tier":"local","w":2,"lanes":1,"vmax":11.2,"len":94.0}},{"type":"Feature","geometry":{"type":"LineString","coordinates":[[-73.992376,40.748433],[-73.992339,40.748417],[-73.992079,40.748308],[-73.99182,40.7482],[-73.991561,40.748091],[-73.991301,40.747982],[-73.991042,40.747874],[-73.990783,40.747765],[-73.990523,40.747657],[-73.990264,40.747548],[-73.990215,40.747528],[-73.990075,40.747469],[-73.989816,40.74736],[-73.989746,40.747331],[-73.989729,40.747324]]},"properties":{"id":"226041020#0","name":"West 30th Street","tier":"local","w":2,"lanes":1,"vmax":11.2,"len":255.1}},{"type":"Feature","geometry":{"type":"LineString","coordinates":[[-73.981339,40.763551],[-73.981316,40.763541],[-73.981057,40.763431],[-73.980844,40.76334],[-73.980583,40.763234],[-73.980403,40.76316],[-73.980331,40.763131],[-73.980254,40.763096],[-73.979997,40.762984],[-73.97998,40.762976],[-73.979854,40.762922],[-73.979786,40.762892],[-73.9797,40.762854],[-73.979441,40.762745],[-73.979182,40.762636],[-73.978923,40.762527],[-73.978737,40.762449],[-73.978724,40.762444]]},"properties":{"id":"226041032#0","name":"West 54th Street","tier":"distributor","w":3,"lanes":2,"vmax":27.8,"len":252.7}},{"type":"Feature","geometry":{"type":"LineString","coordinates":[[-73.985455,40.765298],[-73.985238,40.765206],[-73.985129,40.76516],[-73.98487,40.76505],[-73.984697,40.764977],[-73.984436,40.76487],[-73.984412,40.764861],[-73.984398,40.764855]]},"properties":{"id":"226041033","name":"West 54th Street","tier":"distributor","w":3,"lanes":2,"vmax":27.8,"len":101.9}},{"type":"Feature","geometry":{"type":"LineString","coordinates":[[-73.98171,40.767509],[-73.981707,40.767491],[-73.981703,40.767461],[-73.9817,40.767431],[-73.981741,40.767221]]},"properties":{"id":"22898530#0","name":"Broadway","tier":"arterial","w":4,"lanes":2,"vmax":11.2,"len":32.4}},{"type":"Feature","geometry":{"type":"LineString","coordinates":[[-73.976002,40.754664],[-73.976027,40.754627],[-73.976167,40.754429],[-73.976262,40.754293],[-73.976276,40.754277],[-73.976305,40.754261],[-73.97634,40.754256],[-73.976376,40.754263],[-73.976417,40.754277],[-73.976638,40.754369],[-73.976671,40.754378],[-73.976698,40.75438],[-73.976723,40.754378],[-73.976743,40.754372],[-73.976762,40.754363],[-73.976779,40.754353],[-73.976796,40.754338],[-73.976812,40.754319],[-73.976955,40.754122],[-73.977099,40.753925],[-73.977242,40.753728],[-73.977386,40.753532],[-73.977504,40.753368],[-73.977649,40.753172],[-73.977794,40.752975],[-73.977938,40.752779],[-73.978017,40.752671],[-73.978027,40.752651],[-73.978039,40.752625],[-73.978042,40.752597],[-73.978038,40.75257],[-73.978025,40.752539],[-73.978006,40.752518],[-73.977972,40.752493],[-73.977946,40.752477],[-73.977927,40.752469]]},"properties":{"id":"22916381#0","name":"Park Avenue","tier":"arterial","w":4,"lanes":2,"vmax":11.2,"len":336.6}},{"type":"Feature","geometry":{"type":"LineString","coordinates":[[-74.001061,40.755362],[-74.000802,40.755252],[-74.000609,40.755171],[-74.000599,40.755167]]},"properties":{"id":"273019810#0","name":"West 34th Street","tier":"arterial","w":4,"lanes":2,"vmax":11.2,"len":44.6}},{"type":"Feature","geometry":{"type":"LineString","coordinates":[[-74.000479,40.755114],[-74.000457,40.755105],[-74.000197,40.754996],[-73.999937,40.754888],[-73.999678,40.75478],[-73.999418,40.754671],[-73.999325,40.754633]]},"properties":{"id":"273019810#2","name":"West 34th Street","tier":"arterial","w":4,"lanes":2,"vmax":11.2,"len":111.2}},{"type":"Feature","geometry":{"type":"LineString","coordinates":[[-73.998627,40.758826],[-73.998766,40.758843],[-73.998967,40.758871],[-73.999022,40.758881]]},"properties":{"id":"273895447","name":"","tier":"arterial","w":3,"lanes":3,"vmax":22.2,"len":33.9}},{"type":"Feature","geometry":{"type":"LineString","coordinates":[[-73.995307,40.758736],[-73.995426,40.758788],[-73.995685,40.758897],[-73.995761,40.758929]]},"properties":{"id":"273895448#0","name":"West 41st Street","tier":"distributor","w":3,"lanes":4,"vmax":27.8,"len":43.9}},{"type":"Feature","geometry":{"type":"LineString","coordinates":[[-73.994321,40.758466],[-73.99418,40.758654],[-73.994033,40.75885],[-73.994008,40.758883],[-73.993998,40.758897]]},"properties":{"id":"273895449#0","name":"Dyer Avenue","tier":"arterial","w":4,"lanes":2,"vmax":27.8,"len":55.0}},{"type":"Feature","geometry":{"type":"LineString","coordinates":[[-73.981767,40.767063],[-73.981769,40.767053],[-73.981807,40.766829],[-73.981824,40.766727]]},"properties":{"id":"308322448#0","name":"Broadway","tier":"arterial","w":4,"lanes":2,"vmax":11.2,"len":37.7}},{"type":"Feature","geometry":{"type":"LineString","coordinates":[[-74.000858,40.752246],[-74.000718,40.752188],[-74.000459,40.752079],[-74.0002,40.75197],[-73.999941,40.751861],[-73.999881,40.751835],[-73.999851,40.751827],[-73.999828,40.751822]]},"properties":{"id":"31984130#0","name":"West 30th Street","tier":"distributor","w":3,"lanes":2,"vmax":11.2,"len":99.0}},{"type":"Feature","geometry":{"type":"LineString","coordinates":[[-73.998227,40.751115],[-73.998234,40.751117],[-73.998272,40.751129],[-73.998309,40.751144],[-73.998565,40.751256],[-73.9986,40.751271],[-73.998857,40.751384],[-73.999114,40.751496],[-73.999136,40.751506],[-73.999392,40.751619],[-73.999434,40.751638],[-73.999469,40.751655],[-73.999497,40.751671],[-73.999525,40.751689],[-73.999549,40.751711],[-73.999568,40.751733],[-73.999582,40.751752]]},"properties":{"id":"31984136#0","name":"West 30th Street","tier":"distributor","w":3,"lanes":1,"vmax":11.2,"len":135.4}},{"type":"Feature","geometry":{"type":"LineString","coordinates":[[-74.009674,40.762925],[-74.009415,40.762816],[-74.009156,40.762707],[-74.008897,40.762598],[-74.008638,40.762489],[-74.008379,40.76238],[-74.00812,40.76227],[-74.007861,40.762161],[-74.007602,40.762052],[-74.007342,40.761943],[-74.007083,40.761834],[-74.006824,40.761725],[-74.006565,40.761616],[-74.006306,40.761507],[-74.006047,40.761398],[-74.005788,40.761289],[-74.005529,40.76118],[-74.005269,40.761071],[-74.00501,40.760962],[-74.004751,40.760853],[-74.004492,40.760744],[-74.004233,40.760635],[-74.003974,40.760526],[-74.003715,40.760417],[-74.003456,40.760307],[-74.003196,40.760198],[-74.002937,40.760089],[-74.002678,40.75998],[-74.002419,40.759871],[-74.00216,40.759762],[-74.001901,40.759653],[-74.001642,40.759544],[-74.001383,40.759435],[-74.001123,40.759326],[-74.000864,40.759217],[-74.000605,40.759108],[-74.000346,40.758999],[-74.000087,40.75889],[-73.999957,40.758835],[-73.999724,40.758755],[-73.999519,40.7587],[-73.999229,40.758654],[-73.999206,40.75865],[-73.999068,40.758624],[-73.998931,40.758583],[-73.998672,40.758475],[-73.998411,40.758367],[-73.998151,40.758259],[-73.997892,40.758151],[-73.997632,40.758043],[-73.997372,40.757936],[-73.997265,40.757891],[-73.997124,40.757824],[-73.996985,40.757741],[-73.996852,40.757647],[-73.996745,40.757547]]},"properties":{"id":"320888283","name":"Lincoln Tunnel","tier":"arterial","w":5,"lanes":2,"vmax":15.7,"len":1247.8}},{"type":"Feature","geometry":{"type":"LineString","coordinates":[[-74.00033,40.759229],[-74.000385,40.759252],[-74.000644,40.759361],[-74.000903,40.759471],[-74.001163,40.75958],[-74.001422,40.759689],[-74.001681,40.759798],[-74.00194,40.759907],[-74.002199,40.760016],[-74.002458,40.760125],[-74.002717,40.760234],[-74.002976,40.760343],[-74.003236,40.760452],[-74.003495,40.760561],[-74.003754,40.76067],[-74.004013,40.760779],[-74.004272,40.760888],[-74.004531,40.760997],[-74.00479,40.761106],[-74.005049,40.761215],[-74.005308,40.761325],[-74.005568,40.761434],[-74.005827,40.761543],[-74.006086,40.761652],[-74.006345,40.761761],[-74.006604,40.76187],[-74.006863,40.761979],[-74.007122,40.762088],[-74.007381,40.762197],[-74.007641,40.762306],[-74.0079,40.762415],[-74.008159,40.762524],[-74.008418,40.762633],[-74.008677,40.762742],[-74.008936,40.762851],[-74.009195,40.76296],[-74.009454,40.763069],[-74.009547,40.763108]]},"properties":{"id":"320888292","name":"Lincoln Tunnel","tier":"arterial","w":5,"lanes":2,"vmax":15.7,"len":889.2}},{"type":"Feature","geometry":{"type":"LineString","coordinates":[[-73.999191,40.758897],[-73.999431,40.758943],[-73.999639,40.758995],[-73.99985,40.75906],[-74.000108,40.759169],[-74.000229,40.75922]]},"properties":{"id":"320888292-AddedOnRampEdge","name":"Lincoln Tunnel","tier":"arterial","w":5,"lanes":4,"vmax":15.7,"len":95.2}},{"type":"Feature","geometry":{"type":"LineString","coordinates":[[-73.982433,40.764018],[-73.982415,40.76401],[-73.982361,40.763986],[-73.982103,40.763876],[-73.982008,40.763836],[-73.981846,40.763769],[-73.981586,40.763661],[-73.981566,40.763653],[-73.981545,40.763644]]},"properties":{"id":"324118554#0","name":"West 54th Street","tier":"distributor","w":3,"lanes":2,"vmax":27.8,"len":85.7}},{"type":"Feature","geometry":{"type":"LineString","coordinates":[[-73.987032,40.765949],[-73.98702,40.765944],[-73.986995,40.765934],[-73.98696,40.765919],[-73.9867,40.765811],[-73.98644,40.765703],[-73.986181,40.765595],[-73.985921,40.765487],[-73.985661,40.765379],[-73.985541,40.765329]]},"properties":{"id":"324118557#0","name":"West 54th Street","tier":"distributor","w":3,"lanes":1,"vmax":27.8,"len":143.4}},{"type":"Feature","geometry":{"type":"LineString","coordinates":[[-73.98414,40.764742],[-73.984133,40.764739],[-73.983875,40.764629],[-73.983758,40.76458],[-73.983499,40.76447],[-73.98324,40.764361],[-73.982981,40.764251],[-73.982723,40.764141],[-73.982621,40.764098]]},"properties":{"id":"324118558#0","name":"West 54th Street","tier":"distributor","w":3,"lanes":2,"vmax":27.8,"len":146.8}},{"type":"Feature","geometry":{"type":"LineString","coordinates":[[-73.971226,40.744264],[-73.971133,40.744395],[-73.97104,40.744498],[-73.970942,40.744614],[-73.970796,40.74481],[-73.970683,40.744963],[-73.97053,40.745155],[-73.970518,40.74517],[-73.970356,40.745359],[-73.970195,40.745548],[-73.970033,40.745736],[-73.969966,40.745815],[-73.969802,40.746003],[-73.969639,40.746191],[-73.969476,40.746379],[-73.969419,40.746445],[-73.969255,40.746632],[-73.969094,40.746816],[-73.968934,40.747005],[-73.968774,40.747195],[-73.968654,40.747338],[-73.968495,40.747528],[-73.96841,40.74763]]},"properties":{"id":"32938060","name":"","tier":"arterial","w":3,"lanes":1,"vmax":22.2,"len":443.0}},{"type":"Feature","geometry":{"type":"LineString","coordinates":[[-73.971354,40.74436],[-73.971487,40.744159],[-73.97162,40.743958],[-73.97163,40.743942],[-73.97164,40.743927]]},"properties":{"id":"34769546#0","name":"FDR Drive","tier":"arterial","w":4,"lanes":2,"vmax":27.8,"len":53.8}},{"type":"Feature","geometry":{"type":"LineString","coordinates":[[-73.999998,40.748384],[-74.000018,40.748357],[-74.000161,40.74816],[-74.000304,40.747963],[-74.000379,40.74786],[-74.000405,40.747824]]},"properties":{"id":"350726028#0","name":"9th Avenue","tier":"distributor","w":3,"lanes":4,"vmax":11.2,"len":71.0}},{"type":"Feature","geometry":{"type":"LineString","coordinates":[[-74.000457,40.747752],[-74.000468,40.747737],[-74.00061,40.747538]]},"properties":{"id":"350726028#3","name":"9th Avenue","tier":"distributor","w":3,"lanes":4,"vmax":11.2,"len":27.0}},{"type":"Feature","geometry":{"type":"LineString","coordinates":[[-73.996856,40.752708],[-73.996877,40.752685],[-73.99702,40.752488],[-73.997163,40.75229],[-73.997217,40.752215],[-73.997279,40.75213],[-73.997424,40.751934],[-73.997568,40.751737],[-73.997683,40.751582]]},"properties":{"id":"350726030#0","name":"9th Avenue","tier":"distributor","w":3,"lanes":1,"vmax":11.2,"len":143.2}},{"type":"Feature","geometry":{"type":"LineString","coordinates":[[-73.971026,40.747336],[-73.971026,40.747343],[-73.970909,40.747514],[-73.970889,40.747542]]},"properties":{"id":"36185650#0","name":"1st Avenue","tier":"arterial","w":3,"lanes":2,"vmax":11.2,"len":25.7}},{"type":"Feature","geometry":{"type":"LineString","coordinates":[[-73.997645,40.758793],[-73.997681,40.758769],[-73.997728,40.758743],[-73.997784,40.758717],[-73.997834,40.7587],[-73.997898,40.758685],[-73.997978,40.758677],[-73.998058,40.75868],[-73.998128,40.758687],[-73.99819,40.758698],[-73.998469,40.758772],[-73.99859,40.758804]]},"properties":{"id":"36801164","name":"","tier":"arterial","w":3,"lanes":2,"vmax":22.2,"len":85.4}},{"type":"Feature","geometry":{"type":"LineString","coordinates":[[-73.99976,40.758883],[-73.999772,40.758866],[-73.999915,40.758669],[-74.000058,40.758472],[-74.000111,40.758399],[-74.000126,40.758378],[-74.000153,40.758339]]},"properties":{"id":"36801165#0","name":"11th Avenue","tier":"arterial","w":4,"lanes":4,"vmax":11.2,"len":69.0}},{"type":"Feature","geometry":{"type":"LineString","coordinates":[[-73.997782,40.758379],[-73.997839,40.758386],[-73.997904,40.75839],[-73.997972,40.75839],[-73.998033,40.758389],[-73.998306,40.758384]]},"properties":{"id":"36801355","name":"","tier":"arterial","w":3,"lanes":1,"vmax":22.2,"len":44.3}},{"type":"Feature","geometry":{"type":"LineString","coordinates":[[-73.99872,40.751146],[-73.998502,40.751054],[-73.998282,40.750962]]},"properties":{"id":"36806658#0","name":"West 30th Street","tier":"distributor","w":3,"lanes":4,"vmax":11.2,"len":42.2}},{"type":"Feature","geometry":{"type":"LineString","coordinates":[[-73.997673,40.750677],[-73.997455,40.750584],[-73.997197,40.750474],[-73.996938,40.750364],[-73.99668,40.750254],[-73.996421,40.750144],[-73.996163,40.750034],[-73.99594,40.74994]]},"properties":{"id":"36806659","name":"West 30th Street","tier":"local","w":2,"lanes":2,"vmax":11.2,"len":167.6}},{"type":"Feature","geometry":{"type":"LineString","coordinates":[[-73.995519,40.755686],[-73.995461,40.755724],[-73.995283,40.755864],[-73.99523,40.755908]]},"properties":{"id":"36806661","name":"","tier":"arterial","w":3,"lanes":1,"vmax":11.2,"len":34.7}},{"type":"Feature","geometry":{"type":"LineString","coordinates":[[-73.996732,40.754932],[-73.996701,40.754939],[-73.996566,40.754972],[-73.996456,40.755003],[-73.996306,40.755053],[-73.996188,40.755099],[-73.996067,40.75515],[-73.995999,40.755181]]},"properties":{"id":"36806670","name":"Lincoln Tunnel Expressway","tier":"arterial","w":5,"lanes":2,"vmax":11.2,"len":68.0}},{"type":"Feature","geometry":{"type":"LineString","coordinates":[[-73.997092,40.754844],[-73.996819,40.7549]]},"properties":{"id":"36806670-AddedOnRampEdge","name":"Lincoln Tunnel Expressway","tier":"arterial","w":5,"lanes":3,"vmax":11.2,"len":23.9}},{"type":"Feature","geometry":{"type":"LineString","coordinates":[[-73.995425,40.755929],[-73.995611,40.75581],[-73.995865,40.755696],[-73.99612,40.755581],[-73.996242,40.755526],[-73.996259,40.755518]]},"properties":{"id":"36806677","name":"","tier":"arterial","w":3,"lanes":1,"vmax":22.2,"len":84.1}},{"type":"Feature","geometry":{"type":"LineString","coordinates":[[-73.995481,40.755534],[-73.995738,40.755643],[-73.995921,40.75572],[-73.99595,40.755732],[-73.996033,40.755767],[-73.99628,40.755869],[-73.996297,40.755877]]},"properties":{"id":"36806678","name":"West 37th Street","tier":"distributor","w":3,"lanes":1,"vmax":11.2,"len":78.7}},{"type":"Feature","geometry":{"type":"LineString","coordinates":[[-73.998523,40.753479],[-73.998526,40.753493],[-73.998529,40.753513],[-73.998528,40.753534],[-73.998524,40.753566],[-73.998509,40.753605],[-73.99842,40.75382],[-73.998379,40.753917],[-73.998333,40.75402],[-73.998259,40.754157],[-73.998129,40.754345],[-73.998073,40.754415],[-73.998023,40.754457],[-73.997954,40.754509],[-73.997949,40.754511]]},"properties":{"id":"36806896","name":"","tier":"arterial","w":3,"lanes":1,"vmax":22.2,"len":126.6}},{"type":"Feature","geometry":{"type":"LineString","coordinates":[[-73.997958,40.754597],[-73.997994,40.754555],[-73.998059,40.754495],[-73.998102,40.754449],[-73.998156,40.754385],[-73.998214,40.754308],[-73.998298,40.754185],[-73.998343,40.754103],[-73.998375,40.754038],[-73.998423,40.753934],[-73.998511,40.753719],[-73.99854,40.753648],[-73.998552,40.753624],[-73.998563,40.75361],[-73.998576,40.753595],[-73.998596,40.753583],[-73.998611,40.753578],[-73.998624,40.753574],[-73.99865,40.753564],[-73.99869,40.75357]]},"properties":{"id":"36806901","name":"","tier":"arterial","w":3,"lanes":1,"vmax":22.2,"len":134.4}},{"type":"Feature","geometry":{"type":"LineString","coordinates":[[-73.997545,40.753869],[-73.997378,40.7538],[-73.997254,40.753749],[-73.997065,40.753669],[-73.996949,40.753621]]},"properties":{"id":"36806903","name":"West 34th Street","tier":"arterial","w":4,"lanes":2,"vmax":11.2,"len":57.3}},{"type":"Feature","geometry":{"type":"LineString","coordinates":[[-73.99653,40.757371],[-73.99651,40.757356],[-73.996457,40.757317],[-73.996405,40.757283],[-73.996349,40.757257],[-73.996286,40.757229],[-73.996027,40.75712],[-73.995768,40.757011],[-73.995762,40.757009],[-73.995585,40.756935]]},"properties":{"id":"36806907","name":"Lincoln Tunnel Expressway","tier":"arterial","w":5,"lanes":2,"vmax":15.7,"len":93.7}},{"type":"Feature","geometry":{"type":"LineString","coordinates":[[-73.995163,40.755946],[-73.995081,40.756042],[-73.995042,40.756096],[-73.995008,40.756156],[-73.994984,40.756213],[-73.99496,40.756303]]},"properties":{"id":"36806908","name":"Lincoln Tunnel Expressway","tier":"arterial","w":5,"lanes":2,"vmax":11.2,"len":43.6}},{"type":"Feature","geometry":{"type":"LineString","coordinates":[[-73.996621,40.757377],[-73.996552,40.757306],[-73.996479,40.757232],[-73.996399,40.757168],[-73.996284,40.757098],[-73.996053,40.756957],[-73.996048,40.756954],[-73.995954,40.756907],[-73.995887,40.756881],[-73.995813,40.756864],[-73.995739,40.756856],[-73.995664,40.756858],[-73.995602,40.756866],[-73.995541,40.756883],[-73.995487,40.756907],[-73.995444,40.756936],[-73.995382,40.756994]]},"properties":{"id":"36807164","name":"","tier":"arterial","w":3,"lanes":1,"vmax":22.2,"len":132.1}},{"type":"Feature","geometry":{"type":"LineString","coordinates":[[-73.995219,40.75712],[-73.995049,40.757351],[-73.994902,40.757546],[-73.994864,40.757597]]},"properties":{"id":"36807165","name":"","tier":"arterial","w":3,"lanes":5,"vmax":22.2,"len":60.8}},{"type":"Feature","geometry":{"type":"LineString","coordinates":[[-73.9724,40.745804],[-73.972618,40.745895],[-73.972657,40.745911],[-73.972916,40.74602],[-73.972929,40.746025],[-73.973189,40.746133],[-73.973399,40.74622],[-73.973456,40.746244],[-73.97356,40.746287]]},"properties":{"id":"368938760","name":"East 37th Street","tier":"distributor","w":3,"lanes":4,"vmax":11.2,"len":111.7}},{"type":"Feature","geometry":{"type":"LineString","coordinates":[[-73.971626,40.746359],[-73.971624,40.746362],[-73.971504,40.746526],[-73.971362,40.746723],[-73.971262,40.746862],[-73.971237,40.746894]]},"properties":{"id":"368938761#0","name":"1st Avenue","tier":"arterial","w":4,"lanes":2,"vmax":11.2,"len":68.0}},{"type":"Feature","geometry":{"type":"LineString","coordinates":[[-73.972082,40.745734],[-73.972073,40.745746],[-73.971929,40.745943],[-73.97186,40.746038]]},"properties":{"id":"368938762#0","name":"1st Avenue","tier":"arterial","w":4,"lanes":3,"vmax":11.2,"len":38.6}},{"type":"Feature","geometry":{"type":"LineString","coordinates":[[-73.970385,40.748006],[-73.97028,40.748144],[-73.970136,40.748341],[-73.969991,40.748538],[-73.969881,40.748688]]},"properties":{"id":"379843699","name":"1st Avenue Tunnel","tier":"arterial","w":4,"lanes":2,"vmax":11.2,"len":86.8}},{"type":"Feature","geometry":{"type":"LineString","coordinates":[[-73.970496,40.748146],[-73.970404,40.748301],[-73.97026,40.748497],[-73.970144,40.748655]]},"properties":{"id":"380098431","name":"1st Avenue","tier":"arterial","w":4,"lanes":1,"vmax":27.8,"len":63.9}},{"type":"Feature","geometry":{"type":"LineString","coordinates":[[-73.976005,40.747328],[-73.976476,40.747523],[-73.976551,40.747554],[-73.976599,40.747574],[-73.976645,40.747593]]},"properties":{"id":"380147339#0","name":"East 37th Street","tier":"distributor","w":3,"lanes":4,"vmax":11.2,"len":61.5}},{"type":"Feature","geometry":{"type":"LineString","coordinates":[[-73.974632,40.746761],[-73.974883,40.746868],[-73.975141,40.746978],[-73.975394,40.747087],[-73.975661,40.74723]]},"properties":{"id":"381477008#0","name":"East 37th Street","tier":"distributor","w":3,"lanes":1,"vmax":11.2,"len":101.4}},{"type":"Feature","geometry":{"type":"LineString","coordinates":[[-73.981479,40.763542],[-73.981484,40.763536],[-73.981628,40.763339],[-73.981773,40.763143],[-73.981852,40.763036],[-73.981861,40.763024]]},"properties":{"id":"382740985#0","name":"7th Avenue","tier":"distributor","w":3,"lanes":4,"vmax":11.2,"len":65.9}},{"type":"Feature","geometry":{"type":"LineString","coordinates":[[-73.981944,40.76291],[-73.981946,40.762908],[-73.982074,40.762733],[-73.982217,40.762536],[-73.982279,40.76245],[-73.982309,40.762411],[-73.982318,40.762398]]},"properties":{"id":"382740985#3","name":"7th Avenue","tier":"distributor","w":3,"lanes":4,"vmax":11.2,"len":65.1}},{"type":"Feature","geometry":{"type":"LineString","coordinates":[[-73.998567,40.745378],[-73.9986,40.745392],[-73.998858,40.745502],[-73.999117,40.745611],[-73.999376,40.74572],[-73.999593,40.745812],[-73.999852,40.745922],[-74.000111,40.746031],[-74.00037,40.74614],[-74.000629,40.74625],[-74.000888,40.746359],[-74.001146,40.746469],[-74.001164,40.746476],[-74.001331,40.746546]]},"properties":{"id":"384178812#0","name":"West 23rd Street","tier":"distributor","w":3,"lanes":2,"vmax":11.2,"len":267.0}},{"type":"Feature","geometry":{"type":"LineString","coordinates":[[-73.977712,40.75784],[-73.977847,40.757652],[-73.977988,40.757454],[-73.978026,40.757401],[-73.978069,40.757342],[-73.978076,40.757331]]},"properties":{"id":"384178816#0","name":"5th Avenue","tier":"distributor","w":3,"lanes":4,"vmax":27.8,"len":64.3}},{"type":"Feature","geometry":{"type":"LineString","coordinates":[[-73.978145,40.757235],[-73.978152,40.757226],[-73.978293,40.757028],[-73.978435,40.756831],[-73.978518,40.756714],[-73.978525,40.756705]]},"properties":{"id":"384178816#3","name":"5th Avenue","tier":"distributor","w":3,"lanes":4,"vmax":27.8,"len":67.0}},{"type":"Feature","geometry":{"type":"LineString","coordinates":[[-73.985442,40.752989],[-73.985441,40.752991],[-73.985299,40.753188],[-73.985157,40.753386],[-73.985076,40.753498],[-73.985066,40.753512]]},"properties":{"id":"384649120#11","name":"6th Avenue","tier":"distributor","w":3,"lanes":3,"vmax":11.2,"len":66.2}},{"type":"Feature","geometry":{"type":"LineString","coordinates":[[-73.986773,40.751151],[-73.986651,40.751328],[-73.986513,40.751527],[-73.986443,40.751627]]},"properties":{"id":"384649120#2","name":"6th Avenue","tier":"distributor","w":3,"lanes":3,"vmax":11.2,"len":59.7}},{"type":"Feature","geometry":{"type":"LineString","coordinates":[[-73.986344,40.751766],[-73.986202,40.751959],[-73.986058,40.752156],[-73.985984,40.752257],[-73.985977,40.752267]]},"properties":{"id":"384649120#5","name":"6th Avenue","tier":"distributor","w":3,"lanes":3,"vmax":11.2,"len":63.6}},{"type":"Feature","geometry":{"type":"LineString","coordinates":[[-73.985907,40.752362],[-73.9859,40.752371],[-73.985754,40.752567],[-73.985609,40.752763],[-73.985525,40.752875],[-73.985514,40.752892]]},"properties":{"id":"384649120#8","name":"6th Avenue","tier":"distributor","w":3,"lanes":3,"vmax":11.2,"len":67.5}},{"type":"Feature","geometry":{"type":"LineString","coordinates":[[-73.990517,40.750936],[-73.990257,40.750827],[-73.989998,40.750718],[-73.989739,40.750609],[-73.98948,40.750499],[-73.989318,40.750431],[-73.989242,40.750399],[-73.989169,40.750368],[-73.988911,40.750259],[-73.988652,40.75015],[-73.988393,40.750041],[-73.988305,40.750004],[-73.988079,40.749909],[-73.98791,40.749838],[-73.987884,40.749826]]},"properties":{"id":"384649121#0","name":"West 34th Street","tier":"arterial","w":4,"lanes":2,"vmax":11.2,"len":254.2}},{"type":"Feature","geometry":{"type":"LineString","coordinates":[[-73.978569,40.750872],[-73.978568,40.750874]]},"properties":{"id":"386972970#0","name":"Park Avenue","tier":"arterial","w":4,"lanes":2,"vmax":11.2,"len":0.2}},{"type":"Feature","geometry":{"type":"LineString","coordinates":[[-73.979932,40.743257],[-73.979922,40.743271],[-73.979778,40.743468],[-73.979635,40.743665],[-73.979586,40.743732],[-73.979558,40.74377],[-73.979547,40.743786]]},"properties":{"id":"388240124#0","name":"3rd Avenue","tier":"arterial","w":4,"lanes":5,"vmax":11.2,"len":67.1}},{"type":"Feature","geometry":{"type":"LineString","coordinates":[[-73.979482,40.743874],[-73.979472,40.743888],[-73.979328,40.744085],[-73.979185,40.744282],[-73.97913,40.744356],[-73.979104,40.744391],[-73.979101,40.744395]]},"properties":{"id":"388240124#4","name":"3rd Avenue","tier":"arterial","w":4,"lanes":5,"vmax":11.2,"len":66.2}},{"type":"Feature","geometry":{"type":"LineString","coordinates":[[-73.979019,40.744508],[-73.978875,40.744705],[-73.978731,40.744901],[-73.978681,40.74497],[-73.97865,40.745012],[-73.978646,40.745018]]},"properties":{"id":"388240124#8","name":"3rd Avenue","tier":"arterial","w":4,"lanes":5,"vmax":11.2,"len":64.8}},{"type":"Feature","geometry":{"type":"LineString","coordinates":[[-73.972259,40.762217],[-73.972013,40.762112],[-73.971754,40.762003],[-73.971495,40.761893],[-73.971237,40.761783],[-73.971082,40.761718],[-73.971033,40.761697],[-73.970976,40.761673],[-73.970958,40.761665]]},"properties":{"id":"388696206#0","name":"East 57th Street","tier":"arterial","w":4,"lanes":2,"vmax":27.8,"len":125.8}},{"type":"Feature","geometry":{"type":"LineString","coordinates":[[-73.972304,40.762376],[-73.97229,40.762396],[-73.972144,40.762592],[-73.971998,40.762788],[-73.971943,40.762861],[-73.971916,40.762899]]},"properties":{"id":"388696207#0","name":"Madison Avenue","tier":"distributor","w":3,"lanes":4,"vmax":11.2,"len":66.6}},{"type":"Feature","geometry":{"type":"LineString","coordinates":[[-73.971821,40.763039],[-73.971683,40.763227],[-73.971539,40.763424],[-73.971475,40.763511]]},"properties":{"id":"388696207#3","name":"Madison Avenue","tier":"distributor","w":3,"lanes":4,"vmax":11.2,"len":60.0}},{"type":"Feature","geometry":{"type":"LineString","coordinates":[[-73.985116,40.758555],[-73.985137,40.758526],[-73.985249,40.758369],[-73.985391,40.758171],[-73.985487,40.758038],[-73.985507,40.758009]]},"properties":{"id":"397795463#0","name":"7th Avenue","tier":"distributor","w":3,"lanes":5,"vmax":11.2,"len":68.9}},{"type":"Feature","geometry":{"type":"LineString","coordinates":[[-73.986048,40.757301],[-73.986061,40.757281],[-73.986201,40.757083],[-73.986342,40.756885],[-73.986368,40.756847],[-73.986403,40.756798],[-73.986415,40.756781]]},"properties":{"id":"397795464#0","name":"7th Avenue","tier":"distributor","w":3,"lanes":4,"vmax":11.2,"len":65.4}},{"type":"Feature","geometry":{"type":"LineString","coordinates":[[-73.974355,40.759784],[-73.9746,40.759887],[-73.97486,40.759995],[-73.975119,40.760104],[-73.975379,40.760213],[-73.975638,40.760321],[-73.975727,40.760358],[-73.975736,40.760362]]},"properties":{"id":"420281338#0","name":"East 53rd Street","tier":"distributor","w":3,"lanes":2,"vmax":27.8,"len":133.0}},{"type":"Feature","geometry":{"type":"LineString","coordinates":[[-73.974191,40.75979],[-73.974184,40.759799],[-73.97404,40.759996],[-73.973973,40.760088],[-73.97383,40.760285],[-73.97382,40.760297]]},"properties":{"id":"420281339#0","name":"Madison Avenue","tier":"distributor","w":3,"lanes":4,"vmax":11.2,"len":64.4}},{"type":"Feature","geometry":{"type":"LineString","coordinates":[[-73.974603,40.750876],[-73.974619,40.750883],[-73.974878,40.750992],[-73.975137,40.751101],[-73.975396,40.75121],[-73.975655,40.75132],[-73.975871,40.75141],[-73.97592,40.751431]]},"properties":{"id":"420356168#0","name":"East 42nd Street","tier":"arterial","w":4,"lanes":2,"vmax":11.2,"len":127.1}},{"type":"Feature","geometry":{"type":"LineString","coordinates":[[-73.974344,40.750669],[-73.97434,40.750668],[-73.974309,40.750655],[-73.974047,40.750549],[-73.973885,40.750483],[-73.973671,40.750397]]},"properties":{"id":"420356169#0","name":"East 42nd Street","tier":"arterial","w":4,"lanes":2,"vmax":11.2,"len":64.3}},{"type":"Feature","geometry":{"type":"LineString","coordinates":[[-73.976932,40.756031],[-73.97693,40.756034],[-73.976785,40.756231],[-73.976641,40.756427],[-73.976559,40.756539],[-73.976547,40.756556]]},"properties":{"id":"420356172#0","name":"Madison Avenue","tier":"distributor","w":3,"lanes":4,"vmax":11.2,"len":66.8}},{"type":"Feature","geometry":{"type":"LineString","coordinates":[[-73.978034,40.754504],[-73.977914,40.75467],[-73.977912,40.754673],[-73.977909,40.754678]]},"properties":{"id":"420356173#0","name":"Madison Avenue","tier":"distributor","w":3,"lanes":5,"vmax":11.2,"len":22.0}},{"type":"Feature","geometry":{"type":"LineString","coordinates":[[-73.984976,40.758553],[-73.984967,40.75855],[-73.984709,40.75844],[-73.98445,40.75833],[-73.984278,40.758257],[-73.98402,40.758146],[-73.983762,40.758035],[-73.983505,40.757924],[-73.983247,40.757813],[-73.982989,40.757702],[-73.982744,40.757597]]},"properties":{"id":"420494981#0","name":"West 46th Street","tier":"distributor","w":3,"lanes":1,"vmax":27.8,"len":216.2}},{"type":"Feature","geometry":{"type":"LineString","coordinates":[[-73.9741,40.753956],[-73.974096,40.753954],[-73.973836,40.753846],[-73.973577,40.753738],[-73.973352,40.753644]]},"properties":{"id":"420496090#0","name":"East 46th Street","tier":"distributor","w":3,"lanes":1,"vmax":27.8,"len":72.0}},{"type":"Feature","geometry":{"type":"LineString","coordinates":[[-73.983216,40.750284],[-73.983226,40.75027],[-73.983369,40.750073],[-73.983511,40.749875],[-73.983575,40.749786],[-73.983576,40.749785]]},"properties":{"id":"420496529#0","name":"5th Avenue","tier":"distributor","w":3,"lanes":5,"vmax":11.2,"len":63.2}},{"type":"Feature","geometry":{"type":"LineString","coordinates":[[-73.981678,40.74971],[-73.981934,40.749818],[-73.982193,40.749927],[-73.982452,40.750036],[-73.982711,40.750146],[-73.982969,40.750255],[-73.983051,40.750289]]},"properties":{"id":"420499931#0","name":"East 37th Street","tier":"distributor","w":3,"lanes":2,"vmax":11.2,"len":132.5}},{"type":"Feature","geometry":{"type":"LineString","coordinates":[[-73.983841,40.746552],[-73.983756,40.746673],[-73.983611,40.746869],[-73.983502,40.747018],[-73.983489,40.747036],[-73.983474,40.747056]]},"properties":{"id":"420499932#0","name":"Madison Avenue","tier":"distributor","w":3,"lanes":4,"vmax":11.2,"len":64.0}},{"type":"Feature","geometry":{"type":"LineString","coordinates":[[-73.983411,40.747145],[-73.983402,40.747157],[-73.983261,40.747355],[-73.983119,40.747553],[-73.98303,40.747678]]},"properties":{"id":"420499932#3","name":"Madison Avenue","tier":"distributor","w":3,"lanes":4,"vmax":11.2,"len":67.2}},{"type":"Feature","geometry":{"type":"LineString","coordinates":[[-73.993398,40.747196],[-73.993408,40.747183],[-73.993552,40.746986],[-73.993627,40.746883],[-73.993767,40.746691],[-73.993777,40.746677]]},"properties":{"id":"420512231#0","name":"7th Avenue","tier":"distributor","w":3,"lanes":4,"vmax":11.2,"len":65.8}},{"type":"Feature","geometry":{"type":"LineString","coordinates":[[-73.983522,40.743991],[-73.983387,40.744177],[-73.983243,40.744374],[-73.983189,40.74445],[-73.983163,40.744485],[-73.983156,40.744494]]},"properties":{"id":"420514149#0","name":"Park Avenue South","tier":"arterial","w":4,"lanes":3,"vmax":11.2,"len":63.9}},{"type":"Feature","geometry":{"type":"LineString","coordinates":[[-73.983086,40.744591],[-73.983085,40.744592],[-73.982942,40.744789],[-73.982799,40.744986],[-73.982737,40.745071],[-73.98271,40.745108],[-73.982706,40.745113]]},"properties":{"id":"420514149#4","name":"Park Avenue South","tier":"arterial","w":4,"lanes":3,"vmax":11.2,"len":66.2}},{"type":"Feature","geometry":{"type":"LineString","coordinates":[[-73.995293,40.744591],[-73.995407,40.744435],[-73.99555,40.744238],[-73.995574,40.744205],[-73.995584,40.744191]]},"properties":{"id":"420598327#0","name":"7th Avenue","tier":"distributor","w":3,"lanes":5,"vmax":11.2,"len":50.7}},{"type":"Feature","geometry":{"type":"LineString","coordinates":[[-73.99386,40.746564],[-73.994003,40.746367],[-73.994097,40.746239]]},"properties":{"id":"420598330#0","name":"7th Avenue","tier":"distributor","w":3,"lanes":4,"vmax":11.2,"len":41.3}},{"type":"Feature","geometry":{"type":"LineString","coordinates":[[-73.997718,40.746336],[-73.997599,40.746502],[-73.997584,40.746523],[-73.997576,40.746533]]},"properties":{"id":"420598332#0","name":"8th Avenue","tier":"distributor","w":3,"lanes":5,"vmax":11.2,"len":25.0}},{"type":"Feature","geometry":{"type":"LineString","coordinates":[[-73.99966,40.743676],[-73.99954,40.743842],[-73.999484,40.74392],[-73.999464,40.743948],[-73.999444,40.743975]]},"properties":{"id":"420598333#0","name":"8th Avenue","tier":"distributor","w":3,"lanes":4,"vmax":11.2,"len":37.8}},{"type":"Feature","geometry":{"type":"LineString","coordinates":[[-73.998747,40.744929],[-73.998623,40.745094],[-73.998541,40.745201],[-73.998527,40.745221]]},"properties":{"id":"420598339#0","name":"8th Avenue","tier":"distributor","w":3,"lanes":4,"vmax":11.2,"len":37.4}},{"type":"Feature","geometry":{"type":"LineString","coordinates":[[-74.000263,40.742845],[-74.000228,40.742893],[-74.000086,40.743091],[-73.999944,40.743288],[-73.999912,40.743333],[-73.999884,40.743373],[-73.999879,40.743379]]},"properties":{"id":"420598349#0","name":"8th Avenue","tier":"distributor","w":3,"lanes":3,"vmax":11.2,"len":67.6}},{"type":"Feature","geometry":{"type":"LineString","coordinates":[[-73.998404,40.745385],[-73.998262,40.745582],[-73.998119,40.74578],[-73.998063,40.745857],[-73.998032,40.745899],[-73.99802,40.745915]]},"properties":{"id":"420598366#0","name":"8th Avenue","tier":"distributor","w":3,"lanes":4,"vmax":11.2,"len":67.2}},{"type":"Feature","geometry":{"type":"LineString","coordinates":[[-73.998376,40.745232],[-73.998361,40.745225],[-73.998102,40.745116],[-73.997843,40.745006],[-73.997585,40.744897],[-73.997326,40.744787],[-73.997067,40.744678],[-73.996808,40.744568],[-73.99655,40.744459],[-73.996291,40.74435],[-73.996032,40.74424],[-73.99579,40.744138],[-73.995786,40.744136]]},"properties":{"id":"420598407#0","name":"West 23rd Street","tier":"distributor","w":3,"lanes":2,"vmax":11.2,"len":250.2}},{"type":"Feature","geometry":{"type":"LineString","coordinates":[[-73.972248,40.745513],[-73.972167,40.745625],[-73.972166,40.745627]]},"properties":{"id":"420872177#0","name":"1st Avenue","tier":"arterial","w":4,"lanes":5,"vmax":11.2,"len":14.5}},{"type":"Feature","geometry":{"type":"LineString","coordinates":[[-73.975455,40.745389],[-73.975597,40.745195],[-73.975616,40.745169],[-73.975761,40.744973],[-73.975823,40.744888]]},"properties":{"id":"420872188#0","name":"2nd Avenue","tier":"arterial","w":4,"lanes":6,"vmax":11.2,"len":63.7}},{"type":"Feature","geometry":{"type":"LineString","coordinates":[[-73.97576,40.744705],[-73.97551,40.744598],[-73.975299,40.744509],[-73.975297,40.744508]]},"properties":{"id":"420872204#0","name":"East 34th Street","tier":"arterial","w":4,"lanes":3,"vmax":11.2,"len":44.7}},{"type":"Feature","geometry":{"type":"LineString","coordinates":[[-73.972161,40.743264],[-73.972233,40.743293],[-73.972489,40.743405],[-73.972519,40.743417],[-73.972731,40.743507]]},"properties":{"id":"420872205#0","name":"East 34th Street","tier":"arterial","w":4,"lanes":2,"vmax":11.2,"len":55.1}},{"type":"Feature","geometry":{"type":"LineString","coordinates":[[-73.976851,40.745971],[-73.976951,40.745868],[-73.977034,40.745778],[-73.977086,40.745719],[-73.977133,40.745663],[-73.977197,40.745584],[-73.977226,40.745547],[-73.977264,40.745495],[-73.977274,40.745483]]},"properties":{"id":"420872212#0","name":"Tunnel Exit Street","tier":"arterial","w":4,"lanes":3,"vmax":11.2,"len":65.0}},{"type":"Feature","geometry":{"type":"LineString","coordinates":[[-73.974123,40.74626],[-73.974279,40.746309]]},"properties":{"id":"420872214","name":"","tier":"arterial","w":3,"lanes":1,"vmax":22.2,"len":14.2}},{"type":"Feature","geometry":{"type":"LineString","coordinates":[[-73.982322,40.767444],[-73.982302,40.76747],[-73.982259,40.767535],[-73.98222,40.767591],[-73.98221,40.767605]]},"properties":{"id":"420890023#0","name":"8th Avenue","tier":"distributor","w":3,"lanes":4,"vmax":11.2,"len":22.2}},{"type":"Feature","geometry":{"type":"LineString","coordinates":[[-73.98443,40.764571],[-73.984306,40.764739]]},"properties":{"id":"420890024#0","name":"8th Avenue","tier":"distributor","w":3,"lanes":5,"vmax":27.8,"len":21.4}},{"type":"Feature","geometry":{"type":"LineString","coordinates":[[-73.984222,40.764855],[-73.984084,40.765052],[-73.983945,40.765251],[-73.983927,40.765276],[-73.983867,40.765365]]},"properties":{"id":"420890025#0","name":"8th Avenue","tier":"distributor","w":3,"lanes":5,"vmax":27.8,"len":64.0}},{"type":"Feature","geometry":{"type":"LineString","coordinates":[[-73.984694,40.764214],[-73.984682,40.76423],[-73.984537,40.764427],[-73.984432,40.764568]]},"properties":{"id":"420890028","name":"8th Avenue","tier":"distributor","w":3,"lanes":5,"vmax":11.2,"len":45.1}},{"type":"Feature","geometry":{"type":"LineString","coordinates":[[-73.983761,40.765511],[-73.983634,40.76568],[-73.983487,40.765875],[-73.983414,40.765973]]},"properties":{"id":"420890029#0","name":"8th Avenue","tier":"distributor","w":3,"lanes":5,"vmax":27.8,"len":59.0}},{"type":"Feature","geometry":{"type":"LineString","coordinates":[[-73.985801,40.767811],[-73.985933,40.767628],[-73.986048,40.767468]]},"properties":{"id":"420892263#0","name":"9th Avenue","tier":"arterial","w":4,"lanes":4,"vmax":27.8,"len":43.5}},{"type":"Feature","geometry":{"type":"LineString","coordinates":[[-73.986094,40.767405],[-73.986167,40.76731],[-73.98617,40.767306]]},"properties":{"id":"420892264#0","name":"9th Avenue","tier":"arterial","w":4,"lanes":3,"vmax":27.8,"len":12.8}},{"type":"Feature","geometry":{"type":"LineString","coordinates":[[-73.986519,40.766843],[-73.986619,40.76671]]},"properties":{"id":"420892265#0","name":"9th Avenue","tier":"arterial","w":4,"lanes":5,"vmax":27.8,"len":17.0}},{"type":"Feature","geometry":{"type":"LineString","coordinates":[[-73.98538,40.768385],[-73.985524,40.768188],[-73.985644,40.768023]]},"properties":{"id":"420892266#0","name":"9th Avenue","tier":"arterial","w":4,"lanes":4,"vmax":27.8,"len":45.9}},{"type":"Feature","geometry":{"type":"LineString","coordinates":[[-73.986723,40.766567],[-73.986862,40.766375],[-73.986985,40.766206],[-73.987088,40.766054],[-73.987095,40.766044]]},"properties":{"id":"420892269#0","name":"9th Avenue","tier":"arterial","w":4,"lanes":3,"vmax":27.8,"len":66.0}},{"type":"Feature","geometry":{"type":"LineString","coordinates":[[-73.987902,40.764927],[-73.987997,40.764798],[-73.988001,40.764792]]},"properties":{"id":"420892270#0","name":"9th Avenue","tier":"arterial","w":4,"lanes":3,"vmax":27.8,"len":17.1}},{"type":"Feature","geometry":{"type":"LineString","coordinates":[[-73.987623,40.765312],[-73.987764,40.765117],[-73.987901,40.76493]]},"properties":{"id":"420892271#0","name":"9th Avenue","tier":"arterial","w":4,"lanes":3,"vmax":27.8,"len":48.5}},{"type":"Feature","geometry":{"type":"LineString","coordinates":[[-73.987166,40.765948],[-73.98717,40.765941],[-73.987312,40.765744],[-73.987403,40.765617]]},"properties":{"id":"420892272#0","name":"9th Avenue","tier":"arterial","w":4,"lanes":3,"vmax":27.8,"len":41.8}},{"type":"Feature","geometry":{"type":"LineString","coordinates":[[-73.987448,40.765553],[-73.987538,40.765429],[-73.987539,40.765427]]},"properties":{"id":"420892273#0","name":"9th Avenue","tier":"arterial","w":4,"lanes":5,"vmax":27.8,"len":16.0}},{"type":"Feature","geometry":{"type":"LineString","coordinates":[[-73.986256,40.767192],[-73.986257,40.767191],[-73.986404,40.766995],[-73.986472,40.766906]]},"properties":{"id":"420892275#0","name":"9th Avenue","tier":"arterial","w":4,"lanes":4,"vmax":27.8,"len":36.6}},{"type":"Feature","geometry":{"type":"LineString","coordinates":[[-73.993735,40.767096],[-73.993748,40.767078],[-73.993894,40.766882],[-73.994039,40.766685],[-73.994126,40.766568],[-73.994146,40.766541]]},"properties":{"id":"420894352#0","name":"11th Avenue","tier":"distributor","w":3,"lanes":5,"vmax":11.2,"len":70.6}},{"type":"Feature","geometry":{"type":"LineString","coordinates":[[-73.976357,40.76576],[-73.976403,40.76578],[-73.976662,40.765889],[-73.976701,40.765906],[-73.976769,40.765935],[-73.977028,40.766044],[-73.977039,40.766048]]},"properties":{"id":"420899372#0","name":"Central Park South","tier":"distributor","w":3,"lanes":2,"vmax":27.8,"len":65.8}},{"type":"Feature","geometry":{"type":"LineString","coordinates":[[-73.980816,40.767579],[-73.980545,40.767465],[-73.980286,40.767355],[-73.980027,40.767245],[-73.979768,40.767136],[-73.979686,40.767101],[-73.97962,40.767073],[-73.979361,40.766964],[-73.979219,40.766903]]},"properties":{"id":"420899373","name":"Central Park South","tier":"distributor","w":3,"lanes":2,"vmax":27.8,"len":154.3}},{"type":"Feature","geometry":{"type":"LineString","coordinates":[[-73.972747,40.74911],[-73.972752,40.749105],[-73.972894,40.748907],[-73.973,40.748762],[-73.973111,40.748608],[-73.97312,40.748596]]},"properties":{"id":"420901673#0","name":"2nd Avenue","tier":"arterial","w":4,"lanes":6,"vmax":11.2,"len":65.2}},{"type":"Feature","geometry":{"type":"LineString","coordinates":[[-73.973645,40.747871],[-73.973648,40.747867],[-73.97379,40.74767],[-73.973826,40.747621]]},"properties":{"id":"420901679#0","name":"2nd Avenue","tier":"arterial","w":4,"lanes":4,"vmax":11.2,"len":31.7}},{"type":"Feature","geometry":{"type":"LineString","coordinates":[[-73.969472,40.753578],[-73.969477,40.753571],[-73.969621,40.753374],[-73.969766,40.753177],[-73.969852,40.75306],[-73.969861,40.753047]]},"properties":{"id":"420901681#0","name":"2nd Avenue","tier":"arterial","w":4,"lanes":3,"vmax":11.2,"len":67.5}},{"type":"Feature","geometry":{"type":"LineString","coordinates":[[-73.969919,40.752968],[-73.969936,40.752945],[-73.970079,40.752748],[-73.970209,40.752571],[-73.970261,40.752498],[-73.970297,40.752449]]},"properties":{"id":"420901681#3","name":"2nd Avenue","tier":"arterial","w":4,"lanes":3,"vmax":11.2,"len":65.9}},{"type":"Feature","geometry":{"type":"LineString","coordinates":[[-73.971745,40.75046],[-73.971756,40.750444],[-73.971902,40.750247],[-73.971928,40.750212],[-73.972073,40.750015],[-73.972103,40.749975],[-73.972135,40.74993]]},"properties":{"id":"420901682#0","name":"2nd Avenue","tier":"arterial","w":4,"lanes":5,"vmax":11.2,"len":67.4}},{"type":"Feature","geometry":{"type":"LineString","coordinates":[[-73.974104,40.747237],[-73.974237,40.747052],[-73.97438,40.746855],[-73.974452,40.746755]]},"properties":{"id":"420901683#0","name":"2nd Avenue","tier":"arterial","w":4,"lanes":6,"vmax":11.2,"len":61.0}},{"type":"Feature","geometry":{"type":"LineString","coordinates":[[-73.994977,40.755242],[-73.99512,40.75505],[-73.995244,40.754884],[-73.995345,40.75475],[-73.995347,40.754747]]},"properties":{"id":"420901919#0","name":"9th Avenue","tier":"arterial","w":4,"lanes":3,"vmax":27.8,"len":63.3}},{"type":"Feature","geometry":{"type":"LineString","coordinates":[[-73.995432,40.754631],[-73.995433,40.75463],[-73.99558,40.754434],[-73.99567,40.754313],[-73.995695,40.754278],[-73.995717,40.754249],[-73.995801,40.754136],[-73.995815,40.754118]]},"properties":{"id":"420901920#0","name":"9th Avenue","tier":"arterial","w":4,"lanes":5,"vmax":27.8,"len":65.5}},{"type":"Feature","geometry":{"type":"LineString","coordinates":[[-73.995881,40.754029],[-73.995893,40.754012],[-73.996033,40.753814],[-73.996108,40.753707],[-73.996252,40.75351],[-73.996255,40.753506]]},"properties":{"id":"420901921#0","name":"9th Avenue","tier":"arterial","w":4,"lanes":5,"vmax":11.2,"len":66.1}},{"type":"Feature","geometry":{"type":"LineString","coordinates":[[-73.999185,40.751355],[-73.998802,40.751182]]},"properties":{"id":"420901925","name":"West 30th Street","tier":"distributor","w":3,"lanes":3,"vmax":11.2,"len":37.7}},{"type":"Feature","geometry":{"type":"LineString","coordinates":[[-73.972696,40.752548],[-73.972906,40.752638]]},"properties":{"id":"420902874#0","name":"East 45th Street","tier":"distributor","w":3,"lanes":2,"vmax":27.8,"len":20.3}},{"type":"Feature","geometry":{"type":"LineString","coordinates":[[-73.976244,40.754871],[-73.976061,40.754792],[-73.976013,40.754771]]},"properties":{"id":"420902878#0","name":"East 46th Street","tier":"distributor","w":3,"lanes":3,"vmax":27.8,"len":22.4}},{"type":"Feature","geometry":{"type":"LineString","coordinates":[[-73.999342,40.759528],[-73.999382,40.759476],[-73.999522,40.759277],[-73.999655,40.759089]]},"properties":{"id":"420903239#0","name":"11th Avenue","tier":"arterial","w":4,"lanes":3,"vmax":27.8,"len":55.3}},{"type":"Feature","geometry":{"type":"LineString","coordinates":[[-73.998883,40.760145],[-73.9989,40.760122],[-73.999045,40.759925],[-73.99919,40.759729],[-73.999256,40.75964]]},"properties":{"id":"420903240#0","name":"11th Avenue","tier":"arterial","w":4,"lanes":3,"vmax":11.2,"len":64.2}},{"type":"Feature","geometry":{"type":"LineString","coordinates":[[-73.996116,40.759037],[-73.996356,40.759138],[-73.996615,40.759248],[-73.996684,40.759276],[-73.996808,40.759328]]},"properties":{"id":"420904615#0","name":"West 41st Street","tier":"distributor","w":3,"lanes":3,"vmax":27.8,"len":66.7}},{"type":"Feature","geometry":{"type":"LineString","coordinates":[[-73.994549,40.758414],[-73.994778,40.758512],[-73.994949,40.758584]]},"properties":{"id":"420904617#0","name":"West 41st Street","tier":"distributor","w":3,"lanes":4,"vmax":27.8,"len":38.7}},{"type":"Feature","geometry":{"type":"LineString","coordinates":[[-73.995335,40.759535],[-73.995101,40.759437],[-73.994842,40.759327],[-73.994583,40.759218],[-73.994324,40.759109],[-73.9941,40.759014],[-73.994045,40.758991],[-73.99403,40.758984]]},"properties":{"id":"420904618#0","name":"West 42nd Street","tier":"arterial","w":4,"lanes":2,"vmax":27.8,"len":126.0}},{"type":"Feature","geometry":{"type":"LineString","coordinates":[[-73.998307,40.760821],[-73.998305,40.76082]]},"properties":{"id":"420904620","name":"West 42nd Street","tier":"arterial","w":4,"lanes":2,"vmax":11.2,"len":0.2}},{"type":"Feature","geometry":{"type":"LineString","coordinates":[[-74.000385,40.761674],[-74.000124,40.761566],[-73.999864,40.761458],[-73.999805,40.761434],[-73.999547,40.761324],[-73.999288,40.761215],[-73.999176,40.761168],[-73.998963,40.761078]]},"properties":{"id":"420904621","name":"West 42nd Street","tier":"arterial","w":4,"lanes":1,"vmax":11.2,"len":137.0}},{"type":"Feature","geometry":{"type":"LineString","coordinates":[[-73.981527,40.747188],[-73.9816,40.747219],[-73.981764,40.747287],[-73.982022,40.747396],[-73.982281,40.747506],[-73.982367,40.747543],[-73.98262,40.747659],[-73.982705,40.747698],[-73.982835,40.747749]]},"properties":{"id":"420904658#0","name":"East 34th Street","tier":"arterial","w":4,"lanes":2,"vmax":11.2,"len":126.8}},{"type":"Feature","geometry":{"type":"LineString","coordinates":[[-73.983462,40.748016],[-73.983675,40.748116],[-73.983729,40.748142],[-73.983989,40.748251],[-73.984248,40.748361],[-73.984402,40.748426]]},"properties":{"id":"420904659#0","name":"East 34th Street","tier":"arterial","w":4,"lanes":2,"vmax":11.2,"len":91.5}},{"type":"Feature","geometry":{"type":"LineString","coordinates":[[-73.983299,40.750394],[-73.983303,40.750395],[-73.983562,40.750504],[-73.983822,40.750612],[-73.984081,40.750721],[-73.98434,40.75083],[-73.9846,40.750938],[-73.984859,40.751047],[-73.985118,40.751156],[-73.985378,40.751264],[-73.985602,40.751358]]},"properties":{"id":"420904660#0","name":"West 37th Street","tier":"distributor","w":3,"lanes":2,"vmax":11.2,"len":222.0}},{"type":"Feature","geometry":{"type":"LineString","coordinates":[[-73.979177,40.761821],[-73.979201,40.761832],[-73.97946,40.76194],[-73.979533,40.761971],[-73.979792,40.76208],[-73.980051,40.762189],[-73.980079,40.7622],[-73.980314,40.762298],[-73.980347,40.762312],[-73.980437,40.76235],[-73.980639,40.762434],[-73.980749,40.762481],[-73.980853,40.762525],[-73.980988,40.762582],[-73.98123,40.762684],[-73.981489,40.762793],[-73.981537,40.762813],[-73.981603,40.762841],[-73.981778,40.762914],[-73.981785,40.762917]]},"properties":{"id":"420905130#0","name":"West 53rd Street","tier":"distributor","w":3,"lanes":2,"vmax":27.8,"len":251.5}},{"type":"Feature","geometry":{"type":"LineString","coordinates":[[-73.977135,40.755751],[-73.977015,40.755917],[-73.977005,40.755931],[-73.976997,40.755942]]},"properties":{"id":"420906743#0","name":"Madison Avenue","tier":"distributor","w":3,"lanes":5,"vmax":11.2,"len":24.3}},{"type":"Feature","geometry":{"type":"LineString","coordinates":[[-73.973361,40.760929],[-73.97336,40.76093]]},"properties":{"id":"420906750","name":"Madison Avenue","tier":"distributor","w":3,"lanes":5,"vmax":11.2,"len":0.2}},{"type":"Feature","geometry":{"type":"LineString","coordinates":[[-73.973259,40.761075],[-73.973124,40.761256],[-73.972979,40.761452],[-73.972957,40.761482]]},"properties":{"id":"420906752#0","name":"Madison Avenue","tier":"distributor","w":3,"lanes":2,"vmax":11.2,"len":51.8}},{"type":"Feature","geometry":{"type":"LineString","coordinates":[[-73.975093,40.758544],[-73.974953,40.758739],[-73.974811,40.758936],[-73.974726,40.759054],[-73.974715,40.759069]]},"properties":{"id":"420906753#0","name":"Madison Avenue","tier":"distributor","w":3,"lanes":4,"vmax":11.2,"len":66.5}},{"type":"Feature","geometry":{"type":"LineString","coordinates":[[-73.977827,40.754791],[-73.977824,40.754795],[-73.97768,40.754992],[-73.977535,40.755188],[-73.977489,40.755251],[-73.977452,40.755304],[-73.977441,40.755318]]},"properties":{"id":"420906755#0","name":"Madison Avenue","tier":"distributor","w":3,"lanes":4,"vmax":11.2,"len":67.0}},{"type":"Feature","geometry":{"type":"LineString","coordinates":[[-73.990029,40.756898],[-73.989908,40.757063],[-73.989856,40.757136]]},"properties":{"id":"420907902#0","name":"8th Avenue","tier":"distributor","w":3,"lanes":4,"vmax":27.8,"len":30.2}},{"type":"Feature","geometry":{"type":"LineString","coordinates":[[-73.986806,40.76133],[-73.986683,40.761495],[-73.986598,40.76161],[-73.986592,40.761619]]},"properties":{"id":"420907903#0","name":"8th Avenue","tier":"distributor","w":3,"lanes":4,"vmax":11.2,"len":36.8}},{"type":"Feature","geometry":{"type":"LineString","coordinates":[[-73.986528,40.76171],[-73.98652,40.761721],[-73.986374,40.761917],[-73.986229,40.762113],[-73.986147,40.762223]]},"properties":{"id":"420907906#0","name":"8th Avenue","tier":"distributor","w":3,"lanes":3,"vmax":11.2,"len":65.4}},{"type":"Feature","geometry":{"type":"LineString","coordinates":[[-73.990814,40.760931],[-73.990951,40.760743],[-73.991095,40.760546],[-73.991189,40.760417],[-73.99119,40.760415]]},"properties":{"id":"420907908#0","name":"9th Avenue","tier":"arterial","w":4,"lanes":4,"vmax":27.8,"len":65.4}},{"type":"Feature","geometry":{"type":"LineString","coordinates":[[-73.983685,40.761277],[-73.983449,40.761179],[-73.983395,40.761156],[-73.983347,40.761136]]},"properties":{"id":"420908137#0","name":"West 50th Street","tier":"distributor","w":3,"lanes":2,"vmax":27.8,"len":32.6}},{"type":"Feature","geometry":{"type":"LineString","coordinates":[[-73.983155,40.761055],[-73.983138,40.761047],[-73.982878,40.760939],[-73.982618,40.760831],[-73.982359,40.760722],[-73.98225,40.760677],[-73.98199,40.760568],[-73.981807,40.760492],[-73.981547,40.760383],[-73.981288,40.760275],[-73.981028,40.760166],[-73.980769,40.760058],[-73.980554,40.759968],[-73.980531,40.759958]]},"properties":{"id":"420908138#0","name":"West 50th Street","tier":"distributor","w":3,"lanes":2,"vmax":27.8,"len":252.7}},{"type":"Feature","geometry":{"type":"LineString","coordinates":[[-73.972817,40.761672],[-73.972813,40.761678],[-73.97267,40.761875],[-73.972527,40.762072],[-73.972431,40.762205],[-73.972425,40.762212]]},"properties":{"id":"421850829#0","name":"Madison Avenue","tier":"distributor","w":3,"lanes":5,"vmax":11.2,"len":68.5}},{"type":"Feature","geometry":{"type":"LineString","coordinates":[[-73.972911,40.761545],[-73.9729,40.761559]]},"properties":{"id":"421850830#0","name":"Madison Avenue","tier":"distributor","w":3,"lanes":5,"vmax":11.2,"len":1.8}},{"type":"Feature","geometry":{"type":"LineString","coordinates":[[-73.997661,40.765772],[-73.997748,40.765653]]},"properties":{"id":"421852029","name":"12th Avenue","tier":"arterial","w":5,"lanes":5,"vmax":13.4,"len":15.1}},{"type":"Feature","geometry":{"type":"LineString","coordinates":[[-73.998202,40.765034],[-73.998321,40.764868],[-73.998463,40.764671],[-73.998605,40.764473],[-73.998653,40.764407],[-73.998659,40.764398]]},"properties":{"id":"421852030#0","name":"12th Avenue","tier":"arterial","w":5,"lanes":5,"vmax":13.4,"len":80.5}},{"type":"Feature","geometry":{"type":"LineString","coordinates":[[-73.997394,40.766138],[-73.997488,40.766009],[-73.997499,40.765994]]},"properties":{"id":"421852031","name":"12th Avenue","tier":"arterial","w":5,"lanes":4,"vmax":13.4,"len":18.3}},{"type":"Feature","geometry":{"type":"LineString","coordinates":[[-73.996633,40.767183],[-73.996754,40.767017],[-73.996768,40.766997]]},"properties":{"id":"421852033","name":"12th Avenue","tier":"arterial","w":5,"lanes":5,"vmax":13.4,"len":23.5}},{"type":"Feature","geometry":{"type":"LineString","coordinates":[[-73.996937,40.766765],[-73.996944,40.766756],[-73.997087,40.766559],[-73.997231,40.766362],[-73.997283,40.766291],[-73.997293,40.766277]]},"properties":{"id":"421852039#0","name":"12th Avenue","tier":"arterial","w":5,"lanes":4,"vmax":13.4,"len":62.0}},{"type":"Feature","geometry":{"type":"LineString","coordinates":[[-73.997543,40.765567],[-73.997466,40.765672],[-73.997323,40.765869],[-73.99719,40.766052]]},"properties":{"id":"421852041","name":"12th Avenue","tier":"arterial","w":5,"lanes":4,"vmax":13.4,"len":61.6}},{"type":"Feature","geometry":{"type":"LineString","coordinates":[[-73.97501,40.745993],[-73.975122,40.745841]]},"properties":{"id":"421852618#0","name":"2nd Avenue","tier":"arterial","w":4,"lanes":5,"vmax":11.2,"len":19.4}},{"type":"Feature","geometry":{"type":"LineString","coordinates":[[-73.973535,40.763582],[-73.973572,40.76353],[-73.973714,40.763333],[-73.973857,40.763135],[-73.973899,40.763077],[-73.973915,40.763054]]},"properties":{"id":"422298615#0","name":"5th Avenue","tier":"distributor","w":3,"lanes":4,"vmax":11.2,"len":66.8}},{"type":"Feature","geometry":{"type":"LineString","coordinates":[[-73.979375,40.752884],[-73.979626,40.752991],[-73.979885,40.7531],[-73.980144,40.75321],[-73.980314,40.753282],[-73.980574,40.75339],[-73.98074,40.75346]]},"properties":{"id":"438384692#0","name":"East 42nd Street","tier":"arterial","w":4,"lanes":3,"vmax":11.2,"len":131.8}},{"type":"Feature","geometry":{"type":"LineString","coordinates":[[-73.97873,40.753547],[-73.978589,40.753742],[-73.978446,40.753939],[-73.978371,40.754044],[-73.978365,40.754051]]},"properties":{"id":"438384693#0","name":"Madison Avenue","tier":"distributor","w":3,"lanes":2,"vmax":11.2,"len":63.9}},{"type":"Feature","geometry":{"type":"LineString","coordinates":[[-73.978295,40.754147],[-73.97828,40.754166],[-73.978136,40.754363],[-73.978079,40.75444]]},"properties":{"id":"438384693#3","name":"Madison Avenue","tier":"distributor","w":3,"lanes":2,"vmax":11.2,"len":37.3}},{"type":"Feature","geometry":{"type":"LineString","coordinates":[[-73.981422,40.752759],[-73.981561,40.752567],[-73.981704,40.75237],[-73.981777,40.752269],[-73.981797,40.752241]]},"properties":{"id":"438385431#0","name":"5th Avenue","tier":"distributor","w":3,"lanes":5,"vmax":11.2,"len":65.7}},{"type":"Feature","geometry":{"type":"LineString","coordinates":[[-73.981856,40.752161],[-73.981868,40.752143],[-73.982011,40.751946],[-73.982154,40.751749],[-73.982195,40.751693],[-73.982227,40.751649],[-73.982232,40.751642]]},"properties":{"id":"438385431#3","name":"5th Avenue","tier":"distributor","w":3,"lanes":5,"vmax":11.2,"len":65.8}},{"type":"Feature","geometry":{"type":"LineString","coordinates":[[-73.98232,40.751521],[-73.982459,40.751329],[-73.982602,40.751132],[-73.982674,40.751032],[-73.982683,40.75102]]},"properties":{"id":"438385431#6","name":"5th Avenue","tier":"distributor","w":3,"lanes":5,"vmax":11.2,"len":63.4}},{"type":"Feature","geometry":{"type":"LineString","coordinates":[[-73.982761,40.750912],[-73.982774,40.750895],[-73.982917,40.750698],[-73.98306,40.750501],[-73.983123,40.750414],[-73.983134,40.750398]]},"properties":{"id":"438385431#9","name":"5th Avenue","tier":"distributor","w":3,"lanes":5,"vmax":11.2,"len":65.1}},{"type":"Feature","geometry":{"type":"LineString","coordinates":[[-73.979522,40.755368],[-73.979533,40.755353],[-73.979675,40.755155],[-73.979817,40.754958],[-73.979895,40.75485],[-73.979899,40.754844]]},"properties":{"id":"438397345#0","name":"5th Avenue","tier":"distributor","w":3,"lanes":4,"vmax":27.8,"len":66.3}},{"type":"Feature","geometry":{"type":"LineString","coordinates":[[-73.981717,40.767693],[-73.981664,40.767711],[-73.981611,40.767734],[-73.981568,40.767758],[-73.981529,40.767785],[-73.981491,40.767818],[-73.981464,40.767847],[-73.981438,40.767881],[-73.981419,40.767914],[-73.981412,40.767931]]},"properties":{"id":"439801901#0","name":"Columbus Circle","tier":"arterial","w":4,"lanes":3,"vmax":11.2,"len":38.2}},{"type":"Feature","geometry":{"type":"LineString","coordinates":[[-73.982036,40.767687],[-73.982017,40.767683],[-73.981979,40.767676],[-73.981883,40.76767]]},"properties":{"id":"439801902","name":"Columbus Circle","tier":"arterial","w":4,"lanes":4,"vmax":11.2,"len":13.1}},{"type":"Feature","geometry":{"type":"LineString","coordinates":[[-73.988198,40.749164],[-73.988191,40.749173],[-73.988047,40.74937],[-73.987908,40.749561],[-73.987797,40.749712]]},"properties":{"id":"439933932#0","name":"6th Avenue","tier":"distributor","w":3,"lanes":4,"vmax":11.2,"len":69.6}},{"type":"Feature","geometry":{"type":"LineString","coordinates":[[-73.983331,40.766085],[-73.983316,40.766106],[-73.983171,40.766302],[-73.983026,40.766498],[-73.982959,40.766589]]},"properties":{"id":"439933933#0","name":"8th Avenue","tier":"distributor","w":3,"lanes":5,"vmax":27.8,"len":64.1}},{"type":"Feature","geometry":{"type":"LineString","coordinates":[[-73.975551,40.757917],[-73.975407,40.758114],[-73.975283,40.758284]]},"properties":{"id":"441405435#0","name":"Madison Avenue","tier":"distributor","w":3,"lanes":4,"vmax":11.2,"len":46.6}},{"type":"Feature","geometry":{"type":"LineString","coordinates":[[-73.975485,40.757814],[-73.975226,40.757705],[-73.975187,40.757689],[-73.974932,40.757581],[-73.974889,40.757563],[-73.974631,40.757453],[-73.974372,40.757343],[-73.974216,40.757277],[-73.974186,40.757264]]},"properties":{"id":"441405436#0","name":"East 50th Street","tier":"distributor","w":3,"lanes":2,"vmax":27.8,"len":125.5}},{"type":"Feature","geometry":{"type":"LineString","coordinates":[[-73.981797,40.746462],[-73.981797,40.746468],[-73.981788,40.746487],[-73.981646,40.746685],[-73.981505,40.746883],[-73.981446,40.746965],[-73.981302,40.747161],[-73.981158,40.747358],[-73.981014,40.747555],[-73.98087,40.747752],[-73.980727,40.747949],[-73.980583,40.748145],[-73.980439,40.748342],[-73.980295,40.748539],[-73.980151,40.748736],[-73.980007,40.748933],[-73.979863,40.74913],[-73.97972,40.749327],[-73.979576,40.749523],[-73.979432,40.74972],[-73.979288,40.749917],[-73.979144,40.750114],[-73.979003,40.750307],[-73.978852,40.750501],[-73.978701,40.750695],[-73.978671,40.750734],[-73.97867,40.750735]]},"properties":{"id":"44165026","name":"Park Avenue Tunnel","tier":"arterial","w":4,"lanes":1,"vmax":11.2,"len":543.0}},{"type":"Feature","geometry":{"type":"LineString","coordinates":[[-73.97865,40.750658],[-73.978626,40.750715],[-73.978624,40.75072]]},"properties":{"id":"44165030#0","name":"Park Avenue","tier":"arterial","w":4,"lanes":1,"vmax":11.2,"len":7.2}},{"type":"Feature","geometry":{"type":"LineString","coordinates":[[-73.982641,40.745201],[-73.98263,40.745216],[-73.982487,40.745413],[-73.982343,40.74561],[-73.98229,40.745682],[-73.982276,40.745701]]},"properties":{"id":"447001270#0","name":"Park Avenue South","tier":"arterial","w":4,"lanes":3,"vmax":11.2,"len":63.5}},{"type":"Feature","geometry":{"type":"LineString","coordinates":[[-73.98289,40.745248],[-73.983126,40.745347],[-73.983385,40.745456],[-73.983644,40.745564],[-73.983904,40.745673],[-73.984163,40.745782],[-73.98425,40.745818],[-73.984255,40.745821]]},"properties":{"id":"447001271#1","name":"East 31st Street","tier":"local","w":2,"lanes":1,"vmax":11.2,"len":131.6}},{"type":"Feature","geometry":{"type":"LineString","coordinates":[[-73.984437,40.745897],[-73.984453,40.745904],[-73.984712,40.746013],[-73.984971,40.746122],[-73.98523,40.746231],[-73.985489,40.74634],[-73.985748,40.746449],[-73.985825,40.746482],[-73.985852,40.746493]]},"properties":{"id":"447001271#4","name":"East 31st Street","tier":"local","w":2,"lanes":1,"vmax":11.2,"len":136.6}},{"type":"Feature","geometry":{"type":"LineString","coordinates":[[-73.985208,40.744681],[-73.985204,40.744685],[-73.985061,40.744882],[-73.984918,40.74508],[-73.984838,40.74519],[-73.984832,40.745198]]},"properties":{"id":"447001272#0","name":"Madison Avenue","tier":"distributor","w":3,"lanes":3,"vmax":11.2,"len":65.6}},{"type":"Feature","geometry":{"type":"LineString","coordinates":[[-73.984761,40.745294],[-73.984758,40.745298],[-73.984635,40.745462],[-73.984492,40.745659],[-73.984385,40.745804],[-73.984378,40.745815]]},"properties":{"id":"447001272#3","name":"Madison Avenue","tier":"distributor","w":3,"lanes":3,"vmax":11.2,"len":66.2}},{"type":"Feature","geometry":{"type":"LineString","coordinates":[[-73.984314,40.745903],[-73.984297,40.745926],[-73.984154,40.746123],[-73.984011,40.74632],[-73.983943,40.746413]]},"properties":{"id":"447001272#6","name":"Madison Avenue","tier":"distributor","w":3,"lanes":3,"vmax":11.2,"len":64.7}},{"type":"Feature","geometry":{"type":"LineString","coordinates":[[-73.984404,40.754436],[-73.984284,40.754602],[-73.984181,40.754745]]},"properties":{"id":"448686048#0","name":"6th Avenue","tier":"distributor","w":3,"lanes":5,"vmax":27.8,"len":39.1}},{"type":"Feature","geometry":{"type":"LineString","coordinates":[[-73.99496,40.75531],[-73.994962,40.755311]]},"properties":{"id":"452319915","name":"West 37th Street","tier":"distributor","w":3,"lanes":1,"vmax":27.8,"len":0.2}},{"type":"Feature","geometry":{"type":"LineString","coordinates":[[-73.974553,40.746617],[-73.974558,40.746609],[-73.974701,40.746412],[-73.974702,40.746411],[-73.97475,40.746346],[-73.97485,40.746211],[-73.974888,40.746158],[-73.97489,40.746156]]},"properties":{"id":"457948936#0","name":"2nd Avenue","tier":"arterial","w":4,"lanes":6,"vmax":11.2,"len":58.5}},{"type":"Feature","geometry":{"type":"LineString","coordinates":[[-73.983659,40.749671],[-73.983665,40.749662],[-73.983809,40.749465],[-73.983952,40.749267],[-73.98402,40.749174]]},"properties":{"id":"458166892#0","name":"5th Avenue","tier":"distributor","w":3,"lanes":5,"vmax":11.2,"len":63.0}},{"type":"Feature","geometry":{"type":"LineString","coordinates":[[-73.984121,40.749035],[-73.984251,40.748856],[-73.984395,40.748659],[-73.984477,40.748546]]},"properties":{"id":"458166892#3","name":"5th Avenue","tier":"distributor","w":3,"lanes":5,"vmax":11.2,"len":62.0}},{"type":"Feature","geometry":{"type":"LineString","coordinates":[[-73.981914,40.749009],[-73.981664,40.748904],[-73.981405,40.748794],[-73.981146,40.748685],[-73.980887,40.748576],[-73.980656,40.748478],[-73.980594,40.748452],[-73.980577,40.748445]]},"properties":{"id":"458166893#0","name":"East 36th Street","tier":"distributor","w":3,"lanes":2,"vmax":11.2,"len":129.1}},{"type":"Feature","geometry":{"type":"LineString","coordinates":[[-73.980227,40.748297],[-73.980223,40.748295],[-73.980182,40.748278],[-73.979923,40.748169],[-73.979664,40.74806],[-73.979405,40.74795],[-73.979359,40.747931]]},"properties":{"id":"458166893#6","name":"East 36th Street","tier":"distributor","w":3,"lanes":2,"vmax":11.2,"len":83.9}},{"type":"Feature","geometry":{"type":"LineString","coordinates":[[-73.981979,40.749112],[-73.981835,40.749307],[-73.98169,40.749503],[-73.981613,40.749608]]},"properties":{"id":"458166894#0","name":"Madison Avenue","tier":"distributor","w":3,"lanes":4,"vmax":27.8,"len":63.1}},{"type":"Feature","geometry":{"type":"LineString","coordinates":[[-73.978696,40.747651],[-73.978682,40.747645],[-73.978423,40.747536],[-73.978164,40.747427],[-73.977905,40.747318],[-73.977816,40.74728],[-73.977557,40.747171],[-73.977378,40.747095],[-73.97732,40.747071],[-73.977299,40.747062]]},"properties":{"id":"458166895#0","name":"East 36th Street","tier":"distributor","w":3,"lanes":3,"vmax":11.2,"len":134.9}},{"type":"Feature","geometry":{"type":"LineString","coordinates":[[-73.980255,40.745701],[-73.980262,40.745692],[-73.980404,40.745494],[-73.980547,40.745297],[-73.980598,40.745226],[-73.980628,40.745185],[-73.980638,40.745172]]},"properties":{"id":"458166896#0","name":"Lexington Avenue","tier":"distributor","w":3,"lanes":4,"vmax":11.2,"len":67.0}},{"type":"Feature","geometry":{"type":"LineString","coordinates":[[-73.980702,40.745083],[-73.980713,40.745067],[-73.980856,40.74487],[-73.980999,40.744672],[-73.981048,40.744604],[-73.981081,40.744558],[-73.981088,40.744549]]},"properties":{"id":"458166896#4","name":"Lexington Avenue","tier":"distributor","w":3,"lanes":4,"vmax":11.2,"len":67.7}},{"type":"Feature","geometry":{"type":"LineString","coordinates":[[-73.978459,40.748361],[-73.978702,40.748463],[-73.978961,40.748572],[-73.97922,40.748681],[-73.979479,40.748791],[-73.979721,40.748893],[-73.97977,40.748913],[-73.979776,40.748916]]},"properties":{"id":"458177128#0","name":"East 37th Street","tier":"distributor","w":3,"lanes":3,"vmax":11.2,"len":127.2}},{"type":"Feature","geometry":{"type":"LineString","coordinates":[[-73.978409,40.74824],[-73.978538,40.748064],[-73.978671,40.747881],[-73.978731,40.747798],[-73.978754,40.747767]]},"properties":{"id":"458177129#0","name":"Lexington Avenue","tier":"distributor","w":3,"lanes":4,"vmax":11.2,"len":60.1}},{"type":"Feature","geometry":{"type":"LineString","coordinates":[[-73.977989,40.754789],[-73.978244,40.754895],[-73.978504,40.755003],[-73.978764,40.75511],[-73.979024,40.755218],[-73.979284,40.755326],[-73.979366,40.75536]]},"properties":{"id":"458177130#0","name":"East 45th Street","tier":"distributor","w":3,"lanes":1,"vmax":27.8,"len":132.4}},{"type":"Feature","geometry":{"type":"LineString","coordinates":[[-73.974739,40.753406],[-73.974744,40.753408],[-73.975002,40.753517],[-73.975261,40.753627],[-73.975519,40.753737],[-73.975669,40.7538],[-73.97568,40.753805]]},"properties":{"id":"458177131#0","name":"East 45th Street","tier":"distributor","w":3,"lanes":1,"vmax":27.8,"len":90.9}},{"type":"Feature","geometry":{"type":"LineString","coordinates":[[-73.977032,40.750113],[-73.977035,40.75011],[-73.977178,40.749912],[-73.977322,40.749715],[-73.97737,40.749649],[-73.977395,40.749614]]},"properties":{"id":"458177133#0","name":"Lexington Avenue","tier":"distributor","w":3,"lanes":4,"vmax":11.2,"len":63.4}},{"type":"Feature","geometry":{"type":"LineString","coordinates":[[-73.977484,40.749493],[-73.977627,40.749296],[-73.97777,40.749099],[-73.97782,40.749031],[-73.977852,40.748986],[-73.977857,40.748979]]},"properties":{"id":"458177133#4","name":"Lexington Avenue","tier":"distributor","w":3,"lanes":4,"vmax":11.2,"len":65.1}},{"type":"Feature","geometry":{"type":"LineString","coordinates":[[-73.977944,40.748859],[-73.978073,40.748681],[-73.978217,40.748484],[-73.978272,40.748409],[-73.978292,40.748381]]},"properties":{"id":"458177133#8","name":"Lexington Avenue","tier":"distributor","w":3,"lanes":4,"vmax":11.2,"len":60.6}},{"type":"Feature","geometry":{"type":"LineString","coordinates":[[-73.976918,40.755157],[-73.9767,40.755066],[-73.976593,40.755022],[-73.976589,40.75502]]},"properties":{"id":"458180181#0","name":"East 46th Street","tier":"distributor","w":3,"lanes":2,"vmax":11.2,"len":31.7}},{"type":"Feature","geometry":{"type":"LineString","coordinates":[[-73.977376,40.755406],[-73.977306,40.755506],[-73.977208,40.755646]]},"properties":{"id":"458180182#0","name":"Madison Avenue","tier":"distributor","w":3,"lanes":4,"vmax":11.2,"len":35.4}},{"type":"Feature","geometry":{"type":"LineString","coordinates":[[-73.979057,40.755992],[-73.979071,40.755973],[-73.979218,40.755778],[-73.979365,40.755582],[-73.979451,40.755467],[-73.979457,40.755459]]},"properties":{"id":"458180183#0","name":"5th Avenue","tier":"distributor","w":3,"lanes":5,"vmax":27.8,"len":68.1}},{"type":"Feature","geometry":{"type":"LineString","coordinates":[[-73.9766,40.757466],[-73.976818,40.757557],[-73.977078,40.757666],[-73.977338,40.757774],[-73.977543,40.75786],[-73.977554,40.757865]]},"properties":{"id":"458180184#0","name":"East 49th Street","tier":"distributor","w":3,"lanes":3,"vmax":27.8,"len":91.9}},{"type":"Feature","geometry":{"type":"LineString","coordinates":[[-73.976007,40.757293],[-73.976005,40.757295],[-73.975859,40.757491],[-73.975714,40.757687],[-73.975693,40.757715],[-73.975636,40.7578],[-73.975633,40.757803]]},"properties":{"id":"458180185#0","name":"Madison Avenue","tier":"distributor","w":3,"lanes":4,"vmax":11.2,"len":64.8}},{"type":"Feature","geometry":{"type":"LineString","coordinates":[[-73.972928,40.755916],[-73.973126,40.755999],[-73.973385,40.756109],[-73.973644,40.756218],[-73.973661,40.756226],[-73.973918,40.756337],[-73.974176,40.756448],[-73.974188,40.756453],[-73.974247,40.756479],[-73.974265,40.756487]]},"properties":{"id":"458180186#0","name":"East 49th Street","tier":"distributor","w":3,"lanes":2,"vmax":27.8,"len":129.5}},{"type":"Feature","geometry":{"type":"LineString","coordinates":[[-73.974636,40.756645],[-73.97464,40.756646],[-73.9749,40.756755],[-73.975159,40.756864],[-73.975419,40.756972],[-73.975678,40.757081],[-73.975938,40.757189],[-73.975941,40.75719]]},"properties":{"id":"458180186#5","name":"East 49th Street","tier":"distributor","w":3,"lanes":2,"vmax":27.8,"len":125.7}},{"type":"Feature","geometry":{"type":"LineString","coordinates":[[-73.97286,40.755814],[-73.972998,40.755623],[-73.97314,40.755426],[-73.973227,40.755306],[-73.973233,40.755298]]},"properties":{"id":"458180187#0","name":"Lexington Avenue","tier":"distributor","w":3,"lanes":3,"vmax":27.8,"len":65.3}},{"type":"Feature","geometry":{"type":"LineString","coordinates":[[-73.9733,40.755206],[-73.97331,40.755191],[-73.973454,40.754994],[-73.973598,40.754798],[-73.973686,40.754678],[-73.973701,40.754657]]},"properties":{"id":"458180187#3","name":"Lexington Avenue","tier":"distributor","w":3,"lanes":3,"vmax":27.8,"len":69.7}},{"type":"Feature","geometry":{"type":"LineString","coordinates":[[-73.973767,40.754569],[-73.973768,40.754567],[-73.973913,40.75437],[-73.974058,40.754174],[-73.974141,40.754061]]},"properties":{"id":"458180187#6","name":"Lexington Avenue","tier":"distributor","w":3,"lanes":3,"vmax":27.8,"len":64.7}},{"type":"Feature","geometry":{"type":"LineString","coordinates":[[-73.972254,40.756453],[-73.97207,40.756376],[-73.97181,40.756267],[-73.971551,40.756159],[-73.971291,40.75605],[-73.971232,40.756025],[-73.970973,40.755916],[-73.970933,40.755899]]},"properties":{"id":"458180188#0","name":"East 50th Street","tier":"distributor","w":3,"lanes":2,"vmax":27.8,"len":127.3}},{"type":"Feature","geometry":{"type":"LineString","coordinates":[[-73.972405,40.756439],[-73.972546,40.756246],[-73.972689,40.756049],[-73.972776,40.75593],[-73.972779,40.755927]]},"properties":{"id":"458180189#0","name":"Lexington Avenue","tier":"distributor","w":3,"lanes":4,"vmax":27.8,"len":65.0}},{"type":"Feature","geometry":{"type":"LineString","coordinates":[[-73.977248,40.758489],[-73.977389,40.758292],[-73.97753,40.758094],[-73.977612,40.757979]]},"properties":{"id":"458180190#0","name":"5th Avenue","tier":"distributor","w":3,"lanes":4,"vmax":27.8,"len":64.4}},{"type":"Feature","geometry":{"type":"LineString","coordinates":[[-73.975884,40.760347],[-73.976012,40.760175],[-73.976158,40.759979],[-73.97625,40.759855],[-73.976254,40.759849]]},"properties":{"id":"458180191#0","name":"5th Avenue","tier":"distributor","w":3,"lanes":4,"vmax":11.2,"len":63.5}},{"type":"Feature","geometry":{"type":"LineString","coordinates":[[-73.976327,40.759746],[-73.976332,40.759738],[-73.976476,40.759541],[-73.97662,40.759344],[-73.976703,40.75923]]},"properties":{"id":"458180191#3","name":"5th Avenue","tier":"distributor","w":3,"lanes":4,"vmax":11.2,"len":65.5}},{"type":"Feature","geometry":{"type":"LineString","coordinates":[[-73.972795,40.759136],[-73.972817,40.759145],[-73.973077,40.759253],[-73.973337,40.759361],[-73.973597,40.759469],[-73.973857,40.759577],[-73.974106,40.759681]]},"properties":{"id":"458180192#0","name":"East 53rd Street","tier":"distributor","w":3,"lanes":2,"vmax":27.8,"len":126.2}},{"type":"Feature","geometry":{"type":"LineString","coordinates":[[-73.971032,40.758321],[-73.971033,40.75832],[-73.971177,40.758123],[-73.97132,40.757926],[-73.971402,40.757813],[-73.971416,40.757794]]},"properties":{"id":"458180193#0","name":"Lexington Avenue","tier":"distributor","w":3,"lanes":4,"vmax":27.8,"len":67.0}},{"type":"Feature","geometry":{"type":"LineString","coordinates":[[-73.971477,40.757713],[-73.971492,40.757693],[-73.971636,40.757496],[-73.97178,40.757299],[-73.971869,40.757177],[-73.971872,40.757173]]},"properties":{"id":"458180193#3","name":"Lexington Avenue","tier":"distributor","w":3,"lanes":4,"vmax":27.8,"len":68.6}},{"type":"Feature","geometry":{"type":"LineString","coordinates":[[-73.971936,40.757082],[-73.971943,40.757071],[-73.972087,40.756874],[-73.972231,40.756677],[-73.972317,40.75656],[-73.972321,40.756555]]},"properties":{"id":"458180193#6","name":"Lexington Avenue","tier":"distributor","w":3,"lanes":4,"vmax":27.8,"len":66.9}},{"type":"Feature","geometry":{"type":"LineString","coordinates":[[-73.970425,40.758957],[-73.970172,40.758852],[-73.969913,40.758744],[-73.969808,40.7587],[-73.969549,40.758592],[-73.969289,40.758484],[-73.969063,40.758389],[-73.968945,40.75834]]},"properties":{"id":"458180194#0","name":"East 54th Street","tier":"distributor","w":3,"lanes":2,"vmax":27.8,"len":142.5}},{"type":"Feature","geometry":{"type":"LineString","coordinates":[[-73.970574,40.758946],[-73.970578,40.758941],[-73.970722,40.758744],[-73.970866,40.758547],[-73.970939,40.758446],[-73.970948,40.758434]]},"properties":{"id":"458180195#0","name":"Lexington Avenue","tier":"distributor","w":3,"lanes":4,"vmax":27.8,"len":64.9}},{"type":"Feature","geometry":{"type":"LineString","coordinates":[[-73.973711,40.760449],[-73.973594,40.76061],[-73.973561,40.760655],[-73.973417,40.760852],[-73.973358,40.760933]]},"properties":{"id":"458180196#0","name":"Madison Avenue","tier":"distributor","w":3,"lanes":5,"vmax":11.2,"len":61.4}},{"type":"Feature","geometry":{"type":"LineString","coordinates":[[-73.975427,40.760983],[-73.975562,40.760795],[-73.975705,40.760598],[-73.975794,40.760474],[-73.975802,40.760463]]},"properties":{"id":"458180197#0","name":"5th Avenue","tier":"distributor","w":3,"lanes":4,"vmax":11.2,"len":65.8}},{"type":"Feature","geometry":{"type":"LineString","coordinates":[[-73.971077,40.764289],[-73.971232,40.764356],[-73.971491,40.764464],[-73.971751,40.764572],[-73.972011,40.76468],[-73.972026,40.764686]]},"properties":{"id":"458180198#0","name":"East 60th Street","tier":"distributor","w":3,"lanes":2,"vmax":11.2,"len":91.4}},{"type":"Feature","geometry":{"type":"LineString","coordinates":[[-73.97091,40.764293],[-73.97077,40.764478],[-73.970623,40.764674],[-73.970539,40.764787]]},"properties":{"id":"458180199#0","name":"Madison Avenue","tier":"distributor","w":3,"lanes":3,"vmax":11.2,"len":63.2}},{"type":"Feature","geometry":{"type":"LineString","coordinates":[[-73.969095,40.766763],[-73.969084,40.766778],[-73.96894,40.766975],[-73.968796,40.767172],[-73.968709,40.767291],[-73.968662,40.767357]]},"properties":{"id":"458180199#11","name":"Madison Avenue","tier":"distributor","w":3,"lanes":3,"vmax":11.2,"len":75.5}},{"type":"Feature","geometry":{"type":"LineString","coordinates":[[-73.970456,40.764899],[-73.970451,40.764906],[-73.970307,40.765103],[-73.970164,40.7653],[-73.970084,40.765409],[-73.970079,40.765416],[-73.970077,40.765418]]},"properties":{"id":"458180199#3","name":"Madison Avenue","tier":"distributor","w":3,"lanes":3,"vmax":11.2,"len":65.9}},{"type":"Feature","geometry":{"type":"LineString","coordinates":[[-73.970007,40.765514],[-73.969998,40.765527],[-73.969854,40.765723],[-73.96971,40.76592],[-73.969623,40.76604],[-73.969617,40.766047]]},"properties":{"id":"458180199#6","name":"Madison Avenue","tier":"distributor","w":3,"lanes":3,"vmax":11.2,"len":67.7}},{"type":"Feature","geometry":{"type":"LineString","coordinates":[[-73.969553,40.766135],[-73.969542,40.76615],[-73.969398,40.766347],[-73.969255,40.766544],[-73.969172,40.766657],[-73.969162,40.766671],[-73.969159,40.766675]]},"properties":{"id":"458180199#8","name":"Madison Avenue","tier":"distributor","w":3,"lanes":3,"vmax":11.2,"len":68.4}},{"type":"Feature","geometry":{"type":"LineString","coordinates":[[-73.982392,40.768102],[-73.982396,40.768065],[-73.982395,40.768028],[-73.982386,40.767979],[-73.98237,40.767932],[-73.982348,40.767891],[-73.982316,40.767846],[-73.982274,40.767802],[-73.982227,40.767767],[-73.982214,40.767759]]},"properties":{"id":"460065822#0","name":"Columbus Circle","tier":"arterial","w":4,"lanes":4,"vmax":11.2,"len":42.7}},{"type":"Feature","geometry":{"type":"LineString","coordinates":[[-73.997791,40.751537],[-73.997825,40.751552],[-73.998084,40.751661],[-73.998343,40.75177],[-73.998405,40.751797],[-73.998664,40.751906],[-73.998924,40.752015],[-73.999183,40.752124],[-73.999273,40.752162],[-73.999303,40.752175]]},"properties":{"id":"460069727#0","name":"West 31st Street","tier":"local","w":2,"lanes":3,"vmax":11.2,"len":146.0}},{"type":"Feature","geometry":{"type":"LineString","coordinates":[[-73.993551,40.762252],[-73.993419,40.762434],[-73.993275,40.762631],[-73.993188,40.76275],[-73.993183,40.762756]]},"properties":{"id":"460585328#0","name":"10th Avenue","tier":"arterial","w":4,"lanes":3,"vmax":11.2,"len":64.0}},{"type":"Feature","geometry":{"type":"LineString","coordinates":[[-73.993119,40.762844],[-73.993105,40.762865],[-73.992961,40.763062],[-73.992818,40.763259],[-73.992737,40.763369],[-73.992728,40.763381]]},"properties":{"id":"460585328#3","name":"10th Avenue","tier":"arterial","w":4,"lanes":3,"vmax":11.2,"len":68.1}},{"type":"Feature","geometry":{"type":"LineString","coordinates":[[-73.992667,40.763463],[-73.992666,40.763465]]},"properties":{"id":"460585328#6","name":"10th Avenue","tier":"arterial","w":4,"lanes":3,"vmax":11.2,"len":0.2}},{"type":"Feature","geometry":{"type":"LineString","coordinates":[[-73.988663,40.748541],[-73.988651,40.748558],[-73.988504,40.748754],[-73.988357,40.748949],[-73.988274,40.749061],[-73.988263,40.749076]]},"properties":{"id":"460606347#0","name":"6th Avenue","tier":"distributor","w":3,"lanes":4,"vmax":11.2,"len":68.3}},{"type":"Feature","geometry":{"type":"LineString","coordinates":[[-73.97371,40.746243],[-73.973719,40.74623],[-73.973767,40.746165],[-73.973778,40.746145],[-73.973785,40.746127],[-73.97379,40.746105],[-73.97379,40.746101]]},"properties":{"id":"46139020","name":"","tier":"arterial","w":3,"lanes":3,"vmax":22.2,"len":17.2}},{"type":"Feature","geometry":{"type":"LineString","coordinates":[[-73.975144,40.7446],[-73.975143,40.744602],[-73.975101,40.744669],[-73.97505,40.744747],[-73.974997,40.744825],[-73.974855,40.745022],[-73.974787,40.745117],[-73.974774,40.745134]]},"properties":{"id":"46139023#0","name":"Tunnel Approach Street","tier":"arterial","w":4,"lanes":2,"vmax":11.2,"len":67.1}},{"type":"Feature","geometry":{"type":"LineString","coordinates":[[-73.998612,40.760521],[-73.998745,40.760335],[-73.998808,40.760248],[-73.99883,40.760218]]},"properties":{"id":"46139027#0","name":"11th Avenue","tier":"arterial","w":4,"lanes":3,"vmax":11.2,"len":38.4}},{"type":"Feature","geometry":{"type":"LineString","coordinates":[[-73.973743,40.746364],[-73.973753,40.746368],[-73.974011,40.746477],[-73.974105,40.746517],[-73.974351,40.746621]]},"properties":{"id":"46201642#0","name":"East 37th Street","tier":"distributor","w":3,"lanes":3,"vmax":11.2,"len":58.7}},{"type":"Feature","geometry":{"type":"LineString","coordinates":[[-73.970565,40.747859],[-73.970504,40.747973],[-73.970362,40.74817],[-73.970219,40.748368],[-73.970077,40.748565],[-73.969964,40.748722]]},"properties":{"id":"46201643","name":"1st Avenue Tunnel","tier":"arterial","w":4,"lanes":1,"vmax":11.2,"len":108.5}},{"type":"Feature","geometry":{"type":"LineString","coordinates":[[-73.971148,40.744465],[-73.9711,40.744497],[-73.970951,40.744599],[-73.970907,40.744633],[-73.970869,40.744671],[-73.970836,40.744708],[-73.970684,40.744901],[-73.970579,40.745034],[-73.970568,40.745049],[-73.970415,40.745242],[-73.970365,40.745304],[-73.970204,40.745493],[-73.970144,40.745562],[-73.96998,40.745749],[-73.969815,40.745937],[-73.969696,40.746072],[-73.969692,40.746079]]},"properties":{"id":"46201645#0","name":"","tier":"arterial","w":3,"lanes":1,"vmax":22.2,"len":218.2}},{"type":"Feature","geometry":{"type":"LineString","coordinates":[[-73.972618,40.74085],[-73.972571,40.741073],[-73.972525,40.741295],[-73.972501,40.741411],[-73.972455,40.741633],[-73.972409,40.741856],[-73.972363,40.742078],[-73.972335,40.742213],[-73.97229,40.742436],[-73.972277,40.742502],[-73.972198,40.742719],[-73.972152,40.742843],[-73.972057,40.743055],[-73.971952,40.743261],[-73.971845,40.743438]]},"properties":{"id":"46201646","name":"FDR Drive","tier":"arterial","w":5,"lanes":3,"vmax":17.9,"len":295.9}},{"type":"Feature","geometry":{"type":"LineString","coordinates":[[-73.971788,40.743496],[-73.971682,40.743657],[-73.971551,40.743859],[-73.971421,40.744061],[-73.971292,40.744261]]},"properties":{"id":"46201646-AddedOffRampEdge","name":"FDR Drive","tier":"arterial","w":5,"lanes":4,"vmax":17.9,"len":94.7}},{"type":"Feature","geometry":{"type":"LineString","coordinates":[[-74.000028,40.751677],[-73.999769,40.751568],[-73.999509,40.75146],[-73.99931,40.751376]]},"properties":{"id":"46226332","name":"West 30th Street","tier":"distributor","w":3,"lanes":1,"vmax":11.2,"len":69.2}},{"type":"Feature","geometry":{"type":"LineString","coordinates":[[-73.999612,40.75188],[-73.99947,40.752075],[-73.999442,40.752114],[-73.999428,40.752133],[-73.999426,40.752136]]},"properties":{"id":"46226335#0","name":"Dyer Avenue","tier":"distributor","w":3,"lanes":2,"vmax":11.2,"len":32.4}},{"type":"Feature","geometry":{"type":"LineString","coordinates":[[-73.970611,40.761659],[-73.970596,40.761679],[-73.970451,40.761875],[-73.970307,40.762071],[-73.970247,40.762151],[-73.970224,40.762183]]},"properties":{"id":"46240204#0","name":"Park Avenue","tier":"arterial","w":4,"lanes":3,"vmax":11.2,"len":66.6}},{"type":"Feature","geometry":{"type":"LineString","coordinates":[[-73.993203,40.757922],[-73.993452,40.758027],[-73.99371,40.758136],[-73.993969,40.758246],[-73.99417,40.758331],[-73.994243,40.758349],[-73.994273,40.758355]]},"properties":{"id":"46334593#0","name":"West 41st Street","tier":"distributor","w":3,"lanes":4,"vmax":27.8,"len":102.5}},{"type":"Feature","geometry":{"type":"LineString","coordinates":[[-73.974819,40.746009],[-73.974815,40.746006],[-73.974654,40.745918],[-73.974403,40.745815],[-73.974378,40.745805]]},"properties":{"id":"46334595#0","name":"East 36th Street","tier":"distributor","w":3,"lanes":2,"vmax":11.2,"len":43.7}},{"type":"Feature","geometry":{"type":"LineString","coordinates":[[-73.98843,40.746767],[-73.988358,40.746737],[-73.988098,40.746628],[-73.987839,40.746519],[-73.98758,40.74641],[-73.987453,40.746357],[-73.987194,40.746248],[-73.986935,40.746139],[-73.986676,40.74603],[-73.98652,40.745964],[-73.986445,40.745933]]},"properties":{"id":"46334597#0","name":"West 30th Street","tier":"local","w":2,"lanes":2,"vmax":11.2,"len":191.4}},{"type":"Feature","geometry":{"type":"LineString","coordinates":[[-73.979649,40.743887],[-73.9799,40.743995],[-73.980115,40.744087],[-73.980374,40.744196],[-73.980393,40.744205],[-73.980606,40.744289],[-73.980866,40.744398],[-73.980951,40.744433],[-73.981012,40.744459]]},"properties":{"id":"46334598#0","name":"East 31st Street","tier":"local","w":2,"lanes":1,"vmax":11.2,"len":131.5}},{"type":"Feature","geometry":{"type":"LineString","coordinates":[[-73.996998,40.762786],[-73.997015,40.762793],[-73.997052,40.762809],[-73.997312,40.762917],[-73.997572,40.763025],[-73.997646,40.763056],[-73.997904,40.763167],[-73.998162,40.763277],[-73.998419,40.763389],[-73.998676,40.763501],[-73.998806,40.763557],[-73.998861,40.763582]]},"properties":{"id":"46435596#0","name":"West 45th Street","tier":"distributor","w":3,"lanes":3,"vmax":11.2,"len":180.4}},{"type":"Feature","geometry":{"type":"LineString","coordinates":[[-73.98928,40.74795],[-73.989317,40.747966],[-73.989577,40.748074],[-73.989673,40.748114],[-73.989932,40.748224],[-73.990191,40.748333],[-73.990293,40.748376],[-73.990552,40.748486],[-73.990811,40.748595],[-73.991069,40.748705],[-73.991328,40.748814],[-73.99158,40.748921],[-73.991839,40.74903],[-73.991882,40.749049]]},"properties":{"id":"464515259#0","name":"West 31st Street","tier":"local","w":2,"lanes":1,"vmax":11.2,"len":251.3}},{"type":"Feature","geometry":{"type":"LineString","coordinates":[[-73.99213,40.749153],[-73.992387,40.749261],[-73.992479,40.7493],[-73.992739,40.749408],[-73.992871,40.749464],[-73.993103,40.749562],[-73.993226,40.749613],[-73.993284,40.749638],[-73.993337,40.74966],[-73.993595,40.749769],[-73.993855,40.749878],[-73.994114,40.749988],[-73.994372,40.750097],[-73.994631,40.750206],[-73.994717,40.750242],[-73.994731,40.750248]]},"properties":{"id":"464515259#3","name":"West 31st Street","tier":"local","w":2,"lanes":1,"vmax":11.2,"len":251.0}},{"type":"Feature","geometry":{"type":"LineString","coordinates":[[-73.985976,40.746487],[-73.985984,40.746477],[-73.986128,40.74628],[-73.986273,40.746084],[-73.986305,40.74604],[-73.986354,40.745973],[-73.986365,40.745958]]},"properties":{"id":"464515614#0","name":"5th Avenue","tier":"distributor","w":3,"lanes":1,"vmax":11.2,"len":67.3}},{"type":"Feature","geometry":{"type":"LineString","coordinates":[[-73.986424,40.745877],[-73.986436,40.745861],[-73.98658,40.745665],[-73.986586,40.745657],[-73.98673,40.74546],[-73.986805,40.745358]]},"properties":{"id":"464515614#3","name":"5th Avenue","tier":"distributor","w":3,"lanes":1,"vmax":11.2,"len":66.0}},{"type":"Feature","geometry":{"type":"LineString","coordinates":[[-73.986887,40.745244],[-73.986888,40.745244],[-73.987032,40.745047],[-73.987176,40.74485],[-73.987254,40.744742],[-73.987269,40.744722]]},"properties":{"id":"464515614#6","name":"5th Avenue","tier":"distributor","w":3,"lanes":1,"vmax":11.2,"len":66.3}},{"type":"Feature","geometry":{"type":"LineString","coordinates":[[-73.987333,40.744634],[-73.987336,40.74463],[-73.98748,40.744433],[-73.987623,40.744236],[-73.987704,40.744124]]},"properties":{"id":"464515614#9","name":"5th Avenue","tier":"distributor","w":3,"lanes":1,"vmax":11.2,"len":64.8}},{"type":"Feature","geometry":{"type":"LineString","coordinates":[[-73.979986,40.754724],[-73.980126,40.75453],[-73.980127,40.754529],[-73.980271,40.754332],[-73.980352,40.754221],[-73.980357,40.754214]]},"properties":{"id":"464515891#0","name":"5th Avenue","tier":"distributor","w":3,"lanes":4,"vmax":27.8,"len":64.7}},{"type":"Feature","geometry":{"type":"LineString","coordinates":[[-73.983127,40.756188],[-73.983116,40.756202],[-73.982974,40.7564],[-73.982831,40.756597],[-73.982749,40.756711],[-73.982748,40.756712]]},"properties":{"id":"464516471#0","name":"6th Avenue","tier":"distributor","w":3,"lanes":4,"vmax":27.8,"len":66.4}},{"type":"Feature","geometry":{"type":"LineString","coordinates":[[-73.9813,40.758692],[-73.981291,40.758704],[-73.981147,40.758901],[-73.981004,40.759098],[-73.980919,40.759216]]},"properties":{"id":"464516471#12","name":"6th Avenue","tier":"distributor","w":3,"lanes":4,"vmax":27.8,"len":66.5}},{"type":"Feature","geometry":{"type":"LineString","coordinates":[[-73.980846,40.759316],[-73.980734,40.759469],[-73.980696,40.75952],[-73.980553,40.759717],[-73.980461,40.759842],[-73.980454,40.759852]]},"properties":{"id":"464516471#15","name":"6th Avenue","tier":"distributor","w":3,"lanes":4,"vmax":27.8,"len":68.0}},{"type":"Feature","geometry":{"type":"LineString","coordinates":[[-73.982665,40.756826],[-73.982662,40.75683],[-73.982516,40.757026],[-73.982371,40.757223],[-73.982299,40.75732],[-73.982291,40.757331]]},"properties":{"id":"464516471#3","name":"6th Avenue","tier":"distributor","w":3,"lanes":4,"vmax":27.8,"len":64.4}},{"type":"Feature","geometry":{"type":"LineString","coordinates":[[-73.982207,40.757445],[-73.982202,40.757452],[-73.982058,40.757649],[-73.981915,40.757846],[-73.981831,40.757961],[-73.981824,40.75797]]},"properties":{"id":"464516471#6","name":"6th Avenue","tier":"distributor","w":3,"lanes":4,"vmax":27.8,"len":66.7}},{"type":"Feature","geometry":{"type":"LineString","coordinates":[[-73.98176,40.758058],[-73.981747,40.758077],[-73.981646,40.758215],[-73.981503,40.758412],[-73.981378,40.758584],[-73.981371,40.758594]]},"properties":{"id":"464516471#9","name":"6th Avenue","tier":"distributor","w":3,"lanes":4,"vmax":27.8,"len":68.0}},{"type":"Feature","geometry":{"type":"LineString","coordinates":[[-73.989339,40.752936],[-73.989369,40.752948],[-73.989628,40.753057],[-73.989887,40.753167],[-73.990146,40.753276],[-73.990405,40.753385],[-73.990664,40.753494],[-73.990923,40.753603],[-73.991182,40.753713],[-73.991441,40.753822],[-73.991594,40.753886],[-73.991853,40.753996],[-73.991948,40.754036],[-73.991983,40.75405]]},"properties":{"id":"464543614#0","name":"West 37th Street","tier":"distributor","w":3,"lanes":2,"vmax":11.2,"len":255.2}},{"type":"Feature","geometry":{"type":"LineString","coordinates":[[-73.989733,40.752234],[-73.989738,40.752227],[-73.989879,40.752028],[-73.990019,40.75183],[-73.990095,40.751723],[-73.990099,40.751717]]},"properties":{"id":"464543615#0","name":"7th Avenue","tier":"distributor","w":3,"lanes":3,"vmax":11.2,"len":65.2}},{"type":"Feature","geometry":{"type":"LineString","coordinates":[[-73.983738,40.743922],[-73.983739,40.74392],[-73.983882,40.743722],[-73.984025,40.743525],[-73.984074,40.743458],[-73.984106,40.743414],[-73.98411,40.743409]]},"properties":{"id":"464683339#0","name":"Park Avenue South","tier":"arterial","w":4,"lanes":3,"vmax":11.2,"len":65.0}},{"type":"Feature","geometry":{"type":"LineString","coordinates":[[-73.984178,40.743317],[-73.984188,40.743304],[-73.984199,40.743288],[-73.984342,40.743091],[-73.984485,40.742894],[-73.984524,40.74284],[-73.984554,40.7428]]},"properties":{"id":"464683339#4","name":"Park Avenue South","tier":"arterial","w":4,"lanes":3,"vmax":11.2,"len":65.7}},{"type":"Feature","geometry":{"type":"LineString","coordinates":[[-73.984638,40.742686],[-73.98464,40.742683],[-73.98465,40.742669],[-73.984794,40.742472],[-73.984938,40.742275],[-73.984979,40.74222],[-73.985004,40.742184],[-73.985046,40.742124]]},"properties":{"id":"464683339#8","name":"Park Avenue South","tier":"arterial","w":4,"lanes":3,"vmax":11.2,"len":71.3}},{"type":"Feature","geometry":{"type":"LineString","coordinates":[[-73.982397,40.745761],[-73.982398,40.74576],[-73.982542,40.745563],[-73.982686,40.745367],[-73.982727,40.745311],[-73.982755,40.745271],[-73.982767,40.745254]]},"properties":{"id":"464683341#0","name":"Park Avenue South","tier":"arterial","w":4,"lanes":3,"vmax":11.2,"len":64.3}},{"type":"Feature","geometry":{"type":"LineString","coordinates":[[-73.982831,40.745165],[-73.982836,40.745158],[-73.982979,40.744961],[-73.983123,40.744765],[-73.983176,40.744692],[-73.983211,40.744643]]},"properties":{"id":"464683341#4","name":"Park Avenue South","tier":"arterial","w":4,"lanes":3,"vmax":11.2,"len":66.2}},{"type":"Feature","geometry":{"type":"LineString","coordinates":[[-73.983281,40.744547],[-73.983288,40.744538],[-73.983432,40.744342],[-73.983576,40.744145],[-73.983627,40.744076],[-73.983649,40.744045]]},"properties":{"id":"464683341#8","name":"Park Avenue South","tier":"arterial","w":4,"lanes":3,"vmax":11.2,"len":63.8}},{"type":"Feature","geometry":{"type":"LineString","coordinates":[[-73.976869,40.747687],[-73.976872,40.747688],[-73.97713,40.747799],[-73.977236,40.747844],[-73.977494,40.747954],[-73.977752,40.748065],[-73.97776,40.748068],[-73.978019,40.748177],[-73.978187,40.748247],[-73.978235,40.748267]]},"properties":{"id":"46469720#0","name":"East 37th Street","tier":"distributor","w":3,"lanes":3,"vmax":11.2,"len":132.1}},{"type":"Feature","geometry":{"type":"LineString","coordinates":[[-73.97592,40.747336],[-73.975922,40.747336]]},"properties":{"id":"46469721","name":"East 37th Street","tier":"distributor","w":3,"lanes":1,"vmax":11.2,"len":0.2}},{"type":"Feature","geometry":{"type":"LineString","coordinates":[[-73.977077,40.746969],[-73.97705,40.746958],[-73.976791,40.746849],[-73.976532,40.74674],[-73.976392,40.746682],[-73.976215,40.746608],[-73.975957,40.746498],[-73.975766,40.746417],[-73.975517,40.746311],[-73.975258,40.746202],[-73.975151,40.746156],[-73.975086,40.746129]]},"properties":{"id":"46469722","name":"East 36th Street","tier":"distributor","w":3,"lanes":4,"vmax":11.2,"len":192.2}},{"type":"Feature","geometry":{"type":"LineString","coordinates":[[-73.973126,40.745974],[-73.973173,40.745977],[-73.97323,40.745983],[-73.973302,40.745997],[-73.973365,40.746015],[-73.973424,40.746036],[-73.97346,40.746051],[-73.973566,40.746094]]},"properties":{"id":"46469730","name":"","tier":"arterial","w":5,"lanes":1,"vmax":39.4,"len":40.0}},{"type":"Feature","geometry":{"type":"LineString","coordinates":[[-73.975526,40.745543],[-73.975762,40.745643],[-73.976022,40.745752],[-73.97628,40.745861],[-73.976539,40.74597],[-73.976672,40.746027],[-73.976676,40.746028]]},"properties":{"id":"46469732#0","name":"East 35th Street","tier":"distributor","w":3,"lanes":1,"vmax":11.2,"len":111.1}},{"type":"Feature","geometry":{"type":"LineString","coordinates":[[-73.996381,40.755909],[-73.996593,40.755988],[-73.996852,40.756096],[-73.997111,40.756205],[-73.997371,40.756314],[-73.99761,40.756414]]},"properties":{"id":"46481738#0","name":"West 37th Street","tier":"distributor","w":3,"lanes":2,"vmax":11.2,"len":118.0}},{"type":"Feature","geometry":{"type":"LineString","coordinates":[[-73.997907,40.75656],[-73.998161,40.756666],[-73.99842,40.756774],[-73.99868,40.756883],[-73.998912,40.75698],[-73.999172,40.757088],[-73.999336,40.757155]]},"properties":{"id":"46481738#2","name":"West 37th Street","tier":"distributor","w":3,"lanes":2,"vmax":11.2,"len":137.6}},{"type":"Feature","geometry":{"type":"LineString","coordinates":[[-73.999444,40.7572],[-73.999647,40.757284],[-73.999907,40.757392],[-74.000167,40.7575],[-74.000427,40.757607],[-74.000466,40.757624],[-74.000585,40.757674]]},"properties":{"id":"46481738#4","name":"West 37th Street","tier":"distributor","w":3,"lanes":2,"vmax":11.2,"len":109.7}},{"type":"Feature","geometry":{"type":"LineString","coordinates":[[-73.992429,40.753437],[-73.992391,40.753422],[-73.992132,40.753313],[-73.991872,40.753204],[-73.991613,40.753096],[-73.991558,40.753072],[-73.991298,40.752964],[-73.991039,40.752855],[-73.99078,40.752746],[-73.99052,40.752638],[-73.990261,40.752529],[-73.990002,40.75242],[-73.989811,40.75234],[-73.989784,40.752329]]},"properties":{"id":"46481747#0","name":"West 36th Street","tier":"distributor","w":3,"lanes":2,"vmax":27.8,"len":255.0}},{"type":"Feature","geometry":{"type":"LineString","coordinates":[[-73.996901,40.759366],[-73.996903,40.759367]]},"properties":{"id":"46482540","name":"West 41st Street","tier":"distributor","w":3,"lanes":1,"vmax":27.8,"len":0.2}},{"type":"Feature","geometry":{"type":"LineString","coordinates":[[-73.994687,40.761819],[-73.994905,40.76191],[-73.994924,40.761919]]},"properties":{"id":"46482600","name":"West 45th Street","tier":"distributor","w":3,"lanes":3,"vmax":27.8,"len":22.9}},{"type":"Feature","geometry":{"type":"LineString","coordinates":[[-73.993511,40.762144],[-73.993493,40.762137],[-73.993234,40.762028],[-73.992976,40.761918],[-73.992717,40.761809],[-73.992458,40.761699],[-73.992199,40.761589],[-73.991941,40.76148],[-73.991682,40.76137],[-73.991423,40.761261],[-73.991164,40.761151],[-73.990911,40.761044],[-73.990882,40.761033]]},"properties":{"id":"46482602#0","name":"West 46th Street","tier":"distributor","w":3,"lanes":2,"vmax":27.8,"len":253.9}},{"type":"Feature","geometry":{"type":"LineString","coordinates":[[-73.994388,40.762514],[-73.994211,40.76244]]},"properties":{"id":"46482603","name":"West 46th Street","tier":"distributor","w":3,"lanes":1,"vmax":27.8,"len":17.1}},{"type":"Feature","geometry":{"type":"LineString","coordinates":[[-73.997771,40.758409],[-73.997957,40.75846],[-73.99815,40.758539],[-73.998264,40.758586],[-73.998394,40.758634],[-73.998507,40.758673],[-73.998628,40.758709],[-73.998789,40.758753],[-73.998982,40.758807],[-73.999017,40.758817]]},"properties":{"id":"46482819","name":"Lincoln Tunnel Expressway","tier":"arterial","w":5,"lanes":1,"vmax":39.4,"len":114.8}},{"type":"Feature","geometry":{"type":"LineString","coordinates":[[-73.999542,40.752273],[-73.999781,40.752374],[-73.999883,40.752417],[-74.000143,40.752526],[-74.000402,40.752635],[-74.000404,40.752636],[-74.00053,40.75269]]},"properties":{"id":"46490537#1","name":"West 31st Street","tier":"local","w":2,"lanes":1,"vmax":11.2,"len":95.4}},{"type":"Feature","geometry":{"type":"LineString","coordinates":[[-73.986035,40.74657],[-73.986068,40.746584],[-73.986327,40.746694],[-73.986585,40.746804],[-73.986605,40.746812],[-73.986857,40.746919],[-73.987115,40.747029],[-73.987374,40.747139],[-73.987632,40.747248],[-73.987891,40.747358],[-73.988149,40.747468],[-73.988206,40.747492],[-73.988262,40.747516]]},"properties":{"id":"46490538#0","name":"West 31st Street","tier":"local","w":2,"lanes":1,"vmax":11.2,"len":215.4}},{"type":"Feature","geometry":{"type":"LineString","coordinates":[[-73.988403,40.747575],[-73.988422,40.747583],[-73.98868,40.747693],[-73.988786,40.747739],[-73.989033,40.747843]]},"properties":{"id":"46490538#3","name":"West 31st Street","tier":"local","w":2,"lanes":1,"vmax":11.2,"len":61.0}},{"type":"Feature","geometry":{"type":"LineString","coordinates":[[-73.995183,40.75659],[-73.995122,40.756523],[-73.995112,40.756468],[-73.995102,40.756412],[-73.995097,40.756358],[-73.995098,40.756306],[-73.995104,40.756261],[-73.995119,40.756203],[-73.995137,40.756162],[-73.99516,40.756122],[-73.99519,40.756083],[-73.995229,40.756036],[-73.995272,40.755997],[-73.995318,40.755963],[-73.995372,40.755925]]},"properties":{"id":"46492007","name":"Lincoln Tunnel Expressway","tier":"arterial","w":5,"lanes":3,"vmax":39.4,"len":82.9}},{"type":"Feature","geometry":{"type":"LineString","coordinates":[[-73.994995,40.756434],[-73.995009,40.756474],[-73.995038,40.756526],[-73.99509,40.756582],[-73.995122,40.756622]]},"properties":{"id":"46492008","name":"Lincoln Tunnel Expressway","tier":"arterial","w":5,"lanes":1,"vmax":39.4,"len":23.6}},{"type":"Feature","geometry":{"type":"LineString","coordinates":[[-73.994954,40.756435],[-73.994954,40.756443],[-73.994974,40.756516],[-73.995004,40.756587],[-73.995044,40.756661],[-73.995097,40.756738],[-73.995165,40.756819],[-73.995225,40.756877]]},"properties":{"id":"46492009","name":"Lincoln Tunnel Expressway","tier":"arterial","w":5,"lanes":1,"vmax":11.2,"len":54.8}},{"type":"Feature","geometry":{"type":"LineString","coordinates":[[-73.995958,40.756143],[-73.996165,40.755857],[-73.996293,40.755681],[-73.996369,40.755577]]},"properties":{"id":"46492010","name":"Dyer Avenue","tier":"arterial","w":4,"lanes":5,"vmax":11.2,"len":71.8}},{"type":"Feature","geometry":{"type":"LineString","coordinates":[[-73.996273,40.756848],[-73.996039,40.756776],[-73.995872,40.756716]]},"properties":{"id":"46492012#0","name":"","tier":"arterial","w":3,"lanes":3,"vmax":22.2,"len":36.9}},{"type":"Feature","geometry":{"type":"LineString","coordinates":[[-73.995822,40.756718],[-73.995733,40.756703],[-73.995654,40.756701],[-73.995562,40.756714],[-73.995493,40.756736],[-73.995427,40.756763],[-73.995387,40.756801],[-73.995331,40.756879],[-73.995327,40.756889]]},"properties":{"id":"46492012#1","name":"","tier":"arterial","w":3,"lanes":2,"vmax":22.2,"len":51.3}},{"type":"Feature","geometry":{"type":"LineString","coordinates":[[-73.995582,40.756933],[-73.995482,40.756891],[-73.995421,40.756859],[-73.995356,40.756821],[-73.995297,40.75678],[-73.995247,40.756737],[-73.995188,40.756679],[-73.995156,40.756637]]},"properties":{"id":"46492015","name":"Lincoln Tunnel Expressway","tier":"arterial","w":5,"lanes":2,"vmax":39.4,"len":49.5}},{"type":"Feature","geometry":{"type":"LineString","coordinates":[[-73.996484,40.757408],[-73.996443,40.757386],[-73.996342,40.757339],[-73.996239,40.757296],[-73.995978,40.75719],[-73.995717,40.757084],[-73.995704,40.757079],[-73.995592,40.75706],[-73.995477,40.757066],[-73.995374,40.757089],[-73.995354,40.757097]]},"properties":{"id":"46492017","name":"","tier":"arterial","w":3,"lanes":1,"vmax":22.2,"len":105.7}},{"type":"Feature","geometry":{"type":"LineString","coordinates":[[-73.995227,40.756879],[-73.995334,40.756955],[-73.995554,40.757097],[-73.99576,40.757213],[-73.995997,40.757348],[-73.996023,40.757363],[-73.996235,40.757487],[-73.996455,40.757615],[-73.996662,40.757752],[-73.996767,40.757829]]},"properties":{"id":"46492034","name":"Lincoln Tunnel Expressway","tier":"arterial","w":5,"lanes":1,"vmax":39.4,"len":167.6}},{"type":"Feature","geometry":{"type":"LineString","coordinates":[[-73.996823,40.757889],[-73.996862,40.757918],[-73.996938,40.757973],[-73.997071,40.758054],[-73.997204,40.758126],[-73.997311,40.758185],[-73.997443,40.75825],[-73.997569,40.758306],[-73.997733,40.758381]]},"properties":{"id":"46492034-AddedOffRampEdge","name":"Lincoln Tunnel Expressway","tier":"arterial","w":5,"lanes":2,"vmax":39.4,"len":94.5}},{"type":"Feature","geometry":{"type":"LineString","coordinates":[[-73.994754,40.757736],[-73.994742,40.757751],[-73.994698,40.757841],[-73.994655,40.757988],[-73.994596,40.758085],[-73.994533,40.758173],[-73.994463,40.758274]]},"properties":{"id":"46492638#0","name":"Dyer Avenue","tier":"arterial","w":4,"lanes":5,"vmax":27.8,"len":65.0}},{"type":"Feature","geometry":{"type":"LineString","coordinates":[[-73.996698,40.755166],[-73.9967,40.755164],[-73.996866,40.754977],[-73.997031,40.75479],[-73.997114,40.754697]]},"properties":{"id":"46492639#0","name":"Dyer Avenue","tier":"arterial","w":4,"lanes":3,"vmax":11.2,"len":62.8}},{"type":"Feature","geometry":{"type":"LineString","coordinates":[[-73.999813,40.743471],[-73.999801,40.743487],[-73.999706,40.743613]]},"properties":{"id":"465098285#0","name":"8th Avenue","tier":"distributor","w":3,"lanes":3,"vmax":11.2,"len":18.2}},{"type":"Feature","geometry":{"type":"LineString","coordinates":[[-73.998932,40.744671],[-73.998919,40.744688],[-73.998792,40.744867]]},"properties":{"id":"465098290#0","name":"8th Avenue","tier":"distributor","w":3,"lanes":3,"vmax":11.2,"len":24.8}},{"type":"Feature","geometry":{"type":"LineString","coordinates":[[-73.970477,40.747828],[-73.970385,40.747974]]},"properties":{"id":"46518732","name":"1st Avenue","tier":"arterial","w":4,"lanes":4,"vmax":27.8,"len":18.0}},{"type":"Feature","geometry":{"type":"LineString","coordinates":[[-73.978495,40.762352],[-73.978484,40.762347],[-73.978225,40.762238],[-73.978202,40.762229],[-73.977943,40.76212],[-73.977683,40.762012],[-73.977423,40.761903],[-73.977164,40.761795],[-73.976904,40.761687],[-73.976645,40.761578],[-73.976385,40.76147],[-73.976125,40.761361],[-73.975866,40.761253],[-73.975606,40.761145],[-73.975502,40.761101],[-73.975484,40.761093]]},"properties":{"id":"46521993#0","name":"West 54th Street","tier":"distributor","w":3,"lanes":2,"vmax":27.8,"len":290.1}},{"type":"Feature","geometry":{"type":"LineString","coordinates":[[-73.969407,40.757708],[-73.969543,40.757765],[-73.969803,40.757874],[-73.970062,40.757982],[-73.97007,40.757986],[-73.970328,40.758096],[-73.970587,40.758206],[-73.970845,40.758316],[-73.970882,40.758332]]},"properties":{"id":"46521998#0","name":"East 53rd Street","tier":"distributor","w":3,"lanes":2,"vmax":11.2,"len":142.6}},{"type":"Feature","geometry":{"type":"LineString","coordinates":[[-73.982141,40.757343],[-73.982124,40.757335],[-73.981865,40.757225],[-73.981606,40.757116],[-73.981347,40.757006],[-73.981278,40.756977],[-73.981018,40.756869],[-73.980759,40.75676],[-73.980499,40.756652],[-73.980239,40.756543],[-73.97998,40.756435],[-73.97972,40.756327],[-73.979461,40.756218],[-73.979201,40.75611],[-73.979151,40.756089],[-73.979149,40.756088]]},"properties":{"id":"46522000#0","name":"West 46th Street","tier":"distributor","w":3,"lanes":1,"vmax":27.8,"len":288.4}},{"type":"Feature","geometry":{"type":"LineString","coordinates":[[-73.970245,40.752338],[-73.970212,40.752324],[-73.969953,40.752215],[-73.969695,40.752105],[-73.969436,40.751996],[-73.969177,40.751886],[-73.968918,40.751777],[-73.968659,40.751668],[-73.9684,40.751558],[-73.968142,40.751449],[-73.968114,40.751437],[-73.967959,40.751369]]},"properties":{"id":"46522001#0","name":"East 46th Street","tier":"distributor","w":3,"lanes":1,"vmax":27.8,"len":221.0}},{"type":"Feature","geometry":{"type":"LineString","coordinates":[[-73.971393,40.75527],[-73.971547,40.755335],[-73.971807,40.755444],[-73.971819,40.755449],[-73.972078,40.755558],[-73.972337,40.755667],[-73.972596,40.755776],[-73.972712,40.755825]]},"properties":{"id":"46522002#0","name":"East 49th Street","tier":"distributor","w":3,"lanes":1,"vmax":27.8,"len":127.2}},{"type":"Feature","geometry":{"type":"LineString","coordinates":[[-73.970619,40.755769],[-73.970369,40.755664],[-73.97035,40.755656],[-73.970092,40.755546],[-73.969833,40.755436],[-73.969575,40.755326],[-73.969317,40.755216],[-73.969058,40.755106],[-73.9688,40.754996],[-73.968729,40.754966],[-73.968672,40.754942],[-73.96852,40.754877]]},"properties":{"id":"46522003#0","name":"East 50th Street","tier":"distributor","w":3,"lanes":2,"vmax":27.8,"len":203.0}},{"type":"Feature","geometry":{"type":"LineString","coordinates":[[-73.986494,40.751741],[-73.986537,40.751759],[-73.986795,40.75187],[-73.987052,40.751981],[-73.987192,40.752042],[-73.987318,40.752096],[-73.98735,40.75211],[-73.987482,40.752167]]},"properties":{"id":"46522005#0","name":"West 37th Street","tier":"distributor","w":3,"lanes":1,"vmax":11.2,"len":95.9}},{"type":"Feature","geometry":{"type":"LineString","coordinates":[[-73.986732,40.751042],[-73.986729,40.751041],[-73.98647,40.750932],[-73.986212,40.750822],[-73.986143,40.750793],[-73.985884,40.750684],[-73.985625,40.750575],[-73.985366,40.750466],[-73.985107,40.750356],[-73.984848,40.750247],[-73.984589,40.750138],[-73.98446,40.750084],[-73.984202,40.749974],[-73.984038,40.749905],[-73.983779,40.749796],[-73.983755,40.749786],[-73.983742,40.74978]]},"properties":{"id":"46522006#0","name":"West 36th Street","tier":"distributor","w":3,"lanes":2,"vmax":27.8,"len":288.7}},{"type":"Feature","geometry":{"type":"LineString","coordinates":[[-73.97322,40.75277],[-73.973445,40.752864],[-73.973704,40.752973],[-73.973964,40.753081],[-73.974223,40.75319],[-73.974483,40.753298],[-73.97455,40.753326],[-73.974557,40.753329]]},"properties":{"id":"46522007#0","name":"East 45th Street","tier":"distributor","w":3,"lanes":1,"vmax":27.8,"len":128.8}},{"type":"Feature","geometry":{"type":"LineString","coordinates":[[-73.997394,40.762077],[-73.997408,40.762059],[-73.997413,40.762052]]},"properties":{"id":"46525058#0","name":"11th Avenue","tier":"distributor","w":3,"lanes":5,"vmax":11.2,"len":3.3}},{"type":"Feature","geometry":{"type":"LineString","coordinates":[[-73.988056,40.769786],[-73.987952,40.769741],[-73.987693,40.769632],[-73.987655,40.769615],[-73.987396,40.769506],[-73.987137,40.769397],[-73.986878,40.769287],[-73.986619,40.769178],[-73.98636,40.769068],[-73.986329,40.769055],[-73.98607,40.768945],[-73.985811,40.768836],[-73.985553,40.768726],[-73.985413,40.768666],[-73.985362,40.768648],[-73.98522,40.768598],[-73.985137,40.768568],[-73.985093,40.768551],[-73.985067,40.768542],[-73.984807,40.768434],[-73.984767,40.768418],[-73.984641,40.768366],[-73.984513,40.768314],[-73.984253,40.768207],[-73.984207,40.768188],[-73.984013,40.768108],[-73.983944,40.768079],[-73.983685,40.767969],[-73.983427,40.767859],[-73.983168,40.76775],[-73.98291,40.76764],[-73.982651,40.76753],[-73.982517,40.767472],[-73.982488,40.767459]]},"properties":{"id":"46525065#0","name":"West 58th Street","tier":"local","w":2,"lanes":1,"vmax":22.2,"len":536.3}},{"type":"Feature","geometry":{"type":"LineString","coordinates":[[-73.997987,40.754612],[-73.998013,40.754583],[-73.998081,40.754527],[-73.998148,40.754464],[-73.998229,40.754398]]},"properties":{"id":"465256868","name":"Lincoln Tunnel Expressway","tier":"arterial","w":5,"lanes":2,"vmax":39.4,"len":31.4}},{"type":"Feature","geometry":{"type":"LineString","coordinates":[[-73.995386,40.755896],[-73.995577,40.755758],[-73.995803,40.755612],[-73.995946,40.755519],[-73.996148,40.755393],[-73.996344,40.755285],[-73.996439,40.755239],[-73.996591,40.755172],[-73.996722,40.755119],[-73.996828,40.755081]]},"properties":{"id":"465256869","name":"Lincoln Tunnel Expressway","tier":"arterial","w":5,"lanes":2,"vmax":11.2,"len":152.4}},{"type":"Feature","geometry":{"type":"LineString","coordinates":[[-73.996921,40.755063],[-73.996978,40.755042],[-73.997247,40.754947],[-73.997458,40.754872],[-73.997629,40.754807],[-73.997711,40.754771],[-73.997799,40.754727],[-73.997871,40.754688],[-73.997927,40.754657]]},"properties":{"id":"465256869-AddedOffRampEdge","name":"Lincoln Tunnel Expressway","tier":"arterial","w":5,"lanes":3,"vmax":11.2,"len":96.3}},{"type":"Feature","geometry":{"type":"LineString","coordinates":[[-73.98201,40.763012],[-73.982034,40.763022],[-73.982293,40.763131],[-73.982552,40.76324],[-73.982735,40.763317],[-73.982767,40.76333],[-73.982819,40.76335]]},"properties":{"id":"46538371#0","name":"West 53rd Street","tier":"distributor","w":3,"lanes":2,"vmax":27.8,"len":78.0}},{"type":"Feature","geometry":{"type":"LineString","coordinates":[[-73.974062,40.74634],[-73.974218,40.746426]]},"properties":{"id":"482494938","name":"","tier":"arterial","w":3,"lanes":1,"vmax":22.2,"len":16.3}},{"type":"Feature","geometry":{"type":"LineString","coordinates":[[-73.984657,40.759182],[-73.984681,40.75915],[-73.984825,40.758953],[-73.984969,40.758756],[-73.985032,40.75867],[-73.985052,40.758643]]},"properties":{"id":"483360105#0","name":"7th Avenue","tier":"distributor","w":3,"lanes":3,"vmax":11.2,"len":68.4}},{"type":"Feature","geometry":{"type":"LineString","coordinates":[[-73.994969,40.75535],[-73.99497,40.755349]]},"properties":{"id":"485746107#0","name":"","tier":"arterial","w":3,"lanes":2,"vmax":22.2,"len":0.2}},{"type":"Feature","geometry":{"type":"LineString","coordinates":[[-73.991377,40.744852],[-73.991364,40.744869],[-73.991221,40.745066],[-73.991125,40.7452]]},"properties":{"id":"489019752#0","name":"6th Avenue","tier":"distributor","w":3,"lanes":4,"vmax":11.2,"len":44.0}},{"type":"Feature","geometry":{"type":"LineString","coordinates":[[-73.99113,40.750298],[-73.991149,40.750272],[-73.991184,40.750224],[-73.991328,40.750027],[-73.991472,40.74983],[-73.991501,40.749791],[-73.991518,40.749768],[-73.991532,40.74975]]},"properties":{"id":"492489884#0","name":"7th Avenue","tier":"distributor","w":3,"lanes":3,"vmax":11.2,"len":69.7}},{"type":"Feature","geometry":{"type":"LineString","coordinates":[[-73.987687,40.74989],[-73.987553,40.750078],[-73.987413,40.750276],[-73.987409,40.750281],[-73.987333,40.750386]]},"properties":{"id":"496983397#0","name":"6th Avenue","tier":"distributor","w":3,"lanes":4,"vmax":11.2,"len":62.7}},{"type":"Feature","geometry":{"type":"LineString","coordinates":[[-73.998621,40.755298],[-73.998611,40.755313],[-73.998502,40.755462],[-73.998449,40.755533],[-73.998307,40.75573],[-73.998251,40.755807],[-73.998246,40.755815]]},"properties":{"id":"496986803#0","name":"10th Avenue","tier":"arterial","w":4,"lanes":4,"vmax":11.2,"len":65.5}},{"type":"Feature","geometry":{"type":"LineString","coordinates":[[-73.97732,40.764409],[-73.977577,40.764518],[-73.977608,40.764531],[-73.977867,40.76464],[-73.978126,40.764749],[-73.978385,40.764858],[-73.978644,40.764968],[-73.978887,40.76507],[-73.979146,40.765179],[-73.979405,40.765288],[-73.979664,40.765397],[-73.97988,40.765488],[-73.979921,40.765506]]},"properties":{"id":"496986969#0","name":"West 57th Street","tier":"arterial","w":4,"lanes":2,"vmax":27.8,"len":251.0}},{"type":"Feature","geometry":{"type":"LineString","coordinates":[[-73.979588,40.766146],[-73.979594,40.766137],[-73.979702,40.765989],[-73.979845,40.765792],[-73.979919,40.765692],[-73.979966,40.765626],[-73.979981,40.765605]]},"properties":{"id":"496986970#0","name":"7th Avenue","tier":"distributor","w":3,"lanes":3,"vmax":11.2,"len":68.6}},{"type":"Feature","geometry":{"type":"LineString","coordinates":[[-73.980101,40.765441],[-73.980105,40.765435],[-73.980248,40.765238],[-73.980301,40.765166],[-73.980444,40.764969],[-73.980454,40.764955],[-73.98049,40.764907],[-73.980496,40.764898]]},"properties":{"id":"496989355#0","name":"7th Avenue","tier":"distributor","w":3,"lanes":3,"vmax":11.2,"len":68.8}},{"type":"Feature","geometry":{"type":"LineString","coordinates":[[-73.98058,40.764783],[-73.980711,40.764603],[-73.980855,40.764406],[-73.98093,40.764302]]},"properties":{"id":"496989355#3","name":"7th Avenue","tier":"distributor","w":3,"lanes":3,"vmax":11.2,"len":61.1}},{"type":"Feature","geometry":{"type":"LineString","coordinates":[[-73.981031,40.764158],[-73.981163,40.763977],[-73.981235,40.763878],[-73.981358,40.763709],[-73.981384,40.763672]]},"properties":{"id":"496989355#6","name":"7th Avenue","tier":"distributor","w":3,"lanes":3,"vmax":11.2,"len":61.6}},{"type":"Feature","geometry":{"type":"LineString","coordinates":[[-73.97468,40.753322],[-73.974685,40.753315],[-73.974828,40.753118],[-73.974972,40.752921],[-73.975066,40.752791],[-73.97507,40.752785]]},"properties":{"id":"496990647#0","name":"Lexington Avenue","tier":"distributor","w":3,"lanes":3,"vmax":27.8,"len":68.1}},{"type":"Feature","geometry":{"type":"LineString","coordinates":[[-73.975134,40.752698],[-73.97514,40.75269],[-73.975283,40.752493],[-73.975427,40.752296],[-73.975515,40.752174],[-73.975522,40.752165]]},"properties":{"id":"496990647#3","name":"Lexington Avenue","tier":"distributor","w":3,"lanes":3,"vmax":27.8,"len":67.6}},{"type":"Feature","geometry":{"type":"LineString","coordinates":[[-73.974655,40.75915],[-73.974636,40.759177],[-73.974492,40.759374],[-73.974385,40.75952]]},"properties":{"id":"496992868#0","name":"Madison Avenue","tier":"distributor","w":3,"lanes":4,"vmax":11.2,"len":47.0}},{"type":"Feature","geometry":{"type":"LineString","coordinates":[[-73.976477,40.756651],[-73.976469,40.756662],[-73.976325,40.756859],[-73.976298,40.756895],[-73.976154,40.757092],[-73.976131,40.757123],[-73.976092,40.757177],[-73.97609,40.757179]]},"properties":{"id":"496993762#0","name":"Madison Avenue","tier":"distributor","w":3,"lanes":4,"vmax":11.2,"len":67.0}},{"type":"Feature","geometry":{"type":"LineString","coordinates":[[-73.970908,40.761569],[-73.970919,40.761554],[-73.971061,40.761357],[-73.971204,40.76116],[-73.971258,40.761085],[-73.971292,40.761038],[-73.9713,40.761026]]},"properties":{"id":"497165753#0","name":"Park Avenue","tier":"arterial","w":4,"lanes":3,"vmax":11.2,"len":68.8}},{"type":"Feature","geometry":{"type":"LineString","coordinates":[[-73.972291,40.75967],[-73.972292,40.759667],[-73.972435,40.75947],[-73.972577,40.759273],[-73.972623,40.759209],[-73.972655,40.759164]]},"properties":{"id":"497165753#12","name":"Park Avenue","tier":"arterial","w":4,"lanes":3,"vmax":11.2,"len":64.0}},{"type":"Feature","geometry":{"type":"LineString","coordinates":[[-73.971364,40.760937],[-73.971374,40.760924],[-73.971518,40.760727],[-73.971661,40.76053],[-73.971716,40.760455],[-73.971729,40.760436]]},"properties":{"id":"497165753#4","name":"Park Avenue","tier":"arterial","w":4,"lanes":3,"vmax":11.2,"len":63.5}},{"type":"Feature","geometry":{"type":"LineString","coordinates":[[-73.971839,40.760287],[-73.971976,40.7601],[-73.97212,40.759903],[-73.972171,40.759834],[-73.972206,40.759787]]},"properties":{"id":"497165753#8","name":"Park Avenue","tier":"arterial","w":4,"lanes":3,"vmax":11.2,"len":63.6}},{"type":"Feature","geometry":{"type":"LineString","coordinates":[[-73.972484,40.759094],[-73.972344,40.759285],[-73.972199,40.759482],[-73.972148,40.759551],[-73.972117,40.759595],[-73.972115,40.759597]]},"properties":{"id":"497165756#0","name":"Park Avenue","tier":"arterial","w":4,"lanes":3,"vmax":11.2,"len":63.9}},{"type":"Feature","geometry":{"type":"LineString","coordinates":[[-73.97203,40.759713],[-73.971889,40.759909],[-73.971746,40.760106],[-73.971689,40.760185],[-73.971668,40.760214]]},"properties":{"id":"497165756#4","name":"Park Avenue","tier":"arterial","w":4,"lanes":3,"vmax":11.2,"len":63.5}},{"type":"Feature","geometry":{"type":"LineString","coordinates":[[-73.970598,40.761514],[-73.97057,40.761502],[-73.970514,40.761479],[-73.970255,40.76137],[-73.969996,40.761261],[-73.969911,40.761225],[-73.969652,40.761116],[-73.96953,40.761064],[-73.969271,40.760955],[-73.969261,40.760951],[-73.969259,40.76095]]},"properties":{"id":"497165757#0","name":"East 57th Street","tier":"arterial","w":4,"lanes":2,"vmax":27.8,"len":129.1}},{"type":"Feature","geometry":{"type":"LineString","coordinates":[[-73.977131,40.764404],[-73.977117,40.764424],[-73.976975,40.764622],[-73.976832,40.764819],[-73.976753,40.764929]]},"properties":{"id":"497258108#0","name":"6th Avenue","tier":"distributor","w":3,"lanes":3,"vmax":27.8,"len":66.4}},{"type":"Feature","geometry":{"type":"LineString","coordinates":[[-73.976647,40.765076],[-73.976514,40.765258]]},"properties":{"id":"497258108#2","name":"6th Avenue","tier":"distributor","w":3,"lanes":3,"vmax":27.8,"len":23.1}},{"type":"Feature","geometry":{"type":"LineString","coordinates":[[-73.977072,40.764239],[-73.97682,40.764133],[-73.976561,40.764024],[-73.976302,40.763915],[-73.976167,40.763859],[-73.976152,40.763853],[-73.975893,40.763744],[-73.975667,40.763649],[-73.975408,40.76354],[-73.975149,40.763432],[-73.974889,40.763323],[-73.97463,40.763214],[-73.974371,40.763105],[-73.97412,40.763],[-73.974117,40.762999]]},"properties":{"id":"497258109#0","name":"West 57th Street","tier":"arterial","w":4,"lanes":2,"vmax":27.8,"len":284.9}},{"type":"Feature","geometry":{"type":"LineString","coordinates":[[-73.987607,40.75222],[-73.987626,40.752229],[-73.987887,40.752336],[-73.988147,40.752443],[-73.988407,40.75255],[-73.988668,40.752658],[-73.988928,40.752765],[-73.989118,40.752843],[-73.989146,40.752855]]},"properties":{"id":"500717399#0","name":"West 37th Street","tier":"distributor","w":3,"lanes":2,"vmax":11.2,"len":147.8}},{"type":"Feature","geometry":{"type":"LineString","coordinates":[[-73.982985,40.766796],[-73.982999,40.766802],[-73.983259,40.766911],[-73.983518,40.767019],[-73.983701,40.767096],[-73.983762,40.767122],[-73.984021,40.767232],[-73.984145,40.767284],[-73.984204,40.767309],[-73.984393,40.767389],[-73.984652,40.767498],[-73.984911,40.767608],[-73.98517,40.767717],[-73.985428,40.767826],[-73.985568,40.767885],[-73.985586,40.767893]]},"properties":{"id":"505582406#0","name":"West 57th Street","tier":"arterial","w":4,"lanes":2,"vmax":11.2,"len":251.1}},{"type":"Feature","geometry":{"type":"LineString","coordinates":[[-73.999551,40.763107],[-73.999525,40.763126],[-73.999442,40.763188],[-73.999357,40.76326],[-73.999267,40.763339],[-73.999191,40.763412],[-73.999107,40.76349],[-73.999044,40.763554],[-73.999029,40.76357]]},"properties":{"id":"505777310","name":"12th Avenue","tier":"arterial","w":5,"lanes":4,"vmax":13.4,"len":67.8}},{"type":"Feature","geometry":{"type":"LineString","coordinates":[[-74.000222,40.762605],[-74.000207,40.762616],[-73.999996,40.762774],[-73.999968,40.762794],[-73.99981,40.76291],[-73.999732,40.762968],[-73.999704,40.76299],[-73.999634,40.763044]]},"properties":{"id":"505777313#0","name":"12th Avenue","tier":"arterial","w":5,"lanes":4,"vmax":13.4,"len":69.6}},{"type":"Feature","geometry":{"type":"LineString","coordinates":[[-73.974305,40.744156],[-73.974522,40.744247],[-73.974781,40.744356],[-73.97504,40.744465],[-73.97507,40.744478],[-73.975121,40.7445]]},"properties":{"id":"50603617#0","name":"East 34th Street","tier":"arterial","w":4,"lanes":3,"vmax":11.2,"len":78.8}},{"type":"Feature","geometry":{"type":"LineString","coordinates":[[-73.97859,40.756616],[-73.978601,40.756601],[-73.978747,40.756405],[-73.978894,40.756209],[-73.978982,40.756093],[-73.97899,40.756082]]},"properties":{"id":"511699175#0","name":"5th Avenue","tier":"distributor","w":3,"lanes":3,"vmax":27.8,"len":68.2}},{"type":"Feature","geometry":{"type":"LineString","coordinates":[[-73.977049,40.754384],[-73.977056,40.754387],[-73.977314,40.754498],[-73.977572,40.754608],[-73.977744,40.754682]]},"properties":{"id":"511699176#0","name":"East 45th Street","tier":"distributor","w":3,"lanes":2,"vmax":11.2,"len":67.3}},{"type":"Feature","geometry":{"type":"LineString","coordinates":[[-73.979216,40.752906],[-73.979214,40.752909],[-73.979065,40.753104],[-73.978963,40.753239]]},"properties":{"id":"511699181#0","name":"Madison Avenue","tier":"distributor","w":3,"lanes":4,"vmax":11.2,"len":42.7}},{"type":"Feature","geometry":{"type":"LineString","coordinates":[[-73.98018,40.751591],[-73.980076,40.751734],[-73.979932,40.751931],[-73.979856,40.752035],[-73.979819,40.752086]]},"properties":{"id":"511699182#0","name":"Madison Avenue","tier":"distributor","w":3,"lanes":4,"vmax":27.8,"len":62.8}},{"type":"Feature","geometry":{"type":"LineString","coordinates":[[-73.979736,40.752198],[-73.979728,40.75221],[-73.979584,40.752407],[-73.97944,40.752603],[-73.979355,40.752719]]},"properties":{"id":"511699182#3","name":"Madison Avenue","tier":"distributor","w":3,"lanes":4,"vmax":27.8,"len":66.2}},{"type":"Feature","geometry":{"type":"LineString","coordinates":[[-73.980995,40.753556],[-73.981004,40.75356],[-73.981262,40.753669],[-73.981521,40.753779],[-73.98178,40.753888],[-73.982038,40.753998],[-73.982297,40.754107],[-73.982393,40.754148],[-73.982652,40.754257],[-73.98291,40.754367],[-73.983169,40.754476],[-73.983428,40.754585],[-73.983574,40.754647]]},"properties":{"id":"511699183#0","name":"West 42nd Street","tier":"arterial","w":4,"lanes":2,"vmax":11.2,"len":249.2}},{"type":"Feature","geometry":{"type":"LineString","coordinates":[[-73.980426,40.754116],[-73.980436,40.754102],[-73.980577,40.753904],[-73.980717,40.753706],[-73.980808,40.753577]]},"properties":{"id":"511699184#0","name":"5th Avenue","tier":"distributor","w":3,"lanes":4,"vmax":27.8,"len":67.9}},{"type":"Feature","geometry":{"type":"LineString","coordinates":[[-73.980948,40.753391],[-73.981092,40.753199],[-73.981132,40.753145],[-73.98128,40.75295],[-73.981326,40.752888],[-73.981337,40.752873]]},"properties":{"id":"511699185#0","name":"5th Avenue","tier":"distributor","w":3,"lanes":5,"vmax":11.2,"len":66.2}},{"type":"Feature","geometry":{"type":"LineString","coordinates":[[-73.992175,40.754132],[-73.992202,40.754143],[-73.992216,40.754149],[-73.992475,40.754258],[-73.992734,40.754367],[-73.992993,40.754476],[-73.993253,40.754586],[-73.993511,40.754695],[-73.993771,40.754804],[-73.99403,40.754913],[-73.994289,40.755022],[-73.994378,40.75506],[-73.994492,40.755108],[-73.994749,40.755219],[-73.994781,40.755233],[-73.994801,40.755241]]},"properties":{"id":"511755381#0","name":"West 37th Street","tier":"distributor","w":3,"lanes":2,"vmax":11.2,"len":253.6}},{"type":"Feature","geometry":{"type":"LineString","coordinates":[[-73.973812,40.757106],[-73.973797,40.7571],[-73.973538,40.75699],[-73.973279,40.756881],[-73.97302,40.756772],[-73.972762,40.756662],[-73.972503,40.756553],[-73.972474,40.756541]]},"properties":{"id":"511924978#0","name":"East 50th Street","tier":"distributor","w":3,"lanes":2,"vmax":27.8,"len":129.2}},{"type":"Feature","geometry":{"type":"LineString","coordinates":[[-73.978853,40.747627],[-73.978988,40.747443],[-73.979132,40.747247],[-73.979182,40.747178],[-73.979204,40.747149]]},"properties":{"id":"518451322#0","name":"Lexington Avenue","tier":"distributor","w":3,"lanes":4,"vmax":11.2,"len":60.7}},{"type":"Feature","geometry":{"type":"LineString","coordinates":[[-73.979276,40.747896],[-73.979058,40.747804],[-73.978955,40.747761],[-73.978911,40.747742]]},"properties":{"id":"518451332#0","name":"East 36th Street","tier":"distributor","w":3,"lanes":3,"vmax":11.2,"len":35.2}},{"type":"Feature","geometry":{"type":"LineString","coordinates":[[-73.987044,40.756109],[-73.987051,40.756112],[-73.987192,40.756172],[-73.987451,40.756281],[-73.987466,40.756287],[-73.987725,40.756396],[-73.987984,40.756505],[-73.988243,40.756614],[-73.98831,40.756642],[-73.9884,40.75668],[-73.988502,40.756723],[-73.988674,40.756796],[-73.988933,40.756905],[-73.989192,40.757014],[-73.989451,40.757123],[-73.98964,40.757202],[-73.98966,40.757211]]},"properties":{"id":"525729008#0","name":"West 42nd Street","tier":"arterial","w":4,"lanes":2,"vmax":11.2,"len":252.5}},{"type":"Feature","geometry":{"type":"LineString","coordinates":[[-73.99272,40.75834],[-73.992857,40.758152],[-73.993001,40.757955],[-73.993009,40.757943]]},"properties":{"id":"525729009#0","name":"9th Avenue","tier":"arterial","w":4,"lanes":5,"vmax":27.8,"len":50.5}},{"type":"Feature","geometry":{"type":"LineString","coordinates":[[-73.993633,40.757088],[-73.993767,40.756898],[-73.993835,40.756801],[-73.993975,40.756602],[-73.993979,40.756596]]},"properties":{"id":"525729010#0","name":"9th Avenue","tier":"arterial","w":4,"lanes":5,"vmax":27.8,"len":61.9}},{"type":"Feature","geometry":{"type":"LineString","coordinates":[[-73.973643,40.760319],[-73.973392,40.760213],[-73.973133,40.760104],[-73.972874,40.759994],[-73.972615,40.759885],[-73.97243,40.759807],[-73.972359,40.759777],[-73.972338,40.759768]]},"properties":{"id":"541331485#0","name":"East 54th Street","tier":"distributor","w":3,"lanes":2,"vmax":27.8,"len":126.0}},{"type":"Feature","geometry":{"type":"LineString","coordinates":[[-73.978083,40.763111],[-73.977953,40.763288],[-73.977808,40.763484],[-73.97773,40.763591]]},"properties":{"id":"541350711#0","name":"6th Avenue","tier":"distributor","w":3,"lanes":4,"vmax":27.8,"len":61.1}},{"type":"Feature","geometry":{"type":"LineString","coordinates":[[-73.977646,40.763704],[-73.977637,40.763716],[-73.977492,40.763913],[-73.977348,40.764109],[-73.97726,40.764228],[-73.977251,40.76424]]},"properties":{"id":"541350711#3","name":"6th Avenue","tier":"distributor","w":3,"lanes":4,"vmax":27.8,"len":68.3}},{"type":"Feature","geometry":{"type":"LineString","coordinates":[[-73.979306,40.747011],[-73.979438,40.746827],[-73.979464,40.746789],[-73.979607,40.746592],[-73.979634,40.746555],[-73.979674,40.746501],[-73.979683,40.746489]]},"properties":{"id":"541351705#0","name":"Lexington Avenue","tier":"distributor","w":3,"lanes":4,"vmax":11.2,"len":66.1}},{"type":"Feature","geometry":{"type":"LineString","coordinates":[[-73.98289,40.747865],[-73.98275,40.748055],[-73.982605,40.748251],[-73.982553,40.748322],[-73.982527,40.748359]]},"properties":{"id":"542096279#0","name":"Madison Avenue","tier":"distributor","w":3,"lanes":4,"vmax":11.2,"len":62.9}},{"type":"Feature","geometry":{"type":"LineString","coordinates":[[-73.990671,40.756017],[-73.990527,40.756213],[-73.990384,40.75641],[-73.990315,40.756505],[-73.990303,40.756521]]},"properties":{"id":"542257430#0","name":"8th Avenue","tier":"distributor","w":3,"lanes":4,"vmax":27.8,"len":64.0}},{"type":"Feature","geometry":{"type":"LineString","coordinates":[[-73.980996,40.759322],[-73.981031,40.759337],[-73.98129,40.759446],[-73.981357,40.759474],[-73.981617,40.759583],[-73.981876,40.759693],[-73.982135,40.759802],[-73.982155,40.75981],[-73.982414,40.759919],[-73.982673,40.760028],[-73.982704,40.760042],[-73.982964,40.760151],[-73.983198,40.760249]]},"properties":{"id":"542258337#0","name":"West 49th Street","tier":"distributor","w":3,"lanes":2,"vmax":27.8,"len":212.5}},{"type":"Feature","geometry":{"type":"LineString","coordinates":[[-73.990647,40.757606],[-73.990657,40.757611],[-73.990915,40.757721],[-73.991173,40.757832],[-73.991274,40.757875],[-73.991309,40.75789],[-73.991568,40.757999],[-73.991827,40.758108],[-73.991998,40.75818]]},"properties":{"id":"542259076#0","name":"West 42nd Street","tier":"arterial","w":4,"lanes":1,"vmax":11.2,"len":130.6}},{"type":"Feature","geometry":{"type":"LineString","coordinates":[[-73.977262,40.745338],[-73.977094,40.745267],[-73.976835,40.745158],[-73.976576,40.745049],[-73.976438,40.744991]]},"properties":{"id":"554083352","name":"East 34th Street","tier":"arterial","w":4,"lanes":2,"vmax":11.2,"len":79.5}},{"type":"Feature","geometry":{"type":"LineString","coordinates":[[-73.978061,40.745823],[-73.978057,40.745828],[-73.977914,40.746025],[-73.977771,40.746222],[-73.977716,40.746298],[-73.977691,40.746332]]},"properties":{"id":"554083353#0","name":"3rd Avenue","tier":"arterial","w":4,"lanes":4,"vmax":11.2,"len":64.6}},{"type":"Feature","geometry":{"type":"LineString","coordinates":[[-73.97361,40.743879],[-73.973621,40.743883],[-73.97388,40.743993],[-73.974138,40.744102],[-73.974212,40.744133]]},"properties":{"id":"556075523#0","name":"East 34th Street","tier":"arterial","w":4,"lanes":2,"vmax":11.2,"len":58.2}},{"type":"Feature","geometry":{"type":"LineString","coordinates":[[-73.997035,40.757134],[-73.996905,40.757128],[-73.996831,40.757118],[-73.996713,40.7571],[-73.99658,40.757076],[-73.996475,40.757052],[-73.996385,40.757021],[-73.996126,40.756912],[-73.996023,40.756868],[-73.99596,40.756844],[-73.995881,40.756822],[-73.995773,40.756807],[-73.99569,40.756807],[-73.995613,40.756812],[-73.995537,40.756832],[-73.995474,40.756857],[-73.995422,40.756886],[-73.995395,40.75691]]},"properties":{"id":"5669218","name":"","tier":"arterial","w":3,"lanes":1,"vmax":22.2,"len":149.2}},{"type":"Feature","geometry":{"type":"LineString","coordinates":[[-73.998465,40.758811],[-73.998466,40.758812]]},"properties":{"id":"5669226","name":"","tier":"arterial","w":3,"lanes":1,"vmax":22.2,"len":0.2}},{"type":"Feature","geometry":{"type":"LineString","coordinates":[[-73.9986,40.759171],[-73.998357,40.759072],[-73.998118,40.758975],[-73.998086,40.758956],[-73.998062,40.758929],[-73.998054,40.758905],[-73.998054,40.758883],[-73.998063,40.758865],[-73.998081,40.75885],[-73.998102,40.758838],[-73.998138,40.758823],[-73.998185,40.758813],[-73.998323,40.758803],[-73.99843,40.758799]]},"properties":{"id":"5669226-AddedOnRampEdge","name":"","tier":"arterial","w":3,"lanes":2,"vmax":22.2,"len":93.4}},{"type":"Feature","geometry":{"type":"LineString","coordinates":[[-73.996996,40.759351],[-73.997014,40.759336],[-73.997208,40.759166],[-73.997403,40.758996],[-73.997502,40.75891]]},"properties":{"id":"5669227","name":"Galvin Avenue","tier":"distributor","w":3,"lanes":2,"vmax":11.2,"len":64.9}},{"type":"Feature","geometry":{"type":"LineString","coordinates":[[-73.997063,40.757016],[-73.996925,40.756997],[-73.996783,40.756962],[-73.996651,40.756927],[-73.996579,40.756902],[-73.996438,40.756842]]},"properties":{"id":"5669356","name":"","tier":"arterial","w":3,"lanes":7,"vmax":22.2,"len":56.5}},{"type":"Feature","geometry":{"type":"LineString","coordinates":[[-73.97777,40.757955],[-73.977795,40.757966],[-73.978051,40.758074],[-73.97831,40.758184],[-73.978446,40.758242],[-73.978704,40.758351],[-73.978787,40.758386],[-73.978838,40.758407],[-73.978944,40.758453],[-73.979,40.758476],[-73.979053,40.758499],[-73.979311,40.758608],[-73.97957,40.758718],[-73.979829,40.758828],[-73.980087,40.758937],[-73.980346,40.759047],[-73.980605,40.759157],[-73.98075,40.759218],[-73.98077,40.759227]]},"properties":{"id":"5670114#0","name":"West 49th Street","tier":"distributor","w":3,"lanes":1,"vmax":27.8,"len":289.9}},{"type":"Feature","geometry":{"type":"LineString","coordinates":[[-73.98006,40.755656],[-73.980278,40.755748],[-73.980537,40.755858],[-73.980795,40.755967],[-73.981054,40.756077],[-73.981313,40.756186],[-73.981572,40.756295],[-73.981717,40.756357],[-73.981977,40.756465],[-73.982236,40.756573],[-73.982313,40.756605],[-73.982573,40.756713],[-73.982578,40.756715],[-73.982598,40.756724]]},"properties":{"id":"5670124","name":"West 45th Street","tier":"distributor","w":3,"lanes":2,"vmax":27.8,"len":244.8}},{"type":"Feature","geometry":{"type":"LineString","coordinates":[[-73.973868,40.762895],[-73.973609,40.762785],[-73.97335,40.762676],[-73.973157,40.762596],[-73.972898,40.762486],[-73.972639,40.762377],[-73.972508,40.762322]]},"properties":{"id":"5670139#0","name":"East 57th Street","tier":"arterial","w":4,"lanes":2,"vmax":27.8,"len":131.3}},{"type":"Feature","geometry":{"type":"LineString","coordinates":[[-73.978898,40.755985],[-73.978644,40.75588],[-73.978449,40.755799],[-73.978404,40.755779],[-73.978356,40.755758],[-73.978097,40.75565],[-73.977837,40.755541],[-73.977577,40.755433],[-73.977522,40.75541],[-73.977515,40.755407]]},"properties":{"id":"5670225#0","name":"East 46th Street","tier":"distributor","w":3,"lanes":1,"vmax":27.8,"len":133.3}},{"type":"Feature","geometry":{"type":"LineString","coordinates":[[-73.976108,40.765571],[-73.975894,40.765481],[-73.975635,40.765372],[-73.975375,40.765264],[-73.975116,40.765155],[-73.974857,40.765046],[-73.974597,40.764937],[-73.974338,40.764828],[-73.974079,40.76472],[-73.973856,40.764626],[-73.973798,40.764596],[-73.973792,40.764592]]},"properties":{"id":"5670253#0","name":"Central Park South","tier":"distributor","w":3,"lanes":2,"vmax":11.2,"len":223.8}},{"type":"Feature","geometry":{"type":"LineString","coordinates":[[-73.999742,40.751752],[-73.999737,40.751741],[-73.999724,40.751715],[-73.999705,40.751687],[-73.999681,40.751658],[-73.999655,40.751631],[-73.999631,40.751605],[-73.9996,40.75158],[-73.999562,40.751555],[-73.999523,40.751531],[-73.999485,40.751511],[-73.999367,40.751459],[-73.999257,40.75141]]},"properties":{"id":"5670275#0","name":"Dyer Avenue","tier":"distributor","w":3,"lanes":2,"vmax":11.2,"len":58.6}},{"type":"Feature","geometry":{"type":"LineString","coordinates":[[-73.98497,40.748662],[-73.985188,40.748753],[-73.985447,40.748862],[-73.985706,40.748972],[-73.985965,40.749081],[-73.986224,40.74919],[-73.986483,40.749299],[-73.986742,40.749408],[-73.987001,40.749518],[-73.98726,40.749627],[-73.987397,40.749685],[-73.987611,40.749777]]},"properties":{"id":"5670600#0","name":"West 34th Street","tier":"arterial","w":4,"lanes":2,"vmax":11.2,"len":255.0}},{"type":"Feature","geometry":{"type":"LineString","coordinates":[[-73.990672,40.750927],[-73.990677,40.750921],[-73.99082,40.750724],[-73.990964,40.750527],[-73.991065,40.750389],[-73.991067,40.750386]]},"properties":{"id":"5670803#0","name":"7th Avenue","tier":"distributor","w":3,"lanes":3,"vmax":11.2,"len":68.7}},{"type":"Feature","geometry":{"type":"LineString","coordinates":[[-73.995703,40.744026],[-73.995715,40.744011],[-73.995718,40.744006],[-73.995862,40.74381],[-73.995965,40.743668]]},"properties":{"id":"5670836#0","name":"7th Avenue","tier":"distributor","w":3,"lanes":3,"vmax":11.2,"len":45.5}},{"type":"Feature","geometry":{"type":"LineString","coordinates":[[-73.980305,40.759863],[-73.980285,40.759855],[-73.980061,40.759747],[-73.979801,40.759639],[-73.979542,40.75953],[-73.979282,40.759422],[-73.979023,40.759313],[-73.978763,40.759205],[-73.978591,40.759133],[-73.978566,40.759122],[-73.978533,40.759108],[-73.978473,40.759083],[-73.978377,40.759042],[-73.978119,40.758931],[-73.977991,40.758876],[-73.977731,40.758768],[-73.977696,40.758753],[-73.977436,40.758644],[-73.97733,40.7586],[-73.977313,40.758592]]},"properties":{"id":"5670867#0","name":"West 50th Street","tier":"distributor","w":3,"lanes":2,"vmax":27.8,"len":289.3}},{"type":"Feature","geometry":{"type":"LineString","coordinates":[[-73.973363,40.764939],[-73.97349,40.764775],[-73.973563,40.764681],[-73.973566,40.764678]]},"properties":{"id":"5670873#0","name":"Grand Army Plaza","tier":"distributor","w":3,"lanes":3,"vmax":11.2,"len":33.6}},{"type":"Feature","geometry":{"type":"LineString","coordinates":[[-73.973583,40.764521],[-73.97355,40.764502],[-73.973499,40.764475],[-73.97324,40.764366],[-73.973152,40.764329]]},"properties":{"id":"5670874#0","name":"Central Park South","tier":"distributor","w":3,"lanes":3,"vmax":11.2,"len":42.3}},{"type":"Feature","geometry":{"type":"LineString","coordinates":[[-73.96841,40.750751],[-73.968566,40.750812],[-73.968825,40.750921],[-73.969084,40.75103],[-73.969344,40.751139],[-73.969603,40.751247],[-73.969862,40.751356],[-73.969867,40.751358],[-73.970127,40.751466],[-73.970387,40.751574],[-73.970647,40.751682],[-73.97067,40.751692],[-73.970692,40.751701]]},"properties":{"id":"5671192#0","name":"East 45th Street","tier":"distributor","w":3,"lanes":1,"vmax":27.8,"len":219.7}},{"type":"Feature","geometry":{"type":"LineString","coordinates":[[-73.988061,40.76471],[-73.988078,40.764687],[-73.988222,40.76449],[-73.988365,40.764293],[-73.98845,40.764176],[-73.988462,40.764159]]},"properties":{"id":"5671276#0","name":"9th Avenue","tier":"arterial","w":4,"lanes":3,"vmax":27.8,"len":69.9}},{"type":"Feature","geometry":{"type":"LineString","coordinates":[[-73.98304,40.747855],[-73.983269,40.74795],[-73.983375,40.747994]]},"properties":{"id":"5671315#0","name":"East 34th Street","tier":"arterial","w":4,"lanes":2,"vmax":11.2,"len":32.2}},{"type":"Feature","geometry":{"type":"LineString","coordinates":[[-73.98635,40.745893],[-73.98628,40.745864],[-73.98602,40.745755],[-73.985761,40.745646],[-73.985502,40.745537],[-73.985243,40.745428],[-73.984984,40.745319],[-73.984897,40.745283],[-73.984891,40.74528]]},"properties":{"id":"5671317#0","name":"East 30th Street","tier":"local","w":2,"lanes":2,"vmax":11.2,"len":140.7}},{"type":"Feature","geometry":{"type":"LineString","coordinates":[[-73.998672,40.759308],[-73.998637,40.759294],[-73.99859,40.759275],[-73.99833,40.759167],[-73.998069,40.75906],[-73.997809,40.758952],[-73.997799,40.758948],[-73.997659,40.758883]]},"properties":{"id":"5671425#2","name":"West 40th Street","tier":"arterial","w":4,"lanes":2,"vmax":11.2,"len":97.7}},{"type":"Feature","geometry":{"type":"LineString","coordinates":[[-73.972904,40.764225],[-73.972902,40.764224],[-73.972643,40.764113],[-73.972385,40.764003],[-73.972127,40.763893],[-73.972116,40.763888],[-73.971857,40.763778],[-73.971599,40.763668],[-73.97153,40.763639]]},"properties":{"id":"5671574#0","name":"East 59th Street","tier":"distributor","w":3,"lanes":3,"vmax":11.2,"len":132.9}},{"type":"Feature","geometry":{"type":"LineString","coordinates":[[-74.002079,40.76073],[-74.001957,40.76068],[-74.001764,40.760599],[-74.001505,40.76049],[-74.001246,40.760381],[-74.000987,40.760272],[-74.000727,40.760163],[-74.000468,40.760055],[-74.000209,40.759946],[-73.999949,40.759837],[-73.99969,40.759728],[-73.999587,40.759685],[-73.999398,40.759605],[-73.999371,40.759593]]},"properties":{"id":"5671654#0","name":"West 40th Street","tier":"arterial","w":4,"lanes":2,"vmax":11.2,"len":261.1}},{"type":"Feature","geometry":{"type":"LineString","coordinates":[[-73.97595,40.760449],[-73.976206,40.760559],[-73.976464,40.76067],[-73.976722,40.76078],[-73.97686,40.760839],[-73.977119,40.760949],[-73.977257,40.761009],[-73.977515,40.761119],[-73.977653,40.761179],[-73.977713,40.761204],[-73.977971,40.761315],[-73.978075,40.761359],[-73.978228,40.761423],[-73.978485,40.761535],[-73.978625,40.761596],[-73.97867,40.761616],[-73.978927,40.761717],[-73.97895,40.761726]]},"properties":{"id":"5671709#0","name":"West 53rd Street","tier":"distributor","w":3,"lanes":2,"vmax":27.8,"len":290.2}},{"type":"Feature","geometry":{"type":"LineString","coordinates":[[-74.001033,40.757055],[-74.000907,40.757001],[-74.000647,40.756894],[-74.000386,40.756787],[-74.000126,40.75668],[-74.000029,40.75664],[-73.999984,40.756621]]},"properties":{"id":"5672142#0","name":"West 36th Street","tier":"distributor","w":3,"lanes":2,"vmax":11.2,"len":100.8}},{"type":"Feature","geometry":{"type":"LineString","coordinates":[[-73.99986,40.756569],[-73.999662,40.756487],[-73.999525,40.75643]]},"properties":{"id":"5672142#2","name":"West 36th Street","tier":"distributor","w":3,"lanes":2,"vmax":11.2,"len":32.3}},{"type":"Feature","geometry":{"type":"LineString","coordinates":[[-73.999414,40.756384],[-73.999405,40.75638],[-73.999146,40.75627],[-73.998887,40.756161],[-73.998629,40.756051],[-73.99837,40.755941],[-73.998365,40.755939]]},"properties":{"id":"5672142#3","name":"West 36th Street","tier":"distributor","w":3,"lanes":2,"vmax":11.2,"len":101.4}},{"type":"Feature","geometry":{"type":"LineString","coordinates":[[-73.972658,40.764969],[-73.972669,40.764975],[-73.972873,40.765072],[-73.972911,40.765087],[-73.97296,40.765101],[-73.972985,40.765105]]},"properties":{"id":"5672290#0","name":"East 60th Street","tier":"distributor","w":3,"lanes":2,"vmax":11.2,"len":31.6}},{"type":"Feature","geometry":{"type":"LineString","coordinates":[[-73.974259,40.745829],[-73.974239,40.745836],[-73.974207,40.745841],[-73.974164,40.745842],[-73.974113,40.745839],[-73.974062,40.745832],[-73.974014,40.745822],[-73.973954,40.745805],[-73.973932,40.745798]]},"properties":{"id":"5672478","name":"","tier":"arterial","w":3,"lanes":1,"vmax":22.2,"len":28.5}},{"type":"Feature","geometry":{"type":"LineString","coordinates":[[-73.999336,40.752277],[-73.999197,40.752471],[-73.999055,40.752668],[-73.998912,40.752866],[-73.99877,40.753063],[-73.998628,40.753261],[-73.998546,40.753375],[-73.998451,40.753553],[-73.998371,40.753756],[-73.998316,40.753881],[-73.998262,40.753996],[-73.998179,40.754152],[-73.99811,40.754261],[-73.99804,40.754355],[-73.997961,40.754447],[-73.997926,40.754484]]},"properties":{"id":"5672730#0","name":"Lincoln Tunnel Expressway","tier":"arterial","w":5,"lanes":2,"vmax":39.4,"len":273.4}},{"type":"Feature","geometry":{"type":"LineString","coordinates":[[-73.980114,40.765588],[-73.980129,40.765594],[-73.980296,40.765665],[-73.98046,40.765734],[-73.980719,40.765844],[-73.980858,40.765903],[-73.981117,40.766013],[-73.981376,40.766122],[-73.981635,40.766232],[-73.98171,40.766263],[-73.981769,40.766286]]},"properties":{"id":"5672752#0","name":"West 57th Street","tier":"arterial","w":4,"lanes":2,"vmax":27.8,"len":159.8}},{"type":"Feature","geometry":{"type":"LineString","coordinates":[[-73.970213,40.768],[-73.970172,40.767983],[-73.969909,40.767879],[-73.96971,40.7678]]},"properties":{"id":"5672760#0","name":"East 65th Street","tier":"distributor","w":3,"lanes":3,"vmax":11.2,"len":47.9}},{"type":"Feature","geometry":{"type":"LineString","coordinates":[[-73.975294,40.761006],[-73.975269,40.760995],[-73.975009,40.760887],[-73.97475,40.760779],[-73.97449,40.760671],[-73.97423,40.760562],[-73.97397,40.760454],[-73.973895,40.760423]]},"properties":{"id":"5672954#0","name":"East 54th Street","tier":"distributor","w":3,"lanes":2,"vmax":27.8,"len":134.6}},{"type":"Feature","geometry":{"type":"LineString","coordinates":[[-73.988532,40.743002],[-73.988616,40.742892],[-73.988662,40.742832]]},"properties":{"id":"5672965#0","name":"5th Avenue","tier":"distributor","w":3,"lanes":3,"vmax":11.2,"len":21.8}},{"type":"Feature","geometry":{"type":"LineString","coordinates":[[-73.983493,40.749675],[-73.983244,40.74957],[-73.982985,40.749461],[-73.982726,40.749352],[-73.982467,40.749242],[-73.982208,40.749133],[-73.98213,40.7491]]},"properties":{"id":"5673231#0","name":"East 36th Street","tier":"distributor","w":3,"lanes":2,"vmax":11.2,"len":131.6}},{"type":"Feature","geometry":{"type":"LineString","coordinates":[[-73.981716,40.746447],[-73.981573,40.746642],[-73.981429,40.746839],[-73.98137,40.74692],[-73.981342,40.746955]]},"properties":{"id":"5673380#0","name":"Park Avenue","tier":"arterial","w":4,"lanes":2,"vmax":11.2,"len":64.6}},{"type":"Feature","geometry":{"type":"LineString","coordinates":[[-73.977099,40.758499],[-73.97708,40.758491],[-73.976909,40.758421],[-73.976651,40.758311],[-73.976392,40.758201],[-73.976134,40.758091],[-73.975875,40.757981],[-73.975701,40.757907],[-73.9757,40.757906]]},"properties":{"id":"5673497#0","name":"East 50th Street","tier":"distributor","w":3,"lanes":2,"vmax":27.8,"len":135.2}},{"type":"Feature","geometry":{"type":"LineString","coordinates":[[-73.969193,40.760848],[-73.969202,40.760836],[-73.969344,40.760639],[-73.969487,40.760442],[-73.969583,40.760309],[-73.969592,40.760297]]},"properties":{"id":"569345502#0","name":"Lexington Avenue","tier":"distributor","w":3,"lanes":4,"vmax":11.2,"len":69.8}},{"type":"Feature","geometry":{"type":"LineString","coordinates":[[-73.969656,40.760209],[-73.969664,40.760198],[-73.969807,40.760001],[-73.969951,40.759804],[-73.970018,40.759712]]},"properties":{"id":"569345502#3","name":"Lexington Avenue","tier":"distributor","w":3,"lanes":4,"vmax":11.2,"len":63.1}},{"type":"Feature","geometry":{"type":"LineString","coordinates":[[-73.973656,40.757797],[-73.973659,40.757793],[-73.973802,40.757596],[-73.973945,40.757399],[-73.973998,40.757326],[-73.974034,40.757277]]},"properties":{"id":"569345515#0","name":"Park Avenue","tier":"arterial","w":4,"lanes":4,"vmax":11.2,"len":65.9}},{"type":"Feature","geometry":{"type":"LineString","coordinates":[[-73.97412,40.757162],[-73.974257,40.756974],[-73.9744,40.756776],[-73.974457,40.756698],[-73.974487,40.756656]]},"properties":{"id":"569345515#4","name":"Park Avenue","tier":"arterial","w":4,"lanes":4,"vmax":11.2,"len":64.2}},{"type":"Feature","geometry":{"type":"LineString","coordinates":[[-73.97457,40.756542],[-73.974712,40.756349],[-73.974856,40.756152],[-73.974933,40.756046],[-73.974948,40.756027],[-73.974951,40.756022]]},"properties":{"id":"569345515#8","name":"Park Avenue","tier":"arterial","w":4,"lanes":4,"vmax":11.2,"len":66.1}},{"type":"Feature","geometry":{"type":"LineString","coordinates":[[-73.979922,40.760584],[-73.979919,40.760588],[-73.979874,40.76065],[-73.979731,40.760847],[-73.979587,40.761045],[-73.979557,40.761086],[-73.97954,40.76111]]},"properties":{"id":"569345537#0","name":"6th Avenue","tier":"distributor","w":3,"lanes":4,"vmax":27.8,"len":66.7}},{"type":"Feature","geometry":{"type":"LineString","coordinates":[[-73.979481,40.76119],[-73.979468,40.761208],[-73.979325,40.761405],[-73.979304,40.761434],[-73.979161,40.761631],[-73.9791,40.761715]]},"properties":{"id":"569345537#3","name":"6th Avenue","tier":"distributor","w":3,"lanes":4,"vmax":27.8,"len":66.5}},{"type":"Feature","geometry":{"type":"LineString","coordinates":[[-73.979017,40.761828],[-73.979009,40.76184],[-73.978866,40.762037],[-73.978722,40.762234],[-73.978657,40.762323]]},"properties":{"id":"569345537#6","name":"6th Avenue","tier":"distributor","w":3,"lanes":4,"vmax":27.8,"len":62.7}},{"type":"Feature","geometry":{"type":"LineString","coordinates":[[-73.978549,40.762472],[-73.978412,40.76266],[-73.978268,40.762857],[-73.978262,40.762866],[-73.978187,40.762968]]},"properties":{"id":"569345537#9","name":"6th Avenue","tier":"distributor","w":3,"lanes":4,"vmax":27.8,"len":63.0}},{"type":"Feature","geometry":{"type":"LineString","coordinates":[[-73.983296,40.761041],[-73.983298,40.761038],[-73.98344,40.76084],[-73.983473,40.760795],[-73.983617,40.760599],[-73.983664,40.760535]]},"properties":{"id":"569345540#0","name":"7th Avenue","tier":"distributor","w":3,"lanes":3,"vmax":11.2,"len":64.2}},{"type":"Feature","geometry":{"type":"LineString","coordinates":[[-73.983763,40.760397],[-73.9839,40.760214],[-73.984047,40.760019],[-73.984128,40.759911]]},"properties":{"id":"569345540#3","name":"7th Avenue","tier":"distributor","w":3,"lanes":3,"vmax":11.2,"len":62.1}},{"type":"Feature","geometry":{"type":"LineString","coordinates":[[-73.986514,40.756644],[-73.986656,40.756449],[-73.986799,40.756252],[-73.986885,40.756133],[-73.986894,40.756121]]},"properties":{"id":"569345544#0","name":"7th Avenue","tier":"distributor","w":3,"lanes":4,"vmax":11.2,"len":66.3}},{"type":"Feature","geometry":{"type":"LineString","coordinates":[[-73.98772,40.755001],[-73.987839,40.754834],[-73.987844,40.754826]]},"properties":{"id":"569345545#0","name":"7th Avenue","tier":"distributor","w":3,"lanes":4,"vmax":11.2,"len":22.0}},{"type":"Feature","geometry":{"type":"LineString","coordinates":[[-73.979835,40.746477],[-73.979886,40.746498],[-73.980145,40.746607],[-73.980404,40.746717],[-73.980663,40.746825],[-73.980809,40.746887]]},"properties":{"id":"571651963#0","name":"East 34th Street","tier":"arterial","w":4,"lanes":2,"vmax":11.2,"len":94.0}},{"type":"Feature","geometry":{"type":"LineString","coordinates":[[-73.971128,40.760953],[-73.97112,40.760964],[-73.970976,40.761161],[-73.970832,40.761358],[-73.970765,40.76145],[-73.970743,40.76148],[-73.970731,40.761496]]},"properties":{"id":"573228989#0","name":"Park Avenue","tier":"arterial","w":4,"lanes":3,"vmax":11.2,"len":68.9}},{"type":"Feature","geometry":{"type":"LineString","coordinates":[[-73.981935,40.746416],[-73.981946,40.746395],[-73.982079,40.746194],[-73.982181,40.746037],[-73.982244,40.745944],[-73.982274,40.745902],[-73.98228,40.745896]]},"properties":{"id":"573476359#0","name":"Park Avenue","tier":"arterial","w":4,"lanes":2,"vmax":11.2,"len":64.7}},{"type":"Feature","geometry":{"type":"LineString","coordinates":[[-73.975829,40.753678],[-73.975826,40.753682],[-73.975822,40.753688],[-73.975817,40.753697],[-73.975814,40.753705],[-73.975811,40.753713],[-73.975809,40.753719],[-73.975806,40.753732],[-73.975803,40.753742],[-73.975798,40.753771],[-73.975796,40.753795],[-73.975796,40.753811],[-73.975798,40.753841],[-73.9758,40.753868],[-73.975815,40.75396],[-73.97582,40.75398],[-73.975832,40.754004],[-73.975845,40.75402],[-73.975866,40.754038],[-73.975897,40.754056],[-73.975962,40.754083],[-73.975984,40.754095],[-73.976,40.75411],[-73.976008,40.754122],[-73.976013,40.754141],[-73.976009,40.754159],[-73.975997,40.75418],[-73.975855,40.754378],[-73.975759,40.754514],[-73.975744,40.754535],[-73.975728,40.754558],[-73.97572,40.754574]]},"properties":{"id":"575746067","name":"Park Avenue","tier":"arterial","w":4,"lanes":2,"vmax":11.2,"len":113.7}},{"type":"Feature","geometry":{"type":"LineString","coordinates":[[-73.989869,40.767137],[-73.989852,40.76713],[-73.989593,40.767021],[-73.989333,40.766913],[-73.989074,40.766804],[-73.988814,40.766695],[-73.988555,40.766587],[-73.988295,40.766478],[-73.988036,40.76637],[-73.987776,40.766261],[-73.987517,40.766152],[-73.987268,40.766048],[-73.987225,40.76603]]},"properties":{"id":"584971503#0","name":"West 54th Street","tier":"distributor","w":3,"lanes":1,"vmax":27.8,"len":254.8}},{"type":"Feature","geometry":{"type":"LineString","coordinates":[[-73.987246,40.750505],[-73.98724,40.750513],[-73.987096,40.75071],[-73.987032,40.750797],[-73.986887,40.750993],[-73.986874,40.751011]]},"properties":{"id":"587038081#0","name":"6th Avenue","tier":"distributor","w":3,"lanes":3,"vmax":11.2,"len":64.3}},{"type":"Feature","geometry":{"type":"LineString","coordinates":[[-73.977672,40.745557],[-73.977891,40.745647],[-73.977914,40.745657],[-73.977979,40.745684],[-73.977989,40.745688]]},"properties":{"id":"587038129#0","name":"East 34th Street","tier":"arterial","w":4,"lanes":3,"vmax":11.2,"len":30.5}},{"type":"Feature","geometry":{"type":"LineString","coordinates":[[-73.987786,40.74401],[-73.98779,40.744005],[-73.987934,40.743808],[-73.987952,40.743782],[-73.988096,40.743585],[-73.988114,40.743561],[-73.988151,40.743509],[-73.988155,40.743504]]},"properties":{"id":"587061854#0","name":"5th Avenue","tier":"distributor","w":3,"lanes":4,"vmax":11.2,"len":64.2}},{"type":"Feature","geometry":{"type":"LineString","coordinates":[[-73.982847,40.761672],[-73.982857,40.761658],[-73.982998,40.76146],[-73.983139,40.761262],[-73.983214,40.761156],[-73.983215,40.761154]]},"properties":{"id":"588157337#0","name":"7th Avenue","tier":"distributor","w":3,"lanes":3,"vmax":11.2,"len":65.3}},{"type":"Feature","geometry":{"type":"LineString","coordinates":[[-73.98554,40.747082],[-73.985675,40.746899],[-73.985819,40.746702],[-73.985901,40.746589],[-73.985911,40.746576]]},"properties":{"id":"588168464#0","name":"5th Avenue","tier":"distributor","w":3,"lanes":3,"vmax":11.2,"len":64.4}},{"type":"Feature","geometry":{"type":"LineString","coordinates":[[-73.999574,40.753992],[-73.999437,40.75418],[-73.99936,40.754286],[-73.999219,40.754484],[-73.999212,40.754494]]},"properties":{"id":"589494595#0","name":"10th Avenue","tier":"arterial","w":4,"lanes":4,"vmax":11.2,"len":63.5}},{"type":"Feature","geometry":{"type":"LineString","coordinates":[[-73.99902,40.754487],[-73.998781,40.754386],[-73.998548,40.754287]]},"properties":{"id":"589494596#0","name":"West 34th Street","tier":"arterial","w":4,"lanes":2,"vmax":11.2,"len":45.6}},{"type":"Feature","geometry":{"type":"LineString","coordinates":[[-73.995937,40.755216],[-73.995883,40.755252],[-73.995793,40.755318],[-73.995716,40.755383],[-73.995647,40.755446],[-73.99546,40.755621],[-73.995274,40.755796],[-73.995245,40.755824]]},"properties":{"id":"589494600","name":"Lincoln Tunnel Expressway","tier":"arterial","w":5,"lanes":1,"vmax":11.2,"len":89.4}},{"type":"Feature","geometry":{"type":"LineString","coordinates":[[-73.99392,40.751554],[-73.993906,40.751573],[-73.993763,40.75177],[-73.993706,40.751848]]},"properties":{"id":"600848485#0","name":"8th Avenue","tier":"distributor","w":3,"lanes":3,"vmax":11.2,"len":37.3}},{"type":"Feature","geometry":{"type":"LineString","coordinates":[[-73.990824,40.765979],[-73.990816,40.765991],[-73.990674,40.766189],[-73.990549,40.766364]]},"properties":{"id":"601733867#0","name":"10th Avenue","tier":"arterial","w":4,"lanes":3,"vmax":11.2,"len":48.6}},{"type":"Feature","geometry":{"type":"LineString","coordinates":[[-74.009981,40.762456],[-74.009722,40.762347],[-74.009463,40.762238],[-74.009203,40.762129],[-74.008944,40.76202],[-74.008685,40.761911],[-74.008426,40.761802],[-74.008167,40.761693],[-74.007908,40.761584],[-74.007648,40.761475],[-74.007389,40.761367],[-74.00713,40.761258],[-74.006871,40.761148],[-74.006612,40.761039],[-74.006353,40.760931],[-74.006093,40.760822],[-74.005834,40.760713],[-74.005575,40.760604],[-74.005316,40.760495],[-74.005057,40.760386],[-74.004798,40.760277],[-74.004538,40.760168],[-74.004279,40.760059],[-74.00402,40.75995],[-74.003761,40.759841],[-74.003502,40.759732],[-74.003242,40.759623],[-74.002983,40.759514],[-74.002724,40.759405],[-74.002465,40.759296],[-74.002206,40.759187],[-74.001947,40.759078],[-74.001687,40.758969],[-74.001428,40.75886],[-74.001169,40.758751],[-74.00091,40.758642],[-74.000651,40.758533],[-74.000392,40.758424],[-74.000133,40.758315],[-73.999873,40.758206],[-73.999614,40.758097],[-73.999355,40.757988],[-73.999096,40.757879],[-73.998837,40.75777],[-73.998577,40.757661],[-73.998318,40.757552],[-73.998059,40.757443],[-73.9978,40.757334],[-73.997717,40.757299],[-73.997565,40.757242],[-73.997408,40.757191],[-73.997234,40.757148],[-73.997125,40.757129]]},"properties":{"id":"60325668","name":"Lincoln Tunnel","tier":"arterial","w":5,"lanes":2,"vmax":15.7,"len":1236.6}},{"type":"Feature","geometry":{"type":"LineString","coordinates":[[-73.976125,40.751345],[-73.976266,40.751155],[-73.976411,40.750959],[-73.976467,40.750883],[-73.976488,40.750855]]},"properties":{"id":"630828556#0","name":"Lexington Avenue","tier":"distributor","w":3,"lanes":4,"vmax":11.2,"len":62.4}},{"type":"Feature","geometry":{"type":"LineString","coordinates":[[-73.997512,40.746622],[-73.9975,40.746639],[-73.997356,40.746836],[-73.997213,40.747033],[-73.997136,40.747138],[-73.997114,40.747168]]},"properties":{"id":"630828583#0","name":"8th Avenue","tier":"distributor","w":3,"lanes":4,"vmax":11.2,"len":69.3}},{"type":"Feature","geometry":{"type":"LineString","coordinates":[[-73.992746,40.742973],[-73.992726,40.742999],[-73.992583,40.743196],[-73.992439,40.743393],[-73.992354,40.74351],[-73.992345,40.743522]]},"properties":{"id":"630828586#0","name":"6th Avenue","tier":"distributor","w":3,"lanes":4,"vmax":11.2,"len":69.7}},{"type":"Feature","geometry":{"type":"LineString","coordinates":[[-73.992281,40.743612],[-73.992261,40.74364],[-73.992118,40.743837],[-73.991981,40.744025]]},"properties":{"id":"630828586#1","name":"6th Avenue","tier":"distributor","w":3,"lanes":4,"vmax":11.2,"len":52.5}},{"type":"Feature","geometry":{"type":"LineString","coordinates":[[-73.974076,40.746325],[-73.974325,40.746407],[-73.97443,40.74647]]},"properties":{"id":"640327290","name":"","tier":"arterial","w":3,"lanes":1,"vmax":22.2,"len":34.2}},{"type":"Feature","geometry":{"type":"LineString","coordinates":[[-73.970585,40.747983],[-73.970497,40.748144]]},"properties":{"id":"654561413","name":"1st Avenue","tier":"arterial","w":4,"lanes":1,"vmax":27.8,"len":19.3}},{"type":"Feature","geometry":{"type":"LineString","coordinates":[[-73.975727,40.74687],[-73.975765,40.746874],[-73.975827,40.746875],[-73.975882,40.746871],[-73.975941,40.746863],[-73.976003,40.746846],[-73.976059,40.746829],[-73.976105,40.746812],[-73.97616,40.746785],[-73.976202,40.74676],[-73.976254,40.746723],[-73.976292,40.746684],[-73.976341,40.746631],[-73.976384,40.746579],[-73.976529,40.746383],[-73.976674,40.746186],[-73.976701,40.74615],[-73.976733,40.746107]]},"properties":{"id":"658488325","name":"","tier":"arterial","w":3,"lanes":3,"vmax":22.2,"len":128.8}},{"type":"Feature","geometry":{"type":"LineString","coordinates":[[-73.973846,40.745767],[-73.973763,40.745737],[-73.97348,40.745671],[-73.973466,40.745623]]},"properties":{"id":"658498537","name":"","tier":"arterial","w":3,"lanes":2,"vmax":22.2,"len":38.3}},{"type":"Feature","geometry":{"type":"LineString","coordinates":[[-73.973164,40.745614],[-73.973122,40.74561],[-73.973041,40.745603],[-73.972981,40.745602],[-73.972925,40.745602],[-73.972868,40.745605],[-73.972793,40.745607],[-73.972744,40.745612],[-73.972676,40.745618],[-73.972613,40.745631],[-73.97255,40.745644],[-73.972469,40.745668]]},"properties":{"id":"658498543#1","name":"","tier":"arterial","w":5,"lanes":2,"vmax":39.4,"len":59.8}},{"type":"Feature","geometry":{"type":"LineString","coordinates":[[-73.973648,40.74613],[-73.973863,40.746225],[-73.973878,40.746231],[-73.974043,40.746312]]},"properties":{"id":"658499784","name":"","tier":"arterial","w":5,"lanes":2,"vmax":39.4,"len":39.0}},{"type":"Feature","geometry":{"type":"LineString","coordinates":[[-73.974462,40.746469],[-73.974712,40.746574],[-73.974777,40.746601],[-73.975037,40.746709],[-73.975297,40.746817],[-73.975392,40.746857],[-73.975565,40.746933],[-73.97579,40.747031],[-73.975827,40.747051],[-73.975844,40.747062]]},"properties":{"id":"658499799","name":"","tier":"arterial","w":3,"lanes":2,"vmax":22.2,"len":134.0}},{"type":"Feature","geometry":{"type":"LineString","coordinates":[[-73.970947,40.745158],[-73.971068,40.744995],[-73.971214,40.744799],[-73.971216,40.744795],[-73.971239,40.744741],[-73.971258,40.744685],[-73.97126,40.744628],[-73.971251,40.744585]]},"properties":{"id":"659714534","name":"FDR Drive","tier":"arterial","w":4,"lanes":2,"vmax":27.8,"len":70.2}},{"type":"Feature","geometry":{"type":"LineString","coordinates":[[-73.982958,40.766591],[-73.982935,40.766623],[-73.982928,40.766631]]},"properties":{"id":"663543997#0","name":"8th Avenue","tier":"distributor","w":3,"lanes":5,"vmax":27.8,"len":5.1}},{"type":"Feature","geometry":{"type":"LineString","coordinates":[[-73.973776,40.746034],[-73.973765,40.746009],[-73.973747,40.745981],[-73.973727,40.745948],[-73.973703,40.745916],[-73.973679,40.745887],[-73.973647,40.745858],[-73.973602,40.745823],[-73.97356,40.745798],[-73.973509,40.745769],[-73.973412,40.745713],[-73.973201,40.745637]]},"properties":{"id":"664660189","name":"","tier":"arterial","w":3,"lanes":1,"vmax":22.2,"len":67.8}},{"type":"Feature","geometry":{"type":"LineString","coordinates":[[-73.970405,40.76226],[-73.970542,40.762071],[-73.970686,40.761874],[-73.970747,40.761791],[-73.970774,40.761754],[-73.970788,40.761735]]},"properties":{"id":"671208357#0","name":"Park Avenue","tier":"arterial","w":4,"lanes":3,"vmax":11.2,"len":66.6}},{"type":"Feature","geometry":{"type":"LineString","coordinates":[[-73.997089,40.76619],[-73.996995,40.766319],[-73.996851,40.766516],[-73.996759,40.766641],[-73.996739,40.766669],[-73.996732,40.766678]]},"properties":{"id":"681042531#0","name":"12th Avenue","tier":"arterial","w":5,"lanes":4,"vmax":13.4,"len":62.0}},{"type":"Feature","geometry":{"type":"LineString","coordinates":[[-73.996463,40.767416],[-73.996575,40.767263],[-73.996587,40.767246]]},"properties":{"id":"682359027","name":"12th Avenue","tier":"arterial","w":5,"lanes":4,"vmax":13.4,"len":21.6}},{"type":"Feature","geometry":{"type":"LineString","coordinates":[[-73.99663,40.766817],[-73.996537,40.766944],[-73.996393,40.767141],[-73.996356,40.767191]]},"properties":{"id":"682359029","name":"12th Avenue","tier":"arterial","w":5,"lanes":4,"vmax":13.4,"len":47.6}},{"type":"Feature","geometry":{"type":"LineString","coordinates":[[-73.985571,40.757924],[-73.985594,40.757894],[-73.985743,40.7577],[-73.985893,40.757505],[-73.985957,40.757421],[-73.985979,40.757394]]},"properties":{"id":"682360554#0","name":"7th Avenue","tier":"distributor","w":3,"lanes":4,"vmax":11.2,"len":68.2}},{"type":"Feature","geometry":{"type":"LineString","coordinates":[[-73.998623,40.75351],[-73.998624,40.753473],[-73.998647,40.753404],[-73.998787,40.753205],[-73.998926,40.753007],[-73.999066,40.752808],[-73.999206,40.75261],[-73.999346,40.752411],[-73.999414,40.752314],[-73.999419,40.752308],[-73.99942,40.752307]]},"properties":{"id":"68325075","name":"Lincoln Tunnel Expressway","tier":"arterial","w":5,"lanes":2,"vmax":39.4,"len":150.3}},{"type":"Feature","geometry":{"type":"LineString","coordinates":[[-73.998271,40.754377],[-73.998402,40.754194],[-73.998456,40.754118],[-73.998498,40.754054],[-73.998542,40.753977],[-73.998587,40.753874],[-73.998614,40.7538],[-73.998631,40.753729],[-73.99864,40.753681],[-73.998644,40.753643],[-73.998644,40.753592],[-73.998644,40.753582]]},"properties":{"id":"68325075-AddedOnRampEdge","name":"Lincoln Tunnel Expressway","tier":"arterial","w":5,"lanes":3,"vmax":39.4,"len":95.0}},{"type":"Feature","geometry":{"type":"LineString","coordinates":[[-73.989119,40.747938],[-73.989111,40.747949],[-73.989,40.7481],[-73.988851,40.748294],[-73.988728,40.748454],[-73.988719,40.748467]]},"properties":{"id":"68668519#0","name":"6th Avenue","tier":"distributor","w":3,"lanes":4,"vmax":11.2,"len":67.8}},{"type":"Feature","geometry":{"type":"LineString","coordinates":[[-73.972822,40.743529],[-73.97304,40.743621],[-73.973125,40.743657],[-73.97335,40.743752],[-73.973361,40.743757]]},"properties":{"id":"68668529#0","name":"East 34th Street","tier":"arterial","w":4,"lanes":3,"vmax":11.2,"len":52.0}},{"type":"Feature","geometry":{"type":"LineString","coordinates":[[-73.995972,40.768092],[-73.996031,40.768013],[-73.996174,40.767815],[-73.996273,40.767678]]},"properties":{"id":"68668536#0","name":"12th Avenue","tier":"arterial","w":5,"lanes":4,"vmax":13.4,"len":52.5}},{"type":"Feature","geometry":{"type":"LineString","coordinates":[[-73.988231,40.743401],[-73.988237,40.743393],[-73.988459,40.743096]]},"properties":{"id":"68668552#0","name":"5th Avenue","tier":"distributor","w":3,"lanes":4,"vmax":11.2,"len":38.9}},{"type":"Feature","geometry":{"type":"LineString","coordinates":[[-73.992037,40.749056],[-73.992047,40.749042],[-73.99219,40.748845],[-73.992333,40.748648],[-73.99241,40.748542],[-73.992428,40.748518]]},"properties":{"id":"68668556#0","name":"7th Avenue","tier":"distributor","w":3,"lanes":1,"vmax":11.2,"len":68.3}},{"type":"Feature","geometry":{"type":"LineString","coordinates":[[-73.980716,40.747784],[-73.980581,40.747972],[-73.980438,40.748169],[-73.980388,40.748239],[-73.980362,40.748276],[-73.980359,40.748279]]},"properties":{"id":"68674961#0","name":"Park Avenue","tier":"arterial","w":4,"lanes":3,"vmax":11.2,"len":62.6}},{"type":"Feature","geometry":{"type":"LineString","coordinates":[[-73.980277,40.748393],[-73.980135,40.748587],[-73.979992,40.748784],[-73.979939,40.748856],[-73.979917,40.748886]]},"properties":{"id":"68674961#4","name":"Park Avenue","tier":"arterial","w":4,"lanes":3,"vmax":11.2,"len":62.6}},{"type":"Feature","geometry":{"type":"LineString","coordinates":[[-73.981522,40.747029],[-73.981659,40.746839],[-73.981801,40.746642],[-73.981872,40.746542],[-73.981886,40.746514]]},"properties":{"id":"68674965#0","name":"Park Avenue","tier":"arterial","w":4,"lanes":3,"vmax":11.2,"len":65.0}},{"type":"Feature","geometry":{"type":"LineString","coordinates":[[-73.979196,40.750206],[-73.979334,40.750016],[-73.979476,40.749818],[-73.979525,40.74975],[-73.979557,40.749707],[-73.979559,40.749704]]},"properties":{"id":"68674968#0","name":"Park Avenue","tier":"arterial","w":4,"lanes":2,"vmax":11.2,"len":63.6}},{"type":"Feature","geometry":{"type":"LineString","coordinates":[[-73.979652,40.749576],[-73.979787,40.749392],[-73.979931,40.749196],[-73.979978,40.749131],[-73.98,40.749101]]},"properties":{"id":"68674968#4","name":"Park Avenue","tier":"arterial","w":4,"lanes":2,"vmax":11.2,"len":60.4}},{"type":"Feature","geometry":{"type":"LineString","coordinates":[[-73.972441,40.741951],[-73.972446,40.742006],[-73.972445,40.742057],[-73.972438,40.742138],[-73.972389,40.74236],[-73.972355,40.742494],[-73.972315,40.742624],[-73.972254,40.742786],[-73.972202,40.742906]]},"properties":{"id":"711924577","name":"FDR Drive","tier":"arterial","w":4,"lanes":2,"vmax":11.2,"len":108.5}},{"type":"Feature","geometry":{"type":"LineString","coordinates":[[-73.975891,40.753892],[-73.976,40.753939],[-73.976258,40.754049],[-73.976263,40.754051],[-73.976522,40.75416],[-73.976781,40.754269],[-73.9769,40.754319]]},"properties":{"id":"727702632#0","name":"East 45th Street","tier":"distributor","w":3,"lanes":2,"vmax":11.2,"len":97.5}},{"type":"Feature","geometry":{"type":"LineString","coordinates":[[-73.975763,40.75384],[-73.975888,40.753891]]},"properties":{"id":"727702633","name":"East 45th Street","tier":"distributor","w":3,"lanes":2,"vmax":27.8,"len":12.0}},{"type":"Feature","geometry":{"type":"LineString","coordinates":[[-73.976266,40.748309],[-73.976265,40.748311],[-73.976252,40.748329],[-73.976108,40.748526],[-73.975964,40.748723],[-73.975918,40.748785],[-73.975897,40.748814],[-73.975887,40.748827]]},"properties":{"id":"729972918#3","name":"3rd Avenue","tier":"arterial","w":4,"lanes":4,"vmax":11.2,"len":65.8}},{"type":"Feature","geometry":{"type":"LineString","coordinates":[[-73.996325,40.755086],[-73.996075,40.75498],[-73.995816,40.754871],[-73.995736,40.754838],[-73.995512,40.754742]]},"properties":{"id":"733667933#0","name":"West 36th Street","tier":"distributor","w":3,"lanes":2,"vmax":11.2,"len":78.6}},{"type":"Feature","geometry":{"type":"LineString","coordinates":[[-73.99528,40.754641],[-73.995234,40.754621],[-73.994977,40.75451],[-73.994719,40.754399],[-73.994646,40.754367],[-73.994439,40.75428],[-73.99418,40.754172],[-73.993921,40.754063],[-73.993661,40.753954],[-73.993402,40.753845],[-73.993143,40.753737],[-73.992914,40.753641]]},"properties":{"id":"733667933#3","name":"West 36th Street","tier":"distributor","w":3,"lanes":2,"vmax":11.2,"len":228.6}},{"type":"Feature","geometry":{"type":"LineString","coordinates":[[-73.972104,40.74974],[-73.972092,40.749734],[-73.972036,40.74971],[-73.971885,40.749645]]},"properties":{"id":"747908052#0","name":"East 42nd Street","tier":"arterial","w":4,"lanes":2,"vmax":11.2,"len":21.3}},{"type":"Feature","geometry":{"type":"LineString","coordinates":[[-73.971792,40.749622],[-73.971575,40.74953],[-73.971316,40.749421],[-73.971057,40.749312],[-73.970798,40.749202],[-73.970554,40.749099],[-73.970295,40.748989],[-73.970072,40.748895],[-73.970034,40.748878]]},"properties":{"id":"747908053","name":"East 42nd Street","tier":"arterial","w":4,"lanes":2,"vmax":11.2,"len":169.9}},{"type":"Feature","geometry":{"type":"LineString","coordinates":[[-73.994958,40.750341],[-73.994988,40.750354],[-73.995057,40.750383]]},"properties":{"id":"767683107#0","name":"West 31st Street","tier":"local","w":2,"lanes":1,"vmax":11.2,"len":9.5}},{"type":"Feature","geometry":{"type":"LineString","coordinates":[[-73.995412,40.750531],[-73.995629,40.750623],[-73.995888,40.750733],[-73.996147,40.750842],[-73.996406,40.750951],[-73.996664,40.751061],[-73.996923,40.75117],[-73.997182,40.75128],[-73.997441,40.751389],[-73.997562,40.75144],[-73.99766,40.751481]]},"properties":{"id":"767683108#0","name":"West 31st Street","tier":"local","w":2,"lanes":2,"vmax":11.2,"len":217.2}},{"type":"Feature","geometry":{"type":"LineString","coordinates":[[-73.99514,40.750417],[-73.99526,40.750468],[-73.995329,40.750497]]},"properties":{"id":"767683109","name":"West 31st Street","tier":"local","w":2,"lanes":3,"vmax":11.2,"len":18.2}},{"type":"Feature","geometry":{"type":"LineString","coordinates":[[-73.995199,40.749622],[-73.995174,40.749611],[-73.994915,40.749501],[-73.994657,40.749391],[-73.994398,40.749281],[-73.99414,40.749171],[-73.993881,40.749062],[-73.993715,40.748991],[-73.993457,40.748881],[-73.993407,40.74886],[-73.993148,40.74875],[-73.993116,40.748736]]},"properties":{"id":"767683113#0","name":"West 30th Street","tier":"local","w":2,"lanes":2,"vmax":11.2,"len":201.5}},{"type":"Feature","geometry":{"type":"LineString","coordinates":[[-73.994807,40.750336],[-73.994786,40.750366],[-73.994642,40.750562],[-73.994498,40.750759],[-73.994476,40.75079],[-73.994433,40.750848]]},"properties":{"id":"767683114#0","name":"8th Avenue","tier":"distributor","w":3,"lanes":3,"vmax":11.2,"len":65.0}},{"type":"Feature","geometry":{"type":"LineString","coordinates":[[-74.000447,40.752794],[-74.000304,40.752991],[-74.000161,40.753188],[-74.000018,40.753385],[-73.999874,40.753582],[-73.999826,40.753649],[-73.999681,40.753846],[-73.999667,40.753865],[-73.999662,40.753871]]},"properties":{"id":"767990686#0","name":"10th Avenue","tier":"arterial","w":4,"lanes":3,"vmax":11.2,"len":136.7}},{"type":"Feature","geometry":{"type":"LineString","coordinates":[[-73.978698,40.750858],[-73.9787,40.750857]]},"properties":{"id":"771759766","name":"Park Avenue","tier":"arterial","w":4,"lanes":1,"vmax":11.2,"len":0.2}},{"type":"Feature","geometry":{"type":"LineString","coordinates":[[-73.978727,40.75087],[-73.978728,40.750868]]},"properties":{"id":"771759768","name":"","tier":"arterial","w":3,"lanes":1,"vmax":11.2,"len":0.2}},{"type":"Feature","geometry":{"type":"LineString","coordinates":[[-73.978744,40.750839],[-73.978896,40.750628],[-73.979039,40.750431],[-73.979083,40.750369],[-73.979109,40.750332]]},"properties":{"id":"771759769#0","name":"Park Avenue","tier":"arterial","w":4,"lanes":2,"vmax":11.2,"len":64.2}},{"type":"Feature","geometry":{"type":"LineString","coordinates":[[-73.970949,40.747315],[-73.970903,40.747383],[-73.970834,40.747484],[-73.970816,40.74751]]},"properties":{"id":"771939270#0","name":"1st Avenue","tier":"arterial","w":4,"lanes":3,"vmax":11.2,"len":24.4}},{"type":"Feature","geometry":{"type":"LineString","coordinates":[[-73.998061,40.761221],[-73.998155,40.761104],[-73.998244,40.760995],[-73.998277,40.760955],[-73.998289,40.760939]]},"properties":{"id":"779661114#0","name":"11th Avenue","tier":"distributor","w":3,"lanes":3,"vmax":11.2,"len":36.8}},{"type":"Feature","geometry":{"type":"LineString","coordinates":[[-73.988464,40.742975],[-73.988534,40.742858]]},"properties":{"id":"788602259","name":"","tier":"distributor","w":2,"lanes":1,"vmax":22.2,"len":14.4}},{"type":"Feature","geometry":{"type":"LineString","coordinates":[[-73.989604,40.767678],[-73.989548,40.767755]]},"properties":{"id":"808190577#0","name":"10th Avenue","tier":"arterial","w":4,"lanes":4,"vmax":11.2,"len":9.8}},{"type":"Feature","geometry":{"type":"LineString","coordinates":[[-73.990509,40.76643],[-73.990455,40.766507]]},"properties":{"id":"808190579#0","name":"10th Avenue","tier":"arterial","w":4,"lanes":4,"vmax":11.2,"len":9.8}},{"type":"Feature","geometry":{"type":"LineString","coordinates":[[-73.989437,40.767895],[-73.989311,40.768071],[-73.989169,40.768268],[-73.989085,40.768386]]},"properties":{"id":"808190584#0","name":"10th Avenue","tier":"arterial","w":4,"lanes":3,"vmax":11.2,"len":62.1}},{"type":"Feature","geometry":{"type":"LineString","coordinates":[[-73.989002,40.7685],[-73.988859,40.768697],[-73.988851,40.768708]]},"properties":{"id":"808190584#3","name":"10th Avenue","tier":"arterial","w":4,"lanes":3,"vmax":11.2,"len":26.4}},{"type":"Feature","geometry":{"type":"LineString","coordinates":[[-73.991292,40.76535],[-73.991279,40.765368],[-73.991133,40.765564],[-73.990987,40.76576],[-73.9909,40.765876],[-73.990883,40.765898]]},"properties":{"id":"808190587#0","name":"10th Avenue","tier":"arterial","w":4,"lanes":3,"vmax":11.2,"len":69.9}},{"type":"Feature","geometry":{"type":"LineString","coordinates":[[-73.990367,40.766618],[-73.990366,40.76662],[-73.990223,40.766817],[-73.990079,40.767014],[-73.989994,40.76713],[-73.989993,40.767132]]},"properties":{"id":"808190588#0","name":"10th Avenue","tier":"arterial","w":4,"lanes":3,"vmax":11.2,"len":65.2}},{"type":"Feature","geometry":{"type":"LineString","coordinates":[[-73.982987,40.763417],[-73.983235,40.763522],[-73.983494,40.763632],[-73.983753,40.763741],[-73.984012,40.763851],[-73.984228,40.763942],[-73.984298,40.763972],[-73.984557,40.764081],[-73.984612,40.764105]]},"properties":{"id":"812949647#0","name":"West 53rd Street","tier":"distributor","w":3,"lanes":2,"vmax":27.8,"len":157.0}},{"type":"Feature","geometry":{"type":"LineString","coordinates":[[-73.98487,40.764215],[-73.984884,40.76422],[-73.985142,40.76433],[-73.985401,40.76444],[-73.985659,40.76455],[-73.985918,40.76466],[-73.986176,40.76477],[-73.986435,40.76488],[-73.986693,40.76499],[-73.986952,40.7651],[-73.98721,40.76521],[-73.987447,40.765311]]},"properties":{"id":"812949647#3","name":"West 53rd Street","tier":"distributor","w":3,"lanes":2,"vmax":27.8,"len":249.2}},{"type":"Feature","geometry":{"type":"LineString","coordinates":[[-73.987705,40.765422],[-73.987717,40.765427],[-73.987976,40.765537],[-73.988235,40.765646],[-73.988495,40.765755],[-73.988754,40.765864],[-73.989013,40.765973],[-73.989272,40.766082],[-73.989531,40.766191],[-73.98979,40.766301],[-73.990049,40.76641],[-73.990303,40.766517],[-73.990306,40.766518]]},"properties":{"id":"812949647#6","name":"West 53rd Street","tier":"distributor","w":3,"lanes":2,"vmax":27.8,"len":251.0}},{"type":"Feature","geometry":{"type":"LineString","coordinates":[[-73.983296,40.762688],[-73.983305,40.762673],[-73.983436,40.762471],[-73.983567,40.762269],[-73.98364,40.762157],[-73.983643,40.762153]]},"properties":{"id":"812949648#0","name":"Broadway","tier":"local","w":2,"lanes":2,"vmax":22.2,"len":66.2}},{"type":"Feature","geometry":{"type":"LineString","coordinates":[[-73.972056,40.745887],[-73.97193,40.745989],[-73.971733,40.746156],[-73.971589,40.746352],[-73.971446,40.746549],[-73.971302,40.746746],[-73.971158,40.746943],[-73.971014,40.74714],[-73.970945,40.747236],[-73.970827,40.747377],[-73.970686,40.747513],[-73.970537,40.747626],[-73.970376,40.747727],[-73.970203,40.747803],[-73.969996,40.747869],[-73.969831,40.747909],[-73.969615,40.747953],[-73.969408,40.747968],[-73.969189,40.747966],[-73.968997,40.747952],[-73.968788,40.74792],[-73.968609,40.747872],[-73.968438,40.747811],[-73.968206,40.747706],[-73.968026,40.747607],[-73.967805,40.747457],[-73.967584,40.747307],[-73.967363,40.747157],[-73.967142,40.747007],[-73.966921,40.746857],[-73.9667,40.746707],[-73.966479,40.746557],[-73.966258,40.746407],[-73.966037,40.746257],[-73.965817,40.746107],[-73.965596,40.745957],[-73.965375,40.745807],[-73.965154,40.745657],[-73.964933,40.745507],[-73.964712,40.745357],[-73.964491,40.745207],[-73.96427,40.745057],[-73.964049,40.744907],[-73.963829,40.744757],[-73.963608,40.744607],[-73.963387,40.744457],[-73.963166,40.744308],[-73.962945,40.744158],[-73.962724,40.744008],[-73.962503,40.743858],[-73.962282,40.743708],[-73.962061,40.743558],[-73.96184,40.743408],[-73.961619,40.743258],[-73.961399,40.743108],[-73.961233,40.742996],[-73.961004,40.742853],[-73.960948,40.742818],[-73.960705,40.742689],[-73.960672,40.742672],[-73.960417,40.742557],[-73.960358,40.742531],[-73.960094,40.742428],[-73.960041,40.742408],[-73.959765,40.742326],[-73.959636,40.742288],[-73.95935,40.742228],[-73.959223,40.742202],[-73.958936,40.742146],[-73.958649,40.74209],[-73.958362,40.742034],[-73.958075,40.741979],[-73.957788,40.741923],[-73.957501,40.741867],[-73.957214,40.741812],[-73.956928,40.741756],[-73.956641,40.7417],[-73.956354,40.741644],[-73.956067,40.741589],[-73.95578,40.741533],[-73.955733,40.741524],[-73.955478,40.741479],[-73.955236,40.741445],[-73.954985,40.741423],[-73.954742,40.741417],[-73.954446,40.74143],[-73.95415,40.741442],[-73.954072,40.741446]]},"properties":{"id":"813727586","name":"Queens-Midtown Tunnel","tier":"arterial","w":5,"lanes":1,"vmax":17.9,"len":1871.4}},{"type":"Feature","geometry":{"type":"LineString","coordinates":[[-73.972467,40.745668],[-73.972228,40.745757],[-73.972116,40.745829]]},"properties":{"id":"813727586-AddedOnRampEdge","name":"Queens-Midtown Tunnel","tier":"arterial","w":5,"lanes":2,"vmax":17.9,"len":34.9}},{"type":"Feature","geometry":{"type":"LineString","coordinates":[[-73.996164,40.743391],[-73.996178,40.743371],[-73.996321,40.743175],[-73.996465,40.742978],[-73.996507,40.74292],[-73.99654,40.742875]]},"properties":{"id":"813970416#0","name":"7th Avenue","tier":"distributor","w":3,"lanes":3,"vmax":11.2,"len":65.4}},{"type":"Feature","geometry":{"type":"LineString","coordinates":[[-73.99661,40.742779],[-73.996623,40.742761],[-73.996766,40.742564],[-73.996875,40.742414]]},"properties":{"id":"813970416#4","name":"7th Avenue","tier":"distributor","w":3,"lanes":3,"vmax":11.2,"len":46.3}},{"type":"Feature","geometry":{"type":"LineString","coordinates":[[-73.989896,40.762191],[-73.9899,40.762185],[-73.990044,40.761988],[-73.990187,40.761791],[-73.990274,40.761673],[-73.990289,40.761652]]},"properties":{"id":"814278019#0","name":"9th Avenue","tier":"arterial","w":4,"lanes":4,"vmax":27.8,"len":68.4}},{"type":"Feature","geometry":{"type":"LineString","coordinates":[[-73.985803,40.768001],[-73.985828,40.768012],[-73.986087,40.768121],[-73.986345,40.768231],[-73.986604,40.76834],[-73.986863,40.768449],[-73.987122,40.768559],[-73.987381,40.768668],[-73.98764,40.768778],[-73.987899,40.768887],[-73.988003,40.768931],[-73.988262,40.769041],[-73.988408,40.769102],[-73.988534,40.769155]]},"properties":{"id":"835176553#0","name":"West 57th Street","tier":"arterial","w":4,"lanes":3,"vmax":11.2,"len":263.7}},{"type":"Feature","geometry":{"type":"LineString","coordinates":[[-73.990652,40.760941],[-73.990643,40.760937],[-73.990384,40.760827],[-73.990125,40.760718],[-73.989866,40.760608],[-73.989608,40.760499],[-73.989364,40.760396],[-73.989106,40.760286],[-73.989049,40.760262],[-73.989023,40.760251],[-73.988881,40.760191],[-73.988623,40.760081],[-73.98861,40.760076],[-73.988381,40.759979],[-73.988123,40.759869],[-73.988071,40.759848],[-73.988037,40.759833],[-73.988025,40.759828]]},"properties":{"id":"846142552#0","name":"West 46th Street","tier":"distributor","w":3,"lanes":1,"vmax":27.8,"len":253.9}},{"type":"Feature","geometry":{"type":"LineString","coordinates":[[-73.987832,40.759746],[-73.987797,40.759732],[-73.987538,40.759622],[-73.987421,40.759572],[-73.987252,40.759501],[-73.986992,40.759394],[-73.986732,40.759286],[-73.986516,40.759197],[-73.986256,40.759089],[-73.985996,40.75898],[-73.98577,40.758886],[-73.985512,40.758775],[-73.985492,40.758767],[-73.985435,40.758743],[-73.98521,40.75865]]},"properties":{"id":"846142553#0","name":"West 46th Street","tier":"distributor","w":3,"lanes":1,"vmax":27.8,"len":252.6}},{"type":"Feature","geometry":{"type":"LineString","coordinates":[[-73.978611,40.750644],[-73.97857,40.750692],[-73.97854,40.750733],[-73.978517,40.750764]]},"properties":{"id":"872052105#0","name":"","tier":"arterial","w":3,"lanes":1,"vmax":11.2,"len":15.5}},{"type":"Feature","geometry":{"type":"LineString","coordinates":[[-73.978528,40.750933],[-73.978383,40.751129],[-73.978259,40.751297]]},"properties":{"id":"872052106","name":"Park Avenue","tier":"arterial","w":4,"lanes":2,"vmax":11.2,"len":46.4}},{"type":"Feature","geometry":{"type":"LineString","coordinates":[[-73.973441,40.745631],[-73.97335,40.745599],[-73.973247,40.745571]]},"properties":{"id":"873170354","name":"","tier":"arterial","w":3,"lanes":3,"vmax":22.2,"len":17.7}},{"type":"Feature","geometry":{"type":"LineString","coordinates":[[-73.970335,40.747989],[-73.970301,40.748046],[-73.970224,40.748096]]},"properties":{"id":"884400281","name":"1st Avenue","tier":"arterial","w":4,"lanes":2,"vmax":11.2,"len":15.6}},{"type":"Feature","geometry":{"type":"LineString","coordinates":[[-73.974186,40.745905],[-73.974117,40.74589],[-73.974014,40.745868],[-73.973934,40.745844],[-73.973853,40.74582],[-73.973753,40.745783],[-73.973489,40.745681],[-73.973459,40.745669]]},"properties":{"id":"889906410","name":"","tier":"arterial","w":3,"lanes":1,"vmax":22.2,"len":67.0}},{"type":"Feature","geometry":{"type":"LineString","coordinates":[[-73.975936,40.747209],[-73.975966,40.747273]]},"properties":{"id":"936537011","name":"","tier":"arterial","w":3,"lanes":3,"vmax":22.2,"len":7.5}},{"type":"Feature","geometry":{"type":"LineString","coordinates":[[-73.974711,40.745224],[-73.974692,40.74525],[-73.974554,40.745449],[-73.974416,40.745648],[-73.974361,40.745728]]},"properties":{"id":"942444178#0","name":"Tunnel Approach Street","tier":"arterial","w":4,"lanes":1,"vmax":11.2,"len":63.3}},{"type":"Feature","geometry":{"type":"LineString","coordinates":[[-73.995801,40.759165],[-73.995681,40.75933],[-73.995539,40.759526],[-73.995527,40.759542]]},"properties":{"id":"945460473#0","name":"10th Avenue","tier":"arterial","w":4,"lanes":5,"vmax":11.2,"len":47.9}},{"type":"Feature","geometry":{"type":"LineString","coordinates":[[-73.996231,40.758574],[-73.996164,40.758667],[-73.996021,40.758864],[-73.995996,40.758899]]},"properties":{"id":"954520389#0","name":"10th Avenue","tier":"arterial","w":4,"lanes":6,"vmax":11.2,"len":41.1}},{"type":"Feature","geometry":{"type":"LineString","coordinates":[[-73.996456,40.75546],[-73.996546,40.755339]]},"properties":{"id":"954552256#1","name":"Dyer Avenue","tier":"arterial","w":4,"lanes":5,"vmax":11.2,"len":15.4}},{"type":"Feature","geometry":{"type":"LineString","coordinates":[[-73.996006,40.743603],[-73.996085,40.743493],[-73.996099,40.743475]]},"properties":{"id":"954659191#0","name":"7th Avenue","tier":"distributor","w":3,"lanes":4,"vmax":11.2,"len":16.3}},{"type":"Feature","geometry":{"type":"LineString","coordinates":[[-73.973154,40.744269],[-73.973143,40.744285],[-73.973073,40.744383],[-73.973059,40.744403]]},"properties":{"id":"954878305#0","name":"1st Avenue","tier":"arterial","w":4,"lanes":5,"vmax":11.2,"len":16.9}},{"type":"Feature","geometry":{"type":"LineString","coordinates":[[-73.972989,40.74449],[-73.972966,40.74452],[-73.972824,40.744718],[-73.972743,40.74483],[-73.972629,40.744986]]},"properties":{"id":"954926502#0","name":"1st Avenue","tier":"arterial","w":4,"lanes":4,"vmax":11.2,"len":62.8}},{"type":"Feature","geometry":{"type":"LineString","coordinates":[[-73.972509,40.745148],[-73.972374,40.745332],[-73.972289,40.745448]]},"properties":{"id":"954929768#0","name":"1st Avenue","tier":"arterial","w":4,"lanes":4,"vmax":11.2,"len":38.2}},{"type":"Feature","geometry":{"type":"LineString","coordinates":[[-73.971814,40.746101],[-73.971717,40.746236]]},"properties":{"id":"955205137#0","name":"1st Avenue","tier":"arterial","w":4,"lanes":4,"vmax":11.2,"len":17.1}},{"type":"Feature","geometry":{"type":"LineString","coordinates":[[-73.971293,40.744292],[-73.971166,40.744479],[-73.971121,40.744545],[-73.970983,40.744743],[-73.970838,40.744936],[-73.970703,40.745113],[-73.970545,40.745303],[-73.970398,40.745477],[-73.970352,40.745526],[-73.970189,40.745704],[-73.97001,40.745883],[-73.969947,40.745947],[-73.969784,40.746088],[-73.969761,40.746109]]},"properties":{"id":"960097006","name":"FDR Drive","tier":"arterial","w":5,"lanes":3,"vmax":17.9,"len":240.3}},{"type":"Feature","geometry":{"type":"LineString","coordinates":[[-73.972801,40.764583],[-73.972923,40.764419],[-73.972955,40.764376],[-73.972971,40.764353]]},"properties":{"id":"962626218#0","name":"5th Avenue","tier":"distributor","w":3,"lanes":5,"vmax":11.2,"len":29.3}},{"type":"Feature","geometry":{"type":"LineString","coordinates":[[-73.987658,40.751433],[-73.987506,40.751368],[-73.987247,40.751259],[-73.986988,40.75115],[-73.986963,40.751139],[-73.986925,40.751123]]},"properties":{"id":"963613972#0","name":"West 36th Street","tier":"distributor","w":3,"lanes":3,"vmax":27.8,"len":70.8}},{"type":"Feature","geometry":{"type":"LineString","coordinates":[[-73.971106,40.764033],[-73.971062,40.764091],[-73.971006,40.764168],[-73.970998,40.764179]]},"properties":{"id":"964208970#0","name":"Madison Avenue","tier":"distributor","w":3,"lanes":5,"vmax":11.2,"len":18.6}},{"type":"Feature","geometry":{"type":"LineString","coordinates":[[-73.997912,40.765428],[-73.998057,40.765231],[-73.998156,40.765097]]},"properties":{"id":"965836271","name":"12th Avenue","tier":"arterial","w":5,"lanes":4,"vmax":13.4,"len":42.1}},{"type":"Feature","geometry":{"type":"LineString","coordinates":[[-73.978915,40.753301],[-73.978842,40.753397],[-73.978823,40.753422],[-73.97882,40.753426]]},"properties":{"id":"966105510#0","name":"Madison Avenue","tier":"distributor","w":3,"lanes":5,"vmax":11.2,"len":16.0}},{"type":"Feature","geometry":{"type":"LineString","coordinates":[[-73.991084,40.745264],[-73.99101,40.745363],[-73.991009,40.745364]]},"properties":{"id":"968394450#0","name":"6th Avenue","tier":"distributor","w":3,"lanes":5,"vmax":11.2,"len":12.8}},{"type":"Feature","geometry":{"type":"LineString","coordinates":[[-73.990922,40.745475],[-73.990918,40.745481],[-73.990774,40.745678],[-73.990652,40.745844],[-73.990555,40.745977],[-73.990545,40.745991]]},"properties":{"id":"968394452#0","name":"6th Avenue","tier":"distributor","w":3,"lanes":4,"vmax":11.2,"len":65.5}},{"type":"Feature","geometry":{"type":"LineString","coordinates":[[-73.990481,40.74608],[-73.990469,40.746097],[-73.990375,40.746226],[-73.990254,40.746404]]},"properties":{"id":"968394452#3","name":"6th Avenue","tier":"distributor","w":3,"lanes":4,"vmax":11.2,"len":40.8}},{"type":"Feature","geometry":{"type":"LineString","coordinates":[[-73.990214,40.746468],[-73.990109,40.746608],[-73.990102,40.746618]]},"properties":{"id":"968394453#0","name":"6th Avenue","tier":"distributor","w":3,"lanes":5,"vmax":11.2,"len":19.1}},{"type":"Feature","geometry":{"type":"LineString","coordinates":[[-73.99003,40.746708],[-73.990022,40.746719],[-73.989877,40.746915],[-73.989732,40.747112],[-73.989656,40.747215],[-73.989644,40.747231]]},"properties":{"id":"968394455#0","name":"6th Avenue","tier":"distributor","w":3,"lanes":4,"vmax":11.2,"len":66.6}},{"type":"Feature","geometry":{"type":"LineString","coordinates":[[-73.98958,40.747318],[-73.989567,40.747335],[-73.989421,40.747531],[-73.989323,40.747662]]},"properties":{"id":"968394455#3","name":"6th Avenue","tier":"distributor","w":3,"lanes":4,"vmax":11.2,"len":43.9}},{"type":"Feature","geometry":{"type":"LineString","coordinates":[[-73.989282,40.747727],[-73.989203,40.747833],[-73.989189,40.747852]]},"properties":{"id":"968394456#0","name":"6th Avenue","tier":"distributor","w":3,"lanes":5,"vmax":11.2,"len":16.0}},{"type":"Feature","geometry":{"type":"LineString","coordinates":[[-73.991724,40.759682],[-73.991729,40.759675],[-73.991873,40.759478],[-73.992016,40.759281],[-73.992099,40.759168],[-73.9921,40.759166]]},"properties":{"id":"968513229#0","name":"9th Avenue","tier":"arterial","w":4,"lanes":4,"vmax":27.8,"len":65.5}},{"type":"Feature","geometry":{"type":"LineString","coordinates":[[-73.99134,40.760403],[-73.991358,40.760411],[-73.991617,40.76052],[-73.991876,40.760629],[-73.992135,40.760738],[-73.992394,40.760847],[-73.992653,40.760956],[-73.992912,40.761065],[-73.993172,40.761174],[-73.993431,40.761283],[-73.99369,40.761392],[-73.993949,40.761501],[-73.993952,40.761503],[-73.993972,40.761511]]},"properties":{"id":"968513230#0","name":"West 45th Street","tier":"distributor","w":3,"lanes":1,"vmax":27.8,"len":254.0}},{"type":"Feature","geometry":{"type":"LineString","coordinates":[[-73.991272,40.760301],[-73.991413,40.760107],[-73.991555,40.759909],[-73.991574,40.759883],[-73.991645,40.759789],[-73.991653,40.759778]]},"properties":{"id":"968513231#0","name":"9th Avenue","tier":"arterial","w":4,"lanes":4,"vmax":27.8,"len":66.5}},{"type":"Feature","geometry":{"type":"LineString","coordinates":[[-73.99785,40.761436],[-73.997952,40.761225],[-73.997962,40.761205],[-73.998099,40.761006],[-73.998139,40.760947],[-73.998168,40.760908],[-73.998182,40.760889]]},"properties":{"id":"974611015#0","name":"11th Avenue","tier":"distributor","w":3,"lanes":3,"vmax":11.2,"len":67.0}},{"type":"Feature","geometry":{"type":"LineString","coordinates":[[-73.998764,40.760074],[-73.998769,40.760067],[-73.998916,40.759871],[-73.999063,40.759675],[-73.999127,40.75959]]},"properties":{"id":"974611016#0","name":"11th Avenue","tier":"arterial","w":4,"lanes":3,"vmax":11.2,"len":61.9}},{"type":"Feature","geometry":{"type":"LineString","coordinates":[[-73.998302,40.760725],[-73.998323,40.760697],[-73.998463,40.760498],[-73.998602,40.760299],[-73.998675,40.760194],[-73.998682,40.760185]]},"properties":{"id":"974611018#0","name":"11th Avenue","tier":"arterial","w":4,"lanes":3,"vmax":11.2,"len":68.0}},{"type":"Feature","geometry":{"type":"LineString","coordinates":[[-73.99817,40.760743],[-73.997926,40.760639],[-73.997668,40.760529],[-73.997409,40.760419],[-73.997358,40.760397],[-73.997346,40.760392],[-73.997218,40.760338],[-73.99696,40.760228],[-73.996702,40.760118],[-73.996443,40.760007],[-73.996185,40.759897],[-73.995927,40.759787],[-73.995669,40.759677],[-73.995647,40.759668]]},"properties":{"id":"974611019#0","name":"West 42nd Street","tier":"arterial","w":4,"lanes":2,"vmax":27.8,"len":244.1}},{"type":"Feature","geometry":{"type":"LineString","coordinates":[[-73.981769,40.76761],[-73.981756,40.767597],[-73.981735,40.767567],[-73.981724,40.767546]]},"properties":{"id":"976050707#0","name":"Broadway","tier":"arterial","w":4,"lanes":2,"vmax":11.2,"len":8.4}},{"type":"Feature","geometry":{"type":"LineString","coordinates":[[-73.994138,40.746173],[-73.994217,40.746065]]},"properties":{"id":"986615539#0","name":"7th Avenue","tier":"distributor","w":3,"lanes":5,"vmax":11.2,"len":13.7}},{"type":"Feature","geometry":{"type":"LineString","coordinates":[[-73.994298,40.745963],[-73.99431,40.745947],[-73.994452,40.74575],[-73.994594,40.745552],[-73.994667,40.745451],[-73.994682,40.74543]]},"properties":{"id":"986615541#0","name":"7th Avenue","tier":"distributor","w":3,"lanes":3,"vmax":11.2,"len":67.5}},{"type":"Feature","geometry":{"type":"LineString","coordinates":[[-73.995036,40.744935],[-73.995108,40.744835],[-73.995127,40.744809]]},"properties":{"id":"986615542#0","name":"7th Avenue","tier":"distributor","w":3,"lanes":5,"vmax":11.2,"len":15.9}},{"type":"Feature","geometry":{"type":"LineString","coordinates":[[-73.977846,40.752434],[-73.977644,40.75235],[-73.977634,40.752345],[-73.977625,40.75234],[-73.977616,40.752332],[-73.977611,40.752326],[-73.977605,40.752319],[-73.977601,40.75231],[-73.977598,40.752301],[-73.977597,40.752292],[-73.977597,40.752282],[-73.977598,40.752274],[-73.9776,40.752265]]},"properties":{"id":"988956475","name":"Park Avenue","tier":"arterial","w":4,"lanes":1,"vmax":27.8,"len":30.4}},{"type":"Feature","geometry":{"type":"LineString","coordinates":[[-73.978213,40.75136],[-73.978091,40.751525],[-73.977947,40.751722],[-73.977803,40.751918],[-73.977659,40.752115],[-73.977581,40.752222]]},"properties":{"id":"988956476","name":"Park Avenue","tier":"arterial","w":4,"lanes":1,"vmax":11.2,"len":109.6}},{"type":"Feature","geometry":{"type":"LineString","coordinates":[[-73.973579,40.750375],[-73.973509,40.750346],[-73.973249,40.750237],[-73.973052,40.750155],[-73.972791,40.750048],[-73.97253,40.749941],[-73.972428,40.749899],[-73.972366,40.749872],[-73.972348,40.749864]]},"properties":{"id":"988980354","name":"East 42nd Street","tier":"arterial","w":4,"lanes":3,"vmax":11.2,"len":118.5}},{"type":"Feature","geometry":{"type":"LineString","coordinates":[[-73.974992,40.761588],[-73.9751,40.761437],[-73.975242,40.76124],[-73.975286,40.761179],[-73.975327,40.761121]]},"properties":{"id":"988984235#0","name":"5th Avenue","tier":"distributor","w":3,"lanes":3,"vmax":27.8,"len":59.1}},{"type":"Feature","geometry":{"type":"LineString","coordinates":[[-73.999543,40.759021],[-73.999536,40.759027],[-73.999455,40.75914],[-73.999314,40.759338],[-73.999278,40.759388],[-73.999254,40.759407],[-73.999233,40.759418],[-73.999214,40.759421]]},"properties":{"id":"988987061#0","name":"11th Avenue","tier":"arterial","w":4,"lanes":2,"vmax":11.2,"len":53.2}},{"type":"Feature","geometry":{"type":"LineString","coordinates":[[-73.99925,40.759554],[-73.999248,40.759553]]},"properties":{"id":"988987062","name":"West 40th Street","tier":"arterial","w":4,"lanes":3,"vmax":27.8,"len":0.2}},{"type":"Feature","geometry":{"type":"LineString","coordinates":[[-73.998879,40.761043],[-73.998862,40.761036],[-73.998601,40.760928],[-73.998472,40.760874],[-73.998457,40.760869]]},"properties":{"id":"989265269#0","name":"West 42nd Street","tier":"arterial","w":4,"lanes":2,"vmax":11.2,"len":40.5}},{"type":"Feature","geometry":{"type":"LineString","coordinates":[[-73.995583,40.764565],[-73.995723,40.764374],[-73.995867,40.764177],[-73.995953,40.764061],[-73.995971,40.764036]]},"properties":{"id":"989265272#0","name":"11th Avenue","tier":"distributor","w":3,"lanes":5,"vmax":11.2,"len":67.2}},{"type":"Feature","geometry":{"type":"LineString","coordinates":[[-73.994668,40.765823],[-73.994809,40.76563],[-73.994953,40.765433],[-73.995037,40.765318]]},"properties":{"id":"989265273#0","name":"11th Avenue","tier":"distributor","w":3,"lanes":5,"vmax":11.2,"len":64.1}},{"type":"Feature","geometry":{"type":"LineString","coordinates":[[-73.998218,40.750829],[-73.998361,40.750632],[-73.998504,40.750435],[-73.998577,40.750334]]},"properties":{"id":"989270322#0","name":"9th Avenue","tier":"distributor","w":3,"lanes":4,"vmax":11.2,"len":62.7}},{"type":"Feature","geometry":{"type":"LineString","coordinates":[[-73.981188,40.747139],[-73.981047,40.747332],[-73.981044,40.747336],[-73.9809,40.747533],[-73.980837,40.74762],[-73.980814,40.74765]]},"properties":{"id":"989793293#0","name":"Park Avenue","tier":"arterial","w":4,"lanes":2,"vmax":11.2,"len":65.0}},{"type":"Feature","geometry":{"type":"LineString","coordinates":[[-73.981005,40.747729],[-73.981148,40.747539],[-73.981294,40.747344],[-73.981352,40.747267],[-73.981377,40.747232]]},"properties":{"id":"989793295#0","name":"Park Avenue","tier":"arterial","w":4,"lanes":2,"vmax":11.2,"len":63.5}},{"type":"Feature","geometry":{"type":"LineString","coordinates":[[-73.998396,40.764199],[-73.998379,40.764192],[-73.99812,40.764082],[-73.997862,40.763972],[-73.997686,40.763897],[-73.997428,40.763787],[-73.997192,40.763687],[-73.996934,40.763577],[-73.996675,40.763467],[-73.996605,40.763437],[-73.996557,40.763416],[-73.996546,40.763411]]},"properties":{"id":"992144531#0","name":"West 46th Street","tier":"distributor","w":3,"lanes":3,"vmax":11.2,"len":179.0}},{"type":"Feature","geometry":{"type":"LineString","coordinates":[[-73.998454,40.764313],[-73.998392,40.764399],[-73.998249,40.764596],[-73.998106,40.764794],[-73.99808,40.76483]]},"properties":{"id":"992144532","name":"12th Avenue","tier":"arterial","w":5,"lanes":4,"vmax":13.4,"len":65.5}}]}