{"type": "FeatureCollection", "features": [{"type": "Feature", "geometry": {"type": "Point", "coordinates": [2.1798526, 41.4191436]}, "properties": {"tls": "1046599571", "edge": "282883366#0", "links": [0, 1, 2], "bearing": 77.5}}, {"type": "Feature", "geometry": {"type": "Point", "coordinates": [2.1692877, 41.3855409]}, "properties": {"tls": "11240066167", "edge": "1108368268", "links": [0, 1, 2], "bearing": 94.6}}, {"type": "Feature", "geometry": {"type": "Point", "coordinates": [2.1505919, 41.3760383]}, "properties": {"tls": "11367386983", "edge": "245416089#0", "links": [0, 1], "bearing": 30.5}}, {"type": "Feature", "geometry": {"type": "Point", "coordinates": [2.1505068, 41.3760938]}, "properties": {"tls": "11367386983", "edge": "96828124#0", "links": [2, 3, 4], "bearing": 44.8}}, {"type": "Feature", "geometry": {"type": "Point", "coordinates": [2.1307175, 41.4051207]}, "properties": {"tls": "1233754567", "edge": "-1525698707", "links": [0, 1, 2], "bearing": 234.9}}, {"type": "Feature", "geometry": {"type": "Point", "coordinates": [2.1305961, 41.4049807]}, "properties": {"tls": "1233754567", "edge": "237506957#0", "links": [3, 4, 5], "bearing": 52.8}}, {"type": "Feature", "geometry": {"type": "Point", "coordinates": [2.1305588, 41.4051478]}, "properties": {"tls": "1233754567", "edge": "107323670#0", "links": [6, 7, 8], "bearing": 143.6}}, {"type": "Feature", "geometry": {"type": "Point", "coordinates": [2.1606384, 41.3956561]}, "properties": {"tls": "1311770051", "edge": "-908375867#2", "links": [0, 1, 2, 3, 4], "bearing": 317.4}}, {"type": "Feature", "geometry": {"type": "Point", "coordinates": [2.16038, 41.3956167]}, "properties": {"tls": "1311770051", "edge": "908375869", "links": [5, 6, 7, 8, 9, 10], "bearing": 45.0}}, {"type": "Feature", "geometry": {"type": "Point", "coordinates": [2.1603574, 41.3957534]}, "properties": {"tls": "1311770051", "edge": "116343001#0", "links": [11, 12, 13], "bearing": 136.7}}, {"type": "Feature", "geometry": {"type": "Point", "coordinates": [2.1617455, 41.394935]}, "properties": {"tls": "1311770053", "edge": "294085168", "links": [0, 1, 2, 3, 4, 5], "bearing": 225.7}}, {"type": "Feature", "geometry": {"type": "Point", "coordinates": [2.1617386, 41.394776]}, "properties": {"tls": "1311770053", "edge": "-294085186#4", "links": [6, 7, 8, 9, 10], "bearing": 317.6}}, {"type": "Feature", "geometry": {"type": "Point", "coordinates": [2.1614576, 41.3948767]}, "properties": {"tls": "1311770053", "edge": "908375867#0", "links": [11, 12, 13], "bearing": 137.6}}, {"type": "Feature", "geometry": {"type": "Point", "coordinates": [2.1411092, 41.4117363]}, "properties": {"tls": "1369500099", "edge": "-74036716#2", "links": [0, 1, 2, 3], "bearing": 279.1}}, {"type": "Feature", "geometry": {"type": "Point", "coordinates": [2.1408035, 41.4116402]}, "properties": {"tls": "1369500099", "edge": "569877333#0", "links": [4, 5, 6, 7], "bearing": 46.8}}, {"type": "Feature", "geometry": {"type": "Point", "coordinates": [2.1407979, 41.4117487]}, "properties": {"tls": "1369500099", "edge": "554918717#0", "links": [8, 9, 10, 11], "bearing": 122.3}}, {"type": "Feature", "geometry": {"type": "Point", "coordinates": [2.1376428, 41.3862889]}, "properties": {"tls": "1475044288", "edge": "550732200#0", "links": [0, 1, 2, 3, 4], "bearing": 318.9}}, {"type": "Feature", "geometry": {"type": "Point", "coordinates": [2.1651092, 41.4118736]}, "properties": {"tls": "1479422496", "edge": "910432399#0", "links": [0, 1, 2, 3], "bearing": 261.5}}, {"type": "Feature", "geometry": {"type": "Point", "coordinates": [2.128084, 41.3941486]}, "properties": {"tls": "1551112035", "edge": "-55037930#1", "links": [0, 1], "bearing": 228.7}}, {"type": "Feature", "geometry": {"type": "Point", "coordinates": [2.1281068, 41.3940201]}, "properties": {"tls": "1551112035", "edge": "-198184096#2", "links": [2, 3, 4], "bearing": 314.7}}, {"type": "Feature", "geometry": {"type": "Point", "coordinates": [2.1278995, 41.3939788]}, "properties": {"tls": "1551112035", "edge": "32435076#0", "links": [5, 6, 7], "bearing": 52.6}}, {"type": "Feature", "geometry": {"type": "Point", "coordinates": [2.1278788, 41.3941104]}, "properties": {"tls": "1551112035", "edge": "-35682480#1", "links": [8, 9, 10], "bearing": 136.5}}, {"type": "Feature", "geometry": {"type": "Point", "coordinates": [2.1309247, 41.3653027]}, "properties": {"tls": "1651488925", "edge": "-561804974", "links": [0], "bearing": 210.1}}, {"type": "Feature", "geometry": {"type": "Point", "coordinates": [2.1309243, 41.3652089]}, "properties": {"tls": "1651488925", "edge": "23804346", "links": [1, 2], "bearing": 0.3}}, {"type": "Feature", "geometry": {"type": "Point", "coordinates": [2.1350966, 41.3754413]}, "properties": {"tls": "166211432", "edge": "-542503067#4", "links": [0, 1], "bearing": 272.0}}, {"type": "Feature", "geometry": {"type": "Point", "coordinates": [2.1348375, 41.375389]}, "properties": {"tls": "166211432", "edge": "294082522#13", "links": [2, 3], "bearing": 92.2}}, {"type": "Feature", "geometry": {"type": "Point", "coordinates": [2.1349154, 41.3755425]}, "properties": {"tls": "166211432", "edge": "1408564502#10", "links": [4, 5], "bearing": 150.1}}, {"type": "Feature", "geometry": {"type": "Point", "coordinates": [2.1312068, 41.4034012]}, "properties": {"tls": "2087205017", "edge": "308379373#2", "links": [0, 1], "bearing": 242.1}}, {"type": "Feature", "geometry": {"type": "Point", "coordinates": [2.1311373, 41.4032816]}, "properties": {"tls": "2087205017", "edge": "198597865#19", "links": [2, 3, 4], "bearing": 330.8}}, {"type": "Feature", "geometry": {"type": "Point", "coordinates": [2.130977, 41.4033917]}, "properties": {"tls": "2087205017", "edge": "-198597865#22", "links": [5], "bearing": 150.4}}, {"type": "Feature", "geometry": {"type": "Point", "coordinates": [2.1166128, 41.3691448]}, "properties": {"tls": "2521962470", "edge": "1232057645", "links": [0], "bearing": 357.4}}, {"type": "Feature", "geometry": {"type": "Point", "coordinates": [2.1165389, 41.3692165]}, "properties": {"tls": "2521962470", "edge": "1370385364", "links": [1, 2], "bearing": 157.2}}, {"type": "Feature", "geometry": {"type": "Point", "coordinates": [2.1812898, 41.4093841]}, "properties": {"tls": "2749938625", "edge": "237517572#0", "links": [0, 1, 2], "bearing": 315.5}}, {"type": "Feature", "geometry": {"type": "Point", "coordinates": [2.1811279, 41.4093758]}, "properties": {"tls": "2749938625", "edge": "489441159#0", "links": [3, 4], "bearing": 47.9}}, {"type": "Feature", "geometry": {"type": "Point", "coordinates": [2.1438576, 41.3882634]}, "properties": {"tls": "30237627", "edge": "553586753#2", "links": [0], "bearing": 225.7}}, {"type": "Feature", "geometry": {"type": "Point", "coordinates": [2.1438739, 41.3881418]}, "properties": {"tls": "30237627", "edge": "868722652#0", "links": [1], "bearing": 315.4}}, {"type": "Feature", "geometry": {"type": "Point", "coordinates": [2.1449689, 41.3891111]}, "properties": {"tls": "30237628", "edge": "237795735#3", "links": [0, 1, 2], "bearing": 225.8}}, {"type": "Feature", "geometry": {"type": "Point", "coordinates": [2.1447852, 41.3891077]}, "properties": {"tls": "30237628", "edge": "553586754#0", "links": [3, 4, 5, 6], "bearing": 134.4}}, {"type": "Feature", "geometry": {"type": "Point", "coordinates": [2.1495326, 41.3925701]}, "properties": {"tls": "30237633", "edge": "237667614#0", "links": [0, 1], "bearing": 225.3}}, {"type": "Feature", "geometry": {"type": "Point", "coordinates": [2.1495125, 41.3924082]}, "properties": {"tls": "30237633", "edge": "4744966#0", "links": [2, 3, 4, 5], "bearing": 314.9}}, {"type": "Feature", "geometry": {"type": "Point", "coordinates": [2.1541132, 41.389165]}, "properties": {"tls": "30237873", "edge": "490175813#0", "links": [0, 1, 2], "bearing": 224.8}}, {"type": "Feature", "geometry": {"type": "Point", "coordinates": [2.1540859, 41.3889967]}, "properties": {"tls": "30237873", "edge": "238324872#0", "links": [3, 4, 5], "bearing": 329.6}}, {"type": "Feature", "geometry": {"type": "Point", "coordinates": [2.1563369, 41.3872413]}, "properties": {"tls": "30238006", "edge": "295124096#0", "links": [0, 1, 2, 3, 4], "bearing": 314.7}}, {"type": "Feature", "geometry": {"type": "Point", "coordinates": [2.1561434, 41.387233]}, "properties": {"tls": "30238006", "edge": "238324883#0", "links": [5, 6, 7, 8, 9, 10], "bearing": 46.3}}, {"type": "Feature", "geometry": {"type": "Point", "coordinates": [2.1621839, 41.3829568]}, "properties": {"tls": "30238011", "edge": "12373020#0", "links": [0, 1, 2, 3], "bearing": 224.5}}, {"type": "Feature", "geometry": {"type": "Point", "coordinates": [2.1621981, 41.3828149]}, "properties": {"tls": "30238011", "edge": "403600283#0", "links": [4, 5, 6, 7], "bearing": 315.6}}, {"type": "Feature", "geometry": {"type": "Point", "coordinates": [2.1574359, 41.3916686]}, "properties": {"tls": "30238025", "edge": "294085176#0", "links": [0, 1, 2], "bearing": 227.1}}, {"type": "Feature", "geometry": {"type": "Point", "coordinates": [2.1572801, 41.3916801]}, "properties": {"tls": "30238025", "edge": "86301093#6", "links": [3, 4], "bearing": 134.8}}, {"type": "Feature", "geometry": {"type": "Point", "coordinates": [2.1650587, 41.4095184]}, "properties": {"tls": "30242952", "edge": "121931996#2", "links": [0, 1], "bearing": 50.5}}, {"type": "Feature", "geometry": {"type": "Point", "coordinates": [2.1650765, 41.4096325]}, "properties": {"tls": "30242952", "edge": "1092587536#0", "links": [2, 3, 4], "bearing": 135.8}}, {"type": "Feature", "geometry": {"type": "Point", "coordinates": [2.1859012, 41.3940218]}, "properties": {"tls": "30242970", "edge": "65184542#0", "links": [0, 1, 2, 3], "bearing": 226.7}}, {"type": "Feature", "geometry": {"type": "Point", "coordinates": [2.1857153, 41.3940327]}, "properties": {"tls": "30242970", "edge": "182069870#0", "links": [4, 5, 6], "bearing": 136.3}}, {"type": "Feature", "geometry": {"type": "Point", "coordinates": [2.147081, 41.3804373]}, "properties": {"tls": "30243313", "edge": "60344581#3", "links": [0, 1, 2], "bearing": 46.7}}, {"type": "Feature", "geometry": {"type": "Point", "coordinates": [2.1470823, 41.380572]}, "properties": {"tls": "30243313", "edge": "237805212", "links": [3, 4, 5], "bearing": 138.3}}, {"type": "Feature", "geometry": {"type": "Point", "coordinates": [2.1595774, 41.3898323]}, "properties": {"tls": "30243322", "edge": "238324885#0", "links": [0, 1, 2, 3, 4], "bearing": 44.8}}, {"type": "Feature", "geometry": {"type": "Point", "coordinates": [2.1595567, 41.3899515]}, "properties": {"tls": "30243322", "edge": "86301093#14", "links": [5, 6, 7], "bearing": 133.8}}, {"type": "Feature", "geometry": {"type": "Point", "coordinates": [2.1553737, 41.3778517]}, "properties": {"tls": "30243878", "edge": "237529479#0", "links": [0, 1, 2, 3], "bearing": 225.5}}, {"type": "Feature", "geometry": {"type": "Point", "coordinates": [2.1551884, 41.3778623]}, "properties": {"tls": "30243878", "edge": "552124695#0", "links": [4, 5, 6], "bearing": 136.0}}, {"type": "Feature", "geometry": {"type": "Point", "coordinates": [2.1565061, 41.3787042]}, "properties": {"tls": "30243879", "edge": "243591204#11", "links": [0, 1, 2, 3], "bearing": 225.5}}, {"type": "Feature", "geometry": {"type": "Point", "coordinates": [2.1565189, 41.3785632]}, "properties": {"tls": "30243879", "edge": "237529475#0", "links": [4, 5, 6, 7], "bearing": 315.9}}, {"type": "Feature", "geometry": {"type": "Point", "coordinates": [2.157658, 41.3795723]}, "properties": {"tls": "30243880", "edge": "243591204#8", "links": [0, 1, 2, 3, 4], "bearing": 225.5}}, {"type": "Feature", "geometry": {"type": "Point", "coordinates": [2.157459, 41.3795721]}, "properties": {"tls": "30243880", "edge": "449991637#0", "links": [5, 6, 7, 8], "bearing": 135.4}}, {"type": "Feature", "geometry": {"type": "Point", "coordinates": [2.1610497, 41.382103]}, "properties": {"tls": "30243883", "edge": "12373020#3", "links": [0, 1, 2, 3], "bearing": 225.7}}, {"type": "Feature", "geometry": {"type": "Point", "coordinates": [2.1608635, 41.382114]}, "properties": {"tls": "30243883", "edge": "237506930#0", "links": [4, 5, 6], "bearing": 135.9}}, {"type": "Feature", "geometry": {"type": "Point", "coordinates": [2.161974, 41.3810976]}, "properties": {"tls": "30247097", "edge": "591631645#0", "links": [0, 1, 2, 3], "bearing": 45.5}}, {"type": "Feature", "geometry": {"type": "Point", "coordinates": [2.161975, 41.381249]}, "properties": {"tls": "30247097", "edge": "243591201#0", "links": [4, 5, 6, 7, 8, 9], "bearing": 136.6}}, {"type": "Feature", "geometry": {"type": "Point", "coordinates": [2.1551691, 41.393377]}, "properties": {"tls": "30247166", "edge": "4751998#6", "links": [0, 1, 2], "bearing": 225.9}}, {"type": "Feature", "geometry": {"type": "Point", "coordinates": [2.1550104, 41.3933885]}, "properties": {"tls": "30247166", "edge": "86301093#0", "links": [3, 4], "bearing": 134.8}}, {"type": "Feature", "geometry": {"type": "Point", "coordinates": [2.1561622, 41.3924214]}, "properties": {"tls": "30247167", "edge": "4746923#0", "links": [0, 1, 2], "bearing": 46.5}}, {"type": "Feature", "geometry": {"type": "Point", "coordinates": [2.1561439, 41.3925391]}, "properties": {"tls": "30247167", "edge": "86301093#3", "links": [3, 4], "bearing": 133.8}}, {"type": "Feature", "geometry": {"type": "Point", "coordinates": [2.1483812, 41.3865589]}, "properties": {"tls": "30248549", "edge": "4746243#4", "links": [0, 1, 2, 3], "bearing": 225.1}}, {"type": "Feature", "geometry": {"type": "Point", "coordinates": [2.1481957, 41.386548]}, "properties": {"tls": "30248549", "edge": "493086069#0", "links": [4, 5, 6, 7], "bearing": 135.5}}, {"type": "Feature", "geometry": {"type": "Point", "coordinates": [2.1507345, 41.4055918]}, "properties": {"tls": "30295094", "edge": "1264830092#0", "links": [0, 1], "bearing": 238.2}}, {"type": "Feature", "geometry": {"type": "Point", "coordinates": [2.150682, 41.4054774]}, "properties": {"tls": "30295094", "edge": "296827111#8", "links": [2, 3], "bearing": 328.7}}, {"type": "Feature", "geometry": {"type": "Point", "coordinates": [2.1398305, 41.4005849]}, "properties": {"tls": "30313171", "edge": "4776811#2", "links": [0, 1], "bearing": 242.2}}, {"type": "Feature", "geometry": {"type": "Point", "coordinates": [2.1397931, 41.4004875]}, "properties": {"tls": "30313171", "edge": "669686364#0", "links": [2, 3, 4], "bearing": 320.8}}, {"type": "Feature", "geometry": {"type": "Point", "coordinates": [2.143184, 41.3978719]}, "properties": {"tls": "30313177", "edge": "4776831#4", "links": [0, 1], "bearing": 228.3}}, {"type": "Feature", "geometry": {"type": "Point", "coordinates": [2.1431517, 41.3977435]}, "properties": {"tls": "30313177", "edge": "237506929#2", "links": [2, 3, 4, 5], "bearing": 317.2}}, {"type": "Feature", "geometry": {"type": "Point", "coordinates": [2.1444886, 41.3968073]}, "properties": {"tls": "30313179", "edge": "1422093909#0", "links": [0, 1], "bearing": 229.8}}, {"type": "Feature", "geometry": {"type": "Point", "coordinates": [2.1444662, 41.3966919]}, "properties": {"tls": "30313179", "edge": "918459858#5", "links": [2, 3, 4], "bearing": 318.6}}, {"type": "Feature", "geometry": {"type": "Point", "coordinates": [2.1456321, 41.3958834]}, "properties": {"tls": "30313182", "edge": "4752018#8", "links": [0, 1], "bearing": 233.3}}, {"type": "Feature", "geometry": {"type": "Point", "coordinates": [2.145621, 41.3957834]}, "properties": {"tls": "30313182", "edge": "918459858#0", "links": [2, 3], "bearing": 317.4}}, {"type": "Feature", "geometry": {"type": "Point", "coordinates": [2.138561, 41.3872215]}, "properties": {"tls": "30558512", "edge": "4776850#1", "links": [0, 1, 2, 3], "bearing": 42.6}}, {"type": "Feature", "geometry": {"type": "Point", "coordinates": [2.1385611, 41.3873946]}, "properties": {"tls": "30558512", "edge": "43872044#0", "links": [4, 5, 6, 7], "bearing": 146.8}}, {"type": "Feature", "geometry": {"type": "Point", "coordinates": [2.1643964, 41.4146694]}, "properties": {"tls": "30688888", "edge": "71402934#0", "links": [0, 1, 2, 3], "bearing": 257.7}}, {"type": "Feature", "geometry": {"type": "Point", "coordinates": [2.1641723, 41.4147362]}, "properties": {"tls": "30688888", "edge": "4788262#1", "links": [4, 5, 6, 7], "bearing": 141.9}}, {"type": "Feature", "geometry": {"type": "Point", "coordinates": [2.1361217, 41.3969887]}, "properties": {"tls": "31285283", "edge": "136417918#3", "links": [0, 1], "bearing": 270.9}}, {"type": "Feature", "geometry": {"type": "Point", "coordinates": [2.136043, 41.3969128]}, "properties": {"tls": "31285283", "edge": "250677328#0", "links": [2, 3, 4, 5], "bearing": 328.4}}, {"type": "Feature", "geometry": {"type": "Point", "coordinates": [2.1307424, 41.4040201]}, "properties": {"tls": "31285424", "edge": "198597878#0", "links": [0, 1, 2, 3], "bearing": 234.9}}, {"type": "Feature", "geometry": {"type": "Point", "coordinates": [2.1306737, 41.4038802]}, "properties": {"tls": "31285424", "edge": "198597865#21", "links": [4, 5, 6, 7, 8], "bearing": 330.4}}, {"type": "Feature", "geometry": {"type": "Point", "coordinates": [2.1315153, 41.4027803]}, "properties": {"tls": "31285427", "edge": "198597865#17", "links": [0, 1, 2, 3], "bearing": 331.1}}, {"type": "Feature", "geometry": {"type": "Point", "coordinates": [2.1313315, 41.4027911]}, "properties": {"tls": "31285427", "edge": "198597876#0", "links": [4, 5, 6, 7], "bearing": 59.2}}, {"type": "Feature", "geometry": {"type": "Point", "coordinates": [2.1313589, 41.4028916]}, "properties": {"tls": "31285427", "edge": "-198597865#20", "links": [8, 9], "bearing": 151.0}}, {"type": "Feature", "geometry": {"type": "Point", "coordinates": [2.1330415, 41.4010163]}, "properties": {"tls": "31285431", "edge": "84036382#0", "links": [0, 1], "bearing": 226.8}}, {"type": "Feature", "geometry": {"type": "Point", "coordinates": [2.1330021, 41.4008528]}, "properties": {"tls": "31285431", "edge": "198597865#6", "links": [2, 3, 4, 5], "bearing": 330.3}}, {"type": "Feature", "geometry": {"type": "Point", "coordinates": [2.132816, 41.4008598]}, "properties": {"tls": "31285431", "edge": "628669225#0", "links": [6, 7, 8], "bearing": 60.6}}, {"type": "Feature", "geometry": {"type": "Point", "coordinates": [2.1328212, 41.4009919]}, "properties": {"tls": "31285431", "edge": "-198597865#10", "links": [9, 10], "bearing": 150.4}}, {"type": "Feature", "geometry": {"type": "Point", "coordinates": [2.13338, 41.4003553]}, "properties": {"tls": "31285432", "edge": "198597865#2", "links": [0, 1, 2, 3, 4], "bearing": 332.4}}, {"type": "Feature", "geometry": {"type": "Point", "coordinates": [2.1332387, 41.4004472]}, "properties": {"tls": "31285432", "edge": "-198597865#8", "links": [5, 6, 7], "bearing": 149.8}}, {"type": "Feature", "geometry": {"type": "Point", "coordinates": [2.1365561, 41.3962558]}, "properties": {"tls": "31285435", "edge": "237515356#4", "links": [0, 1, 2, 3], "bearing": 329.4}}, {"type": "Feature", "geometry": {"type": "Point", "coordinates": [2.1363659, 41.396287]}, "properties": {"tls": "31285435", "edge": "53357021#2", "links": [4, 5, 6], "bearing": 60.0}}, {"type": "Feature", "geometry": {"type": "Point", "coordinates": [2.1836102, 41.3923201]}, "properties": {"tls": "312891599", "edge": "237914537#4", "links": [0, 1, 2, 3], "bearing": 226.5}}, {"type": "Feature", "geometry": {"type": "Point", "coordinates": [2.1834503, 41.3923477]}, "properties": {"tls": "312891599", "edge": "450282686#0", "links": [4, 5], "bearing": 142.7}}, {"type": "Feature", "geometry": {"type": "Point", "coordinates": [2.1301214, 41.4047744]}, "properties": {"tls": "324231840", "edge": "-237506957#1", "links": [0, 1], "bearing": 232.4}}, {"type": "Feature", "geometry": {"type": "Point", "coordinates": [2.130113, 41.4045801]}, "properties": {"tls": "324231840", "edge": "709075302#0", "links": [2, 3, 4, 5], "bearing": 329.9}}, {"type": "Feature", "geometry": {"type": "Point", "coordinates": [2.1299218, 41.4045909]}, "properties": {"tls": "324231840", "edge": "139259333#0", "links": [6, 7], "bearing": 55.4}}, {"type": "Feature", "geometry": {"type": "Point", "coordinates": [2.1257659, 41.4023883]}, "properties": {"tls": "330416921", "edge": "-309869834#1", "links": [0, 1], "bearing": 235.0}}, {"type": "Feature", "geometry": {"type": "Point", "coordinates": [2.1257959, 41.4022204]}, "properties": {"tls": "330416921", "edge": "301453291#0", "links": [2, 3], "bearing": 322.6}}, {"type": "Feature", "geometry": {"type": "Point", "coordinates": [2.1256397, 41.4022473]}, "properties": {"tls": "330416921", "edge": "872347729", "links": [4, 5], "bearing": 53.7}}, {"type": "Feature", "geometry": {"type": "Point", "coordinates": [2.1256161, 41.4024217]}, "properties": {"tls": "330416921", "edge": "301453292#1", "links": [6, 7], "bearing": 149.8}}, {"type": "Feature", "geometry": {"type": "Point", "coordinates": [2.1245465, 41.4017033]}, "properties": {"tls": "330416987", "edge": "-421673744#1", "links": [0, 1, 2], "bearing": 233.8}}, {"type": "Feature", "geometry": {"type": "Point", "coordinates": [2.1243981, 41.4015481]}, "properties": {"tls": "330416987", "edge": "1525698709", "links": [3, 4, 5], "bearing": 54.0}}, {"type": "Feature", "geometry": {"type": "Point", "coordinates": [2.1243777, 41.4017229]}, "properties": {"tls": "330416987", "edge": "33474057#4", "links": [6, 7, 8, 9], "bearing": 144.0}}, {"type": "Feature", "geometry": {"type": "Point", "coordinates": [2.114473, 41.4012874]}, "properties": {"tls": "358505175", "edge": "31989376#0", "links": [0, 1, 2], "bearing": 37.4}}, {"type": "Feature", "geometry": {"type": "Point", "coordinates": [2.1256149, 41.3958546]}, "properties": {"tls": "364719512", "edge": "1527851318#2", "links": [0, 1, 2, 3], "bearing": 198.1}}, {"type": "Feature", "geometry": {"type": "Point", "coordinates": [2.1257479, 41.3957253]}, "properties": {"tls": "364719512", "edge": "35682480#2", "links": [4, 5, 6, 7], "bearing": 289.4}}, {"type": "Feature", "geometry": {"type": "Point", "coordinates": [2.1255971, 41.3956352]}, "properties": {"tls": "364719512", "edge": "-554896192#1", "links": [8, 9, 10, 11, 12], "bearing": 13.0}}, {"type": "Feature", "geometry": {"type": "Point", "coordinates": [2.1766223, 41.4196161]}, "properties": {"tls": "387130524", "edge": "-1246090564#2", "links": [0, 1, 2], "bearing": 195.7}}, {"type": "Feature", "geometry": {"type": "Point", "coordinates": [2.1766348, 41.4194269]}, "properties": {"tls": "387130524", "edge": "1246090563#0", "links": [3, 4, 5], "bearing": 17.1}}, {"type": "Feature", "geometry": {"type": "Point", "coordinates": [2.1659649, 41.4091006]}, "properties": {"tls": "412442324", "edge": "363025532#0", "links": [0, 1], "bearing": 231.2}}, {"type": "Feature", "geometry": {"type": "Point", "coordinates": [2.1657831, 41.4091044]}, "properties": {"tls": "412442324", "edge": "1092587536#3", "links": [2, 3, 4], "bearing": 135.4}}, {"type": "Feature", "geometry": {"type": "Point", "coordinates": [2.1314956, 41.4055452]}, "properties": {"tls": "432510028", "edge": "-680884120", "links": [0, 1, 2], "bearing": 233.4}}, {"type": "Feature", "geometry": {"type": "Point", "coordinates": [2.1315353, 41.40538]}, "properties": {"tls": "432510028", "edge": "-37137278#2", "links": [3, 4], "bearing": 322.0}}, {"type": "Feature", "geometry": {"type": "Point", "coordinates": [2.1313464, 41.4053903]}, "properties": {"tls": "432510028", "edge": "1525698707", "links": [5, 6, 7], "bearing": 54.7}}, {"type": "Feature", "geometry": {"type": "Point", "coordinates": [2.1928279, 41.4025156]}, "properties": {"tls": "4411622709", "edge": "440740426#0", "links": [0, 1, 2], "bearing": 224.3}}, {"type": "Feature", "geometry": {"type": "Point", "coordinates": [2.1928371, 41.4023896]}, "properties": {"tls": "4411622709", "edge": "440788956", "links": [3], "bearing": 315.7}}, {"type": "Feature", "geometry": {"type": "Point", "coordinates": [2.1926408, 41.4025088]}, "properties": {"tls": "4411622709", "edge": "446194012#0", "links": [4, 5], "bearing": 125.8}}, {"type": "Feature", "geometry": {"type": "Point", "coordinates": [2.1294881, 41.4044312]}, "properties": {"tls": "535228364", "edge": "-139259333#1", "links": [0, 1, 2], "bearing": 234.9}}, {"type": "Feature", "geometry": {"type": "Point", "coordinates": [2.1295209, 41.404265]}, "properties": {"tls": "535228364", "edge": "139261495", "links": [3, 4, 5], "bearing": 323.8}}, {"type": "Feature", "geometry": {"type": "Point", "coordinates": [2.1293651, 41.4042924]}, "properties": {"tls": "535228364", "edge": "1525698708#0", "links": [6, 7, 8], "bearing": 53.9}}, {"type": "Feature", "geometry": {"type": "Point", "coordinates": [2.1280315, 41.4036108]}, "properties": {"tls": "535228377", "edge": "-1525698708#1", "links": [0, 1, 2], "bearing": 233.7}}, {"type": "Feature", "geometry": {"type": "Point", "coordinates": [2.1278782, 41.4034548]}, "properties": {"tls": "535228377", "edge": "421673618#0", "links": [3, 4, 5], "bearing": 55.0}}, {"type": "Feature", "geometry": {"type": "Point", "coordinates": [2.1278608, 41.4036297]}, "properties": {"tls": "535228377", "edge": "26293945#5", "links": [6, 7, 8, 9], "bearing": 144.4}}, {"type": "Feature", "geometry": {"type": "Point", "coordinates": [2.1269516, 41.403029]}, "properties": {"tls": "535228382", "edge": "-421673618#1", "links": [0, 1, 2], "bearing": 235.2}}, {"type": "Feature", "geometry": {"type": "Point", "coordinates": [2.1269691, 41.4028542]}, "properties": {"tls": "535228382", "edge": "44868697#6", "links": [3, 4, 5, 6], "bearing": 324.0}}, {"type": "Feature", "geometry": {"type": "Point", "coordinates": [2.1267951, 41.4028717]}, "properties": {"tls": "535228382", "edge": "309869834#0", "links": [7, 8, 9], "bearing": 53.7}}, {"type": "Feature", "geometry": {"type": "Point", "coordinates": [2.1408675, 41.385376]}, "properties": {"tls": "557230386", "edge": "1007205015#0", "links": [0, 1], "bearing": 272.4}}, {"type": "Feature", "geometry": {"type": "Point", "coordinates": [2.1406322, 41.3854568]}, "properties": {"tls": "557230386", "edge": "43872044#9", "links": [2, 3, 4], "bearing": 142.5}}, {"type": "Feature", "geometry": {"type": "Point", "coordinates": [2.1267767, 41.3799012]}, "properties": {"tls": "60591980", "edge": "8087441#0", "links": [0, 1, 2], "bearing": 317.8}}, {"type": "Feature", "geometry": {"type": "Point", "coordinates": [2.1266082, 41.3798995]}, "properties": {"tls": "60591980", "edge": "8087198#4", "links": [3, 4], "bearing": 51.5}}, {"type": "Feature", "geometry": {"type": "Point", "coordinates": [2.1520341, 41.4039811]}, "properties": {"tls": "60969502", "edge": "1264830090", "links": [0, 1, 2], "bearing": 234.8}}, {"type": "Feature", "geometry": {"type": "Point", "coordinates": [2.1519709, 41.4038481]}, "properties": {"tls": "60969502", "edge": "296827111#2", "links": [3, 4, 5], "bearing": 340.8}}, {"type": "Feature", "geometry": {"type": "Point", "coordinates": [2.1516053, 41.4045106]}, "properties": {"tls": "60969514", "edge": "8590894#1", "links": [0, 1], "bearing": 239.4}}, {"type": "Feature", "geometry": {"type": "Point", "coordinates": [2.1515543, 41.4043967]}, "properties": {"tls": "60969514", "edge": "296827111#4", "links": [2, 3], "bearing": 329.3}}, {"type": "Feature", "geometry": {"type": "Point", "coordinates": [2.1943419, 41.3986873]}, "properties": {"tls": "6225821935", "edge": "-1408662080", "links": [0], "bearing": 211.7}}, {"type": "Feature", "geometry": {"type": "Point", "coordinates": [2.1940474, 41.3983178]}, "properties": {"tls": "6225821935", "edge": "310929461#1", "links": [1, 2], "bearing": 31.4}}, {"type": "Feature", "geometry": {"type": "Point", "coordinates": [2.1940392, 41.3983228]}, "properties": {"tls": "6225821935", "edge": "531164025#1", "links": [3, 4, 5, 6], "bearing": 48.4}}, {"type": "Feature", "geometry": {"type": "Point", "coordinates": [2.1202585, 41.3655377]}, "properties": {"tls": "6322601839", "edge": "-23792468#1", "links": [0, 1], "bearing": 336.8}}, {"type": "Feature", "geometry": {"type": "Point", "coordinates": [2.1201145, 41.3655877]}, "properties": {"tls": "6322601839", "edge": "1462141165", "links": [2, 3, 4], "bearing": 130.0}}, {"type": "Feature", "geometry": {"type": "Point", "coordinates": [2.1381416, 41.3941623]}, "properties": {"tls": "667387213", "edge": "24793591#0", "links": [0, 1], "bearing": 345.5}}, {"type": "Feature", "geometry": {"type": "Point", "coordinates": [2.1379968, 41.394251]}, "properties": {"tls": "667387213", "edge": "709075301#2", "links": [2, 3], "bearing": 90.0}}, {"type": "Feature", "geometry": {"type": "Point", "coordinates": [2.137584, 41.394405]}, "properties": {"tls": "667387223", "edge": "24793409#2", "links": [0], "bearing": 83.0}}, {"type": "Feature", "geometry": {"type": "Point", "coordinates": [2.1376767, 41.3944833]}, "properties": {"tls": "667387223", "edge": "709075301#0", "links": [1, 2], "bearing": 170.7}}, {"type": "Feature", "geometry": {"type": "Point", "coordinates": [2.1265462, 41.3967572]}, "properties": {"tls": "692247917", "edge": "444717169", "links": [0], "bearing": 229.6}}, {"type": "Feature", "geometry": {"type": "Point", "coordinates": [2.1265871, 41.3966059]}, "properties": {"tls": "692247917", "edge": "55037926#1", "links": [1, 2], "bearing": 318.7}}, {"type": "Feature", "geometry": {"type": "Point", "coordinates": [2.1264308, 41.3966254]}, "properties": {"tls": "692247917", "edge": "-1527851318#1", "links": [3, 4], "bearing": 50.3}}, {"type": "Feature", "geometry": {"type": "Point", "coordinates": [2.1282718, 41.3809192]}, "properties": {"tls": "700947151", "edge": "55800846#0", "links": [0], "bearing": 52.2}}, {"type": "Feature", "geometry": {"type": "Point", "coordinates": [2.1283712, 41.3810425]}, "properties": {"tls": "700947151", "edge": "237960951#0", "links": [1, 2, 3], "bearing": 164.2}}, {"type": "Feature", "geometry": {"type": "Point", "coordinates": [2.1834481, 41.3888653]}, "properties": {"tls": "7650348439", "edge": "1360091586#0", "links": [0, 1, 2, 3], "bearing": 46.7}}, {"type": "Feature", "geometry": {"type": "Point", "coordinates": [2.1405002, 41.3971269]}, "properties": {"tls": "8175209748", "edge": "136417918#0", "links": [0], "bearing": 231.3}}, {"type": "Feature", "geometry": {"type": "Point", "coordinates": [2.1405272, 41.3970714]}, "properties": {"tls": "8175209748", "edge": "136417917", "links": [1], "bearing": 275.9}}, {"type": "Feature", "geometry": {"type": "Point", "coordinates": [2.1474582, 41.3751937]}, "properties": {"tls": "8745736544", "edge": "-1223104002#1", "links": [0, 1, 2], "bearing": 270.4}}, {"type": "Feature", "geometry": {"type": "Point", "coordinates": [2.1473646, 41.3750436]}, "properties": {"tls": "8745736544", "edge": "-61936333", "links": [3, 4], "bearing": 0.5}}, {"type": "Feature", "geometry": {"type": "Point", "coordinates": [2.1472387, 41.3751401]}, "properties": {"tls": "8745736544", "edge": "243598400#5", "links": [5, 6, 7], "bearing": 92.7}}, {"type": "Feature", "geometry": {"type": "Point", "coordinates": [2.146203, 41.378193]}, "properties": {"tls": "9056235029", "edge": "889215507#0", "links": [0, 1, 2, 3, 4], "bearing": 225.6}}, {"type": "Feature", "geometry": {"type": "Point", "coordinates": [2.1316336, 41.3682818]}, "properties": {"tls": "966339770", "edge": "43125900#0", "links": [0, 1, 2, 3], "bearing": 236.5}}, {"type": "Feature", "geometry": {"type": "Point", "coordinates": [2.1315704, 41.3680951]}, "properties": {"tls": "966339770", "edge": "-539012766#1", "links": [4, 5, 6], "bearing": 340.5}}, {"type": "Feature", "geometry": {"type": "Point", "coordinates": [2.1313879, 41.3681262]}, "properties": {"tls": "966339770", "edge": "80394342#1", "links": [7, 8], "bearing": 58.4}}, {"type": "Feature", "geometry": {"type": "Point", "coordinates": [2.1313995, 41.3683023]}, "properties": {"tls": "966339770", "edge": "1232189419#0", "links": [9, 10], "bearing": 157.1}}, {"type": "Feature", "geometry": {"type": "Point", "coordinates": [2.1402111, 41.4040079]}, "properties": {"tls": "GS_1002675928", "edge": "777231951", "links": [0], "bearing": 312.3}}, {"type": "Feature", "geometry": {"type": "Point", "coordinates": [2.1399907, 41.4040338]}, "properties": {"tls": "GS_1002675928", "edge": "86331339#0", "links": [1, 2, 3], "bearing": 56.9}}, {"type": "Feature", "geometry": {"type": "Point", "coordinates": [2.1574093, 41.384639]}, "properties": {"tls": "GS_10177414030", "edge": "1112404103", "links": [0, 1, 2], "bearing": 50.9}}, {"type": "Feature", "geometry": {"type": "Point", "coordinates": [2.1573961, 41.3847325]}, "properties": {"tls": "GS_10177414030", "edge": "1112404102#0", "links": [3, 4, 5], "bearing": 135.0}}, {"type": "Feature", "geometry": {"type": "Point", "coordinates": [2.1610652, 41.3802627]}, "properties": {"tls": "GS_1043786431", "edge": "1408645395#0", "links": [0, 1, 2, 3], "bearing": 315.6}}, {"type": "Feature", "geometry": {"type": "Point", "coordinates": [2.1608659, 41.3802625]}, "properties": {"tls": "GS_1043786431", "edge": "591631503#3", "links": [4, 5, 6, 7, 8], "bearing": 45.6}}, {"type": "Feature", "geometry": {"type": "Point", "coordinates": [2.1786367, 41.4188039]}, "properties": {"tls": "GS_1046599625", "edge": "552864706#0", "links": [0], "bearing": 316.9}}, {"type": "Feature", "geometry": {"type": "Point", "coordinates": [2.178452, 41.4188653]}, "properties": {"tls": "GS_1046599625", "edge": "283135602#5", "links": [1, 2], "bearing": 78.8}}, {"type": "Feature", "geometry": {"type": "Point", "coordinates": [2.1917737, 41.4065483]}, "properties": {"tls": "GS_10649558039", "edge": "1049886694#0", "links": [0], "bearing": 315.8}}, {"type": "Feature", "geometry": {"type": "Point", "coordinates": [2.1916336, 41.4066029]}, "properties": {"tls": "GS_10649558039", "edge": "429103646#0", "links": [1, 2], "bearing": 112.9}}, {"type": "Feature", "geometry": {"type": "Point", "coordinates": [2.1902972, 41.414664]}, "properties": {"tls": "GS_10926004932", "edge": "284579037#0", "links": [0, 1, 2, 3, 4], "bearing": 226.3}}, {"type": "Feature", "geometry": {"type": "Point", "coordinates": [2.1902873, 41.4145083]}, "properties": {"tls": "GS_10926004932", "edge": "1175869289#0", "links": [5, 6, 7], "bearing": 354.4}}, {"type": "Feature", "geometry": {"type": "Point", "coordinates": [2.1719766, 41.3940984]}, "properties": {"tls": "GS_11012409292", "edge": "478525262#4", "links": [0, 1], "bearing": 225.8}}, {"type": "Feature", "geometry": {"type": "Point", "coordinates": [2.1720046, 41.3940011]}, "properties": {"tls": "GS_11012409292", "edge": "1185522070#0", "links": [2], "bearing": 293.2}}, {"type": "Feature", "geometry": {"type": "Point", "coordinates": [2.1239326, 41.3994361]}, "properties": {"tls": "GS_11117566675", "edge": "703257772#0", "links": [0], "bearing": 2.5}}, {"type": "Feature", "geometry": {"type": "Point", "coordinates": [2.1238565, 41.3994834]}, "properties": {"tls": "GS_11117566675", "edge": "1170999091", "links": [1], "bearing": 70.0}}, {"type": "Feature", "geometry": {"type": "Point", "coordinates": [2.1355741, 41.3978133]}, "properties": {"tls": "GS_1116623921", "edge": "308378774#0", "links": [0, 1, 2], "bearing": 269.7}}, {"type": "Feature", "geometry": {"type": "Point", "coordinates": [2.1354872, 41.3976499]}, "properties": {"tls": "GS_1116623921", "edge": "250677328#2", "links": [3, 4, 5, 6, 7, 8], "bearing": 328.7}}, {"type": "Feature", "geometry": {"type": "Point", "coordinates": [2.1351574, 41.3977547]}, "properties": {"tls": "GS_1116623921", "edge": "-243525358#2", "links": [9, 10, 11], "bearing": 89.8}}, {"type": "Feature", "geometry": {"type": "Point", "coordinates": [2.1767867, 41.3855698]}, "properties": {"tls": "GS_11178765233", "edge": "1206382243", "links": [0, 1], "bearing": 225.9}}, {"type": "Feature", "geometry": {"type": "Point", "coordinates": [2.1768151, 41.3854408]}, "properties": {"tls": "GS_11178765233", "edge": "-246642910#4", "links": [2, 3], "bearing": 314.3}}, {"type": "Feature", "geometry": {"type": "Point", "coordinates": [2.1765994, 41.3855381]}, "properties": {"tls": "GS_11178765233", "edge": "20475892#8", "links": [4, 5, 6], "bearing": 135.2}}, {"type": "Feature", "geometry": {"type": "Point", "coordinates": [2.1447594, 41.3787805]}, "properties": {"tls": "GS_1121909724", "edge": "4813521#1", "links": [0, 1, 2], "bearing": 59.5}}, {"type": "Feature", "geometry": {"type": "Point", "coordinates": [2.1448137, 41.3789114]}, "properties": {"tls": "GS_1121909724", "edge": "1395752172#0", "links": [3, 4, 5, 6, 7], "bearing": 134.0}}, {"type": "Feature", "geometry": {"type": "Point", "coordinates": [2.1694364, 41.3865632]}, "properties": {"tls": "GS_1126640615", "edge": "126304603#0", "links": [0, 1, 2], "bearing": 328.0}}, {"type": "Feature", "geometry": {"type": "Point", "coordinates": [2.1692555, 41.3865761]}, "properties": {"tls": "GS_1126640615", "edge": "11680392#0", "links": [3, 4], "bearing": 63.9}}, {"type": "Feature", "geometry": {"type": "Point", "coordinates": [2.1179941, 41.3758927]}, "properties": {"tls": "GS_11373542260", "edge": "239293915#3", "links": [0, 1], "bearing": 205.1}}, {"type": "Feature", "geometry": {"type": "Point", "coordinates": [2.1180309, 41.3756671]}, "properties": {"tls": "GS_11373542260", "edge": "4744850#3", "links": [2, 3, 4], "bearing": 342.6}}, {"type": "Feature", "geometry": {"type": "Point", "coordinates": [2.1178456, 41.3757537]}, "properties": {"tls": "GS_11373542260", "edge": "544658923#0", "links": [5, 6], "bearing": 90.4}}, {"type": "Feature", "geometry": {"type": "Point", "coordinates": [2.1810989, 41.4130955]}, "properties": {"tls": "GS_11541136046", "edge": "377053769#0", "links": [0, 1], "bearing": 204.9}}, {"type": "Feature", "geometry": {"type": "Point", "coordinates": [2.1809475, 41.4130664]}, "properties": {"tls": "GS_11541136046", "edge": "1242061592", "links": [2], "bearing": 118.9}}, {"type": "Feature", "geometry": {"type": "Point", "coordinates": [2.1324372, 41.4077384]}, "properties": {"tls": "GS_1233754582", "edge": "44868700#0", "links": [0], "bearing": 298.9}}, {"type": "Feature", "geometry": {"type": "Point", "coordinates": [2.1322881, 41.4078094]}, "properties": {"tls": "GS_1233754582", "edge": "43841886#1", "links": [1], "bearing": 127.1}}, {"type": "Feature", "geometry": {"type": "Point", "coordinates": [2.1241865, 41.3858652]}, "properties": {"tls": "GS_1258203865", "edge": "49582362#0", "links": [0], "bearing": 63.4}}, {"type": "Feature", "geometry": {"type": "Point", "coordinates": [2.1242052, 41.385998]}, "properties": {"tls": "GS_1258203865", "edge": "4752116#0", "links": [1, 2, 3], "bearing": 137.2}}, {"type": "Feature", "geometry": {"type": "Point", "coordinates": [2.1688738, 41.4002977]}, "properties": {"tls": "GS_126797329", "edge": "294798016#14", "links": [0], "bearing": 226.5}}, {"type": "Feature", "geometry": {"type": "Point", "coordinates": [2.1688585, 41.4001806]}, "properties": {"tls": "GS_126797329", "edge": "68506263#0", "links": [1, 2], "bearing": 314.8}}, {"type": "Feature", "geometry": {"type": "Point", "coordinates": [2.1631108, 41.4046792]}, "properties": {"tls": "GS_126797984", "edge": "-237725966#2", "links": [0, 1, 2], "bearing": 230.2}}, {"type": "Feature", "geometry": {"type": "Point", "coordinates": [2.163119, 41.4045367]}, "properties": {"tls": "GS_126797984", "edge": "140001515#0", "links": [3, 4, 5], "bearing": 316.6}}, {"type": "Feature", "geometry": {"type": "Point", "coordinates": [2.1629656, 41.4045249]}, "properties": {"tls": "GS_126797984", "edge": "-314825294#3", "links": [6], "bearing": 49.9}}, {"type": "Feature", "geometry": {"type": "Point", "coordinates": [2.190199, 41.4180143]}, "properties": {"tls": "GS_1303430343", "edge": "115319597#0", "links": [0, 1], "bearing": 224.5}}, {"type": "Feature", "geometry": {"type": "Point", "coordinates": [2.1901873, 41.4178715]}, "properties": {"tls": "GS_1303430343", "edge": "1409588481#0", "links": [2, 3, 4, 5], "bearing": 315.8}}, {"type": "Feature", "geometry": {"type": "Point", "coordinates": [2.1900147, 41.4178512]}, "properties": {"tls": "GS_1303430343", "edge": "-176821928#5", "links": [6], "bearing": 45.6}}, {"type": "Feature", "geometry": {"type": "Point", "coordinates": [2.1890729, 41.417177]}, "properties": {"tls": "GS_1303430364", "edge": "176821928#0", "links": [0, 1], "bearing": 224.7}}, {"type": "Feature", "geometry": {"type": "Point", "coordinates": [2.1889269, 41.4170259]}, "properties": {"tls": "GS_1303430364", "edge": "-176821928#8", "links": [2, 3], "bearing": 46.2}}, {"type": "Feature", "geometry": {"type": "Point", "coordinates": [2.188914, 41.4171657]}, "properties": {"tls": "GS_1303430364", "edge": "310308292#4", "links": [4, 5, 6, 7], "bearing": 135.2}}, {"type": "Feature", "geometry": {"type": "Point", "coordinates": [2.18646, 41.4019035]}, "properties": {"tls": "GS_13179936502", "edge": "-1207216243#7", "links": [0], "bearing": 226.0}}, {"type": "Feature", "geometry": {"type": "Point", "coordinates": [2.1863306, 41.4017836]}, "properties": {"tls": "GS_13179936502", "edge": "984712369#0", "links": [1, 2], "bearing": 43.8}}, {"type": "Feature", "geometry": {"type": "Point", "coordinates": [2.1596212, 41.3863464]}, "properties": {"tls": "GS_13228605046", "edge": "1321514100#0", "links": [0], "bearing": 88.9}}, {"type": "Feature", "geometry": {"type": "Point", "coordinates": [2.1596736, 41.386433]}, "properties": {"tls": "GS_13228605046", "edge": "1441734225#1", "links": [1, 2, 3], "bearing": 136.4}}, {"type": "Feature", "geometry": {"type": "Point", "coordinates": [2.1333077, 41.3946223]}, "properties": {"tls": "GS_1377806858", "edge": "123616984#3", "links": [0, 1, 2], "bearing": 216.7}}, {"type": "Feature", "geometry": {"type": "Point", "coordinates": [2.1331771, 41.3946311]}, "properties": {"tls": "GS_1377806858", "edge": "55065740#4", "links": [3, 4], "bearing": 144.6}}, {"type": "Feature", "geometry": {"type": "Point", "coordinates": [2.1794077, 41.3780543]}, "properties": {"tls": "GS_1400693886", "edge": "246640824#8", "links": [0, 1], "bearing": 211.7}}, {"type": "Feature", "geometry": {"type": "Point", "coordinates": [2.1792439, 41.3780302]}, "properties": {"tls": "GS_1400693886", "edge": "126328435#0", "links": [2], "bearing": 115.6}}, {"type": "Feature", "geometry": {"type": "Point", "coordinates": [2.1578752, 41.3978769]}, "properties": {"tls": "GS_1457931649", "edge": "401951398#3", "links": [0, 1], "bearing": 287.9}}, {"type": "Feature", "geometry": {"type": "Point", "coordinates": [2.1577098, 41.3978365]}, "properties": {"tls": "GS_1457931649", "edge": "237652080#0", "links": [2], "bearing": 43.6}}, {"type": "Feature", "geometry": {"type": "Point", "coordinates": [2.1416219, 41.386481]}, "properties": {"tls": "GS_1475044289", "edge": "1112040480#0", "links": [0, 1, 2], "bearing": 319.1}}, {"type": "Feature", "geometry": {"type": "Point", "coordinates": [2.1414591, 41.3864563]}, "properties": {"tls": "GS_1475044289", "edge": "134123335#0", "links": [3], "bearing": 43.2}}, {"type": "Feature", "geometry": {"type": "Point", "coordinates": [2.1363611, 41.381956]}, "properties": {"tls": "GS_1477718847", "edge": "129216266#3", "links": [0, 1, 2, 3], "bearing": 331.8}}, {"type": "Feature", "geometry": {"type": "Point", "coordinates": [2.1361982, 41.3820268]}, "properties": {"tls": "GS_1477718847", "edge": "86056631#0", "links": [4, 5, 6, 7, 8], "bearing": 62.6}}, {"type": "Feature", "geometry": {"type": "Point", "coordinates": [2.1838922, 41.3893262]}, "properties": {"tls": "GS_1479161820", "edge": "404402527#0", "links": [0, 1], "bearing": 225.8}}, {"type": "Feature", "geometry": {"type": "Point", "coordinates": [2.1838497, 41.3892058]}, "properties": {"tls": "GS_1479161820", "edge": "548522728#0", "links": [2, 3, 4, 5], "bearing": 317.1}}, {"type": "Feature", "geometry": {"type": "Point", "coordinates": [2.1755634, 41.410241]}, "properties": {"tls": "GS_1482414572", "edge": "518534108#7", "links": [0, 1, 2], "bearing": 317.9}}, {"type": "Feature", "geometry": {"type": "Point", "coordinates": [2.1753812, 41.4102541]}, "properties": {"tls": "GS_1482414572", "edge": "1206073030#0", "links": [3, 4, 5, 6], "bearing": 45.7}}, {"type": "Feature", "geometry": {"type": "Point", "coordinates": [2.1307531, 41.3693566]}, "properties": {"tls": "GS_1482469049", "edge": "-1232189418#2", "links": [0], "bearing": 330.6}}, {"type": "Feature", "geometry": {"type": "Point", "coordinates": [2.1305821, 41.3693651]}, "properties": {"tls": "GS_1482469049", "edge": "23804350#0", "links": [1, 2], "bearing": 55.3}}, {"type": "Feature", "geometry": {"type": "Point", "coordinates": [2.1306184, 41.369477]}, "properties": {"tls": "GS_1482469049", "edge": "812545703#0", "links": [3], "bearing": 151.4}}, {"type": "Feature", "geometry": {"type": "Point", "coordinates": [2.1483486, 41.3797392]}, "properties": {"tls": "GS_1532752077", "edge": "1112886312#0", "links": [0, 1, 2, 3], "bearing": 225.7}}, {"type": "Feature", "geometry": {"type": "Point", "coordinates": [2.1481568, 41.3797538]}, "properties": {"tls": "GS_1532752077", "edge": "284834967#0", "links": [4, 5, 6], "bearing": 135.6}}, {"type": "Feature", "geometry": {"type": "Point", "coordinates": [2.1494975, 41.3805931]}, "properties": {"tls": "GS_1532752078", "edge": "1162460369#0", "links": [0, 1, 2, 3], "bearing": 226.6}}, {"type": "Feature", "geometry": {"type": "Point", "coordinates": [2.1495098, 41.3804453]}, "properties": {"tls": "GS_1532752078", "edge": "1409614859#0", "links": [4, 5, 6, 7, 8], "bearing": 314.2}}, {"type": "Feature", "geometry": {"type": "Point", "coordinates": [2.1517843, 41.3822987]}, "properties": {"tls": "GS_1532752080", "edge": "295124091#4", "links": [0, 1, 2, 3], "bearing": 226.1}}, {"type": "Feature", "geometry": {"type": "Point", "coordinates": [2.1518033, 41.3821557]}, "properties": {"tls": "GS_1532752080", "edge": "1408548655#0", "links": [4, 5, 6, 7], "bearing": 315.2}}, {"type": "Feature", "geometry": {"type": "Point", "coordinates": [2.1529145, 41.3831634]}, "properties": {"tls": "GS_1532752081", "edge": "295124091#0", "links": [0, 1, 2, 3, 4], "bearing": 225.5}}, {"type": "Feature", "geometry": {"type": "Point", "coordinates": [2.1527084, 41.3831656]}, "properties": {"tls": "GS_1532752081", "edge": "1112404129#0", "links": [5, 6, 7, 8], "bearing": 134.4}}, {"type": "Feature", "geometry": {"type": "Point", "coordinates": [2.1551917, 41.3848772]}, "properties": {"tls": "GS_1532752084", "edge": "1112886298#1", "links": [0, 1, 2, 3], "bearing": 224.7}}, {"type": "Feature", "geometry": {"type": "Point", "coordinates": [2.1551879, 41.3847117]}, "properties": {"tls": "GS_1532752084", "edge": "1112404111", "links": [4, 5, 6, 7, 8, 9], "bearing": 314.5}}, {"type": "Feature", "geometry": {"type": "Point", "coordinates": [2.1529355, 41.3865868]}, "properties": {"tls": "GS_1589583429", "edge": "1225776662#0", "links": [0, 1, 2, 3], "bearing": 225.3}}, {"type": "Feature", "geometry": {"type": "Point", "coordinates": [2.1529231, 41.3864251]}, "properties": {"tls": "GS_1589583429", "edge": "450145197#0", "links": [4, 5, 6, 7, 8, 9], "bearing": 314.6}}, {"type": "Feature", "geometry": {"type": "Point", "coordinates": [2.1972676, 41.3956601]}, "properties": {"tls": "GS_1621899798", "edge": "920232442#14", "links": [0, 1, 2], "bearing": 226.1}}, {"type": "Feature", "geometry": {"type": "Point", "coordinates": [2.197094, 41.3956616]}, "properties": {"tls": "GS_1621899798", "edge": "310929463#0", "links": [3, 4, 5], "bearing": 135.7}}, {"type": "Feature", "geometry": {"type": "Point", "coordinates": [2.2006917, 41.3982121]}, "properties": {"tls": "GS_1621899818", "edge": "920232442#2", "links": [0, 1], "bearing": 226.1}}, {"type": "Feature", "geometry": {"type": "Point", "coordinates": [2.2005314, 41.3982027]}, "properties": {"tls": "GS_1621899818", "edge": "253456735#6", "links": [2, 3, 4], "bearing": 135.3}}, {"type": "Feature", "geometry": {"type": "Point", "coordinates": [2.1951059, 41.3940359]}, "properties": {"tls": "GS_1621899821", "edge": "149178302#0", "links": [0, 1], "bearing": 225.6}}, {"type": "Feature", "geometry": {"type": "Point", "coordinates": [2.1949456, 41.3940253]}, "properties": {"tls": "GS_1621899821", "edge": "237927199#5", "links": [2, 3, 4], "bearing": 134.7}}, {"type": "Feature", "geometry": {"type": "Point", "coordinates": [2.1926888, 41.3922429]}, "properties": {"tls": "GS_1621899823", "edge": "149178302#9", "links": [0, 1, 2], "bearing": 226.1}}, {"type": "Feature", "geometry": {"type": "Point", "coordinates": [2.1925164, 41.3922443]}, "properties": {"tls": "GS_1621899823", "edge": "301443374#0", "links": [3, 4, 5], "bearing": 136.1}}, {"type": "Feature", "geometry": {"type": "Point", "coordinates": [2.1962195, 41.3948852]}, "properties": {"tls": "GS_1621899825", "edge": "920232443#0", "links": [0, 1], "bearing": 225.5}}, {"type": "Feature", "geometry": {"type": "Point", "coordinates": [2.1962208, 41.3947559]}, "properties": {"tls": "GS_1621899825", "edge": "274322569#5", "links": [2, 3, 4], "bearing": 315.0}}, {"type": "Feature", "geometry": {"type": "Point", "coordinates": [2.1904673, 41.3905751]}, "properties": {"tls": "GS_1621899827", "edge": "450617297#0", "links": [0], "bearing": 226.8}}, {"type": "Feature", "geometry": {"type": "Point", "coordinates": [2.1903069, 41.3905656]}, "properties": {"tls": "GS_1621899827", "edge": "546148429#0", "links": [1, 2], "bearing": 135.4}}, {"type": "Feature", "geometry": {"type": "Point", "coordinates": [2.1984265, 41.3965172]}, "properties": {"tls": "GS_1621899831", "edge": "920232442#10", "links": [0, 1], "bearing": 225.6}}, {"type": "Feature", "geometry": {"type": "Point", "coordinates": [2.1984048, 41.3963858]}, "properties": {"tls": "GS_1621899831", "edge": "237715971#1", "links": [2, 3, 4, 5], "bearing": 316.6}}, {"type": "Feature", "geometry": {"type": "Point", "coordinates": [2.1938359, 41.3930891]}, "properties": {"tls": "GS_1621899834", "edge": "149178302#5", "links": [0, 1], "bearing": 226.6}}, {"type": "Feature", "geometry": {"type": "Point", "coordinates": [2.1938184, 41.3929677]}, "properties": {"tls": "GS_1621899834", "edge": "749505064#1", "links": [2, 3, 4], "bearing": 318.6}}, {"type": "Feature", "geometry": {"type": "Point", "coordinates": [2.1995266, 41.3973482]}, "properties": {"tls": "GS_1621899836", "edge": "920232442#7", "links": [0, 1], "bearing": 223.1}}, {"type": "Feature", "geometry": {"type": "Point", "coordinates": [2.199384, 41.3973469]}, "properties": {"tls": "GS_1621899836", "edge": "237521096#5", "links": [2, 3], "bearing": 135.9}}, {"type": "Feature", "geometry": {"type": "Point", "coordinates": [2.1879668, 41.4128822]}, "properties": {"tls": "GS_1623558813", "edge": "4745532#2", "links": [0, 1], "bearing": 225.8}}, {"type": "Feature", "geometry": {"type": "Point", "coordinates": [2.1878084, 41.4128931]}, "properties": {"tls": "GS_1623558813", "edge": "149365153#1", "links": [2, 3], "bearing": 136.0}}, {"type": "Feature", "geometry": {"type": "Point", "coordinates": [2.1495133, 41.3708574]}, "properties": {"tls": "GS_168330642", "edge": "908679098#0", "links": [0, 1], "bearing": 201.3}}, {"type": "Feature", "geometry": {"type": "Point", "coordinates": [2.1495281, 41.3707083]}, "properties": {"tls": "GS_168330642", "edge": "-76168866#3", "links": [2, 3], "bearing": 15.1}}, {"type": "Feature", "geometry": {"type": "Point", "coordinates": [2.149395, 41.3708449]}, "properties": {"tls": "GS_168330642", "edge": "76168864#0", "links": [4, 5], "bearing": 133.6}}, {"type": "Feature", "geometry": {"type": "Point", "coordinates": [2.1591778, 41.3674786]}, "properties": {"tls": "GS_168491368", "edge": "-50315516", "links": [0, 1], "bearing": 232.8}}, {"type": "Feature", "geometry": {"type": "Point", "coordinates": [2.1591366, 41.3673195]}, "properties": {"tls": "GS_168491368", "edge": "54743438#1", "links": [2, 3, 4], "bearing": 340.1}}, {"type": "Feature", "geometry": {"type": "Point", "coordinates": [2.1590039, 41.3673451]}, "properties": {"tls": "GS_168491368", "edge": "246548947#0", "links": [5, 6], "bearing": 54.9}}, {"type": "Feature", "geometry": {"type": "Point", "coordinates": [2.1590047, 41.3674773]}, "properties": {"tls": "GS_168491368", "edge": "-16365469#2", "links": [7, 8], "bearing": 145.3}}, {"type": "Feature", "geometry": {"type": "Point", "coordinates": [2.1411389, 41.3634853]}, "properties": {"tls": "GS_168529451", "edge": "-309195778#9", "links": [0], "bearing": 306.2}}, {"type": "Feature", "geometry": {"type": "Point", "coordinates": [2.1409367, 41.363562]}, "properties": {"tls": "GS_168529451", "edge": "309195778#3", "links": [1], "bearing": 127.5}}, {"type": "Feature", "geometry": {"type": "Point", "coordinates": [2.1410535, 41.3636221]}, "properties": {"tls": "GS_168529451", "edge": "86250198#0", "links": [2, 3], "bearing": 178.0}}, {"type": "Feature", "geometry": {"type": "Point", "coordinates": [2.2084295, 41.3993995]}, "properties": {"tls": "GS_1710709043", "edge": "547440862", "links": [0, 1, 2, 3, 4], "bearing": 221.1}}, {"type": "Feature", "geometry": {"type": "Point", "coordinates": [2.2083058, 41.3992115]}, "properties": {"tls": "GS_1710709043", "edge": "-547440865#2", "links": [5], "bearing": 33.6}}, {"type": "Feature", "geometry": {"type": "Point", "coordinates": [2.2082295, 41.3993808]}, "properties": {"tls": "GS_1710709043", "edge": "1503616281#0", "links": [6, 7, 8, 9, 10], "bearing": 138.0}}, {"type": "Feature", "geometry": {"type": "Point", "coordinates": [2.1429861, 41.380337]}, "properties": {"tls": "GS_178542532", "edge": "237659847", "links": [0, 1, 2], "bearing": 232.2}}, {"type": "Feature", "geometry": {"type": "Point", "coordinates": [2.1428461, 41.3801631]}, "properties": {"tls": "GS_178542532", "edge": "1446037562", "links": [3, 4, 5, 6], "bearing": 50.0}}, {"type": "Feature", "geometry": {"type": "Point", "coordinates": [2.142789, 41.3803397]}, "properties": {"tls": "GS_178542532", "edge": "23348945#0", "links": [7, 8, 9, 10, 11, 12, 13], "bearing": 126.7}}, {"type": "Feature", "geometry": {"type": "Point", "coordinates": [2.209738, 41.4065996]}, "properties": {"tls": "GS_1812187366", "edge": "294393942#0", "links": [0, 1, 2], "bearing": 315.9}}, {"type": "Feature", "geometry": {"type": "Point", "coordinates": [2.2095521, 41.4066094]}, "properties": {"tls": "GS_1812187366", "edge": "237927197#4", "links": [3, 4, 5, 6], "bearing": 44.9}}, {"type": "Feature", "geometry": {"type": "Point", "coordinates": [2.1320373, 41.3922913]}, "properties": {"tls": "GS_1840720998", "edge": "1408647864", "links": [0, 1, 2, 3, 4], "bearing": 282.1}}, {"type": "Feature", "geometry": {"type": "Point", "coordinates": [2.1319449, 41.3921552]}, "properties": {"tls": "GS_1840720998", "edge": "-173223707#2", "links": [5, 6, 7], "bearing": 339.2}}, {"type": "Feature", "geometry": {"type": "Point", "coordinates": [2.1725005, 41.4125722]}, "properties": {"tls": "GS_1860569743", "edge": "309904227#1", "links": [0, 1], "bearing": 317.6}}, {"type": "Feature", "geometry": {"type": "Point", "coordinates": [2.1723624, 41.4125577]}, "properties": {"tls": "GS_1860569743", "edge": "4776838#4", "links": [2], "bearing": 45.8}}, {"type": "Feature", "geometry": {"type": "Point", "coordinates": [2.1840582, 41.4072772]}, "properties": {"tls": "GS_1860575762", "edge": "651533778#0", "links": [0, 1, 2], "bearing": 316.0}}, {"type": "Feature", "geometry": {"type": "Point", "coordinates": [2.1839202, 41.4072606]}, "properties": {"tls": "GS_1860575762", "edge": "74398637#0", "links": [3, 4], "bearing": 38.7}}, {"type": "Feature", "geometry": {"type": "Point", "coordinates": [2.1797782, 41.410532]}, "properties": {"tls": "GS_1860575765", "edge": "1526860059#0", "links": [0, 1, 2], "bearing": 315.6}}, {"type": "Feature", "geometry": {"type": "Point", "coordinates": [2.1796408, 41.410512]}, "properties": {"tls": "GS_1860575765", "edge": "1156921761#1", "links": [3, 4], "bearing": 23.2}}, {"type": "Feature", "geometry": {"type": "Point", "coordinates": [2.1411057, 41.3980885]}, "properties": {"tls": "GS_1889932481", "edge": "237506963#0", "links": [0, 1, 2], "bearing": 249.4}}, {"type": "Feature", "geometry": {"type": "Point", "coordinates": [2.1409552, 41.3979892]}, "properties": {"tls": "GS_1889932481", "edge": "-308378779#4", "links": [3, 4, 5], "bearing": 75.7}}, {"type": "Feature", "geometry": {"type": "Point", "coordinates": [2.1355545, 41.3818682]}, "properties": {"tls": "GS_1904455769", "edge": "-86056631#4", "links": [0, 1], "bearing": 243.3}}, {"type": "Feature", "geometry": {"type": "Point", "coordinates": [2.1354099, 41.3817344]}, "properties": {"tls": "GS_1904455769", "edge": "1162491019#2", "links": [2, 3, 4, 5, 6], "bearing": 65.4}}, {"type": "Feature", "geometry": {"type": "Point", "coordinates": [2.1354159, 41.3819021]}, "properties": {"tls": "GS_1904455769", "edge": "42819748#5", "links": [7, 8, 9, 10], "bearing": 153.1}}, {"type": "Feature", "geometry": {"type": "Point", "coordinates": [2.1848902, 41.3845335]}, "properties": {"tls": "GS_190971708", "edge": "-1531019691#1", "links": [0, 1, 2, 3], "bearing": 213.0}}, {"type": "Feature", "geometry": {"type": "Point", "coordinates": [2.1849111, 41.3843431]}, "properties": {"tls": "GS_190971708", "edge": "1531019694#0", "links": [4, 5, 6, 7], "bearing": 32.9}}, {"type": "Feature", "geometry": {"type": "Point", "coordinates": [2.1847057, 41.3845378]}, "properties": {"tls": "GS_190971708", "edge": "238251901#0", "links": [8, 9, 10, 11], "bearing": 130.4}}, {"type": "Feature", "geometry": {"type": "Point", "coordinates": [2.1779688, 41.3762734]}, "properties": {"tls": "GS_190981834", "edge": "553238924", "links": [0, 1, 2], "bearing": 209.8}}, {"type": "Feature", "geometry": {"type": "Point", "coordinates": [2.1780255, 41.3761511]}, "properties": {"tls": "GS_190981834", "edge": "245672928", "links": [3, 4, 5], "bearing": 294.7}}, {"type": "Feature", "geometry": {"type": "Point", "coordinates": [2.1864807, 41.3819493]}, "properties": {"tls": "GS_190985739", "edge": "287856806#0", "links": [0, 1, 2, 3], "bearing": 319.2}}, {"type": "Feature", "geometry": {"type": "Point", "coordinates": [2.1862563, 41.381959]}, "properties": {"tls": "GS_190985739", "edge": "518529171#0", "links": [4, 5, 6], "bearing": 53.4}}, {"type": "Feature", "geometry": {"type": "Point", "coordinates": [2.1859181, 41.3822851]}, "properties": {"tls": "GS_190987745", "edge": "293858826#0", "links": [0, 1, 2], "bearing": 236.4}}, {"type": "Feature", "geometry": {"type": "Point", "coordinates": [2.1859506, 41.3821755]}, "properties": {"tls": "GS_190987745", "edge": "237566151#0", "links": [3, 4, 5, 6], "bearing": 279.5}}, {"type": "Feature", "geometry": {"type": "Point", "coordinates": [2.1671302, 41.3758398]}, "properties": {"tls": "GS_192039415", "edge": "18616637#0", "links": [0, 1], "bearing": 233.8}}, {"type": "Feature", "geometry": {"type": "Point", "coordinates": [2.1670777, 41.37571]}, "properties": {"tls": "GS_192039415", "edge": "881656434", "links": [2, 3, 4, 5], "bearing": 317.8}}, {"type": "Feature", "geometry": {"type": "Point", "coordinates": [2.1755577, 41.37436]}, "properties": {"tls": "GS_192284952", "edge": "880513895#4", "links": [0, 1, 2], "bearing": 164.1}}, {"type": "Feature", "geometry": {"type": "Point", "coordinates": [2.1757504, 41.3742961]}, "properties": {"tls": "GS_192284952", "edge": "245672929#0", "links": [3, 4, 5, 6], "bearing": 232.1}}, {"type": "Feature", "geometry": {"type": "Point", "coordinates": [2.1331186, 41.3656667]}, "properties": {"tls": "GS_2013654029", "edge": "81794401#0", "links": [0, 1, 2], "bearing": 232.9}}, {"type": "Feature", "geometry": {"type": "Point", "coordinates": [2.1331689, 41.3656307]}, "properties": {"tls": "GS_2013654029", "edge": "-84506063#2", "links": [3, 4, 5], "bearing": 249.8}}, {"type": "Feature", "geometry": {"type": "Point", "coordinates": [2.1329491, 41.3654482]}, "properties": {"tls": "GS_2013654029", "edge": "79766964#0", "links": [6, 7, 8, 9], "bearing": 336.3}}, {"type": "Feature", "geometry": {"type": "Point", "coordinates": [2.1327768, 41.3654954]}, "properties": {"tls": "GS_2013654029", "edge": "917472853#0", "links": [10, 11, 12], "bearing": 73.8}}, {"type": "Feature", "geometry": {"type": "Point", "coordinates": [2.1328182, 41.3656174]}, "properties": {"tls": "GS_2013654029", "edge": "539012768#3", "links": [13, 14, 15], "bearing": 152.7}}, {"type": "Feature", "geometry": {"type": "Point", "coordinates": [2.1294316, 41.3705539]}, "properties": {"tls": "GS_2013654034", "edge": "-569040499#4", "links": [0, 1], "bearing": 320.8}}, {"type": "Feature", "geometry": {"type": "Point", "coordinates": [2.1292788, 41.3705226]}, "properties": {"tls": "GS_2013654034", "edge": "4744817#5", "links": [2, 3, 4], "bearing": 28.2}}, {"type": "Feature", "geometry": {"type": "Point", "coordinates": [2.1292327, 41.3706781]}, "properties": {"tls": "GS_2013654034", "edge": "23804347#11", "links": [5, 6], "bearing": 138.7}}, {"type": "Feature", "geometry": {"type": "Point", "coordinates": [2.1286041, 41.3711349]}, "properties": {"tls": "GS_2013654035", "edge": "27645117#3", "links": [0, 1, 2], "bearing": 213.6}}, {"type": "Feature", "geometry": {"type": "Point", "coordinates": [2.1286361, 41.3710274]}, "properties": {"tls": "GS_2013654035", "edge": "-23804347#13", "links": [3, 4], "bearing": 305.8}}, {"type": "Feature", "geometry": {"type": "Point", "coordinates": [2.1284296, 41.3710777]}, "properties": {"tls": "GS_2013654035", "edge": "23804347#8", "links": [5, 6], "bearing": 115.2}}, {"type": "Feature", "geometry": {"type": "Point", "coordinates": [2.1971017, 41.4006384]}, "properties": {"tls": "GS_2075448033", "edge": "255327542", "links": [0, 1, 2], "bearing": 45.5}}, {"type": "Feature", "geometry": {"type": "Point", "coordinates": [2.1971025, 41.4007679]}, "properties": {"tls": "GS_2075448033", "edge": "273302701#0", "links": [3, 4, 5], "bearing": 136.6}}, {"type": "Feature", "geometry": {"type": "Point", "coordinates": [2.183245, 41.3827143]}, "properties": {"tls": "GS_21638891", "edge": "237715966", "links": [0, 1, 2, 3], "bearing": 200.1}}, {"type": "Feature", "geometry": {"type": "Point", "coordinates": [2.1830565, 41.382685]}, "properties": {"tls": "GS_21638891", "edge": "1435790923", "links": [4, 5, 6], "bearing": 123.5}}, {"type": "Feature", "geometry": {"type": "Point", "coordinates": [2.1823149, 41.4052594]}, "properties": {"tls": "GS_2292981087", "edge": "1408524829#0", "links": [0, 1, 2, 3, 4, 5], "bearing": 225.5}}, {"type": "Feature", "geometry": {"type": "Point", "coordinates": [2.1823481, 41.4051053]}, "properties": {"tls": "GS_2292981087", "edge": "651533775#0", "links": [6, 7, 8, 9, 10, 11, 12], "bearing": 315.1}}, {"type": "Feature", "geometry": {"type": "Point", "coordinates": [2.1866692, 41.4169937]}, "properties": {"tls": "GS_2293731643", "edge": "1261909542", "links": [0], "bearing": 92.9}}, {"type": "Feature", "geometry": {"type": "Point", "coordinates": [2.1867891, 41.4170719]}, "properties": {"tls": "GS_2293731643", "edge": "251749483#3", "links": [1, 2, 3], "bearing": 177.3}}, {"type": "Feature", "geometry": {"type": "Point", "coordinates": [2.1599313, 41.3812733]}, "properties": {"tls": "GS_2326000392", "edge": "243591204#0", "links": [0, 1, 2, 3], "bearing": 225.2}}, {"type": "Feature", "geometry": {"type": "Point", "coordinates": [2.1599311, 41.3811225]}, "properties": {"tls": "GS_2326000392", "edge": "237655878#0", "links": [4, 5, 6, 7, 8], "bearing": 315.7}}, {"type": "Feature", "geometry": {"type": "Point", "coordinates": [2.1621833, 41.3795703]}, "properties": {"tls": "GS_2327729219", "edge": "121830607#0", "links": [0, 1], "bearing": 224.1}}, {"type": "Feature", "geometry": {"type": "Point", "coordinates": [2.1621687, 41.3794273]}, "properties": {"tls": "GS_2327729219", "edge": "223928337#0", "links": [2, 3, 4, 5], "bearing": 316.9}}, {"type": "Feature", "geometry": {"type": "Point", "coordinates": [2.1620093, 41.379399]}, "properties": {"tls": "GS_2327729219", "edge": "-591249160", "links": [6], "bearing": 43.5}}, {"type": "Feature", "geometry": {"type": "Point", "coordinates": [2.176688, 41.4186207]}, "properties": {"tls": "GS_2331122650", "edge": "224295082#1", "links": [0, 1, 2], "bearing": 218.4}}, {"type": "Feature", "geometry": {"type": "Point", "coordinates": [2.1765717, 41.4184507]}, "properties": {"tls": "GS_2331122650", "edge": "224295083#2", "links": [3, 4, 5, 6], "bearing": 41.0}}, {"type": "Feature", "geometry": {"type": "Point", "coordinates": [2.1939417, 41.3965831]}, "properties": {"tls": "GS_243338863", "edge": "466765995#5", "links": [0, 1], "bearing": 225.3}}, {"type": "Feature", "geometry": {"type": "Point", "coordinates": [2.1939421, 41.396453]}, "properties": {"tls": "GS_243338863", "edge": "274322569#12", "links": [2, 3, 4], "bearing": 315.0}}, {"type": "Feature", "geometry": {"type": "Point", "coordinates": [2.1961431, 41.3982351]}, "properties": {"tls": "GS_243338866", "edge": "237715974#0", "links": [0, 1, 2], "bearing": 225.8}}, {"type": "Feature", "geometry": {"type": "Point", "coordinates": [2.1961288, 41.3980951]}, "properties": {"tls": "GS_243338866", "edge": "237657747#0", "links": [3, 4, 5, 6], "bearing": 315.4}}, {"type": "Feature", "geometry": {"type": "Point", "coordinates": [2.2085618, 41.4076261]}, "properties": {"tls": "GS_243338875", "edge": "22689184#0", "links": [0, 1, 2], "bearing": 225.5}}, {"type": "Feature", "geometry": {"type": "Point", "coordinates": [2.2085611, 41.4074953]}, "properties": {"tls": "GS_243338875", "edge": "294393942#4", "links": [3, 4, 5], "bearing": 316.1}}, {"type": "Feature", "geometry": {"type": "Point", "coordinates": [2.2074201, 41.4067674]}, "properties": {"tls": "GS_243338876", "edge": "22689184#3", "links": [0, 1, 2], "bearing": 225.6}}, {"type": "Feature", "geometry": {"type": "Point", "coordinates": [2.2072617, 41.4067779]}, "properties": {"tls": "GS_243338876", "edge": "46711360#0", "links": [3, 4], "bearing": 135.8}}, {"type": "Feature", "geometry": {"type": "Point", "coordinates": [2.2062976, 41.4059274]}, "properties": {"tls": "GS_243338877", "edge": "22689184#7", "links": [0, 1, 2, 3, 4], "bearing": 226.1}}, {"type": "Feature", "geometry": {"type": "Point", "coordinates": [2.2062992, 41.4057993]}, "properties": {"tls": "GS_243338877", "edge": "1409584590#0", "links": [5, 6, 7, 8], "bearing": 315.7}}, {"type": "Feature", "geometry": {"type": "Point", "coordinates": [2.2029529, 41.4033909]}, "properties": {"tls": "GS_243338878", "edge": "237927200#5", "links": [0, 1, 2], "bearing": 225.4}}, {"type": "Feature", "geometry": {"type": "Point", "coordinates": [2.2027798, 41.4033904]}, "properties": {"tls": "GS_243338878", "edge": "555462044#0", "links": [3, 4, 5], "bearing": 135.2}}, {"type": "Feature", "geometry": {"type": "Point", "coordinates": [2.197268, 41.3990792]}, "properties": {"tls": "GS_243338881", "edge": "253456734#2", "links": [0, 1, 2], "bearing": 225.0}}, {"type": "Feature", "geometry": {"type": "Point", "coordinates": [2.1971093, 41.3990897]}, "properties": {"tls": "GS_243338881", "edge": "237715978#0", "links": [3, 4], "bearing": 135.7}}, {"type": "Feature", "geometry": {"type": "Point", "coordinates": [2.1903814, 41.3940365]}, "properties": {"tls": "GS_243338885", "edge": "237927201#4", "links": [0, 1, 2, 3], "bearing": 224.4}}, {"type": "Feature", "geometry": {"type": "Point", "coordinates": [2.1901959, 41.3940242]}, "properties": {"tls": "GS_243338885", "edge": "301443370#0", "links": [4, 5, 6], "bearing": 136.4}}, {"type": "Feature", "geometry": {"type": "Point", "coordinates": [2.1846927, 41.4015078]}, "properties": {"tls": "GS_243339207", "edge": "1000550226#0", "links": [0, 1], "bearing": 50.5}}, {"type": "Feature", "geometry": {"type": "Point", "coordinates": [2.1846979, 41.4016299]}, "properties": {"tls": "GS_243339207", "edge": "826518550#0", "links": [2, 3], "bearing": 133.3}}, {"type": "Feature", "geometry": {"type": "Point", "coordinates": [2.1866503, 41.4001792]}, "properties": {"tls": "GS_243339565", "edge": "1117842676#0", "links": [0, 1, 2, 3, 4], "bearing": 137.1}}, {"type": "Feature", "geometry": {"type": "Point", "coordinates": [2.1867488, 41.4002207]}, "properties": {"tls": "GS_243339565", "edge": "-1547629036", "links": [5, 6, 7, 8], "bearing": 180.1}}, {"type": "Feature", "geometry": {"type": "Point", "coordinates": [2.1830591, 41.38741]}, "properties": {"tls": "GS_243347133", "edge": "18968925#0", "links": [0, 1], "bearing": 45.0}}, {"type": "Feature", "geometry": {"type": "Point", "coordinates": [2.1830694, 41.3875326]}, "properties": {"tls": "GS_243347133", "edge": "1089649276", "links": [2, 3, 4], "bearing": 135.6}}, {"type": "Feature", "geometry": {"type": "Point", "coordinates": [2.2106758, 41.4074505]}, "properties": {"tls": "GS_247637113", "edge": "237927197#9", "links": [0, 1, 2], "bearing": 45.6}}, {"type": "Feature", "geometry": {"type": "Point", "coordinates": [2.2106763, 41.4076009]}, "properties": {"tls": "GS_247637113", "edge": "237715977#0", "links": [3, 4, 5], "bearing": 135.7}}, {"type": "Feature", "geometry": {"type": "Point", "coordinates": [2.1431458, 41.3702699]}, "properties": {"tls": "GS_2511679138", "edge": "1220534965", "links": [0, 1], "bearing": 315.0}}, {"type": "Feature", "geometry": {"type": "Point", "coordinates": [2.14301, 41.3702607]}, "properties": {"tls": "GS_2511679138", "edge": "285184653#2", "links": [2, 3], "bearing": 45.9}}, {"type": "Feature", "geometry": {"type": "Point", "coordinates": [2.1574247, 41.3865696]}, "properties": {"tls": "GS_252826185", "edge": "450137745#0", "links": [0, 1, 2, 3, 4, 5], "bearing": 226.1}}, {"type": "Feature", "geometry": {"type": "Point", "coordinates": [2.1574469, 41.3864024]}, "properties": {"tls": "GS_252826185", "edge": "295124097#0", "links": [6, 7, 8, 9, 10, 11, 12], "bearing": 315.2}}, {"type": "Feature", "geometry": {"type": "Point", "coordinates": [2.1573745, 41.4187646]}, "properties": {"tls": "GS_253790707", "edge": "-33800678#1", "links": [0, 1, 2], "bearing": 241.2}}, {"type": "Feature", "geometry": {"type": "Point", "coordinates": [2.1573014, 41.4186147]}, "properties": {"tls": "GS_253790707", "edge": "309904230#3", "links": [3, 4, 5], "bearing": 339.3}}, {"type": "Feature", "geometry": {"type": "Point", "coordinates": [2.1571692, 41.4187906]}, "properties": {"tls": "GS_253790707", "edge": "-139894187#1", "links": [6, 7, 8], "bearing": 159.3}}, {"type": "Feature", "geometry": {"type": "Point", "coordinates": [2.1338, 41.3844648]}, "properties": {"tls": "GS_2560087403", "edge": "542500770#0", "links": [0, 1], "bearing": 252.0}}, {"type": "Feature", "geometry": {"type": "Point", "coordinates": [2.1336571, 41.3845109]}, "properties": {"tls": "GS_2560087403", "edge": "906505545#1", "links": [2, 3], "bearing": 156.1}}, {"type": "Feature", "geometry": {"type": "Point", "coordinates": [2.171131, 41.4172787]}, "properties": {"tls": "GS_256484464", "edge": "450062319#0", "links": [0, 1, 2], "bearing": 206.6}}, {"type": "Feature", "geometry": {"type": "Point", "coordinates": [2.1710767, 41.4170911]}, "properties": {"tls": "GS_256484464", "edge": "-541763073#2", "links": [3, 4], "bearing": 35.9}}, {"type": "Feature", "geometry": {"type": "Point", "coordinates": [2.1709475, 41.4172256]}, "properties": {"tls": "GS_256484464", "edge": "71211628#2", "links": [5, 6], "bearing": 115.0}}, {"type": "Feature", "geometry": {"type": "Point", "coordinates": [2.1673665, 41.4155024]}, "properties": {"tls": "GS_256484485", "edge": "541763075", "links": [0, 1, 2], "bearing": 239.4}}, {"type": "Feature", "geometry": {"type": "Point", "coordinates": [2.167358, 41.4153408]}, "properties": {"tls": "GS_256484485", "edge": "4746950#2", "links": [3, 4, 5], "bearing": 330.1}}, {"type": "Feature", "geometry": {"type": "Point", "coordinates": [2.1671895, 41.4153718]}, "properties": {"tls": "GS_256484485", "edge": "542845441", "links": [6, 7], "bearing": 57.4}}, {"type": "Feature", "geometry": {"type": "Point", "coordinates": [2.1671712, 41.4155309]}, "properties": {"tls": "GS_256484485", "edge": "296815424#0", "links": [8, 9], "bearing": 145.3}}, {"type": "Feature", "geometry": {"type": "Point", "coordinates": [2.132133, 41.3666726]}, "properties": {"tls": "GS_257940879", "edge": "-1223813143", "links": [0, 1], "bearing": 333.0}}, {"type": "Feature", "geometry": {"type": "Point", "coordinates": [2.1319659, 41.3666806]}, "properties": {"tls": "GS_257940879", "edge": "187009601#0", "links": [2], "bearing": 52.3}}, {"type": "Feature", "geometry": {"type": "Point", "coordinates": [2.1320045, 41.3668275]}, "properties": {"tls": "GS_257940879", "edge": "1223813146#0", "links": [3, 4], "bearing": 163.1}}, {"type": "Feature", "geometry": {"type": "Point", "coordinates": [2.199512, 41.4007936]}, "properties": {"tls": "GS_2593809553", "edge": "253456733#0", "links": [0, 1, 2], "bearing": 226.0}}, {"type": "Feature", "geometry": {"type": "Point", "coordinates": [2.1995117, 41.4006638]}, "properties": {"tls": "GS_2593809553", "edge": "253456739#2", "links": [3, 4, 5], "bearing": 315.7}}, {"type": "Feature", "geometry": {"type": "Point", "coordinates": [2.1983952, 41.3999551]}, "properties": {"tls": "GS_2593809554", "edge": "555462042", "links": [0, 1, 2], "bearing": 225.3}}, {"type": "Feature", "geometry": {"type": "Point", "coordinates": [2.1982232, 41.3999543]}, "properties": {"tls": "GS_2593809554", "edge": "253456736#0", "links": [3, 4, 5, 6], "bearing": 135.1}}, {"type": "Feature", "geometry": {"type": "Point", "coordinates": [2.1701944, 41.3856578]}, "properties": {"tls": "GS_26057116", "edge": "920602948", "links": [0, 1, 2, 3, 4], "bearing": 336.6}}, {"type": "Feature", "geometry": {"type": "Point", "coordinates": [2.17003, 41.3857057]}, "properties": {"tls": "GS_26057116", "edge": "251733667#0", "links": [5, 6, 7, 8, 9, 10], "bearing": 59.3}}, {"type": "Feature", "geometry": {"type": "Point", "coordinates": [2.1687472, 41.3874678]}, "properties": {"tls": "GS_26057125", "edge": "8380812#0", "links": [0, 1, 2, 3, 4], "bearing": 244.6}}, {"type": "Feature", "geometry": {"type": "Point", "coordinates": [2.168754, 41.3873156]}, "properties": {"tls": "GS_26057125", "edge": "905380775", "links": [5, 6, 7], "bearing": 305.0}}, {"type": "Feature", "geometry": {"type": "Point", "coordinates": [2.1683778, 41.3874665]}, "properties": {"tls": "GS_26057125", "edge": "893745919#0", "links": [8, 9], "bearing": 124.0}}, {"type": "Feature", "geometry": {"type": "Point", "coordinates": [2.1724142, 41.3889034]}, "properties": {"tls": "GS_26057131", "edge": "68506233#0", "links": [0, 1, 2, 3], "bearing": 205.9}}, {"type": "Feature", "geometry": {"type": "Point", "coordinates": [2.1724681, 41.3888636]}, "properties": {"tls": "GS_26057131", "edge": "1104543532", "links": [4, 5, 6, 7], "bearing": 237.9}}, {"type": "Feature", "geometry": {"type": "Point", "coordinates": [2.1725019, 41.3887519]}, "properties": {"tls": "GS_26057131", "edge": "-20042722#3", "links": [8], "bearing": 316.2}}, {"type": "Feature", "geometry": {"type": "Point", "coordinates": [2.1722231, 41.388901]}, "properties": {"tls": "GS_26057131", "edge": "579981379#0", "links": [9, 10, 11, 12], "bearing": 135.0}}, {"type": "Feature", "geometry": {"type": "Point", "coordinates": [2.1664597, 41.3866059]}, "properties": {"tls": "GS_26057304", "edge": "542956873", "links": [0, 1, 2, 3, 4, 5], "bearing": 242.5}}, {"type": "Feature", "geometry": {"type": "Point", "coordinates": [2.1661666, 41.3866497]}, "properties": {"tls": "GS_26057304", "edge": "237522641#0", "links": [6, 7, 8, 9, 10], "bearing": 134.6}}, {"type": "Feature", "geometry": {"type": "Point", "coordinates": [2.1754495, 41.3899758]}, "properties": {"tls": "GS_26057342", "edge": "601810762#0", "links": [0, 1, 2, 3], "bearing": 243.9}}, {"type": "Feature", "geometry": {"type": "Point", "coordinates": [2.1752121, 41.3900154]}, "properties": {"tls": "GS_26057342", "edge": "1017861008#0", "links": [4, 5, 6], "bearing": 135.8}}, {"type": "Feature", "geometry": {"type": "Point", "coordinates": [2.163675, 41.4050089]}, "properties": {"tls": "GS_260723600", "edge": "1226968043#0", "links": [0, 1], "bearing": 229.6}}, {"type": "Feature", "geometry": {"type": "Point", "coordinates": [2.1634087, 41.4048245]}, "properties": {"tls": "GS_260723600", "edge": "237725966#0", "links": [2], "bearing": 52.3}}, {"type": "Feature", "geometry": {"type": "Point", "coordinates": [2.1634208, 41.4049347]}, "properties": {"tls": "GS_260723600", "edge": "-4852774", "links": [3], "bearing": 139.1}}, {"type": "Feature", "geometry": {"type": "Point", "coordinates": [2.1582206, 41.41054]}, "properties": {"tls": "GS_260723606", "edge": "296827101#0", "links": [0, 1], "bearing": 324.9}}, {"type": "Feature", "geometry": {"type": "Point", "coordinates": [2.1580303, 41.4105571]}, "properties": {"tls": "GS_260723606", "edge": "1264832660#0", "links": [2, 3, 4], "bearing": 57.2}}, {"type": "Feature", "geometry": {"type": "Point", "coordinates": [2.1580644, 41.4106825]}, "properties": {"tls": "GS_260723606", "edge": "-237655876#4", "links": [5, 6], "bearing": 146.0}}, {"type": "Feature", "geometry": {"type": "Point", "coordinates": [2.1632043, 41.4052829]}, "properties": {"tls": "GS_260723993", "edge": "831182071#0", "links": [0, 1, 2], "bearing": 334.1}}, {"type": "Feature", "geometry": {"type": "Point", "coordinates": [2.1630179, 41.4052797]}, "properties": {"tls": "GS_260723993", "edge": "1236963722#0", "links": [3, 4], "bearing": 50.3}}, {"type": "Feature", "geometry": {"type": "Point", "coordinates": [2.163032, 41.4054067]}, "properties": {"tls": "GS_260723993", "edge": "-238466750#2", "links": [5, 6], "bearing": 147.6}}, {"type": "Feature", "geometry": {"type": "Point", "coordinates": [2.1274617, 41.37155]}, "properties": {"tls": "GS_262988804", "edge": "-23804347#7", "links": [0, 1], "bearing": 308.5}}, {"type": "Feature", "geometry": {"type": "Point", "coordinates": [2.1272649, 41.3715297]}, "properties": {"tls": "GS_262988804", "edge": "56688074#0", "links": [2, 3, 4], "bearing": 49.6}}, {"type": "Feature", "geometry": {"type": "Point", "coordinates": [2.1272651, 41.3716343]}, "properties": {"tls": "GS_262988804", "edge": "23804347#2", "links": [5, 6], "bearing": 131.8}}, {"type": "Feature", "geometry": {"type": "Point", "coordinates": [2.1881672, 41.3957332]}, "properties": {"tls": "GS_2677447194", "edge": "883963972#0", "links": [0, 1], "bearing": 225.0}}, {"type": "Feature", "geometry": {"type": "Point", "coordinates": [2.1881766, 41.3956191]}, "properties": {"tls": "GS_2677447194", "edge": "-301443373#1", "links": [2, 3], "bearing": 315.1}}, {"type": "Feature", "geometry": {"type": "Point", "coordinates": [2.188012, 41.3957232]}, "properties": {"tls": "GS_2677447194", "edge": "31242171#0", "links": [4, 5, 6], "bearing": 136.2}}, {"type": "Feature", "geometry": {"type": "Point", "coordinates": [2.1726121, 41.4107105]}, "properties": {"tls": "GS_2690159866", "edge": "237519396#0", "links": [0, 1, 2], "bearing": 48.3}}, {"type": "Feature", "geometry": {"type": "Point", "coordinates": [2.1726168, 41.410837]}, "properties": {"tls": "GS_2690159866", "edge": "1409296656#12", "links": [3, 4, 5], "bearing": 136.1}}, {"type": "Feature", "geometry": {"type": "Point", "coordinates": [2.1356257, 41.3755268]}, "properties": {"tls": "GS_2692588225", "edge": "1514455518#0", "links": [0, 1, 2], "bearing": 218.5}}, {"type": "Feature", "geometry": {"type": "Point", "coordinates": [2.1356872, 41.375429]}, "properties": {"tls": "GS_2692588225", "edge": "-652024040#3", "links": [3, 4, 5], "bearing": 272.1}}, {"type": "Feature", "geometry": {"type": "Point", "coordinates": [2.1353964, 41.3753773]}, "properties": {"tls": "GS_2692588225", "edge": "542503067#0", "links": [6, 7, 8], "bearing": 92.2}}, {"type": "Feature", "geometry": {"type": "Point", "coordinates": [2.1366019, 41.3915759]}, "properties": {"tls": "GS_269376402", "edge": "237521074#0", "links": [0, 1, 2, 3, 4], "bearing": 283.4}}, {"type": "Feature", "geometry": {"type": "Point", "coordinates": [2.1365115, 41.3914701]}, "properties": {"tls": "GS_269376402", "edge": "449751444#0", "links": [5, 6, 7, 8, 9], "bearing": 330.4}}, {"type": "Feature", "geometry": {"type": "Point", "coordinates": [2.1361642, 41.3915845]}, "properties": {"tls": "GS_269376402", "edge": "-238862113#2", "links": [10], "bearing": 102.1}}, {"type": "Feature", "geometry": {"type": "Point", "coordinates": [2.1345503, 41.3920096]}, "properties": {"tls": "GS_269377740", "edge": "355488624#2", "links": [0, 1, 2, 3], "bearing": 250.0}}, {"type": "Feature", "geometry": {"type": "Point", "coordinates": [2.1345433, 41.3919069]}, "properties": {"tls": "GS_269377740", "edge": "909658963#0", "links": [4, 5, 6, 7, 8], "bearing": 282.2}}, {"type": "Feature", "geometry": {"type": "Point", "coordinates": [2.1338942, 41.3919328]}, "properties": {"tls": "GS_269377740", "edge": "-238862113#5", "links": [9, 10], "bearing": 102.0}}, {"type": "Feature", "geometry": {"type": "Point", "coordinates": [2.1413808, 41.3909675]}, "properties": {"tls": "GS_269379907", "edge": "123655282#0", "links": [0, 1, 2, 3, 4], "bearing": 197.3}}, {"type": "Feature", "geometry": {"type": "Point", "coordinates": [2.1414634, 41.3908327]}, "properties": {"tls": "GS_269379907", "edge": "450145193#0", "links": [5, 6, 7, 8, 9, 10], "bearing": 281.8}}, {"type": "Feature", "geometry": {"type": "Point", "coordinates": [2.166656, 41.4148862]}, "properties": {"tls": "GS_273102083", "edge": "71214513#1", "links": [0], "bearing": 334.2}}, {"type": "Feature", "geometry": {"type": "Point", "coordinates": [2.1665381, 41.4149091]}, "properties": {"tls": "GS_273102083", "edge": "296815417#0", "links": [1], "bearing": 46.6}}, {"type": "Feature", "geometry": {"type": "Point", "coordinates": [2.1635555, 41.4133666]}, "properties": {"tls": "GS_273102085", "edge": "237923121#0", "links": [0, 1], "bearing": 334.8}}, {"type": "Feature", "geometry": {"type": "Point", "coordinates": [2.1634024, 41.413397]}, "properties": {"tls": "GS_273102085", "edge": "237655877#0", "links": [2, 3, 4], "bearing": 55.8}}, {"type": "Feature", "geometry": {"type": "Point", "coordinates": [2.1714134, 41.3917173]}, "properties": {"tls": "GS_2781080542", "edge": "545084605#0", "links": [0, 1, 2], "bearing": 37.1}}, {"type": "Feature", "geometry": {"type": "Point", "coordinates": [2.1713404, 41.3917693]}, "properties": {"tls": "GS_2781080542", "edge": "273229615#0", "links": [3, 4], "bearing": 53.2}}, {"type": "Feature", "geometry": {"type": "Point", "coordinates": [2.169683, 41.3957926]}, "properties": {"tls": "GS_2819073400", "edge": "1408524843#0", "links": [0, 1, 2, 3, 4], "bearing": 225.4}}, {"type": "Feature", "geometry": {"type": "Point", "coordinates": [2.1697547, 41.3956821]}, "properties": {"tls": "GS_2819073400", "edge": "1185524856#0", "links": [5, 6, 7], "bearing": 272.6}}, {"type": "Feature", "geometry": {"type": "Point", "coordinates": [2.137019, 41.4019945]}, "properties": {"tls": "GS_288024058", "edge": "86330626#2", "links": [0, 1, 2], "bearing": 218.7}}, {"type": "Feature", "geometry": {"type": "Point", "coordinates": [2.1368601, 41.4020085]}, "properties": {"tls": "GS_288024058", "edge": "777231958", "links": [3], "bearing": 137.2}}, {"type": "Feature", "geometry": {"type": "Point", "coordinates": [2.1287663, 41.4028985]}, "properties": {"tls": "GS_288026013", "edge": "198597878#4", "links": [0, 1], "bearing": 233.3}}, {"type": "Feature", "geometry": {"type": "Point", "coordinates": [2.1286058, 41.4029043]}, "properties": {"tls": "GS_288026013", "edge": "294056753#0", "links": [2, 3, 4], "bearing": 142.6}}, {"type": "Feature", "geometry": {"type": "Point", "coordinates": [2.1424478, 41.3701687]}, "properties": {"tls": "GS_2888571939", "edge": "285184654#1", "links": [0, 1], "bearing": 227.2}}, {"type": "Feature", "geometry": {"type": "Point", "coordinates": [2.1423553, 41.3701939]}, "properties": {"tls": "GS_2888571939", "edge": "309246583#1", "links": [2, 3, 4], "bearing": 179.5}}, {"type": "Feature", "geometry": {"type": "Point", "coordinates": [2.1438704, 41.3712287]}, "properties": {"tls": "GS_2888571940", "edge": "1219022361#1", "links": [0, 1], "bearing": 227.3}}, {"type": "Feature", "geometry": {"type": "Point", "coordinates": [2.1437014, 41.3712179]}, "properties": {"tls": "GS_2888571940", "edge": "4787835#0", "links": [2, 3, 4], "bearing": 135.7}}, {"type": "Feature", "geometry": {"type": "Point", "coordinates": [2.1411546, 41.3687439]}, "properties": {"tls": "GS_2888610566", "edge": "4747856#0", "links": [0], "bearing": 327.6}}, {"type": "Feature", "geometry": {"type": "Point", "coordinates": [2.1410205, 41.3687612]}, "properties": {"tls": "GS_2888610566", "edge": "179615776#0", "links": [1], "bearing": 47.8}}, {"type": "Feature", "geometry": {"type": "Point", "coordinates": [2.1631272, 41.3803193]}, "properties": {"tls": "GS_30227228", "edge": "-1433159890", "links": [0], "bearing": 8.1}}, {"type": "Feature", "geometry": {"type": "Point", "coordinates": [2.163075, 41.3804107]}, "properties": {"tls": "GS_30227228", "edge": "237655875#0", "links": [1, 2], "bearing": 133.6}}, {"type": "Feature", "geometry": {"type": "Point", "coordinates": [2.1210395, 41.3707901]}, "properties": {"tls": "GS_30236844", "edge": "519749106#1", "links": [0, 1], "bearing": 336.9}}, {"type": "Feature", "geometry": {"type": "Point", "coordinates": [2.1209204, 41.3708157]}, "properties": {"tls": "GS_30236844", "edge": "519749107#2", "links": [2, 3], "bearing": 56.2}}, {"type": "Feature", "geometry": {"type": "Point", "coordinates": [2.1167785, 41.3724421]}, "properties": {"tls": "GS_30237070", "edge": "82810491#0", "links": [0, 1], "bearing": 52.9}}, {"type": "Feature", "geometry": {"type": "Point", "coordinates": [2.1168029, 41.3725526]}, "properties": {"tls": "GS_30237070", "edge": "4744853#0", "links": [2, 3], "bearing": 145.8}}, {"type": "Feature", "geometry": {"type": "Point", "coordinates": [2.1239882, 41.3742466]}, "properties": {"tls": "GS_30237104", "edge": "56688079#2", "links": [0, 1, 2], "bearing": 235.5}}, {"type": "Feature", "geometry": {"type": "Point", "coordinates": [2.1239267, 41.374127]}, "properties": {"tls": "GS_30237104", "edge": "-560543749#2", "links": [3, 4], "bearing": 337.2}}, {"type": "Feature", "geometry": {"type": "Point", "coordinates": [2.123785, 41.3742494]}, "properties": {"tls": "GS_30237104", "edge": "372554364#2", "links": [5, 6], "bearing": 151.5}}, {"type": "Feature", "geometry": {"type": "Point", "coordinates": [2.1380295, 41.383951]}, "properties": {"tls": "GS_30237483", "edge": "4744915#3", "links": [0, 1, 2, 3, 4], "bearing": 50.2}}, {"type": "Feature", "geometry": {"type": "Point", "coordinates": [2.1380794, 41.384086]}, "properties": {"tls": "GS_30237483", "edge": "544164280#0", "links": [5, 6, 7, 8, 9], "bearing": 142.4}}, {"type": "Feature", "geometry": {"type": "Point", "coordinates": [2.1449933, 41.3857038]}, "properties": {"tls": "GS_30237586", "edge": "4744939#3", "links": [0, 1, 2], "bearing": 224.4}}, {"type": "Feature", "geometry": {"type": "Point", "coordinates": [2.1448202, 41.385701]}, "properties": {"tls": "GS_30237586", "edge": "4745980#0", "links": [3, 4, 5], "bearing": 134.0}}, {"type": "Feature", "geometry": {"type": "Point", "coordinates": [2.146104, 41.3865726]}, "properties": {"tls": "GS_30237587", "edge": "4744939#0", "links": [0, 1, 2], "bearing": 225.7}}, {"type": "Feature", "geometry": {"type": "Point", "coordinates": [2.146104, 41.3864426]}, "properties": {"tls": "GS_30237587", "edge": "449991621#8", "links": [3, 4, 5], "bearing": 315.6}}, {"type": "Feature", "geometry": {"type": "Point", "coordinates": [2.1436567, 41.3864095]}, "properties": {"tls": "GS_30237607", "edge": "868722651#0", "links": [0, 1, 2, 3], "bearing": 45.4}}, {"type": "Feature", "geometry": {"type": "Point", "coordinates": [2.1436431, 41.3865501]}, "properties": {"tls": "GS_30237607", "edge": "918435239#0", "links": [4, 5, 6, 7], "bearing": 136.8}}, {"type": "Feature", "geometry": {"type": "Point", "coordinates": [2.1470851, 41.3889735]}, "properties": {"tls": "GS_30237610", "edge": "4744944#0", "links": [0, 1, 2], "bearing": 45.7}}, {"type": "Feature", "geometry": {"type": "Point", "coordinates": [2.147061, 41.3891057]}, "properties": {"tls": "GS_30237610", "edge": "116315114#0", "links": [3, 4], "bearing": 135.1}}, {"type": "Feature", "geometry": {"type": "Point", "coordinates": [2.1493186, 41.3906654]}, "properties": {"tls": "GS_30237612", "edge": "538724747#0", "links": [0, 1, 2, 3], "bearing": 46.6}}, {"type": "Feature", "geometry": {"type": "Point", "coordinates": [2.1493291, 41.3908109]}, "properties": {"tls": "GS_30237612", "edge": "243716770#4", "links": [4, 5, 6, 7, 8], "bearing": 136.1}}, {"type": "Feature", "geometry": {"type": "Point", "coordinates": [2.1506763, 41.3915457]}, "properties": {"tls": "GS_30237613", "edge": "542781427#0", "links": [0, 1, 2, 3], "bearing": 315.6}}, {"type": "Feature", "geometry": {"type": "Point", "coordinates": [2.1504628, 41.391527]}, "properties": {"tls": "GS_30237613", "edge": "237960947#0", "links": [4, 5, 6, 7], "bearing": 45.8}}, {"type": "Feature", "geometry": {"type": "Point", "coordinates": [2.1515993, 41.3923644]}, "properties": {"tls": "GS_30237614", "edge": "542781428#0", "links": [0, 1, 2, 3], "bearing": 46.7}}, {"type": "Feature", "geometry": {"type": "Point", "coordinates": [2.1516221, 41.392518]}, "properties": {"tls": "GS_30237614", "edge": "98002400#0", "links": [4, 5, 6, 7, 8, 9], "bearing": 136.0}}, {"type": "Feature", "geometry": {"type": "Point", "coordinates": [2.1529465, 41.3932238]}, "properties": {"tls": "GS_30237615", "edge": "238866887#0", "links": [0, 1, 2, 3, 4], "bearing": 314.6}}, {"type": "Feature", "geometry": {"type": "Point", "coordinates": [2.1527388, 41.3932078]}, "properties": {"tls": "GS_30237615", "edge": "237914526#0", "links": [5, 6, 7, 8], "bearing": 45.3}}, {"type": "Feature", "geometry": {"type": "Point", "coordinates": [2.1483756, 41.3916909]}, "properties": {"tls": "GS_30237632", "edge": "237667614#3", "links": [0, 1], "bearing": 225.3}}, {"type": "Feature", "geometry": {"type": "Point", "coordinates": [2.1481778, 41.3916879]}, "properties": {"tls": "GS_30237632", "edge": "243716770#0", "links": [2, 3, 4], "bearing": 135.9}}, {"type": "Feature", "geometry": {"type": "Point", "coordinates": [2.1506661, 41.3934196]}, "properties": {"tls": "GS_30237634", "edge": "1409652519#0", "links": [0, 1, 2], "bearing": 225.5}}, {"type": "Feature", "geometry": {"type": "Point", "coordinates": [2.1504548, 41.3934086]}, "properties": {"tls": "GS_30237634", "edge": "1409652518#1", "links": [3, 4, 5, 6, 7], "bearing": 135.9}}, {"type": "Feature", "geometry": {"type": "Point", "coordinates": [2.1540695, 41.3925602]}, "properties": {"tls": "GS_30237638", "edge": "4751998#9", "links": [0, 1, 2, 3], "bearing": 225.9}}, {"type": "Feature", "geometry": {"type": "Point", "coordinates": [2.1540448, 41.392412]}, "properties": {"tls": "GS_30237638", "edge": "31029328#0", "links": [4, 5, 6, 7, 8], "bearing": 314.0}}, {"type": "Feature", "geometry": {"type": "Point", "coordinates": [2.1551721, 41.3915685]}, "properties": {"tls": "GS_30237639", "edge": "1409649739#0", "links": [0, 1, 2, 3, 4], "bearing": 315.3}}, {"type": "Feature", "geometry": {"type": "Point", "coordinates": [2.1549703, 41.3915484]}, "properties": {"tls": "GS_30237639", "edge": "1409649740#4", "links": [5, 6, 7, 8], "bearing": 46.0}}, {"type": "Feature", "geometry": {"type": "Point", "coordinates": [2.1563377, 41.3908405]}, "properties": {"tls": "GS_30237640", "edge": "294085176#3", "links": [0, 1, 2, 3, 4], "bearing": 225.5}}, {"type": "Feature", "geometry": {"type": "Point", "coordinates": [2.1563178, 41.3906811]}, "properties": {"tls": "GS_30237640", "edge": "526213093#0", "links": [5, 6, 7, 8, 9, 10], "bearing": 318.0}}, {"type": "Feature", "geometry": {"type": "Point", "coordinates": [2.1574471, 41.3899994]}, "properties": {"tls": "GS_30237641", "edge": "1409641103#0", "links": [0, 1, 2, 3], "bearing": 225.4}}, {"type": "Feature", "geometry": {"type": "Point", "coordinates": [2.1574334, 41.389836]}, "properties": {"tls": "GS_30237641", "edge": "295124095#0", "links": [4, 5, 6, 7, 8, 9], "bearing": 316.1}}, {"type": "Feature", "geometry": {"type": "Point", "coordinates": [2.1585819, 41.3889689]}, "properties": {"tls": "GS_30237642", "edge": "1409649736#0", "links": [0, 1, 2, 3, 4], "bearing": 314.2}}, {"type": "Feature", "geometry": {"type": "Point", "coordinates": [2.1583737, 41.388949]}, "properties": {"tls": "GS_30237642", "edge": "1409649738#0", "links": [5, 6, 7, 8, 9, 10], "bearing": 46.3}}, {"type": "Feature", "geometry": {"type": "Point", "coordinates": [2.1597139, 41.388285]}, "properties": {"tls": "GS_30237643", "edge": "1408526881#0", "links": [0, 1, 2, 3, 4, 5], "bearing": 225.5}}, {"type": "Feature", "geometry": {"type": "Point", "coordinates": [2.1597213, 41.3881055]}, "properties": {"tls": "GS_30237643", "edge": "295124094#1", "links": [6, 7, 8, 9, 10, 11, 12], "bearing": 316.4}}, {"type": "Feature", "geometry": {"type": "Point", "coordinates": [2.1619359, 41.3865536]}, "properties": {"tls": "GS_30237645", "edge": "1353407054", "links": [0, 1, 2], "bearing": 226.6}}, {"type": "Feature", "geometry": {"type": "Point", "coordinates": [2.1619254, 41.3864282]}, "properties": {"tls": "GS_30237645", "edge": "1360091609#0", "links": [3, 4, 5, 6], "bearing": 315.7}}, {"type": "Feature", "geometry": {"type": "Point", "coordinates": [2.1353829, 41.4049177]}, "properties": {"tls": "GS_30237678", "edge": "1525578852#0", "links": [0, 1], "bearing": 41.1}}, {"type": "Feature", "geometry": {"type": "Point", "coordinates": [2.1354099, 41.4050614]}, "properties": {"tls": "GS_30237678", "edge": "4744959#4", "links": [2, 3, 4, 5], "bearing": 140.9}}, {"type": "Feature", "geometry": {"type": "Point", "coordinates": [2.1366847, 41.4040569]}, "properties": {"tls": "GS_30237679", "edge": "4782204#2", "links": [0, 1], "bearing": 211.3}}, {"type": "Feature", "geometry": {"type": "Point", "coordinates": [2.1365667, 41.4038777]}, "properties": {"tls": "GS_30237679", "edge": "-4782204#4", "links": [2, 3], "bearing": 34.5}}, {"type": "Feature", "geometry": {"type": "Point", "coordinates": [2.1365417, 41.4040307]}, "properties": {"tls": "GS_30237679", "edge": "4744959#9", "links": [4, 5, 6, 7, 8], "bearing": 140.0}}, {"type": "Feature", "geometry": {"type": "Point", "coordinates": [2.1371217, 41.4033382]}, "properties": {"tls": "GS_30237680", "edge": "4782201#2", "links": [0, 1], "bearing": 36.7}}, {"type": "Feature", "geometry": {"type": "Point", "coordinates": [2.1371227, 41.4035035]}, "properties": {"tls": "GS_30237680", "edge": "4744959#13", "links": [2, 3, 4, 5], "bearing": 139.5}}, {"type": "Feature", "geometry": {"type": "Point", "coordinates": [2.1387953, 41.4019989]}, "properties": {"tls": "GS_30237682", "edge": "35066571#0", "links": [0, 1], "bearing": 39.1}}, {"type": "Feature", "geometry": {"type": "Point", "coordinates": [2.1388006, 41.402142]}, "properties": {"tls": "GS_30237682", "edge": "308379493#0", "links": [2, 3, 4, 5], "bearing": 133.2}}, {"type": "Feature", "geometry": {"type": "Point", "coordinates": [2.1414545, 41.4000309]}, "properties": {"tls": "GS_30237685", "edge": "669686363#0", "links": [0, 1], "bearing": 45.0}}, {"type": "Feature", "geometry": {"type": "Point", "coordinates": [2.1414876, 41.4001524]}, "properties": {"tls": "GS_30237685", "edge": "37067695#0", "links": [2, 3, 4, 5], "bearing": 136.2}}, {"type": "Feature", "geometry": {"type": "Point", "coordinates": [2.142028, 41.3995971]}, "properties": {"tls": "GS_30237686", "edge": "35067067#1", "links": [0, 1], "bearing": 49.6}}, {"type": "Feature", "geometry": {"type": "Point", "coordinates": [2.1420558, 41.3997223]}, "properties": {"tls": "GS_30237686", "edge": "37067695#3", "links": [2, 3, 4, 5], "bearing": 133.7}}, {"type": "Feature", "geometry": {"type": "Point", "coordinates": [2.1445647, 41.3977205]}, "properties": {"tls": "GS_30237689", "edge": "4776833#3", "links": [0, 1], "bearing": 47.0}}, {"type": "Feature", "geometry": {"type": "Point", "coordinates": [2.1445924, 41.397848]}, "properties": {"tls": "GS_30237689", "edge": "541430463#5", "links": [2, 3, 4, 5], "bearing": 134.9}}, {"type": "Feature", "geometry": {"type": "Point", "coordinates": [2.1453238, 41.3974546]}, "properties": {"tls": "GS_30237690", "edge": "35465964#9", "links": [0, 1, 2], "bearing": 223.0}}, {"type": "Feature", "geometry": {"type": "Point", "coordinates": [2.1451538, 41.3974302]}, "properties": {"tls": "GS_30237690", "edge": "541430463#7", "links": [3, 4, 5, 6], "bearing": 135.3}}, {"type": "Feature", "geometry": {"type": "Point", "coordinates": [2.145834, 41.3967565]}, "properties": {"tls": "GS_30237691", "edge": "4752025#1", "links": [0, 1], "bearing": 50.9}}, {"type": "Feature", "geometry": {"type": "Point", "coordinates": [2.1458688, 41.39688]}, "properties": {"tls": "GS_30237691", "edge": "1422093912#0", "links": [2, 3, 4, 5], "bearing": 136.3}}, {"type": "Feature", "geometry": {"type": "Point", "coordinates": [2.146607, 41.3964485]}, "properties": {"tls": "GS_30237692", "edge": "4752018#5", "links": [0, 1, 2], "bearing": 232.0}}, {"type": "Feature", "geometry": {"type": "Point", "coordinates": [2.1464199, 41.3964406]}, "properties": {"tls": "GS_30237692", "edge": "1421422881#0", "links": [3, 4, 5, 6], "bearing": 137.3}}, {"type": "Feature", "geometry": {"type": "Point", "coordinates": [2.1469442, 41.3958984]}, "properties": {"tls": "GS_30237693", "edge": "4752000#3", "links": [0, 1], "bearing": 52.8}}, {"type": "Feature", "geometry": {"type": "Point", "coordinates": [2.1469742, 41.3960206]}, "properties": {"tls": "GS_30237693", "edge": "1516917378#0", "links": [2, 3, 4, 5], "bearing": 133.5}}, {"type": "Feature", "geometry": {"type": "Point", "coordinates": [2.148172, 41.3952822]}, "properties": {"tls": "GS_30237694", "edge": "-1422093910#1", "links": [0, 1], "bearing": 231.3}}, {"type": "Feature", "geometry": {"type": "Point", "coordinates": [2.1479955, 41.3950963]}, "properties": {"tls": "GS_30237694", "edge": "542842571#2", "links": [2, 3, 4, 5], "bearing": 50.2}}, {"type": "Feature", "geometry": {"type": "Point", "coordinates": [2.1479798, 41.3952673]}, "properties": {"tls": "GS_30237694", "edge": "1421422880#0", "links": [6, 7, 8, 9, 10, 11], "bearing": 136.3}}, {"type": "Feature", "geometry": {"type": "Point", "coordinates": [2.152932, 41.3917175]}, "properties": {"tls": "GS_30237696", "edge": "238866891#0", "links": [0, 1, 2, 3, 4, 5], "bearing": 224.9}}, {"type": "Feature", "geometry": {"type": "Point", "coordinates": [2.1527322, 41.3916959]}, "properties": {"tls": "GS_30237696", "edge": "243716769#0", "links": [6, 7, 8, 9, 10], "bearing": 135.0}}, {"type": "Feature", "geometry": {"type": "Point", "coordinates": [2.1538229, 41.3906988]}, "properties": {"tls": "GS_30237697", "edge": "1409649740#0", "links": [0, 1, 2, 3, 4, 5], "bearing": 45.1}}, {"type": "Feature", "geometry": {"type": "Point", "coordinates": [2.1538499, 41.3908501]}, "properties": {"tls": "GS_30237697", "edge": "891567020#0", "links": [6, 7, 8, 9, 10], "bearing": 135.7}}, {"type": "Feature", "geometry": {"type": "Point", "coordinates": [2.1551973, 41.3899998]}, "properties": {"tls": "GS_30237698", "edge": "490175814#0", "links": [0, 1, 2, 3, 4, 5, 6], "bearing": 226.2}}, {"type": "Feature", "geometry": {"type": "Point", "coordinates": [2.1549839, 41.3899901]}, "properties": {"tls": "GS_30237698", "edge": "1409652521#0", "links": [7, 8, 9, 10, 11], "bearing": 135.8}}, {"type": "Feature", "geometry": {"type": "Point", "coordinates": [2.1563328, 41.3891385]}, "properties": {"tls": "GS_30237699", "edge": "526213091#0", "links": [0, 1, 2, 3, 4, 5, 6], "bearing": 225.0}}, {"type": "Feature", "geometry": {"type": "Point", "coordinates": [2.1561198, 41.3891287]}, "properties": {"tls": "GS_30237699", "edge": "1409652523#0", "links": [7, 8, 9, 10, 11], "bearing": 136.3}}, {"type": "Feature", "geometry": {"type": "Point", "coordinates": [2.1572707, 41.3880841]}, "properties": {"tls": "GS_30237700", "edge": "1382321715#0", "links": [0, 1, 2, 3, 4, 5, 6, 7], "bearing": 45.1}}, {"type": "Feature", "geometry": {"type": "Point", "coordinates": [2.1572953, 41.388238]}, "properties": {"tls": "GS_30237700", "edge": "449991627#0", "links": [8, 9, 10, 11, 12, 13], "bearing": 136.1}}, {"type": "Feature", "geometry": {"type": "Point", "coordinates": [2.1585844, 41.3874314]}, "properties": {"tls": "GS_30237701", "edge": "294085157#0", "links": [0, 1, 2, 3, 4, 5], "bearing": 225.5}}, {"type": "Feature", "geometry": {"type": "Point", "coordinates": [2.1583487, 41.3874385]}, "properties": {"tls": "GS_30237701", "edge": "1382321714#0", "links": [6, 7, 8, 9, 10], "bearing": 135.8}}, {"type": "Feature", "geometry": {"type": "Point", "coordinates": [2.1608103, 41.3857225]}, "properties": {"tls": "GS_30237703", "edge": "1360091610", "links": [0, 1, 2, 3], "bearing": 225.5}}, {"type": "Feature", "geometry": {"type": "Point", "coordinates": [2.1606299, 41.3857085]}, "properties": {"tls": "GS_30237703", "edge": "1112801408#1", "links": [4, 5, 6, 7], "bearing": 135.7}}, {"type": "Feature", "geometry": {"type": "Point", "coordinates": [2.1632811, 41.3838062]}, "properties": {"tls": "GS_30237705", "edge": "918410082#0", "links": [0, 1, 2, 3], "bearing": 225.8}}, {"type": "Feature", "geometry": {"type": "Point", "coordinates": [2.1630979, 41.3838156]}, "properties": {"tls": "GS_30237705", "edge": "553772888#0", "links": [4, 5, 6], "bearing": 134.9}}, {"type": "Feature", "geometry": {"type": "Point", "coordinates": [2.1637253, 41.3833084]}, "properties": {"tls": "GS_30237706", "edge": "525588035#0", "links": [0, 1], "bearing": 5.4}}, {"type": "Feature", "geometry": {"type": "Point", "coordinates": [2.1635818, 41.3834536]}, "properties": {"tls": "GS_30237706", "edge": "553772888#4", "links": [2, 3], "bearing": 127.2}}, {"type": "Feature", "geometry": {"type": "Point", "coordinates": [2.1518231, 41.3908857]}, "properties": {"tls": "GS_30237772", "edge": "237914522#0", "links": [0, 1, 2, 3, 4, 5], "bearing": 225.5}}, {"type": "Feature", "geometry": {"type": "Point", "coordinates": [2.1518314, 41.3907599]}, "properties": {"tls": "GS_30237772", "edge": "4744972#4", "links": [6, 7, 8, 9, 10], "bearing": 295.9}}, {"type": "Feature", "geometry": {"type": "Point", "coordinates": [2.1551532, 41.3882481]}, "properties": {"tls": "GS_30238005", "edge": "1409641104#0", "links": [0, 1, 2, 3], "bearing": 225.0}}, {"type": "Feature", "geometry": {"type": "Point", "coordinates": [2.1551553, 41.388097]}, "properties": {"tls": "GS_30238005", "edge": "526213090#0", "links": [4, 5, 6, 7, 8], "bearing": 314.3}}, {"type": "Feature", "geometry": {"type": "Point", "coordinates": [2.1596832, 41.384862]}, "properties": {"tls": "GS_30238009", "edge": "237519392#0", "links": [0, 1, 2, 3, 4], "bearing": 224.8}}, {"type": "Feature", "geometry": {"type": "Point", "coordinates": [2.1596651, 41.3847248]}, "properties": {"tls": "GS_30238009", "edge": "237506925#0", "links": [5, 6, 7, 8], "bearing": 315.6}}, {"type": "Feature", "geometry": {"type": "Point", "coordinates": [2.143878, 41.3814538]}, "properties": {"tls": "GS_30238015", "edge": "1182313761#0", "links": [0, 1, 2, 3], "bearing": 226.3}}, {"type": "Feature", "geometry": {"type": "Point", "coordinates": [2.1438542, 41.3813333]}, "properties": {"tls": "GS_30238015", "edge": "831157595", "links": [4, 5, 6], "bearing": 316.0}}, {"type": "Feature", "geometry": {"type": "Point", "coordinates": [2.1461253, 41.3831701]}, "properties": {"tls": "GS_30238017", "edge": "730337227#12", "links": [0, 1], "bearing": 224.1}}, {"type": "Feature", "geometry": {"type": "Point", "coordinates": [2.1460995, 41.3830375]}, "properties": {"tls": "GS_30238017", "edge": "1097003670", "links": [2, 3, 4, 5], "bearing": 316.1}}, {"type": "Feature", "geometry": {"type": "Point", "coordinates": [2.1472481, 41.3840188]}, "properties": {"tls": "GS_30238018", "edge": "730337227#7", "links": [0, 1], "bearing": 225.0}}, {"type": "Feature", "geometry": {"type": "Point", "coordinates": [2.1470891, 41.3840083]}, "properties": {"tls": "GS_30238018", "edge": "237795736#4", "links": [2, 3, 4], "bearing": 135.4}}, {"type": "Feature", "geometry": {"type": "Point", "coordinates": [2.149496, 41.3857358]}, "properties": {"tls": "GS_30238020", "edge": "730337227#0", "links": [0, 1, 2], "bearing": 225.3}}, {"type": "Feature", "geometry": {"type": "Point", "coordinates": [2.1493229, 41.3857147]}, "properties": {"tls": "GS_30238020", "edge": "493086069#3", "links": [3, 4, 5, 6], "bearing": 135.0}}, {"type": "Feature", "geometry": {"type": "Point", "coordinates": [2.1529197, 41.3882733]}, "properties": {"tls": "GS_30238023", "edge": "552422735#0", "links": [0, 1, 2], "bearing": 226.6}}, {"type": "Feature", "geometry": {"type": "Point", "coordinates": [2.152728, 41.3882643]}, "properties": {"tls": "GS_30238023", "edge": "237960949#4", "links": [3, 4, 5], "bearing": 134.8}}, {"type": "Feature", "geometry": {"type": "Point", "coordinates": [2.158585, 41.3925357]}, "properties": {"tls": "GS_30238026", "edge": "295281241#8", "links": [0, 1, 2, 3], "bearing": 225.7}}, {"type": "Feature", "geometry": {"type": "Point", "coordinates": [2.1583869, 41.3925169]}, "properties": {"tls": "GS_30238026", "edge": "903019487#0", "links": [4, 5, 6, 7, 8], "bearing": 136.6}}, {"type": "Feature", "geometry": {"type": "Point", "coordinates": [2.163055, 41.3959305]}, "properties": {"tls": "GS_30238030", "edge": "4744990#0", "links": [0, 1, 2, 3, 4], "bearing": 224.5}}, {"type": "Feature", "geometry": {"type": "Point", "coordinates": [2.1628741, 41.3959413]}, "properties": {"tls": "GS_30238030", "edge": "307933383#0", "links": [5, 6, 7, 8], "bearing": 135.7}}, {"type": "Feature", "geometry": {"type": "Point", "coordinates": [2.1642126, 41.3968321]}, "properties": {"tls": "GS_30238031", "edge": "1199518017#0", "links": [0, 1], "bearing": 226.0}}, {"type": "Feature", "geometry": {"type": "Point", "coordinates": [2.1641939, 41.3967081]}, "properties": {"tls": "GS_30238031", "edge": "237645189#0", "links": [2, 3, 4, 5], "bearing": 317.8}}, {"type": "Feature", "geometry": {"type": "Point", "coordinates": [2.1599049, 41.3761578]}, "properties": {"tls": "GS_30238197", "edge": "238326399#0", "links": [0, 1, 2], "bearing": 224.9}}, {"type": "Feature", "geometry": {"type": "Point", "coordinates": [2.1599073, 41.3760281]}, "properties": {"tls": "GS_30238197", "edge": "34609520#0", "links": [3, 4, 5], "bearing": 315.8}}, {"type": "Feature", "geometry": {"type": "Point", "coordinates": [2.1610397, 41.377027]}, "properties": {"tls": "GS_30238198", "edge": "237529472#0", "links": [0, 1, 2, 3], "bearing": 226.0}}, {"type": "Feature", "geometry": {"type": "Point", "coordinates": [2.1608468, 41.3770158]}, "properties": {"tls": "GS_30238198", "edge": "591637631#0", "links": [4, 5, 6, 7], "bearing": 134.6}}, {"type": "Feature", "geometry": {"type": "Point", "coordinates": [2.1621664, 41.3778594]}, "properties": {"tls": "GS_30238199", "edge": "1427248747", "links": [0, 1, 2, 3], "bearing": 225.2}}, {"type": "Feature", "geometry": {"type": "Point", "coordinates": [2.1621608, 41.3777394]}, "properties": {"tls": "GS_30238199", "edge": "-729397993", "links": [4, 5], "bearing": 326.2}}, {"type": "Feature", "geometry": {"type": "Point", "coordinates": [2.1620095, 41.3778683]}, "properties": {"tls": "GS_30238199", "edge": "556491373#0", "links": [6, 7], "bearing": 134.2}}, {"type": "Feature", "geometry": {"type": "Point", "coordinates": [2.1746154, 41.3905931]}, "properties": {"tls": "GS_30242758", "edge": "903025861#0", "links": [0, 1, 2, 3, 4], "bearing": 226.6}}, {"type": "Feature", "geometry": {"type": "Point", "coordinates": [2.1744178, 41.390595]}, "properties": {"tls": "GS_30242758", "edge": "675305862#0", "links": [5, 6, 7, 8], "bearing": 137.8}}, {"type": "Feature", "geometry": {"type": "Point", "coordinates": [2.1757876, 41.3914481]}, "properties": {"tls": "GS_30242759", "edge": "330913952#4", "links": [0, 1, 2, 3], "bearing": 225.3}}, {"type": "Feature", "geometry": {"type": "Point", "coordinates": [2.1758023, 41.3913089]}, "properties": {"tls": "GS_30242759", "edge": "894715951#0", "links": [4, 5, 6, 7], "bearing": 315.8}}, {"type": "Feature", "geometry": {"type": "Point", "coordinates": [2.1769, 41.3922921]}, "properties": {"tls": "GS_30242760", "edge": "330913952#0", "links": [0, 1, 2], "bearing": 225.3}}, {"type": "Feature", "geometry": {"type": "Point", "coordinates": [2.1767299, 41.3922931]}, "properties": {"tls": "GS_30242760", "edge": "1479227021#4", "links": [3, 4, 5], "bearing": 136.7}}, {"type": "Feature", "geometry": {"type": "Point", "coordinates": [2.1791488, 41.3940093]}, "properties": {"tls": "GS_30242762", "edge": "182069869#4", "links": [0, 1], "bearing": 225.4}}, {"type": "Feature", "geometry": {"type": "Point", "coordinates": [2.1791356, 41.3938909]}, "properties": {"tls": "GS_30242762", "edge": "579970670#0", "links": [2, 3, 4], "bearing": 316.1}}, {"type": "Feature", "geometry": {"type": "Point", "coordinates": [2.1802886, 41.3948308]}, "properties": {"tls": "GS_30242763", "edge": "182069869#0", "links": [0, 1], "bearing": 227.9}}, {"type": "Feature", "geometry": {"type": "Point", "coordinates": [2.1801242, 41.394823]}, "properties": {"tls": "GS_30242763", "edge": "449991628#0", "links": [2, 3, 4], "bearing": 135.1}}, {"type": "Feature", "geometry": {"type": "Point", "coordinates": [2.1812341, 41.3972859]}, "properties": {"tls": "GS_30242809", "edge": "549749257#4", "links": [0, 1, 2], "bearing": 48.2}}, {"type": "Feature", "geometry": {"type": "Point", "coordinates": [2.1812391, 41.3974131]}, "properties": {"tls": "GS_30242809", "edge": "308355153#0", "links": [3, 4, 5], "bearing": 136.4}}, {"type": "Feature", "geometry": {"type": "Point", "coordinates": [2.1803051, 41.3964303]}, "properties": {"tls": "GS_30242810", "edge": "1047438434#0", "links": [0, 1, 2], "bearing": 315.8}}, {"type": "Feature", "geometry": {"type": "Point", "coordinates": [2.180129, 41.3964235]}, "properties": {"tls": "GS_30242810", "edge": "549749257#0", "links": [3, 4, 5], "bearing": 43.8}}, {"type": "Feature", "geometry": {"type": "Point", "coordinates": [2.1789689, 41.3955601]}, "properties": {"tls": "GS_30242811", "edge": "1327959236#0", "links": [0, 1, 2], "bearing": 48.5}}, {"type": "Feature", "geometry": {"type": "Point", "coordinates": [2.1789714, 41.3956851]}, "properties": {"tls": "GS_30242811", "edge": "549749259#0", "links": [3, 4, 5], "bearing": 134.3}}, {"type": "Feature", "geometry": {"type": "Point", "coordinates": [2.1780224, 41.3947219]}, "properties": {"tls": "GS_30242812", "edge": "1327959235#0", "links": [0, 1, 2], "bearing": 315.8}}, {"type": "Feature", "geometry": {"type": "Point", "coordinates": [2.1778497, 41.3947227]}, "properties": {"tls": "GS_30242812", "edge": "549749258#0", "links": [3, 4, 5], "bearing": 46.0}}, {"type": "Feature", "geometry": {"type": "Point", "coordinates": [2.175606, 41.3930208]}, "properties": {"tls": "GS_30242814", "edge": "32065149#3", "links": [0, 1, 2], "bearing": 45.3}}, {"type": "Feature", "geometry": {"type": "Point", "coordinates": [2.1756068, 41.3931528]}, "properties": {"tls": "GS_30242814", "edge": "1479227021#0", "links": [3, 4, 5], "bearing": 136.3}}, {"type": "Feature", "geometry": {"type": "Point", "coordinates": [2.1746572, 41.3921707]}, "properties": {"tls": "GS_30242815", "edge": "903025862#0", "links": [0, 1, 2], "bearing": 315.5}}, {"type": "Feature", "geometry": {"type": "Point", "coordinates": [2.1744866, 41.3921716]}, "properties": {"tls": "GS_30242815", "edge": "32065149#0", "links": [3, 4, 5], "bearing": 45.3}}, {"type": "Feature", "geometry": {"type": "Point", "coordinates": [2.173339, 41.3913362]}, "properties": {"tls": "GS_30242816", "edge": "675305861#0", "links": [0, 1, 2], "bearing": 44.8}}, {"type": "Feature", "geometry": {"type": "Point", "coordinates": [2.173339, 41.391469]}, "properties": {"tls": "GS_30242816", "edge": "1232210089#0", "links": [3, 4, 5], "bearing": 136.0}}, {"type": "Feature", "geometry": {"type": "Point", "coordinates": [2.1724281, 41.3904725]}, "properties": {"tls": "GS_30242817", "edge": "511211618#0", "links": [0, 1, 2, 3], "bearing": 315.6}}, {"type": "Feature", "geometry": {"type": "Point", "coordinates": [2.1722404, 41.3904805]}, "properties": {"tls": "GS_30242817", "edge": "579981378#0", "links": [4, 5, 6, 7], "bearing": 45.3}}, {"type": "Feature", "geometry": {"type": "Point", "coordinates": [2.1743711, 41.3974858]}, "properties": {"tls": "GS_30242871", "edge": "237521092#2", "links": [0, 1, 2], "bearing": 316.4}}, {"type": "Feature", "geometry": {"type": "Point", "coordinates": [2.1742009, 41.3974848]}, "properties": {"tls": "GS_30242871", "edge": "1501435531#0", "links": [3, 4, 5], "bearing": 45.2}}, {"type": "Feature", "geometry": {"type": "Point", "coordinates": [2.1753156, 41.3983192]}, "properties": {"tls": "GS_30242872", "edge": "450613277#0", "links": [0, 1, 2], "bearing": 46.1}}, {"type": "Feature", "geometry": {"type": "Point", "coordinates": [2.1753308, 41.3984571]}, "properties": {"tls": "GS_30242872", "edge": "908405488#0", "links": [3, 4, 5], "bearing": 135.0}}, {"type": "Feature", "geometry": {"type": "Point", "coordinates": [2.1776202, 41.4000461]}, "properties": {"tls": "GS_30242874", "edge": "1511153990#0", "links": [0, 1, 2], "bearing": 44.5}}, {"type": "Feature", "geometry": {"type": "Point", "coordinates": [2.1776167, 41.4001746]}, "properties": {"tls": "GS_30242874", "edge": "313379192#0", "links": [3, 4, 5], "bearing": 132.5}}, {"type": "Feature", "geometry": {"type": "Point", "coordinates": [2.1642927, 41.4103498]}, "properties": {"tls": "GS_30242951", "edge": "-831182084#4", "links": [0, 1], "bearing": 190.4}}, {"type": "Feature", "geometry": {"type": "Point", "coordinates": [2.1642661, 41.4101192]}, "properties": {"tls": "GS_30242951", "edge": "1530846836#0", "links": [2, 3], "bearing": 13.1}}, {"type": "Feature", "geometry": {"type": "Point", "coordinates": [2.1641717, 41.4103135]}, "properties": {"tls": "GS_30242951", "edge": "237725948#0", "links": [4, 5, 6, 7], "bearing": 133.9}}, {"type": "Feature", "geometry": {"type": "Point", "coordinates": [2.1677048, 41.4075297]}, "properties": {"tls": "GS_30242956", "edge": "208568872#18", "links": [0, 1, 2], "bearing": 50.7}}, {"type": "Feature", "geometry": {"type": "Point", "coordinates": [2.1677128, 41.4076528]}, "properties": {"tls": "GS_30242956", "edge": "237923123#3", "links": [3, 4, 5], "bearing": 135.7}}, {"type": "Feature", "geometry": {"type": "Point", "coordinates": [2.1687614, 41.4069946]}, "properties": {"tls": "GS_30242957", "edge": "251684607#0", "links": [0, 1, 2, 3], "bearing": 225.9}}, {"type": "Feature", "geometry": {"type": "Point", "coordinates": [2.168574, 41.4070047]}, "properties": {"tls": "GS_30242957", "edge": "237923123#7", "links": [4, 5, 6], "bearing": 135.0}}, {"type": "Feature", "geometry": {"type": "Point", "coordinates": [2.1697275, 41.4060021]}, "properties": {"tls": "GS_30242958", "edge": "1409302773#0", "links": [0, 1, 2], "bearing": 46.2}}, {"type": "Feature", "geometry": {"type": "Point", "coordinates": [2.1697285, 41.4061318]}, "properties": {"tls": "GS_30242958", "edge": "1409302775#0", "links": [3, 4, 5], "bearing": 135.5}}, {"type": "Feature", "geometry": {"type": "Point", "coordinates": [2.1719646, 41.4043052]}, "properties": {"tls": "GS_30242960", "edge": "1370026143#0", "links": [0, 1, 2, 3], "bearing": 46.3}}, {"type": "Feature", "geometry": {"type": "Point", "coordinates": [2.1719524, 41.4044463]}, "properties": {"tls": "GS_30242960", "edge": "226319976#4", "links": [4, 5, 6, 7], "bearing": 136.0}}, {"type": "Feature", "geometry": {"type": "Point", "coordinates": [2.1744006, 41.402724]}, "properties": {"tls": "GS_30242962", "edge": "1409641090#0", "links": [0, 1, 2, 3], "bearing": 225.7}}, {"type": "Feature", "geometry": {"type": "Point", "coordinates": [2.1742011, 41.4027247]}, "properties": {"tls": "GS_30242962", "edge": "1108374859", "links": [4, 5, 6, 7], "bearing": 135.6}}, {"type": "Feature", "geometry": {"type": "Point", "coordinates": [2.1753634, 41.4017437]}, "properties": {"tls": "GS_30242963", "edge": "313395786#8", "links": [0, 1, 2, 3], "bearing": 46.4}}, {"type": "Feature", "geometry": {"type": "Point", "coordinates": [2.1753506, 41.4018824]}, "properties": {"tls": "GS_30242963", "edge": "1108372166#0", "links": [4, 5, 6, 7], "bearing": 134.7}}, {"type": "Feature", "geometry": {"type": "Point", "coordinates": [2.1789585, 41.3992938]}, "properties": {"tls": "GS_30242965", "edge": "708242303#0", "links": [0, 1, 2], "bearing": 225.3}}, {"type": "Feature", "geometry": {"type": "Point", "coordinates": [2.1787888, 41.3992942]}, "properties": {"tls": "GS_30242965", "edge": "313379192#4", "links": [3, 4, 5], "bearing": 137.1}}, {"type": "Feature", "geometry": {"type": "Point", "coordinates": [2.1836774, 41.3956872]}, "properties": {"tls": "GS_30242968", "edge": "329378776#0", "links": [0, 1], "bearing": 227.6}}, {"type": "Feature", "geometry": {"type": "Point", "coordinates": [2.1835208, 41.3955459]}, "properties": {"tls": "GS_30242968", "edge": "-134198193#1", "links": [2], "bearing": 45.0}}, {"type": "Feature", "geometry": {"type": "Point", "coordinates": [2.1835047, 41.3956869]}, "properties": {"tls": "GS_30242968", "edge": "182069871#0", "links": [3, 4, 5], "bearing": 135.9}}, {"type": "Feature", "geometry": {"type": "Point", "coordinates": [2.1879225, 41.392223]}, "properties": {"tls": "GS_30242972", "edge": "547289588#0", "links": [0, 1, 2], "bearing": 48.4}}, {"type": "Feature", "geometry": {"type": "Point", "coordinates": [2.1879171, 41.3923607]}, "properties": {"tls": "GS_30242972", "edge": "546148430#0", "links": [3, 4, 5], "bearing": 136.5}}, {"type": "Feature", "geometry": {"type": "Point", "coordinates": [2.1948986, 41.3872123]}, "properties": {"tls": "GS_30242977", "edge": "47123761", "links": [0, 1, 2, 3], "bearing": 226.0}}, {"type": "Feature", "geometry": {"type": "Point", "coordinates": [2.1947281, 41.3872275]}, "properties": {"tls": "GS_30242977", "edge": "593140354", "links": [4, 5], "bearing": 135.0}}, {"type": "Feature", "geometry": {"type": "Point", "coordinates": [2.1517452, 41.3788882]}, "properties": {"tls": "GS_30243042", "edge": "1112886322#0", "links": [0, 1], "bearing": 225.1}}, {"type": "Feature", "geometry": {"type": "Point", "coordinates": [2.1517411, 41.3787634]}, "properties": {"tls": "GS_30243042", "edge": "907252500#0", "links": [2, 3, 4], "bearing": 315.6}}, {"type": "Feature", "geometry": {"type": "Point", "coordinates": [2.1574387, 41.3831689]}, "properties": {"tls": "GS_30243047", "edge": "489412372#0", "links": [0, 1, 2, 3, 4, 5], "bearing": 225.5}}, {"type": "Feature", "geometry": {"type": "Point", "coordinates": [2.1574078, 41.3830212]}, "properties": {"tls": "GS_30243047", "edge": "532504847#0", "links": [6, 7, 8, 9, 10], "bearing": 315.5}}, {"type": "Feature", "geometry": {"type": "Point", "coordinates": [2.1585565, 41.3840129]}, "properties": {"tls": "GS_30243048", "edge": "237519392#1", "links": [0, 1, 2, 3, 4], "bearing": 223.8}}, {"type": "Feature", "geometry": {"type": "Point", "coordinates": [2.1583774, 41.3839962]}, "properties": {"tls": "GS_30243048", "edge": "449991639#0", "links": [5, 6, 7, 8], "bearing": 135.8}}, {"type": "Feature", "geometry": {"type": "Point", "coordinates": [2.1686964, 41.3916459]}, "properties": {"tls": "GS_30243054", "edge": "478725551#0", "links": [0, 1, 2, 3], "bearing": 225.3}}, {"type": "Feature", "geometry": {"type": "Point", "coordinates": [2.1685282, 41.3916459]}, "properties": {"tls": "GS_30243054", "edge": "449991630#0", "links": [4, 5, 6, 7], "bearing": 135.8}}, {"type": "Feature", "geometry": {"type": "Point", "coordinates": [2.1709731, 41.3933573]}, "properties": {"tls": "GS_30243056", "edge": "478705995#1", "links": [0, 1, 2], "bearing": 225.2}}, {"type": "Feature", "geometry": {"type": "Point", "coordinates": [2.1708025, 41.3933559]}, "properties": {"tls": "GS_30243056", "edge": "483469230#6", "links": [3, 4, 5], "bearing": 135.8}}, {"type": "Feature", "geometry": {"type": "Point", "coordinates": [2.173264, 41.3950769]}, "properties": {"tls": "GS_30243058", "edge": "478525271#0", "links": [0, 1, 2], "bearing": 226.8}}, {"type": "Feature", "geometry": {"type": "Point", "coordinates": [2.1730922, 41.3950765]}, "properties": {"tls": "GS_30243058", "edge": "449991616#6", "links": [3, 4, 5], "bearing": 135.6}}, {"type": "Feature", "geometry": {"type": "Point", "coordinates": [2.1766676, 41.3975845]}, "properties": {"tls": "GS_30243061", "edge": "450613275#3", "links": [0, 1, 2], "bearing": 225.7}}, {"type": "Feature", "geometry": {"type": "Point", "coordinates": [2.1764961, 41.3975835]}, "properties": {"tls": "GS_30243061", "edge": "309055985#0", "links": [3, 4, 5], "bearing": 135.4}}, {"type": "Feature", "geometry": {"type": "Point", "coordinates": [2.1778278, 41.3984504]}, "properties": {"tls": "GS_30243062", "edge": "450613275#0", "links": [0, 1, 2], "bearing": 225.2}}, {"type": "Feature", "geometry": {"type": "Point", "coordinates": [2.177819, 41.398316]}, "properties": {"tls": "GS_30243062", "edge": "570478919#2", "links": [3, 4, 5], "bearing": 315.8}}, {"type": "Feature", "geometry": {"type": "Point", "coordinates": [2.1664928, 41.4034597]}, "properties": {"tls": "GS_30243114", "edge": "1370823684#4", "links": [0, 1, 2], "bearing": 315.3}}, {"type": "Feature", "geometry": {"type": "Point", "coordinates": [2.1663207, 41.4034585]}, "properties": {"tls": "GS_30243114", "edge": "1264832649#0", "links": [3, 4, 5], "bearing": 44.8}}, {"type": "Feature", "geometry": {"type": "Point", "coordinates": [2.1676324, 41.4027379]}, "properties": {"tls": "GS_30243115", "edge": "546578350#14", "links": [0, 1, 2], "bearing": 225.6}}, {"type": "Feature", "geometry": {"type": "Point", "coordinates": [2.1676327, 41.4026084]}, "properties": {"tls": "GS_30243115", "edge": "1370823684#0", "links": [3, 4, 5], "bearing": 315.3}}, {"type": "Feature", "geometry": {"type": "Point", "coordinates": [2.1687721, 41.4017561]}, "properties": {"tls": "GS_30243116", "edge": "450369486#4", "links": [0, 1, 2], "bearing": 315.8}}, {"type": "Feature", "geometry": {"type": "Point", "coordinates": [2.168586, 41.4017668]}, "properties": {"tls": "GS_30243116", "edge": "1370823685#0", "links": [3, 4, 5, 6], "bearing": 45.6}}, {"type": "Feature", "geometry": {"type": "Point", "coordinates": [2.1698755, 41.4010477]}, "properties": {"tls": "GS_30243117", "edge": "294798016#10", "links": [0, 1], "bearing": 225.7}}, {"type": "Feature", "geometry": {"type": "Point", "coordinates": [2.1698614, 41.4009279]}, "properties": {"tls": "GS_30243117", "edge": "450369486#0", "links": [2, 3, 4], "bearing": 315.8}}, {"type": "Feature", "geometry": {"type": "Point", "coordinates": [2.1710068, 41.4001895]}, "properties": {"tls": "GS_30243118", "edge": "1083461288#0", "links": [0, 1, 2, 3], "bearing": 224.8}}, {"type": "Feature", "geometry": {"type": "Point", "coordinates": [2.1710165, 41.4000441]}, "properties": {"tls": "GS_30243118", "edge": "1222795859", "links": [4, 5, 6, 7], "bearing": 318.1}}, {"type": "Feature", "geometry": {"type": "Point", "coordinates": [2.1802846, 41.3931389]}, "properties": {"tls": "GS_30243124", "edge": "237914518#0", "links": [0, 1, 2], "bearing": 225.8}}, {"type": "Feature", "geometry": {"type": "Point", "coordinates": [2.1802834, 41.3930089]}, "properties": {"tls": "GS_30243124", "edge": "226319538#2", "links": [3, 4, 5], "bearing": 316.3}}, {"type": "Feature", "geometry": {"type": "Point", "coordinates": [2.1813981, 41.3922978]}, "properties": {"tls": "GS_30243125", "edge": "1227181462", "links": [0, 1], "bearing": 220.0}}, {"type": "Feature", "geometry": {"type": "Point", "coordinates": [2.1814218, 41.3921494]}, "properties": {"tls": "GS_30243125", "edge": "226319539#0", "links": [2, 3, 4, 5], "bearing": 315.9}}, {"type": "Feature", "geometry": {"type": "Point", "coordinates": [2.1812663, 41.3921359]}, "properties": {"tls": "GS_30243125", "edge": "-226319540#4", "links": [6, 7], "bearing": 41.6}}, {"type": "Feature", "geometry": {"type": "Point", "coordinates": [2.1824703, 41.3914765]}, "properties": {"tls": "GS_30243126", "edge": "450435860#0", "links": [0, 1, 2], "bearing": 226.6}}, {"type": "Feature", "geometry": {"type": "Point", "coordinates": [2.182484, 41.3913379]}, "properties": {"tls": "GS_30243126", "edge": "450282637#0", "links": [3, 4, 5], "bearing": 314.2}}, {"type": "Feature", "geometry": {"type": "Point", "coordinates": [2.1755329, 41.3967372]}, "properties": {"tls": "GS_30243129", "edge": "571448020#0", "links": [0, 1, 2], "bearing": 225.8}}, {"type": "Feature", "geometry": {"type": "Point", "coordinates": [2.1755306, 41.3966086]}, "properties": {"tls": "GS_30243129", "edge": "1084045295#2", "links": [3, 4, 5], "bearing": 315.8}}, {"type": "Feature", "geometry": {"type": "Point", "coordinates": [2.1664683, 41.4052735]}, "properties": {"tls": "GS_30243156", "edge": "226319972#0", "links": [0, 1, 2, 3], "bearing": 226.1}}, {"type": "Feature", "geometry": {"type": "Point", "coordinates": [2.1662813, 41.405282]}, "properties": {"tls": "GS_30243156", "edge": "1409296665#0", "links": [4, 5, 6], "bearing": 135.7}}, {"type": "Feature", "geometry": {"type": "Point", "coordinates": [2.1674181, 41.4042942]}, "properties": {"tls": "GS_30243157", "edge": "1409302772", "links": [0, 1, 2], "bearing": 45.8}}, {"type": "Feature", "geometry": {"type": "Point", "coordinates": [2.1674184, 41.4044239]}, "properties": {"tls": "GS_30243157", "edge": "1264832651#0", "links": [3, 4, 5], "bearing": 135.5}}, {"type": "Feature", "geometry": {"type": "Point", "coordinates": [2.1687284, 41.4035622]}, "properties": {"tls": "GS_30243158", "edge": "546578350#7", "links": [0, 1, 2], "bearing": 226.2}}, {"type": "Feature", "geometry": {"type": "Point", "coordinates": [2.168555, 41.4035618]}, "properties": {"tls": "GS_30243158", "edge": "4745497#0", "links": [3, 4, 5], "bearing": 135.8}}, {"type": "Feature", "geometry": {"type": "Point", "coordinates": [2.1696771, 41.4025894]}, "properties": {"tls": "GS_30243159", "edge": "226319974#2", "links": [0, 1, 2, 3], "bearing": 44.8}}, {"type": "Feature", "geometry": {"type": "Point", "coordinates": [2.1696616, 41.4027313]}, "properties": {"tls": "GS_30243159", "edge": "4745497#6", "links": [4, 5, 6], "bearing": 136.2}}, {"type": "Feature", "geometry": {"type": "Point", "coordinates": [2.1709775, 41.4018655]}, "properties": {"tls": "GS_30243160", "edge": "294798016#4", "links": [0, 1], "bearing": 225.9}}, {"type": "Feature", "geometry": {"type": "Point", "coordinates": [2.1708309, 41.4018661]}, "properties": {"tls": "GS_30243160", "edge": "309055988#0", "links": [2, 3], "bearing": 135.3}}, {"type": "Feature", "geometry": {"type": "Point", "coordinates": [2.1721104, 41.4010143]}, "properties": {"tls": "GS_30243161", "edge": "1092589334#0", "links": [0, 1, 2, 3], "bearing": 226.3}}, {"type": "Feature", "geometry": {"type": "Point", "coordinates": [2.1719342, 41.4010353]}, "properties": {"tls": "GS_30243161", "edge": "882902027#0", "links": [4, 5, 6], "bearing": 136.0}}, {"type": "Feature", "geometry": {"type": "Point", "coordinates": [2.1743881, 41.3993158]}, "properties": {"tls": "GS_30243163", "edge": "450137744#0", "links": [0, 1, 2, 3, 4, 5], "bearing": 225.3}}, {"type": "Feature", "geometry": {"type": "Point", "coordinates": [2.1741568, 41.3993386]}, "properties": {"tls": "GS_30243163", "edge": "1219876565", "links": [6, 7, 8, 9, 10], "bearing": 135.5}}, {"type": "Feature", "geometry": {"type": "Point", "coordinates": [2.181385, 41.3939833]}, "properties": {"tls": "GS_30243166", "edge": "134198192#0", "links": [0, 1, 2], "bearing": 228.2}}, {"type": "Feature", "geometry": {"type": "Point", "coordinates": [2.1812144, 41.3939869]}, "properties": {"tls": "GS_30243166", "edge": "449991628#4", "links": [3, 4, 5], "bearing": 136.1}}, {"type": "Feature", "geometry": {"type": "Point", "coordinates": [2.1630978, 41.4027521]}, "properties": {"tls": "GS_30243203", "edge": "140001505#0", "links": [0, 1, 2], "bearing": 225.8}}, {"type": "Feature", "geometry": {"type": "Point", "coordinates": [2.1629141, 41.4027649]}, "properties": {"tls": "GS_30243203", "edge": "836361915#0", "links": [3, 4, 5], "bearing": 136.6}}, {"type": "Feature", "geometry": {"type": "Point", "coordinates": [2.1662957, 41.4000597]}, "properties": {"tls": "GS_30243205", "edge": "237910181#5", "links": [0, 1, 2, 3, 4], "bearing": 45.8}}, {"type": "Feature", "geometry": {"type": "Point", "coordinates": [2.166269, 41.4002099]}, "properties": {"tls": "GS_30243205", "edge": "309896346#0", "links": [5, 6, 7, 8], "bearing": 135.2}}, {"type": "Feature", "geometry": {"type": "Point", "coordinates": [2.1676025, 41.3993506]}, "properties": {"tls": "GS_30243206", "edge": "1510989512#0", "links": [0, 1, 2], "bearing": 226.0}}, {"type": "Feature", "geometry": {"type": "Point", "coordinates": [2.1674286, 41.3993303]}, "properties": {"tls": "GS_30243206", "edge": "1408925538#0", "links": [3, 4, 5, 6], "bearing": 135.2}}, {"type": "Feature", "geometry": {"type": "Point", "coordinates": [2.1697019, 41.3974875]}, "properties": {"tls": "GS_30243209", "edge": "237790228#0", "links": [0, 1, 2, 3], "bearing": 44.6}}, {"type": "Feature", "geometry": {"type": "Point", "coordinates": [2.1697192, 41.3976257]}, "properties": {"tls": "GS_30243209", "edge": "908570511#0", "links": [4, 5, 6, 7], "bearing": 136.5}}, {"type": "Feature", "geometry": {"type": "Point", "coordinates": [2.1710085, 41.396781]}, "properties": {"tls": "GS_30243210", "edge": "1408524839#0", "links": [0, 1, 2, 3, 4, 5], "bearing": 225.3}}, {"type": "Feature", "geometry": {"type": "Point", "coordinates": [2.1707993, 41.3968083]}, "properties": {"tls": "GS_30243210", "edge": "1408524840#0", "links": [6, 7, 8, 9], "bearing": 135.6}}, {"type": "Feature", "geometry": {"type": "Point", "coordinates": [2.1780194, 41.391455]}, "properties": {"tls": "GS_30243212", "edge": "330913954#0", "links": [0, 1, 2], "bearing": 226.2}}, {"type": "Feature", "geometry": {"type": "Point", "coordinates": [2.1778454, 41.3914537]}, "properties": {"tls": "GS_30243212", "edge": "1479227021#8", "links": [3, 4, 5], "bearing": 134.7}}, {"type": "Feature", "geometry": {"type": "Point", "coordinates": [2.1784158, 41.3910936]}, "properties": {"tls": "GS_30243213", "edge": "8380852#0", "links": [0, 1, 2], "bearing": 242.7}}, {"type": "Feature", "geometry": {"type": "Point", "coordinates": [2.1782388, 41.3911448]}, "properties": {"tls": "GS_30243213", "edge": "1479227021#12", "links": [3, 4], "bearing": 150.9}}, {"type": "Feature", "geometry": {"type": "Point", "coordinates": [2.1641762, 41.400175]}, "properties": {"tls": "GS_30243244", "edge": "544614092#0", "links": [0, 1, 2, 3], "bearing": 225.2}}, {"type": "Feature", "geometry": {"type": "Point", "coordinates": [2.1641975, 41.4000444]}, "properties": {"tls": "GS_30243244", "edge": "307933391#4", "links": [4, 5, 6], "bearing": 310.2}}, {"type": "Feature", "geometry": {"type": "Point", "coordinates": [2.1653637, 41.399188]}, "properties": {"tls": "GS_30243245", "edge": "307933391#0", "links": [0, 1, 2, 3], "bearing": 316.0}}, {"type": "Feature", "geometry": {"type": "Point", "coordinates": [2.165165, 41.3992085]}, "properties": {"tls": "GS_30243245", "edge": "237910181#0", "links": [4, 5, 6, 7, 8], "bearing": 44.7}}, {"type": "Feature", "geometry": {"type": "Point", "coordinates": [2.1640313, 41.3983575]}, "properties": {"tls": "GS_30243260", "edge": "4746924#0", "links": [0, 1, 2, 3, 4], "bearing": 44.5}}, {"type": "Feature", "geometry": {"type": "Point", "coordinates": [2.1639892, 41.3984984]}, "properties": {"tls": "GS_30243260", "edge": "31029327#0", "links": [5, 6, 7], "bearing": 135.2}}, {"type": "Feature", "geometry": {"type": "Point", "coordinates": [2.1664872, 41.3967893]}, "properties": {"tls": "GS_30243261", "edge": "1409641097#0", "links": [0, 1, 2, 3, 4], "bearing": 226.3}}, {"type": "Feature", "geometry": {"type": "Point", "coordinates": [2.166285, 41.3967906]}, "properties": {"tls": "GS_30243261", "edge": "307933387#0", "links": [5, 6, 7, 8], "bearing": 134.7}}, {"type": "Feature", "geometry": {"type": "Point", "coordinates": [2.1674522, 41.3957771]}, "properties": {"tls": "GS_30243262", "edge": "525638416#0", "links": [0, 1, 2, 3], "bearing": 47.3}}, {"type": "Feature", "geometry": {"type": "Point", "coordinates": [2.1674629, 41.3959028]}, "properties": {"tls": "GS_30243262", "edge": "237790229#0", "links": [4, 5, 6, 7], "bearing": 138.6}}, {"type": "Feature", "geometry": {"type": "Point", "coordinates": [2.1687209, 41.3950709]}, "properties": {"tls": "GS_30243263", "edge": "1408524843#2", "links": [0, 1, 2, 3, 4, 5], "bearing": 225.7}}, {"type": "Feature", "geometry": {"type": "Point", "coordinates": [2.1685123, 41.3950988]}, "properties": {"tls": "GS_30243263", "edge": "1408524845#0", "links": [6, 7, 8, 9], "bearing": 135.9}}, {"type": "Feature", "geometry": {"type": "Point", "coordinates": [2.146109, 41.3796083]}, "properties": {"tls": "GS_30243312", "edge": "129169442#0", "links": [0, 1], "bearing": 315.2}}, {"type": "Feature", "geometry": {"type": "Point", "coordinates": [2.1459445, 41.3796219]}, "properties": {"tls": "GS_30243312", "edge": "60344581#0", "links": [2, 3, 4], "bearing": 47.8}}, {"type": "Feature", "geometry": {"type": "Point", "coordinates": [2.1549619, 41.3864091]}, "properties": {"tls": "GS_30243321", "edge": "262048904#0", "links": [0, 1, 2, 3, 4, 5, 6], "bearing": 46.1}}, {"type": "Feature", "geometry": {"type": "Point", "coordinates": [2.1549753, 41.3865519]}, "properties": {"tls": "GS_30243321", "edge": "552422733#0", "links": [7, 8, 9, 10, 11], "bearing": 136.3}}, {"type": "Feature", "geometry": {"type": "Point", "coordinates": [2.1606418, 41.3906427]}, "properties": {"tls": "GS_30243323", "edge": "238324885#4", "links": [0, 1, 2, 3, 4], "bearing": 43.9}}, {"type": "Feature", "geometry": {"type": "Point", "coordinates": [2.1606605, 41.3907956]}, "properties": {"tls": "GS_30243323", "edge": "295281481#0", "links": [5, 6, 7, 8, 9, 10], "bearing": 135.6}}, {"type": "Feature", "geometry": {"type": "Point", "coordinates": [2.1744143, 41.4008877]}, "properties": {"tls": "GS_30243330", "edge": "1227317193#0", "links": [0, 1, 2], "bearing": 315.1}}, {"type": "Feature", "geometry": {"type": "Point", "coordinates": [2.1742205, 41.4008924]}, "properties": {"tls": "GS_30243330", "edge": "313395786#0", "links": [3, 4, 5, 6], "bearing": 45.7}}, {"type": "Feature", "geometry": {"type": "Point", "coordinates": [2.1768152, 41.4026755]}, "properties": {"tls": "GS_30243331", "edge": "490731922#2", "links": [0, 1], "bearing": 316.7}}, {"type": "Feature", "geometry": {"type": "Point", "coordinates": [2.176633, 41.4026873]}, "properties": {"tls": "GS_30243331", "edge": "732998300#3", "links": [2, 3, 4], "bearing": 45.1}}, {"type": "Feature", "geometry": {"type": "Point", "coordinates": [2.1777117, 41.4035163]}, "properties": {"tls": "GS_30243332", "edge": "531724278#0", "links": [0, 1, 2, 3], "bearing": 45.8}}, {"type": "Feature", "geometry": {"type": "Point", "coordinates": [2.1777108, 41.4036664]}, "properties": {"tls": "GS_30243332", "edge": "526132001#0", "links": [4, 5, 6, 7, 8], "bearing": 134.7}}, {"type": "Feature", "geometry": {"type": "Point", "coordinates": [2.1789804, 41.4043204]}, "properties": {"tls": "GS_30243333", "edge": "902150219#0", "links": [0, 1, 2], "bearing": 316.2}}, {"type": "Feature", "geometry": {"type": "Point", "coordinates": [2.1787811, 41.4043213]}, "properties": {"tls": "GS_30243333", "edge": "526132002#0", "links": [3, 4, 5, 6], "bearing": 45.4}}, {"type": "Feature", "geometry": {"type": "Point", "coordinates": [2.1798896, 41.4051385]}, "properties": {"tls": "GS_30243334", "edge": "237566142#0", "links": [0, 1, 2, 3], "bearing": 46.2}}, {"type": "Feature", "geometry": {"type": "Point", "coordinates": [2.1798923, 41.4052888]}, "properties": {"tls": "GS_30243334", "edge": "651543579#0", "links": [4, 5, 6, 7, 8], "bearing": 136.7}}, {"type": "Feature", "geometry": {"type": "Point", "coordinates": [2.1812149, 41.4059652]}, "properties": {"tls": "GS_30243335", "edge": "601634006#0", "links": [0, 1, 2], "bearing": 317.0}}, {"type": "Feature", "geometry": {"type": "Point", "coordinates": [2.1810298, 41.4059771]}, "properties": {"tls": "GS_30243335", "edge": "237566142#6", "links": [3, 4, 5, 6], "bearing": 46.2}}, {"type": "Feature", "geometry": {"type": "Point", "coordinates": [2.1821563, 41.4068142]}, "properties": {"tls": "GS_30243336", "edge": "1409643077#0", "links": [0, 1, 2, 3], "bearing": 45.9}}, {"type": "Feature", "geometry": {"type": "Point", "coordinates": [2.1821438, 41.4069548]}, "properties": {"tls": "GS_30243336", "edge": "237912794#0", "links": [4, 5, 6, 7], "bearing": 134.8}}, {"type": "Feature", "geometry": {"type": "Point", "coordinates": [2.1835264, 41.4076835]}, "properties": {"tls": "GS_30243337", "edge": "651533778#4", "links": [0, 1, 2], "bearing": 315.7}}, {"type": "Feature", "geometry": {"type": "Point", "coordinates": [2.1833399, 41.4076945]}, "properties": {"tls": "GS_30243337", "edge": "601634007#0", "links": [3, 4, 5, 6], "bearing": 45.9}}, {"type": "Feature", "geometry": {"type": "Point", "coordinates": [2.1841361, 41.4083031]}, "properties": {"tls": "GS_30243338", "edge": "237517570#0", "links": [0, 1, 2], "bearing": 46.1}}, {"type": "Feature", "geometry": {"type": "Point", "coordinates": [2.1841098, 41.4084323]}, "properties": {"tls": "GS_30243338", "edge": "4746925#17", "links": [3, 4], "bearing": 135.6}}, {"type": "Feature", "geometry": {"type": "Point", "coordinates": [2.1884252, 41.4115258]}, "properties": {"tls": "GS_30243344", "edge": "450423876#4", "links": [0, 1, 2, 3], "bearing": 43.1}}, {"type": "Feature", "geometry": {"type": "Point", "coordinates": [2.1883676, 41.4116164]}, "properties": {"tls": "GS_30243344", "edge": "4776419#0", "links": [4, 5, 6], "bearing": 103.4}}, {"type": "Feature", "geometry": {"type": "Point", "coordinates": [2.1923255, 41.4144808]}, "properties": {"tls": "GS_30243348", "edge": "299044398#0", "links": [0, 1, 2], "bearing": 44.6}}, {"type": "Feature", "geometry": {"type": "Point", "coordinates": [2.1923103, 41.4146215]}, "properties": {"tls": "GS_30243348", "edge": "284579034#1", "links": [3, 4, 5], "bearing": 134.9}}, {"type": "Feature", "geometry": {"type": "Point", "coordinates": [2.1936195, 41.4153254]}, "properties": {"tls": "GS_30243349", "edge": "251050609#0", "links": [0, 1, 2, 3, 4], "bearing": 315.2}}, {"type": "Feature", "geometry": {"type": "Point", "coordinates": [2.1934357, 41.4153168]}, "properties": {"tls": "GS_30243349", "edge": "48527548#0", "links": [5, 6, 7, 8], "bearing": 45.6}}, {"type": "Feature", "geometry": {"type": "Point", "coordinates": [2.19464, 41.4162139]}, "properties": {"tls": "GS_30243350", "edge": "48527546#0", "links": [0, 1], "bearing": 45.8}}, {"type": "Feature", "geometry": {"type": "Point", "coordinates": [2.1946405, 41.416323]}, "properties": {"tls": "GS_30243350", "edge": "46800633#0", "links": [2, 3], "bearing": 135.6}}, {"type": "Feature", "geometry": {"type": "Point", "coordinates": [2.1959149, 41.4170542]}, "properties": {"tls": "GS_30243352", "edge": "431242474#0", "links": [0, 1], "bearing": 315.9}}, {"type": "Feature", "geometry": {"type": "Point", "coordinates": [2.1957695, 41.4170549]}, "properties": {"tls": "GS_30243352", "edge": "48527546#8", "links": [2, 3], "bearing": 45.8}}, {"type": "Feature", "geometry": {"type": "Point", "coordinates": [2.1981994, 41.4187549]}, "properties": {"tls": "GS_30243355", "edge": "46738592#0", "links": [0, 1], "bearing": 315.8}}, {"type": "Feature", "geometry": {"type": "Point", "coordinates": [2.1980535, 41.4187553]}, "properties": {"tls": "GS_30243355", "edge": "48527546#16", "links": [2, 3], "bearing": 45.9}}, {"type": "Feature", "geometry": {"type": "Point", "coordinates": [2.199186, 41.4195985]}, "properties": {"tls": "GS_30243356", "edge": "48527546#18", "links": [0, 1], "bearing": 45.9}}, {"type": "Feature", "geometry": {"type": "Point", "coordinates": [2.1991874, 41.4197086]}, "properties": {"tls": "GS_30243356", "edge": "46738585#0", "links": [2, 3], "bearing": 136.2}}, {"type": "Feature", "geometry": {"type": "Point", "coordinates": [2.2004973, 41.4204653]}, "properties": {"tls": "GS_30243357", "edge": "490482502", "links": [0, 1], "bearing": 316.1}}, {"type": "Feature", "geometry": {"type": "Point", "coordinates": [2.2002632, 41.4204005]}, "properties": {"tls": "GS_30243357", "edge": "48527546#21", "links": [2], "bearing": 45.9}}, {"type": "Feature", "geometry": {"type": "Point", "coordinates": [2.1494926, 41.3840103]}, "properties": {"tls": "GS_30243361", "edge": "1409641111", "links": [0, 1, 2, 3], "bearing": 228.1}}, {"type": "Feature", "geometry": {"type": "Point", "coordinates": [2.1495021, 41.3838722]}, "properties": {"tls": "GS_30243361", "edge": "1409641110#2", "links": [4, 5, 6, 7], "bearing": 315.3}}, {"type": "Feature", "geometry": {"type": "Point", "coordinates": [2.1506491, 41.3848668]}, "properties": {"tls": "GS_30243362", "edge": "237645175#0", "links": [0, 1, 2, 3, 4], "bearing": 226.6}}, {"type": "Feature", "geometry": {"type": "Point", "coordinates": [2.1504296, 41.3848549]}, "properties": {"tls": "GS_30243362", "edge": "493086069#7", "links": [5, 6, 7, 8, 9, 10], "bearing": 134.6}}, {"type": "Feature", "geometry": {"type": "Point", "coordinates": [2.1517644, 41.3856963]}, "properties": {"tls": "GS_30243363", "edge": "1409641108", "links": [0, 1, 2, 3], "bearing": 226.3}}, {"type": "Feature", "geometry": {"type": "Point", "coordinates": [2.1517902, 41.3855673]}, "properties": {"tls": "GS_30243363", "edge": "1409641107#0", "links": [4, 5, 6], "bearing": 315.4}}, {"type": "Feature", "geometry": {"type": "Point", "coordinates": [2.1540261, 41.3874154]}, "properties": {"tls": "GS_30243365", "edge": "552422732#0", "links": [0, 1, 2, 3, 4], "bearing": 226.6}}, {"type": "Feature", "geometry": {"type": "Point", "coordinates": [2.1538334, 41.3874233]}, "properties": {"tls": "GS_30243365", "edge": "552422734#0", "links": [5, 6, 7, 8], "bearing": 134.0}}, {"type": "Feature", "geometry": {"type": "Point", "coordinates": [2.1585461, 41.390821]}, "properties": {"tls": "GS_30243366", "edge": "1083818630#0", "links": [0, 1, 2, 3], "bearing": 226.8}}, {"type": "Feature", "geometry": {"type": "Point", "coordinates": [2.1583725, 41.3908421]}, "properties": {"tls": "GS_30243366", "edge": "86301093#9", "links": [4, 5, 6], "bearing": 134.4}}, {"type": "Feature", "geometry": {"type": "Point", "coordinates": [2.159701, 41.391687]}, "properties": {"tls": "GS_30243367", "edge": "908375872#4", "links": [0, 1, 2, 3, 4], "bearing": 224.9}}, {"type": "Feature", "geometry": {"type": "Point", "coordinates": [2.1594882, 41.3916764]}, "properties": {"tls": "GS_30243367", "edge": "293858815", "links": [5, 6, 7, 8, 9], "bearing": 135.8}}, {"type": "Feature", "geometry": {"type": "Point", "coordinates": [2.1641995, 41.3950777]}, "properties": {"tls": "GS_30243373", "edge": "237645179#0", "links": [0, 1, 2, 3, 4], "bearing": 225.7}}, {"type": "Feature", "geometry": {"type": "Point", "coordinates": [2.1640149, 41.3950895]}, "properties": {"tls": "GS_30243373", "edge": "803424574#0", "links": [5, 6, 7, 8], "bearing": 135.5}}, {"type": "Feature", "geometry": {"type": "Point", "coordinates": [2.1653682, 41.3959525]}, "properties": {"tls": "GS_30243375", "edge": "237790226#0", "links": [0, 1, 2, 3], "bearing": 225.9}}, {"type": "Feature", "geometry": {"type": "Point", "coordinates": [2.1653786, 41.3958105]}, "properties": {"tls": "GS_30243375", "edge": "525638414#0", "links": [4, 5, 6, 7], "bearing": 315.7}}, {"type": "Feature", "geometry": {"type": "Point", "coordinates": [2.1732777, 41.40189]}, "properties": {"tls": "GS_30243389", "edge": "68506258#2", "links": [0, 1, 2, 3], "bearing": 226.8}}, {"type": "Feature", "geometry": {"type": "Point", "coordinates": [2.1732827, 41.401746]}, "properties": {"tls": "GS_30243389", "edge": "1227317193#7", "links": [4, 5, 6, 7, 8], "bearing": 316.6}}, {"type": "Feature", "geometry": {"type": "Point", "coordinates": [2.1767846, 41.4045132]}, "properties": {"tls": "GS_30243391", "edge": "550092215#2", "links": [0, 1, 2, 3], "bearing": 226.3}}, {"type": "Feature", "geometry": {"type": "Point", "coordinates": [2.1765827, 41.4045142]}, "properties": {"tls": "GS_30243391", "edge": "68506255#0", "links": [4, 5, 6, 7], "bearing": 136.2}}, {"type": "Feature", "geometry": {"type": "Point", "coordinates": [2.1778652, 41.4053128]}, "properties": {"tls": "GS_30243392", "edge": "651543581#0", "links": [0, 1, 2, 3], "bearing": 225.5}}, {"type": "Feature", "geometry": {"type": "Point", "coordinates": [2.1778775, 41.4051714]}, "properties": {"tls": "GS_30243392", "edge": "550092214#0", "links": [4, 5, 6, 7], "bearing": 316.2}}, {"type": "Feature", "geometry": {"type": "Point", "coordinates": [2.1795098, 41.406541]}, "properties": {"tls": "GS_30243394", "edge": "1409641087#0", "links": [0, 1, 2, 3], "bearing": 225.5}}, {"type": "Feature", "geometry": {"type": "Point", "coordinates": [2.1795556, 41.4064265]}, "properties": {"tls": "GS_30243394", "edge": "313395781#0", "links": [4, 5], "bearing": 299.8}}, {"type": "Feature", "geometry": {"type": "Point", "coordinates": [2.1792949, 41.4065317]}, "properties": {"tls": "GS_30243394", "edge": "4776370#0", "links": [6, 7], "bearing": 119.9}}, {"type": "Feature", "geometry": {"type": "Point", "coordinates": [2.1800684, 41.4069577]}, "properties": {"tls": "GS_30243395", "edge": "1409641084#0", "links": [0, 1, 2, 3], "bearing": 225.6}}, {"type": "Feature", "geometry": {"type": "Point", "coordinates": [2.1800804, 41.4068167]}, "properties": {"tls": "GS_30243395", "edge": "1409641086#0", "links": [4, 5, 6, 7], "bearing": 315.8}}, {"type": "Feature", "geometry": {"type": "Point", "coordinates": [2.1811954, 41.4078028]}, "properties": {"tls": "GS_30243396", "edge": "611629259#0", "links": [0, 1, 2, 3], "bearing": 225.4}}, {"type": "Feature", "geometry": {"type": "Point", "coordinates": [2.1810104, 41.4078137]}, "properties": {"tls": "GS_30243396", "edge": "237912795#14", "links": [4, 5, 6, 7], "bearing": 136.5}}, {"type": "Feature", "geometry": {"type": "Point", "coordinates": [2.1823727, 41.4086886]}, "properties": {"tls": "GS_30243397", "edge": "1409641081#0", "links": [0, 1, 2, 3], "bearing": 225.7}}, {"type": "Feature", "geometry": {"type": "Point", "coordinates": [2.1823866, 41.4085489]}, "properties": {"tls": "GS_30243397", "edge": "1409641082#3", "links": [4, 5, 6, 7], "bearing": 314.7}}, {"type": "Feature", "geometry": {"type": "Point", "coordinates": [2.183158, 41.4092782]}, "properties": {"tls": "GS_30243398", "edge": "175291981#0", "links": [0, 1, 2, 3], "bearing": 224.9}}, {"type": "Feature", "geometry": {"type": "Point", "coordinates": [2.1829777, 41.4092966]}, "properties": {"tls": "GS_30243398", "edge": "4746925#10", "links": [4, 5, 6], "bearing": 134.0}}, {"type": "Feature", "geometry": {"type": "Point", "coordinates": [2.1891293, 41.4137538]}, "properties": {"tls": "GS_30243447", "edge": "555464840#0", "links": [0, 1, 2, 3], "bearing": 224.5}}, {"type": "Feature", "geometry": {"type": "Point", "coordinates": [2.1889161, 41.4137619]}, "properties": {"tls": "GS_30243447", "edge": "31240974#0", "links": [4, 5, 6, 7, 8], "bearing": 135.2}}, {"type": "Feature", "geometry": {"type": "Point", "coordinates": [2.1542599, 41.3770113]}, "properties": {"tls": "GS_30243877", "edge": "237529479#5", "links": [0, 1, 2, 3], "bearing": 225.0}}, {"type": "Feature", "geometry": {"type": "Point", "coordinates": [2.1542714, 41.3768688]}, "properties": {"tls": "GS_30243877", "edge": "1409614854#2", "links": [4, 5, 6, 7], "bearing": 315.6}}, {"type": "Feature", "geometry": {"type": "Point", "coordinates": [2.1576562, 41.377691]}, "properties": {"tls": "GS_30243889", "edge": "237529476#3", "links": [0, 1, 2, 3, 4], "bearing": 315.2}}, {"type": "Feature", "geometry": {"type": "Point", "coordinates": [2.1574672, 41.377698]}, "properties": {"tls": "GS_30243889", "edge": "237795732#0", "links": [5, 6, 7, 8], "bearing": 45.1}}, {"type": "Feature", "geometry": {"type": "Point", "coordinates": [2.1586017, 41.378558]}, "properties": {"tls": "GS_30243890", "edge": "403600282#0", "links": [0, 1, 2, 3], "bearing": 46.1}}, {"type": "Feature", "geometry": {"type": "Point", "coordinates": [2.1586027, 41.3787082]}, "properties": {"tls": "GS_30243890", "edge": "449991637#3", "links": [4, 5, 6, 7, 8, 9], "bearing": 135.5}}, {"type": "Feature", "geometry": {"type": "Point", "coordinates": [2.1621589, 41.3761902]}, "properties": {"tls": "GS_30246669", "edge": "-729397994", "links": [0], "bearing": 227.4}}, {"type": "Feature", "geometry": {"type": "Point", "coordinates": [2.1619811, 41.3760214]}, "properties": {"tls": "GS_30246669", "edge": "34609521#0", "links": [1, 2], "bearing": 38.2}}, {"type": "Feature", "geometry": {"type": "Point", "coordinates": [2.1619938, 41.3761637]}, "properties": {"tls": "GS_30246669", "edge": "591631504#0", "links": [3, 4, 5, 6], "bearing": 135.1}}, {"type": "Feature", "geometry": {"type": "Point", "coordinates": [2.1666642, 41.3760176]}, "properties": {"tls": "GS_30246702", "edge": "237649291#2", "links": [0, 1, 2, 3], "bearing": 315.0}}, {"type": "Feature", "geometry": {"type": "Point", "coordinates": [2.1664779, 41.3759854]}, "properties": {"tls": "GS_30246702", "edge": "331574668#0", "links": [4, 5], "bearing": 44.8}}, {"type": "Feature", "geometry": {"type": "Point", "coordinates": [2.1459105, 41.3880934]}, "properties": {"tls": "GS_30246768", "edge": "1408598861#2", "links": [0, 1, 2, 3], "bearing": 46.4}}, {"type": "Feature", "geometry": {"type": "Point", "coordinates": [2.1459052, 41.3882391]}, "properties": {"tls": "GS_30246768", "edge": "4745969#0", "links": [4, 5, 6, 7, 8], "bearing": 136.1}}, {"type": "Feature", "geometry": {"type": "Point", "coordinates": [2.1551611, 41.3814618]}, "properties": {"tls": "GS_30246771", "edge": "422439069#0", "links": [0, 1, 2, 3], "bearing": 225.6}}, {"type": "Feature", "geometry": {"type": "Point", "coordinates": [2.1549821, 41.3814484]}, "properties": {"tls": "GS_30246771", "edge": "449991638#0", "links": [4, 5, 6, 7], "bearing": 136.5}}, {"type": "Feature", "geometry": {"type": "Point", "coordinates": [2.1450016, 41.3872755]}, "properties": {"tls": "GS_30246777", "edge": "449991621#12", "links": [0, 1, 2], "bearing": 315.6}}, {"type": "Feature", "geometry": {"type": "Point", "coordinates": [2.1448152, 41.387286]}, "properties": {"tls": "GS_30246777", "edge": "868722651#4", "links": [3, 4, 5, 6], "bearing": 45.8}}, {"type": "Feature", "geometry": {"type": "Point", "coordinates": [2.1472587, 41.3857004]}, "properties": {"tls": "GS_30246778", "edge": "4746243#8", "links": [0, 1], "bearing": 225.1}}, {"type": "Feature", "geometry": {"type": "Point", "coordinates": [2.1472591, 41.3855699]}, "properties": {"tls": "GS_30246778", "edge": "449991621#4", "links": [2, 3], "bearing": 315.5}}, {"type": "Feature", "geometry": {"type": "Point", "coordinates": [2.1470844, 41.3855703]}, "properties": {"tls": "GS_30246778", "edge": "1352761260#4", "links": [4, 5], "bearing": 46.1}}, {"type": "Feature", "geometry": {"type": "Point", "coordinates": [2.1540117, 41.3805965]}, "properties": {"tls": "GS_30246781", "edge": "422439069#3", "links": [0, 1, 2], "bearing": 225.6}}, {"type": "Feature", "geometry": {"type": "Point", "coordinates": [2.1540054, 41.3804713]}, "properties": {"tls": "GS_30246781", "edge": "918438451#0", "links": [3, 4, 5], "bearing": 315.7}}, {"type": "Feature", "geometry": {"type": "Point", "coordinates": [2.1459627, 41.3847215]}, "properties": {"tls": "GS_30246820", "edge": "1352761260#0", "links": [0, 1, 2], "bearing": 46.3}}, {"type": "Feature", "geometry": {"type": "Point", "coordinates": [2.1459637, 41.38485]}, "properties": {"tls": "GS_30246820", "edge": "237795736#0", "links": [3, 4, 5], "bearing": 135.6}}, {"type": "Feature", "geometry": {"type": "Point", "coordinates": [2.1576433, 41.3761209]}, "properties": {"tls": "GS_30246824", "edge": "237529480#0", "links": [0, 1, 2], "bearing": 225.7}}, {"type": "Feature", "geometry": {"type": "Point", "coordinates": [2.1574723, 41.3761226]}, "properties": {"tls": "GS_30246824", "edge": "237529477#3", "links": [3, 4, 5], "bearing": 137.1}}, {"type": "Feature", "geometry": {"type": "Point", "coordinates": [2.1438985, 41.3848503]}, "properties": {"tls": "GS_30246859", "edge": "237795734#0", "links": [0, 1, 2], "bearing": 225.3}}, {"type": "Feature", "geometry": {"type": "Point", "coordinates": [2.143886, 41.3847103]}, "properties": {"tls": "GS_30246859", "edge": "1409614869#0", "links": [3, 4, 5, 6], "bearing": 315.2}}, {"type": "Feature", "geometry": {"type": "Point", "coordinates": [2.1450073, 41.3838734]}, "properties": {"tls": "GS_30246860", "edge": "1097003669#0", "links": [0, 1, 2, 3], "bearing": 315.4}}, {"type": "Feature", "geometry": {"type": "Point", "coordinates": [2.1448187, 41.3838643]}, "properties": {"tls": "GS_30246860", "edge": "918458614#0", "links": [4, 5, 6, 7], "bearing": 46.6}}, {"type": "Feature", "geometry": {"type": "Point", "coordinates": [2.1483712, 41.3813061]}, "properties": {"tls": "GS_30246862", "edge": "1409614860#0", "links": [0, 1, 2, 3], "bearing": 315.8}}, {"type": "Feature", "geometry": {"type": "Point", "coordinates": [2.1481899, 41.3813031]}, "properties": {"tls": "GS_30246862", "edge": "1112886305#0", "links": [4, 5, 6, 7], "bearing": 45.4}}, {"type": "Feature", "geometry": {"type": "Point", "coordinates": [2.1470453, 41.3923903]}, "properties": {"tls": "GS_30247088", "edge": "237960944#0", "links": [0, 1, 2, 3], "bearing": 46.7}}, {"type": "Feature", "geometry": {"type": "Point", "coordinates": [2.1470496, 41.3925376]}, "properties": {"tls": "GS_30247088", "edge": "4746042#0", "links": [4, 5, 6, 7], "bearing": 134.4}}, {"type": "Feature", "geometry": {"type": "Point", "coordinates": [2.1506332, 41.389994]}, "properties": {"tls": "GS_30247089", "edge": "237960945#0", "links": [0, 1, 2, 3], "bearing": 225.7}}, {"type": "Feature", "geometry": {"type": "Point", "coordinates": [2.1504456, 41.3899815]}, "properties": {"tls": "GS_30247089", "edge": "237960949#0", "links": [4, 5, 6, 7], "bearing": 135.0}}, {"type": "Feature", "geometry": {"type": "Point", "coordinates": [2.144502, 41.402951]}, "properties": {"tls": "GS_30247395", "edge": "34873318#4", "links": [0, 1, 2], "bearing": 212.0}}, {"type": "Feature", "geometry": {"type": "Point", "coordinates": [2.1445356, 41.4028359]}, "properties": {"tls": "GS_30247395", "edge": "-1094454893#1", "links": [3, 4, 5], "bearing": 291.6}}, {"type": "Feature", "geometry": {"type": "Point", "coordinates": [2.1442907, 41.4028489]}, "properties": {"tls": "GS_30247395", "edge": "1408679483#0", "links": [6, 7], "bearing": 108.8}}, {"type": "Feature", "geometry": {"type": "Point", "coordinates": [2.1480714, 41.4007028]}, "properties": {"tls": "GS_30247409", "edge": "35465939#3", "links": [0, 1], "bearing": 51.3}}, {"type": "Feature", "geometry": {"type": "Point", "coordinates": [2.1480995, 41.4008203]}, "properties": {"tls": "GS_30247409", "edge": "542149422#0", "links": [2, 3, 4, 5], "bearing": 131.9}}, {"type": "Feature", "geometry": {"type": "Point", "coordinates": [2.1490892, 41.4003022]}, "properties": {"tls": "GS_30247411", "edge": "918474433#3", "links": [0, 1, 2], "bearing": 225.5}}, {"type": "Feature", "geometry": {"type": "Point", "coordinates": [2.1489076, 41.4002778]}, "properties": {"tls": "GS_30247411", "edge": "1408687428#3", "links": [3, 4, 5, 6], "bearing": 130.6}}, {"type": "Feature", "geometry": {"type": "Point", "coordinates": [2.1500555, 41.3993712]}, "properties": {"tls": "GS_30247413", "edge": "4752025#13", "links": [0, 1], "bearing": 45.0}}, {"type": "Feature", "geometry": {"type": "Point", "coordinates": [2.1500747, 41.3994997]}, "properties": {"tls": "GS_30247413", "edge": "165842956#0", "links": [2, 3, 4, 5], "bearing": 132.0}}, {"type": "Feature", "geometry": {"type": "Point", "coordinates": [2.1508941, 41.3989866]}, "properties": {"tls": "GS_30247416", "edge": "1384274567#2", "links": [0, 1, 2], "bearing": 232.3}}, {"type": "Feature", "geometry": {"type": "Point", "coordinates": [2.150723, 41.398984]}, "properties": {"tls": "GS_30247416", "edge": "165842956#3", "links": [3, 4, 5, 6], "bearing": 142.2}}, {"type": "Feature", "geometry": {"type": "Point", "coordinates": [2.1528066, 41.3969702]}, "properties": {"tls": "GS_30247426", "edge": "98746955#3", "links": [0, 1, 2], "bearing": 233.6}}, {"type": "Feature", "geometry": {"type": "Point", "coordinates": [2.152617, 41.3969642]}, "properties": {"tls": "GS_30247426", "edge": "1408687434#0", "links": [3, 4, 5, 6], "bearing": 137.0}}, {"type": "Feature", "geometry": {"type": "Point", "coordinates": [2.1563282, 41.3942655]}, "properties": {"tls": "GS_30247432", "edge": "4751998#2", "links": [0, 1, 2, 3], "bearing": 223.1}}, {"type": "Feature", "geometry": {"type": "Point", "coordinates": [2.1561329, 41.3942425]}, "properties": {"tls": "GS_30247432", "edge": "238866888#0", "links": [4, 5, 6, 7, 8], "bearing": 135.5}}, {"type": "Feature", "geometry": {"type": "Point", "coordinates": [2.1572447, 41.3932244]}, "properties": {"tls": "GS_30247433", "edge": "4746923#3", "links": [0, 1, 2, 3, 4], "bearing": 46.7}}, {"type": "Feature", "geometry": {"type": "Point", "coordinates": [2.1572611, 41.3933889]}, "properties": {"tls": "GS_30247433", "edge": "238866888#3", "links": [5, 6, 7, 8, 9, 10], "bearing": 137.8}}, {"type": "Feature", "geometry": {"type": "Point", "coordinates": [2.1619847, 41.3900012]}, "properties": {"tls": "GS_30247434", "edge": "1408525897#0", "links": [0, 1, 2, 3, 4, 5], "bearing": 225.5}}, {"type": "Feature", "geometry": {"type": "Point", "coordinates": [2.1617499, 41.3900096]}, "properties": {"tls": "GS_30247434", "edge": "1408687438#0", "links": [6, 7, 8, 9, 10], "bearing": 136.8}}, {"type": "Feature", "geometry": {"type": "Point", "coordinates": [2.1494269, 41.3960555]}, "properties": {"tls": "GS_30248586", "edge": "-879179147#3", "links": [0, 1], "bearing": 231.3}}, {"type": "Feature", "geometry": {"type": "Point", "coordinates": [2.1494464, 41.3958521]}, "properties": {"tls": "GS_30248586", "edge": "1243743574#1", "links": [2, 3, 4, 5, 6, 7], "bearing": 318.4}}, {"type": "Feature", "geometry": {"type": "Point", "coordinates": [2.1492217, 41.3958546]}, "properties": {"tls": "GS_30248586", "edge": "665909461", "links": [8, 9, 10, 11], "bearing": 51.3}}, {"type": "Feature", "geometry": {"type": "Point", "coordinates": [2.1518103, 41.3975064]}, "properties": {"tls": "GS_30248590", "edge": "1094456431#0", "links": [0, 1, 2], "bearing": 50.2}}, {"type": "Feature", "geometry": {"type": "Point", "coordinates": [2.151803, 41.3976788]}, "properties": {"tls": "GS_30248590", "edge": "1094455300", "links": [3, 4, 5, 6], "bearing": 140.6}}, {"type": "Feature", "geometry": {"type": "Point", "coordinates": [2.1533691, 41.3984388]}, "properties": {"tls": "GS_30248592", "edge": "1522869951#3", "links": [0, 1, 2, 3], "bearing": 290.2}}, {"type": "Feature", "geometry": {"type": "Point", "coordinates": [2.1531036, 41.3983778]}, "properties": {"tls": "GS_30248592", "edge": "1264827311#0", "links": [4, 5, 6], "bearing": 48.5}}, {"type": "Feature", "geometry": {"type": "Point", "coordinates": [2.1531335, 41.3985162]}, "properties": {"tls": "GS_30248592", "edge": "-570560366#2", "links": [7, 8, 9], "bearing": 144.1}}, {"type": "Feature", "geometry": {"type": "Point", "coordinates": [2.1236659, 41.3762265]}, "properties": {"tls": "GS_30251173", "edge": "395103328#0", "links": [0, 1, 2, 3, 4, 5], "bearing": 51.4}}, {"type": "Feature", "geometry": {"type": "Point", "coordinates": [2.1236368, 41.3763735]}, "properties": {"tls": "GS_30251173", "edge": "403019705#1", "links": [6, 7, 8], "bearing": 148.6}}, {"type": "Feature", "geometry": {"type": "Point", "coordinates": [2.1247797, 41.3769943]}, "properties": {"tls": "GS_30251175", "edge": "-544124178#2", "links": [0], "bearing": 231.6}}, {"type": "Feature", "geometry": {"type": "Point", "coordinates": [2.1248012, 41.3767575]}, "properties": {"tls": "GS_30251175", "edge": "7983788#2", "links": [1, 2, 3, 4], "bearing": 333.3}}, {"type": "Feature", "geometry": {"type": "Point", "coordinates": [2.1246206, 41.376824]}, "properties": {"tls": "GS_30251175", "edge": "1280717100#0", "links": [5, 6, 7, 8, 9], "bearing": 52.1}}, {"type": "Feature", "geometry": {"type": "Point", "coordinates": [2.1252825, 41.3772987]}, "properties": {"tls": "GS_30251176", "edge": "-239195662#3", "links": [0, 1], "bearing": 233.1}}, {"type": "Feature", "geometry": {"type": "Point", "coordinates": [2.1251732, 41.377142]}, "properties": {"tls": "GS_30251176", "edge": "45185736#0", "links": [2, 3, 4, 5, 6], "bearing": 51.7}}, {"type": "Feature", "geometry": {"type": "Point", "coordinates": [2.1251421, 41.3773158]}, "properties": {"tls": "GS_30251176", "edge": "45185741#0", "links": [7, 8, 9, 10], "bearing": 146.7}}, {"type": "Feature", "geometry": {"type": "Point", "coordinates": [2.1257883, 41.3775908]}, "properties": {"tls": "GS_30251177", "edge": "-239195662#7", "links": [0], "bearing": 233.1}}, {"type": "Feature", "geometry": {"type": "Point", "coordinates": [2.1256832, 41.3774393]}, "properties": {"tls": "GS_30251177", "edge": "239195662#0", "links": [1, 2, 3, 4], "bearing": 53.2}}, {"type": "Feature", "geometry": {"type": "Point", "coordinates": [2.1256402, 41.377604]}, "properties": {"tls": "GS_30251177", "edge": "913677489#0", "links": [5, 6, 7], "bearing": 140.5}}, {"type": "Feature", "geometry": {"type": "Point", "coordinates": [2.1262362, 41.3778494]}, "properties": {"tls": "GS_30251178", "edge": "-1408563668#2", "links": [0], "bearing": 233.3}}, {"type": "Feature", "geometry": {"type": "Point", "coordinates": [2.1262969, 41.3776498]}, "properties": {"tls": "GS_30251178", "edge": "4747953#2", "links": [1, 2, 3], "bearing": 338.1}}, {"type": "Feature", "geometry": {"type": "Point", "coordinates": [2.1261471, 41.3777073]}, "properties": {"tls": "GS_30251178", "edge": "239195662#4", "links": [4, 5, 6, 7], "bearing": 53.1}}, {"type": "Feature", "geometry": {"type": "Point", "coordinates": [2.1269842, 41.3782777]}, "properties": {"tls": "GS_30251179", "edge": "-1408563667#2", "links": [0, 1], "bearing": 234.4}}, {"type": "Feature", "geometry": {"type": "Point", "coordinates": [2.1268848, 41.378131]}, "properties": {"tls": "GS_30251179", "edge": "1408563668#0", "links": [2, 3, 4, 5, 6], "bearing": 52.9}}, {"type": "Feature", "geometry": {"type": "Point", "coordinates": [2.128119, 41.3789169]}, "properties": {"tls": "GS_30251181", "edge": "-251749486#2", "links": [0, 1], "bearing": 233.8}}, {"type": "Feature", "geometry": {"type": "Point", "coordinates": [2.1279836, 41.3787492]}, "properties": {"tls": "GS_30251181", "edge": "1408563669#0", "links": [2, 3, 4, 5, 6], "bearing": 52.9}}, {"type": "Feature", "geometry": {"type": "Point", "coordinates": [2.1324672, 41.3809325]}, "properties": {"tls": "GS_30251189", "edge": "-1408568199#5", "links": [0, 1, 2], "bearing": 250.9}}, {"type": "Feature", "geometry": {"type": "Point", "coordinates": [2.1322737, 41.3807885]}, "properties": {"tls": "GS_30251189", "edge": "239293914#7", "links": [3, 4, 5, 6, 7], "bearing": 70.8}}, {"type": "Feature", "geometry": {"type": "Point", "coordinates": [2.1323116, 41.3809882]}, "properties": {"tls": "GS_30251189", "edge": "34054325#5", "links": [8, 9, 10, 11, 12], "bearing": 161.2}}, {"type": "Feature", "geometry": {"type": "Point", "coordinates": [2.1336111, 41.3812441]}, "properties": {"tls": "GS_30251190", "edge": "-1162491019#1", "links": [0, 1], "bearing": 250.9}}, {"type": "Feature", "geometry": {"type": "Point", "coordinates": [2.1335987, 41.3810372]}, "properties": {"tls": "GS_30251190", "edge": "243598396#11", "links": [2, 3, 4, 5], "bearing": 343.1}}, {"type": "Feature", "geometry": {"type": "Point", "coordinates": [2.1334494, 41.3811254]}, "properties": {"tls": "GS_30251190", "edge": "1408568199#0", "links": [6, 7, 8, 9], "bearing": 71.8}}, {"type": "Feature", "geometry": {"type": "Point", "coordinates": [2.1389048, 41.3831468]}, "properties": {"tls": "GS_30251200", "edge": "43037119#4", "links": [0, 1, 2, 3, 4], "bearing": 56.7}}, {"type": "Feature", "geometry": {"type": "Point", "coordinates": [2.1389281, 41.3833046]}, "properties": {"tls": "GS_30251200", "edge": "1395746244#0", "links": [5, 6, 7, 8], "bearing": 141.0}}, {"type": "Feature", "geometry": {"type": "Point", "coordinates": [2.1882972, 41.4006766]}, "properties": {"tls": "GS_30253202", "edge": "645599653#0", "links": [0], "bearing": 316.2}}, {"type": "Feature", "geometry": {"type": "Point", "coordinates": [2.1881174, 41.4006933]}, "properties": {"tls": "GS_30253202", "edge": "651554138#0", "links": [1, 2, 3, 4], "bearing": 46.9}}, {"type": "Feature", "geometry": {"type": "Point", "coordinates": [2.1880998, 41.4008269]}, "properties": {"tls": "GS_30253202", "edge": "1225799469", "links": [5, 6], "bearing": 139.6}}, {"type": "Feature", "geometry": {"type": "Point", "coordinates": [2.1893984, 41.3999756]}, "properties": {"tls": "GS_30253203", "edge": "466762668#0", "links": [0, 1, 2, 3, 4], "bearing": 224.7}}, {"type": "Feature", "geometry": {"type": "Point", "coordinates": [2.1894276, 41.3998458]}, "properties": {"tls": "GS_30253203", "edge": "952700588#0", "links": [5, 6], "bearing": 314.5}}, {"type": "Feature", "geometry": {"type": "Point", "coordinates": [2.1892068, 41.3999806]}, "properties": {"tls": "GS_30253203", "edge": "-1433910765", "links": [7, 8], "bearing": 133.1}}, {"type": "Feature", "geometry": {"type": "Point", "coordinates": [2.1916616, 41.3982916]}, "properties": {"tls": "GS_30253205", "edge": "467614291#0", "links": [0, 1, 2, 3], "bearing": 226.5}}, {"type": "Feature", "geometry": {"type": "Point", "coordinates": [2.1916737, 41.398153]}, "properties": {"tls": "GS_30253205", "edge": "274322569#21", "links": [4, 5, 6, 7], "bearing": 315.3}}, {"type": "Feature", "geometry": {"type": "Point", "coordinates": [2.1950519, 41.395622]}, "properties": {"tls": "GS_30253208", "edge": "274322569#9", "links": [0, 1, 2], "bearing": 315.5}}, {"type": "Feature", "geometry": {"type": "Point", "coordinates": [2.1948737, 41.3956255]}, "properties": {"tls": "GS_30253208", "edge": "158967343#11", "links": [3, 4, 5], "bearing": 48.2}}, {"type": "Feature", "geometry": {"type": "Point", "coordinates": [2.2000854, 41.3900809]}, "properties": {"tls": "GS_30253278", "edge": "47123759#0", "links": [0, 1, 2, 3, 4], "bearing": 36.3}}, {"type": "Feature", "geometry": {"type": "Point", "coordinates": [2.2000412, 41.3901958]}, "properties": {"tls": "GS_30253278", "edge": "217581781#0", "links": [5, 6], "bearing": 131.0}}, {"type": "Feature", "geometry": {"type": "Point", "coordinates": [2.2037759, 41.3921132]}, "properties": {"tls": "GS_30253296", "edge": "557137209", "links": [0, 1, 2, 3, 4], "bearing": 51.6}}, {"type": "Feature", "geometry": {"type": "Point", "coordinates": [2.2037723, 41.3922219]}, "properties": {"tls": "GS_30253296", "edge": "31242173", "links": [5, 6], "bearing": 137.3}}, {"type": "Feature", "geometry": {"type": "Point", "coordinates": [2.2092963, 41.398532]}, "properties": {"tls": "GS_30253333", "edge": "362011903#0", "links": [0, 1, 2], "bearing": 27.3}}, {"type": "Feature", "geometry": {"type": "Point", "coordinates": [2.2092269, 41.3986687]}, "properties": {"tls": "GS_30253333", "edge": "158959867#0", "links": [3, 4], "bearing": 122.0}}, {"type": "Feature", "geometry": {"type": "Point", "coordinates": [2.1845113, 41.3913978]}, "properties": {"tls": "GS_30253375", "edge": "4746907#0", "links": [0, 1, 2], "bearing": 45.8}}, {"type": "Feature", "geometry": {"type": "Point", "coordinates": [2.1844988, 41.3915175]}, "properties": {"tls": "GS_30253375", "edge": "237914525#0", "links": [3, 4], "bearing": 136.7}}, {"type": "Feature", "geometry": {"type": "Point", "coordinates": [2.1858206, 41.392223]}, "properties": {"tls": "GS_30253376", "edge": "42858989#0", "links": [0, 1], "bearing": 313.2}}, {"type": "Feature", "geometry": {"type": "Point", "coordinates": [2.1856535, 41.3922349]}, "properties": {"tls": "GS_30253376", "edge": "4746907#3", "links": [2, 3, 4], "bearing": 51.1}}, {"type": "Feature", "geometry": {"type": "Point", "coordinates": [2.1914674, 41.3964836]}, "properties": {"tls": "GS_30253380", "edge": "41381595#0", "links": [0, 1, 2, 3], "bearing": 46.9}}, {"type": "Feature", "geometry": {"type": "Point", "coordinates": [2.1914569, 41.3966211]}, "properties": {"tls": "GS_30253380", "edge": "1408660174#0", "links": [4, 5, 6, 7], "bearing": 136.0}}, {"type": "Feature", "geometry": {"type": "Point", "coordinates": [2.2016935, 41.4040861]}, "properties": {"tls": "GS_30253388", "edge": "239562115#0", "links": [0, 1, 2], "bearing": 43.5}}, {"type": "Feature", "geometry": {"type": "Point", "coordinates": [2.2016901, 41.4042184]}, "properties": {"tls": "GS_30253388", "edge": "237787025#0", "links": [3, 4, 5], "bearing": 134.8}}, {"type": "Feature", "geometry": {"type": "Point", "coordinates": [2.2029277, 41.4049196]}, "properties": {"tls": "GS_30253389", "edge": "4751952#21", "links": [0, 1, 2], "bearing": 317.2}}, {"type": "Feature", "geometry": {"type": "Point", "coordinates": [2.2027594, 41.4049201]}, "properties": {"tls": "GS_30253389", "edge": "1408663899#0", "links": [3, 4, 5], "bearing": 44.4}}, {"type": "Feature", "geometry": {"type": "Point", "coordinates": [2.203842, 41.4057585]}, "properties": {"tls": "GS_30253390", "edge": "1408663900#0", "links": [0, 1, 2], "bearing": 44.8}}, {"type": "Feature", "geometry": {"type": "Point", "coordinates": [2.2038431, 41.4058917]}, "properties": {"tls": "GS_30253390", "edge": "1408663901#0", "links": [3, 4, 5], "bearing": 137.2}}, {"type": "Feature", "geometry": {"type": "Point", "coordinates": [2.2051972, 41.4066235]}, "properties": {"tls": "GS_30253391", "edge": "1409584591#0", "links": [0, 1, 2, 3], "bearing": 315.6}}, {"type": "Feature", "geometry": {"type": "Point", "coordinates": [2.2050243, 41.4066262]}, "properties": {"tls": "GS_30253391", "edge": "466768185#0", "links": [4, 5, 6], "bearing": 47.1}}, {"type": "Feature", "geometry": {"type": "Point", "coordinates": [2.2061842, 41.4074863]}, "properties": {"tls": "GS_30253392", "edge": "1408667094#0", "links": [0, 1, 2], "bearing": 45.9}}, {"type": "Feature", "geometry": {"type": "Point", "coordinates": [2.2061713, 41.4076061]}, "properties": {"tls": "GS_30253392", "edge": "1408667095#0", "links": [3, 4], "bearing": 135.8}}, {"type": "Feature", "geometry": {"type": "Point", "coordinates": [2.209571, 41.4117346]}, "properties": {"tls": "GS_30253397", "edge": "483426613#8", "links": [0, 1], "bearing": 45.6}}, {"type": "Feature", "geometry": {"type": "Point", "coordinates": [2.209584, 41.4118541]}, "properties": {"tls": "GS_30253397", "edge": "612584645#0", "links": [2, 3, 4], "bearing": 135.0}}, {"type": "Feature", "geometry": {"type": "Point", "coordinates": [2.2085933, 41.4108919]}, "properties": {"tls": "GS_30253401", "edge": "4746909#2", "links": [0, 1, 2], "bearing": 315.8}}, {"type": "Feature", "geometry": {"type": "Point", "coordinates": [2.2084346, 41.410882]}, "properties": {"tls": "GS_30253401", "edge": "483426613#4", "links": [3, 4], "bearing": 45.6}}, {"type": "Feature", "geometry": {"type": "Point", "coordinates": [2.1709999, 41.4034454]}, "properties": {"tls": "GS_30253568", "edge": "1370026144#4", "links": [0, 1, 2], "bearing": 316.5}}, {"type": "Feature", "geometry": {"type": "Point", "coordinates": [2.1708077, 41.4034511]}, "properties": {"tls": "GS_30253568", "edge": "309055989#0", "links": [3, 4, 5, 6], "bearing": 45.2}}, {"type": "Feature", "geometry": {"type": "Point", "coordinates": [2.173434, 41.4052703]}, "properties": {"tls": "GS_30253569", "edge": "293858823#4", "links": [0, 1, 2], "bearing": 316.0}}, {"type": "Feature", "geometry": {"type": "Point", "coordinates": [2.1732513, 41.4052786]}, "properties": {"tls": "GS_30253569", "edge": "226319963#0", "links": [3, 4, 5, 6], "bearing": 44.0}}, {"type": "Feature", "geometry": {"type": "Point", "coordinates": [2.1756083, 41.4069102]}, "properties": {"tls": "GS_30253571", "edge": "237566140#6", "links": [0, 1, 2, 3], "bearing": 316.1}}, {"type": "Feature", "geometry": {"type": "Point", "coordinates": [2.1754083, 41.4069111]}, "properties": {"tls": "GS_30253571", "edge": "550090166#0", "links": [4, 5, 6, 7, 8], "bearing": 46.1}}, {"type": "Feature", "geometry": {"type": "Point", "coordinates": [2.1765311, 41.4077297]}, "properties": {"tls": "GS_30253572", "edge": "68506248#0", "links": [0, 1, 2, 3], "bearing": 45.9}}, {"type": "Feature", "geometry": {"type": "Point", "coordinates": [2.1765183, 41.4078689]}, "properties": {"tls": "GS_30253572", "edge": "263405142#10", "links": [4, 5, 6, 7], "bearing": 135.7}}, {"type": "Feature", "geometry": {"type": "Point", "coordinates": [2.1778169, 41.4085259]}, "properties": {"tls": "GS_30253573", "edge": "454019112#7", "links": [0, 1, 2], "bearing": 316.4}}, {"type": "Feature", "geometry": {"type": "Point", "coordinates": [2.1776314, 41.4085371]}, "properties": {"tls": "GS_30253573", "edge": "68506248#4", "links": [3, 4, 5, 6], "bearing": 45.3}}, {"type": "Feature", "geometry": {"type": "Point", "coordinates": [2.1819801, 41.4099564]}, "properties": {"tls": "GS_30253589", "edge": "146984771#0", "links": [0, 1], "bearing": 49.2}}, {"type": "Feature", "geometry": {"type": "Point", "coordinates": [2.1819865, 41.4100577]}, "properties": {"tls": "GS_30253589", "edge": "4746925#8", "links": [2, 3], "bearing": 135.8}}, {"type": "Feature", "geometry": {"type": "Point", "coordinates": [2.1767024, 41.4129763]}, "properties": {"tls": "GS_30253725", "edge": "651543584#0", "links": [0, 1, 2], "bearing": 225.2}}, {"type": "Feature", "geometry": {"type": "Point", "coordinates": [2.1767169, 41.412835]}, "properties": {"tls": "GS_30253725", "edge": "237912797#2", "links": [3, 4], "bearing": 316.1}}, {"type": "Feature", "geometry": {"type": "Point", "coordinates": [2.1778396, 41.4120094]}, "properties": {"tls": "GS_30253727", "edge": "552862143#0", "links": [0, 1, 2], "bearing": 314.9}}, {"type": "Feature", "geometry": {"type": "Point", "coordinates": [2.1776478, 41.4120102]}, "properties": {"tls": "GS_30253727", "edge": "237912798#0", "links": [3, 4, 5, 6, 7], "bearing": 43.8}}, {"type": "Feature", "geometry": {"type": "Point", "coordinates": [2.1789673, 41.4112885]}, "properties": {"tls": "GS_30253728", "edge": "4753802#8", "links": [0, 1, 2], "bearing": 224.7}}, {"type": "Feature", "geometry": {"type": "Point", "coordinates": [2.1789689, 41.4111577]}, "properties": {"tls": "GS_30253728", "edge": "586949975#0", "links": [3, 4, 5], "bearing": 316.0}}, {"type": "Feature", "geometry": {"type": "Point", "coordinates": [2.1801716, 41.4103669]}, "properties": {"tls": "GS_30253730", "edge": "-511559053#1", "links": [0], "bearing": 227.5}}, {"type": "Feature", "geometry": {"type": "Point", "coordinates": [2.1801824, 41.4102276]}, "properties": {"tls": "GS_30253730", "edge": "237517572#4", "links": [1, 2, 3], "bearing": 315.1}}, {"type": "Feature", "geometry": {"type": "Point", "coordinates": [2.1800035, 41.4102298]}, "properties": {"tls": "GS_30253730", "edge": "450396237#2", "links": [4, 5], "bearing": 48.1}}, {"type": "Feature", "geometry": {"type": "Point", "coordinates": [2.1846361, 41.4069879]}, "properties": {"tls": "GS_30253733", "edge": "1408524828#0", "links": [0, 1, 2, 3], "bearing": 227.2}}, {"type": "Feature", "geometry": {"type": "Point", "coordinates": [2.1846498, 41.4068263]}, "properties": {"tls": "GS_30253733", "edge": "4746930#0", "links": [4, 5, 6, 7], "bearing": 316.3}}, {"type": "Feature", "geometry": {"type": "Point", "coordinates": [2.1857547, 41.405991]}, "properties": {"tls": "GS_30253734", "edge": "669719139#0", "links": [0, 1, 2, 3], "bearing": 314.8}}, {"type": "Feature", "geometry": {"type": "Point", "coordinates": [2.1855722, 41.4059755]}, "properties": {"tls": "GS_30253734", "edge": "956893080#0", "links": [4, 5, 6], "bearing": 45.4}}, {"type": "Feature", "geometry": {"type": "Point", "coordinates": [2.1812501, 41.4026094]}, "properties": {"tls": "GS_30253862", "edge": "526206808#0", "links": [0, 1, 2, 3], "bearing": 316.2}}, {"type": "Feature", "geometry": {"type": "Point", "coordinates": [2.1810651, 41.4025992]}, "properties": {"tls": "GS_30253862", "edge": "313379199#0", "links": [4, 5, 6], "bearing": 46.7}}, {"type": "Feature", "geometry": {"type": "Point", "coordinates": [2.1821738, 41.4034245]}, "properties": {"tls": "GS_30253863", "edge": "1408555555#2", "links": [0, 1, 2], "bearing": 45.7}}, {"type": "Feature", "geometry": {"type": "Point", "coordinates": [2.1821755, 41.4035518]}, "properties": {"tls": "GS_30253863", "edge": "263405146#4", "links": [3, 4, 5], "bearing": 136.2}}, {"type": "Feature", "geometry": {"type": "Point", "coordinates": [2.1844331, 41.4051171]}, "properties": {"tls": "GS_30253865", "edge": "489437008#0", "links": [0, 1], "bearing": 45.5}}, {"type": "Feature", "geometry": {"type": "Point", "coordinates": [2.1844385, 41.4052419]}, "properties": {"tls": "GS_30253865", "edge": "263405131#0", "links": [2, 3], "bearing": 136.2}}, {"type": "Feature", "geometry": {"type": "Point", "coordinates": [2.1765133, 41.4111067]}, "properties": {"tls": "GS_30253978", "edge": "237566143#0", "links": [0, 1, 2, 3], "bearing": 45.5}}, {"type": "Feature", "geometry": {"type": "Point", "coordinates": [2.1764993, 41.411246]}, "properties": {"tls": "GS_30253978", "edge": "4746940#2", "links": [4, 5, 6, 7], "bearing": 136.2}}, {"type": "Feature", "geometry": {"type": "Point", "coordinates": [2.1710366, 41.4136942]}, "properties": {"tls": "GS_30253983", "edge": "555296658#0", "links": [0, 1, 2], "bearing": 316.0}}, {"type": "Feature", "geometry": {"type": "Point", "coordinates": [2.1707786, 41.4137186]}, "properties": {"tls": "GS_30253983", "edge": "145985024#0", "links": [3, 4, 5], "bearing": 79.4}}, {"type": "Feature", "geometry": {"type": "Point", "coordinates": [2.1708093, 41.4138248]}, "properties": {"tls": "GS_30253983", "edge": "295288866#0", "links": [6, 7], "bearing": 135.0}}, {"type": "Feature", "geometry": {"type": "Point", "coordinates": [2.1766523, 41.409536]}, "properties": {"tls": "GS_30253991", "edge": "4753802#17", "links": [0, 1, 2], "bearing": 225.3}}, {"type": "Feature", "geometry": {"type": "Point", "coordinates": [2.1766516, 41.4094041]}, "properties": {"tls": "GS_30253991", "edge": "518534108#0", "links": [3, 4, 5], "bearing": 315.4}}, {"type": "Feature", "geometry": {"type": "Point", "coordinates": [2.1789276, 41.4078216]}, "properties": {"tls": "GS_30253992", "edge": "643343575#0", "links": [0, 1], "bearing": 227.9}}, {"type": "Feature", "geometry": {"type": "Point", "coordinates": [2.1789086, 41.4077079]}, "properties": {"tls": "GS_30253992", "edge": "454019112#2", "links": [2, 3, 4], "bearing": 315.6}}, {"type": "Feature", "geometry": {"type": "Point", "coordinates": [2.1702381, 41.4127748]}, "properties": {"tls": "GS_30254014", "edge": "-1531048387#1", "links": [0], "bearing": 222.1}}, {"type": "Feature", "geometry": {"type": "Point", "coordinates": [2.170082, 41.4126336]}, "properties": {"tls": "GS_30254014", "edge": "555296657#0", "links": [1, 2], "bearing": 47.5}}, {"type": "Feature", "geometry": {"type": "Point", "coordinates": [2.170084, 41.4127618]}, "properties": {"tls": "GS_30254014", "edge": "1531048388#0", "links": [3, 4, 5], "bearing": 135.8}}, {"type": "Feature", "geometry": {"type": "Point", "coordinates": [2.17126, 41.4117374]}, "properties": {"tls": "GS_30254022", "edge": "4776838#0", "links": [0, 1], "bearing": 46.0}}, {"type": "Feature", "geometry": {"type": "Point", "coordinates": [2.1712744, 41.4118569]}, "properties": {"tls": "GS_30254022", "edge": "1409296656#4", "links": [2, 3, 4], "bearing": 135.8}}, {"type": "Feature", "geometry": {"type": "Point", "coordinates": [2.1720126, 41.4114259]}, "properties": {"tls": "GS_30254023", "edge": "175473474#0", "links": [0, 1], "bearing": 225.9}}, {"type": "Feature", "geometry": {"type": "Point", "coordinates": [2.1718543, 41.4114163]}, "properties": {"tls": "GS_30254023", "edge": "1409296656#8", "links": [2, 3, 4], "bearing": 135.8}}, {"type": "Feature", "geometry": {"type": "Point", "coordinates": [2.1742828, 41.409438]}, "properties": {"tls": "GS_30254026", "edge": "544301150#0", "links": [0, 1, 2], "bearing": 45.6}}, {"type": "Feature", "geometry": {"type": "Point", "coordinates": [2.1742697, 41.4095781]}, "properties": {"tls": "GS_30254026", "edge": "263405142#0", "links": [3, 4, 5, 6], "bearing": 135.4}}, {"type": "Feature", "geometry": {"type": "Point", "coordinates": [2.1789746, 41.4061386]}, "properties": {"tls": "GS_30254029", "edge": "237912796#0", "links": [0, 1, 2, 3], "bearing": 225.2}}, {"type": "Feature", "geometry": {"type": "Point", "coordinates": [2.178776, 41.4061398]}, "properties": {"tls": "GS_30254029", "edge": "263405142#17", "links": [4, 5, 6, 7, 8], "bearing": 137.0}}, {"type": "Feature", "geometry": {"type": "Point", "coordinates": [2.1691321, 41.4118461]}, "properties": {"tls": "GS_30254048", "edge": "237519390#4", "links": [0, 1, 2, 3], "bearing": 316.4}}, {"type": "Feature", "geometry": {"type": "Point", "coordinates": [2.1689646, 41.4118217]}, "properties": {"tls": "GS_30254048", "edge": "1408937703#1", "links": [4, 5, 6], "bearing": 40.0}}, {"type": "Feature", "geometry": {"type": "Point", "coordinates": [2.169752, 41.4115224]}, "properties": {"tls": "GS_30254049", "edge": "175473476#3", "links": [0, 1], "bearing": 226.4}}, {"type": "Feature", "geometry": {"type": "Point", "coordinates": [2.1697225, 41.4113905]}, "properties": {"tls": "GS_30254049", "edge": "237519390#0", "links": [2, 3, 4, 5], "bearing": 317.4}}, {"type": "Feature", "geometry": {"type": "Point", "coordinates": [2.1703126, 41.4109243]}, "properties": {"tls": "GS_30254050", "edge": "1408937698#4", "links": [0, 1, 2, 3], "bearing": 316.2}}, {"type": "Feature", "geometry": {"type": "Point", "coordinates": [2.1701332, 41.4109103]}, "properties": {"tls": "GS_30254050", "edge": "1408937699#0", "links": [4, 5, 6], "bearing": 50.8}}, {"type": "Feature", "geometry": {"type": "Point", "coordinates": [2.170931, 41.4106013]}, "properties": {"tls": "GS_30254051", "edge": "175473474#3", "links": [0, 1], "bearing": 225.1}}, {"type": "Feature", "geometry": {"type": "Point", "coordinates": [2.1709036, 41.4104701]}, "properties": {"tls": "GS_30254051", "edge": "1408937698#0", "links": [2, 3, 4, 5], "bearing": 316.2}}, {"type": "Feature", "geometry": {"type": "Point", "coordinates": [2.1716404, 41.4099045]}, "properties": {"tls": "GS_30254052", "edge": "1408937701#0", "links": [0, 1, 2, 3], "bearing": 315.9}}, {"type": "Feature", "geometry": {"type": "Point", "coordinates": [2.1714471, 41.4098992]}, "properties": {"tls": "GS_30254052", "edge": "237519397#2", "links": [4, 5, 6, 7], "bearing": 48.1}}, {"type": "Feature", "geometry": {"type": "Point", "coordinates": [2.1722315, 41.4096056]}, "properties": {"tls": "GS_30254053", "edge": "309904224#0", "links": [0, 1, 2, 3], "bearing": 226.0}}, {"type": "Feature", "geometry": {"type": "Point", "coordinates": [2.1722304, 41.4094555]}, "properties": {"tls": "GS_30254053", "edge": "237566139#0", "links": [4, 5, 6, 7, 8], "bearing": 315.7}}, {"type": "Feature", "geometry": {"type": "Point", "coordinates": [2.1733618, 41.4085985]}, "properties": {"tls": "GS_30254054", "edge": "546578351#1", "links": [0, 1, 2, 3], "bearing": 315.7}}, {"type": "Feature", "geometry": {"type": "Point", "coordinates": [2.1731761, 41.4085884]}, "properties": {"tls": "GS_30254054", "edge": "251684608#0", "links": [4, 5, 6, 7], "bearing": 45.4}}, {"type": "Feature", "geometry": {"type": "Point", "coordinates": [2.1767369, 41.4061769]}, "properties": {"tls": "GS_30254056", "edge": "269871711#6", "links": [0, 1], "bearing": 224.2}}, {"type": "Feature", "geometry": {"type": "Point", "coordinates": [2.1767244, 41.4060553]}, "properties": {"tls": "GS_30254056", "edge": "237566140#0", "links": [2, 3, 4], "bearing": 316.0}}, {"type": "Feature", "geometry": {"type": "Point", "coordinates": [2.1801005, 41.4036106]}, "properties": {"tls": "GS_30254057", "edge": "1408524830#0", "links": [0, 1, 2, 3, 4, 5], "bearing": 226.8}}, {"type": "Feature", "geometry": {"type": "Point", "coordinates": [2.1801176, 41.403447]}, "properties": {"tls": "GS_30254057", "edge": "238179170#2", "links": [6, 7, 8, 9, 10, 11, 12, 13], "bearing": 314.9}}, {"type": "Feature", "geometry": {"type": "Point", "coordinates": [2.168668, 41.4107119]}, "properties": {"tls": "GS_30254080", "edge": "175473476#7", "links": [0, 1, 2], "bearing": 243.3}}, {"type": "Feature", "geometry": {"type": "Point", "coordinates": [2.1684253, 41.4107133]}, "properties": {"tls": "GS_30254080", "edge": "1408936321", "links": [3, 4, 5, 6], "bearing": 125.8}}, {"type": "Feature", "geometry": {"type": "Point", "coordinates": [2.1702772, 41.4091408]}, "properties": {"tls": "GS_30254082", "edge": "237519395#0", "links": [0, 1, 2], "bearing": 51.1}}, {"type": "Feature", "geometry": {"type": "Point", "coordinates": [2.1703093, 41.4092815]}, "properties": {"tls": "GS_30254082", "edge": "4746984#2", "links": [3, 4, 5, 6], "bearing": 144.0}}, {"type": "Feature", "geometry": {"type": "Point", "coordinates": [2.1711259, 41.4087897]}, "properties": {"tls": "GS_30254083", "edge": "446416743#0", "links": [0, 1, 2, 3], "bearing": 226.7}}, {"type": "Feature", "geometry": {"type": "Point", "coordinates": [2.1709218, 41.4087888]}, "properties": {"tls": "GS_30254083", "edge": "4746984#5", "links": [4, 5, 6, 7], "bearing": 135.0}}, {"type": "Feature", "geometry": {"type": "Point", "coordinates": [2.1720682, 41.4077516]}, "properties": {"tls": "GS_30254084", "edge": "140001510#5", "links": [0, 1, 2], "bearing": 45.5}}, {"type": "Feature", "geometry": {"type": "Point", "coordinates": [2.1720826, 41.4078937]}, "properties": {"tls": "GS_30254084", "edge": "237566137#0", "links": [3, 4, 5, 6], "bearing": 137.0}}, {"type": "Feature", "geometry": {"type": "Point", "coordinates": [2.1733602, 41.407104]}, "properties": {"tls": "GS_30254085", "edge": "546578349#1", "links": [0, 1, 2, 3], "bearing": 227.1}}, {"type": "Feature", "geometry": {"type": "Point", "coordinates": [2.17317, 41.4070953]}, "properties": {"tls": "GS_30254085", "edge": "1408936324#0", "links": [4, 5, 6, 7], "bearing": 135.0}}, {"type": "Feature", "geometry": {"type": "Point", "coordinates": [2.1790358, 41.4028035]}, "properties": {"tls": "GS_30254087", "edge": "902150220#0", "links": [0, 1, 2, 3, 4, 5, 6], "bearing": 225.2}}, {"type": "Feature", "geometry": {"type": "Point", "coordinates": [2.1788088, 41.4028224]}, "properties": {"tls": "GS_30254087", "edge": "237566136#2", "links": [7, 8, 9, 10], "bearing": 136.3}}, {"type": "Feature", "geometry": {"type": "Point", "coordinates": [2.1813149, 41.4010742]}, "properties": {"tls": "GS_30254089", "edge": "65143745#0", "links": [0, 1, 2, 3], "bearing": 226.7}}, {"type": "Feature", "geometry": {"type": "Point", "coordinates": [2.1811113, 41.4010547]}, "properties": {"tls": "GS_30254089", "edge": "1408936332#0", "links": [4, 5, 6, 7], "bearing": 136.3}}, {"type": "Feature", "geometry": {"type": "Point", "coordinates": [2.1687408, 41.4051474]}, "properties": {"tls": "GS_30254192", "edge": "272639450#4", "links": [0, 1], "bearing": 315.6}}, {"type": "Feature", "geometry": {"type": "Point", "coordinates": [2.1685599, 41.4051432]}, "properties": {"tls": "GS_30254192", "edge": "544248638#3", "links": [2, 3, 4], "bearing": 46.2}}, {"type": "Feature", "geometry": {"type": "Point", "coordinates": [2.1698809, 41.4044243]}, "properties": {"tls": "GS_30254193", "edge": "546578350#4", "links": [0, 1, 2], "bearing": 225.6}}, {"type": "Feature", "geometry": {"type": "Point", "coordinates": [2.1698749, 41.4042895]}, "properties": {"tls": "GS_30254193", "edge": "272639450#2", "links": [3, 4, 5], "bearing": 314.9}}, {"type": "Feature", "geometry": {"type": "Point", "coordinates": [2.1721351, 41.4027256]}, "properties": {"tls": "GS_30254194", "edge": "294798016#0", "links": [0, 1], "bearing": 225.5}}, {"type": "Feature", "geometry": {"type": "Point", "coordinates": [2.1721156, 41.4026016]}, "properties": {"tls": "GS_30254194", "edge": "1370026144#0", "links": [2, 3, 4], "bearing": 314.0}}, {"type": "Feature", "geometry": {"type": "Point", "coordinates": [2.176659, 41.399196]}, "properties": {"tls": "GS_30254198", "edge": "570478919#5", "links": [0, 1, 2], "bearing": 315.7}}, {"type": "Feature", "geometry": {"type": "Point", "coordinates": [2.1764818, 41.3991904]}, "properties": {"tls": "GS_30254198", "edge": "450613277#5", "links": [3, 4, 5], "bearing": 46.2}}, {"type": "Feature", "geometry": {"type": "Point", "coordinates": [2.1608794, 41.3976808]}, "properties": {"tls": "GS_30254220", "edge": "237725945#0", "links": [0, 1, 2, 3], "bearing": 227.1}}, {"type": "Feature", "geometry": {"type": "Point", "coordinates": [2.1607082, 41.3977189]}, "properties": {"tls": "GS_30254220", "edge": "35467468#0", "links": [4, 5, 6, 7], "bearing": 136.7}}, {"type": "Feature", "geometry": {"type": "Point", "coordinates": [2.1664403, 41.3933594]}, "properties": {"tls": "GS_30254224", "edge": "308355199#0", "links": [0, 1, 2, 3, 4, 5], "bearing": 225.6}}, {"type": "Feature", "geometry": {"type": "Point", "coordinates": [2.1662333, 41.3933885]}, "properties": {"tls": "GS_30254224", "edge": "1408604731#0", "links": [6, 7, 8, 9], "bearing": 135.8}}, {"type": "Feature", "geometry": {"type": "Point", "coordinates": [2.1651704, 41.3940673]}, "properties": {"tls": "GS_30254227", "edge": "908375876#2", "links": [0, 1, 2, 3, 4], "bearing": 45.8}}, {"type": "Feature", "geometry": {"type": "Point", "coordinates": [2.1651764, 41.3941927]}, "properties": {"tls": "GS_30254227", "edge": "237645185#0", "links": [5, 6, 7, 8, 9], "bearing": 136.6}}, {"type": "Feature", "geometry": {"type": "Point", "coordinates": [2.1728979, 41.388412]}, "properties": {"tls": "GS_30254228", "edge": "-20475892#7", "links": [0, 1], "bearing": 320.1}}, {"type": "Feature", "geometry": {"type": "Point", "coordinates": [2.1726802, 41.3883811]}, "properties": {"tls": "GS_30254228", "edge": "545937948#0", "links": [2, 3], "bearing": 40.2}}, {"type": "Feature", "geometry": {"type": "Point", "coordinates": [2.1726678, 41.3885405]}, "properties": {"tls": "GS_30254228", "edge": "20042722#0", "links": [4, 5, 6], "bearing": 137.3}}, {"type": "Feature", "geometry": {"type": "Point", "coordinates": [2.1810332, 41.3822492]}, "properties": {"tls": "GS_30254230", "edge": "-1542845049#1", "links": [0, 1, 2], "bearing": 316.1}}, {"type": "Feature", "geometry": {"type": "Point", "coordinates": [2.1808413, 41.3821984]}, "properties": {"tls": "GS_30254230", "edge": "882072067#0", "links": [3, 4, 5], "bearing": 35.9}}, {"type": "Feature", "geometry": {"type": "Point", "coordinates": [2.1808069, 41.3823574]}, "properties": {"tls": "GS_30254230", "edge": "423232178#0", "links": [6, 7, 8, 9], "bearing": 134.3}}, {"type": "Feature", "geometry": {"type": "Point", "coordinates": [2.1800633, 41.3830822]}, "properties": {"tls": "GS_30254231", "edge": "1360091556", "links": [0, 1], "bearing": 227.0}}, {"type": "Feature", "geometry": {"type": "Point", "coordinates": [2.1800741, 41.3829818]}, "properties": {"tls": "GS_30254231", "edge": "-423232178#3", "links": [2], "bearing": 315.8}}, {"type": "Feature", "geometry": {"type": "Point", "coordinates": [2.1798888, 41.3830617]}, "properties": {"tls": "GS_30254231", "edge": "1542845322#0", "links": [3, 4], "bearing": 135.9}}, {"type": "Feature", "geometry": {"type": "Point", "coordinates": [2.1391288, 41.3753627]}, "properties": {"tls": "GS_30264417", "edge": "-294021547#10", "links": [0, 1, 2], "bearing": 271.5}}, {"type": "Feature", "geometry": {"type": "Point", "coordinates": [2.1390337, 41.3752133]}, "properties": {"tls": "GS_30264417", "edge": "187557314#2", "links": [3, 4, 5], "bearing": 353.3}}, {"type": "Feature", "geometry": {"type": "Point", "coordinates": [2.1388974, 41.3753093]}, "properties": {"tls": "GS_30264417", "edge": "294021547#5", "links": [6, 7, 8], "bearing": 91.8}}, {"type": "Feature", "geometry": {"type": "Point", "coordinates": [2.1238736, 41.3722493]}, "properties": {"tls": "GS_30264645", "edge": "83524160#3", "links": [0, 1], "bearing": 317.9}}, {"type": "Feature", "geometry": {"type": "Point", "coordinates": [2.1236774, 41.3723044]}, "properties": {"tls": "GS_30264645", "edge": "1007488791#6", "links": [2, 3], "bearing": 89.1}}, {"type": "Feature", "geometry": {"type": "Point", "coordinates": [2.1376546, 41.382452]}, "properties": {"tls": "GS_30294184", "edge": "43037120#1", "links": [0], "bearing": 334.0}}, {"type": "Feature", "geometry": {"type": "Point", "coordinates": [2.1374823, 41.3825195]}, "properties": {"tls": "GS_30294184", "edge": "43037119#0", "links": [1, 2, 3, 4, 5], "bearing": 63.2}}, {"type": "Feature", "geometry": {"type": "Point", "coordinates": [2.1375517, 41.3826836]}, "properties": {"tls": "GS_30294184", "edge": "4750164#3", "links": [6, 7], "bearing": 171.6}}, {"type": "Feature", "geometry": {"type": "Point", "coordinates": [2.1371158, 41.3754005]}, "properties": {"tls": "GS_30294326", "edge": "-294021547#2", "links": [0, 1], "bearing": 270.0}}, {"type": "Feature", "geometry": {"type": "Point", "coordinates": [2.1369072, 41.375346]}, "properties": {"tls": "GS_30294326", "edge": "243703483#0", "links": [2, 3], "bearing": 92.2}}, {"type": "Feature", "geometry": {"type": "Point", "coordinates": [2.1370014, 41.3754952]}, "properties": {"tls": "GS_30294326", "edge": "886734509", "links": [4, 5], "bearing": 172.7}}, {"type": "Feature", "geometry": {"type": "Point", "coordinates": [2.1337168, 41.3754699]}, "properties": {"tls": "GS_30294443", "edge": "-294082522#17", "links": [0, 1], "bearing": 272.1}}, {"type": "Feature", "geometry": {"type": "Point", "coordinates": [2.1336285, 41.3753203]}, "properties": {"tls": "GS_30294443", "edge": "661419257#1", "links": [2, 3], "bearing": 349.0}}, {"type": "Feature", "geometry": {"type": "Point", "coordinates": [2.133508, 41.3754166]}, "properties": {"tls": "GS_30294443", "edge": "294082522#10", "links": [4, 5], "bearing": 92.1}}, {"type": "Feature", "geometry": {"type": "Point", "coordinates": [2.1270994, 41.3816895]}, "properties": {"tls": "GS_30294473", "edge": "544641225#0", "links": [0, 1, 2, 3], "bearing": 228.1}}, {"type": "Feature", "geometry": {"type": "Point", "coordinates": [2.1270208, 41.3815233]}, "properties": {"tls": "GS_30294473", "edge": "-544124176", "links": [4, 5], "bearing": 51.5}}, {"type": "Feature", "geometry": {"type": "Point", "coordinates": [2.1269315, 41.3817343]}, "properties": {"tls": "GS_30294473", "edge": "238052318#0", "links": [6, 7, 8], "bearing": 148.0}}, {"type": "Feature", "geometry": {"type": "Point", "coordinates": [2.1307194, 41.3872927]}, "properties": {"tls": "GS_30294483", "edge": "243693222#1", "links": [0, 1], "bearing": 279.0}}, {"type": "Feature", "geometry": {"type": "Point", "coordinates": [2.1306426, 41.3872146]}, "properties": {"tls": "GS_30294483", "edge": "109411472#2", "links": [2, 3, 4], "bearing": 340.6}}, {"type": "Feature", "geometry": {"type": "Point", "coordinates": [2.1304909, 41.3872587]}, "properties": {"tls": "GS_30294483", "edge": "23425566#3", "links": [5, 6], "bearing": 72.2}}, {"type": "Feature", "geometry": {"type": "Point", "coordinates": [2.1305438, 41.387384]}, "properties": {"tls": "GS_30294483", "edge": "4750220#1", "links": [7, 8], "bearing": 162.1}}, {"type": "Feature", "geometry": {"type": "Point", "coordinates": [2.1318669, 41.3848784]}, "properties": {"tls": "GS_30294487", "edge": "544641227#0", "links": [0, 1, 2, 3], "bearing": 227.9}}, {"type": "Feature", "geometry": {"type": "Point", "coordinates": [2.131853, 41.3846467]}, "properties": {"tls": "GS_30294487", "edge": "542500768#0", "links": [4, 5, 6, 7], "bearing": 339.4}}, {"type": "Feature", "geometry": {"type": "Point", "coordinates": [2.1317169, 41.3846818]}, "properties": {"tls": "GS_30294487", "edge": "-542503069#4", "links": [8, 9, 10], "bearing": 50.1}}, {"type": "Feature", "geometry": {"type": "Point", "coordinates": [2.132276, 41.3840361]}, "properties": {"tls": "GS_30294489", "edge": "542500769#0", "links": [0, 1], "bearing": 240.6}}, {"type": "Feature", "geometry": {"type": "Point", "coordinates": [2.13222, 41.3839241]}, "properties": {"tls": "GS_30294489", "edge": "1231466837#2", "links": [2, 3], "bearing": 340.5}}, {"type": "Feature", "geometry": {"type": "Point", "coordinates": [2.1362671, 41.375417]}, "properties": {"tls": "GS_30294498", "edge": "-243703483#4", "links": [0, 1, 2], "bearing": 272.2}}, {"type": "Feature", "geometry": {"type": "Point", "coordinates": [2.1361707, 41.3752678]}, "properties": {"tls": "GS_30294498", "edge": "831157575", "links": [3, 4, 5, 6], "bearing": 354.2}}, {"type": "Feature", "geometry": {"type": "Point", "coordinates": [2.1360164, 41.3753645]}, "properties": {"tls": "GS_30294498", "edge": "1058643784", "links": [7, 8, 9], "bearing": 92.2}}, {"type": "Feature", "geometry": {"type": "Point", "coordinates": [2.129804, 41.3835403]}, "properties": {"tls": "GS_30294509", "edge": "544641226#0", "links": [0, 1, 2], "bearing": 232.5}}, {"type": "Feature", "geometry": {"type": "Point", "coordinates": [2.1297029, 41.3834019]}, "properties": {"tls": "GS_30294509", "edge": "-544124173#2", "links": [3], "bearing": 49.0}}, {"type": "Feature", "geometry": {"type": "Point", "coordinates": [2.1296543, 41.3835614]}, "properties": {"tls": "GS_30294509", "edge": "790614817", "links": [4, 5], "bearing": 143.1}}, {"type": "Feature", "geometry": {"type": "Point", "coordinates": [2.1215434, 41.4000153]}, "properties": {"tls": "GS_30294569", "edge": "-955133750#2", "links": [0, 1, 2], "bearing": 250.3}}, {"type": "Feature", "geometry": {"type": "Point", "coordinates": [2.121517, 41.3998483]}, "properties": {"tls": "GS_30294569", "edge": "32435346#2", "links": [3, 4, 5], "bearing": 333.9}}, {"type": "Feature", "geometry": {"type": "Point", "coordinates": [2.1213702, 41.3999057]}, "properties": {"tls": "GS_30294569", "edge": "145033028#1", "links": [6, 7, 8], "bearing": 70.0}}, {"type": "Feature", "geometry": {"type": "Point", "coordinates": [2.1393393, 41.4120005]}, "properties": {"tls": "GS_30294707", "edge": "4750249#0", "links": [0, 1], "bearing": 227.2}}, {"type": "Feature", "geometry": {"type": "Point", "coordinates": [2.1393514, 41.4118816]}, "properties": {"tls": "GS_30294707", "edge": "74036715#0", "links": [2], "bearing": 315.8}}, {"type": "Feature", "geometry": {"type": "Point", "coordinates": [2.140039, 41.4123795]}, "properties": {"tls": "GS_30294708", "edge": "-554918717#2", "links": [0, 1], "bearing": 315.2}}, {"type": "Feature", "geometry": {"type": "Point", "coordinates": [2.1398461, 41.4124898]}, "properties": {"tls": "GS_30294708", "edge": "37039685#0", "links": [2, 3, 4], "bearing": 138.5}}, {"type": "Feature", "geometry": {"type": "Point", "coordinates": [2.1394145, 41.4038602]}, "properties": {"tls": "GS_30294780", "edge": "86331333#4", "links": [0, 1, 2], "bearing": 238.3}}, {"type": "Feature", "geometry": {"type": "Point", "coordinates": [2.1392225, 41.4038883]}, "properties": {"tls": "GS_30294780", "edge": "4750263#2", "links": [3], "bearing": 127.3}}, {"type": "Feature", "geometry": {"type": "Point", "coordinates": [2.1342866, 41.402959]}, "properties": {"tls": "GS_30294784", "edge": "4750264#0", "links": [0, 1, 2], "bearing": 230.1}}, {"type": "Feature", "geometry": {"type": "Point", "coordinates": [2.1342755, 41.4028501]}, "properties": {"tls": "GS_30294784", "edge": "-308379368#4", "links": [3, 4], "bearing": 319.8}}, {"type": "Feature", "geometry": {"type": "Point", "coordinates": [2.1341099, 41.4029488]}, "properties": {"tls": "GS_30294784", "edge": "308379369#0", "links": [5, 6], "bearing": 139.0}}, {"type": "Feature", "geometry": {"type": "Point", "coordinates": [2.1385289, 41.407315]}, "properties": {"tls": "GS_30294856", "edge": "263950699#0", "links": [0, 1], "bearing": 257.3}}, {"type": "Feature", "geometry": {"type": "Point", "coordinates": [2.1384461, 41.4072171]}, "properties": {"tls": "GS_30294856", "edge": "-262514248", "links": [2, 3], "bearing": 339.5}}, {"type": "Feature", "geometry": {"type": "Point", "coordinates": [2.138226, 41.4072288]}, "properties": {"tls": "GS_30294856", "edge": "4750265#0", "links": [4, 5], "bearing": 60.6}}, {"type": "Feature", "geometry": {"type": "Point", "coordinates": [2.1382978, 41.4073425]}, "properties": {"tls": "GS_30294856", "edge": "44868702#0", "links": [6, 7], "bearing": 158.3}}, {"type": "Feature", "geometry": {"type": "Point", "coordinates": [2.1524798, 41.4064557]}, "properties": {"tls": "GS_30295097", "edge": "1264825128#0", "links": [0, 1], "bearing": 237.7}}, {"type": "Feature", "geometry": {"type": "Point", "coordinates": [2.1523182, 41.4064702]}, "properties": {"tls": "GS_30295097", "edge": "907252508#0", "links": [2, 3], "bearing": 136.7}}, {"type": "Feature", "geometry": {"type": "Point", "coordinates": [2.1591625, 41.4111154]}, "properties": {"tls": "GS_30295132", "edge": "542845445#0", "links": [0, 1, 2], "bearing": 56.5}}, {"type": "Feature", "geometry": {"type": "Point", "coordinates": [2.1591863, 41.4112288]}, "properties": {"tls": "GS_30295132", "edge": "54873842#0", "links": [3, 4], "bearing": 151.6}}, {"type": "Feature", "geometry": {"type": "Point", "coordinates": [2.1745896, 41.4160062]}, "properties": {"tls": "GS_30295271", "edge": "555296656#0", "links": [0], "bearing": 57.6}}, {"type": "Feature", "geometry": {"type": "Point", "coordinates": [2.1746052, 41.4160881]}, "properties": {"tls": "GS_30295271", "edge": "35163810#0", "links": [1], "bearing": 134.6}}, {"type": "Feature", "geometry": {"type": "Point", "coordinates": [2.1803581, 41.4172281]}, "properties": {"tls": "GS_30295304", "edge": "1408922771#0", "links": [0, 1, 2], "bearing": 182.1}}, {"type": "Feature", "geometry": {"type": "Point", "coordinates": [2.1804321, 41.4170705]}, "properties": {"tls": "GS_30295304", "edge": "-307718503#5", "links": [3, 4, 5], "bearing": 359.8}}, {"type": "Feature", "geometry": {"type": "Point", "coordinates": [2.1804607, 41.4162839]}, "properties": {"tls": "GS_30295310", "edge": "-867199223", "links": [0, 1], "bearing": 356.5}}, {"type": "Feature", "geometry": {"type": "Point", "coordinates": [2.1802698, 41.4163731]}, "properties": {"tls": "GS_30295310", "edge": "4750320#1", "links": [2, 3], "bearing": 111.4}}, {"type": "Feature", "geometry": {"type": "Point", "coordinates": [2.1803751, 41.4164209]}, "properties": {"tls": "GS_30295310", "edge": "307718503#0", "links": [4, 5], "bearing": 178.5}}, {"type": "Feature", "geometry": {"type": "Point", "coordinates": [2.1729136, 41.4198893]}, "properties": {"tls": "GS_30295384", "edge": "237725941#0", "links": [0, 1, 2], "bearing": 207.1}}, {"type": "Feature", "geometry": {"type": "Point", "coordinates": [2.1730257, 41.4197559]}, "properties": {"tls": "GS_30295384", "edge": "71213505#2", "links": [3, 4, 5], "bearing": 298.6}}, {"type": "Feature", "geometry": {"type": "Point", "coordinates": [2.1728818, 41.4197253]}, "properties": {"tls": "GS_30295384", "edge": "-237725941#7", "links": [6, 7], "bearing": 28.6}}, {"type": "Feature", "geometry": {"type": "Point", "coordinates": [2.2027707, 41.4188859]}, "properties": {"tls": "GS_30297363", "edge": "4750540#3", "links": [0, 1, 2], "bearing": 225.6}}, {"type": "Feature", "geometry": {"type": "Point", "coordinates": [2.2027581, 41.4187658]}, "properties": {"tls": "GS_30297363", "edge": "490482505#0", "links": [3, 4, 5], "bearing": 316.6}}, {"type": "Feature", "geometry": {"type": "Point", "coordinates": [2.2025623, 41.4188401]}, "properties": {"tls": "GS_30297363", "edge": "-237787027#4", "links": [6, 7, 8], "bearing": 136.3}}, {"type": "Feature", "geometry": {"type": "Point", "coordinates": [2.2004365, 41.4171472]}, "properties": {"tls": "GS_30297366", "edge": "220939138#3", "links": [0], "bearing": 225.4}}, {"type": "Feature", "geometry": {"type": "Point", "coordinates": [2.2002916, 41.4170362]}, "properties": {"tls": "GS_30297366", "edge": "115799304", "links": [1], "bearing": 44.8}}, {"type": "Feature", "geometry": {"type": "Point", "coordinates": [2.200292, 41.4171481]}, "properties": {"tls": "GS_30297366", "edge": "46738589#0", "links": [2], "bearing": 136.6}}, {"type": "Feature", "geometry": {"type": "Point", "coordinates": [2.2055913, 41.4081124]}, "properties": {"tls": "GS_30297377", "edge": "237715965#5", "links": [0, 1, 2], "bearing": 252.0}}, {"type": "Feature", "geometry": {"type": "Point", "coordinates": [2.2054034, 41.408177]}, "properties": {"tls": "GS_30297377", "edge": "659902762#0", "links": [3], "bearing": 133.5}}, {"type": "Feature", "geometry": {"type": "Point", "coordinates": [2.2074427, 41.403323]}, "properties": {"tls": "GS_30297382", "edge": "4750543#10", "links": [0, 1], "bearing": 225.6}}, {"type": "Feature", "geometry": {"type": "Point", "coordinates": [2.2072841, 41.4033132]}, "properties": {"tls": "GS_30297382", "edge": "237927193#5", "links": [2, 3, 4], "bearing": 135.6}}, {"type": "Feature", "geometry": {"type": "Point", "coordinates": [2.2063463, 41.4025002]}, "properties": {"tls": "GS_30297383", "edge": "4750543#18", "links": [0, 1, 2], "bearing": 225.6}}, {"type": "Feature", "geometry": {"type": "Point", "coordinates": [2.2063441, 41.4023627]}, "properties": {"tls": "GS_30297383", "edge": "4751952#6", "links": [3, 4, 5], "bearing": 315.9}}, {"type": "Feature", "geometry": {"type": "Point", "coordinates": [2.1291274, 41.3673728]}, "properties": {"tls": "GS_30298965", "edge": "-1007128427#1", "links": [0, 1], "bearing": 253.1}}, {"type": "Feature", "geometry": {"type": "Point", "coordinates": [2.1289608, 41.3673075]}, "properties": {"tls": "GS_30298965", "edge": "48043596#20", "links": [2, 3], "bearing": 77.0}}, {"type": "Feature", "geometry": {"type": "Point", "coordinates": [2.1235702, 41.365282]}, "properties": {"tls": "GS_30299089", "edge": "-82003432#8", "links": [0, 1], "bearing": 273.0}}, {"type": "Feature", "geometry": {"type": "Point", "coordinates": [2.1233316, 41.3652452]}, "properties": {"tls": "GS_30299089", "edge": "82003432#4", "links": [2, 3], "bearing": 82.5}}, {"type": "Feature", "geometry": {"type": "Point", "coordinates": [2.1233896, 41.3653603]}, "properties": {"tls": "GS_30299089", "edge": "4750752#0", "links": [4, 5, 6], "bearing": 156.4}}, {"type": "Feature", "geometry": {"type": "Point", "coordinates": [2.1424632, 41.3727843]}, "properties": {"tls": "GS_30307936", "edge": "4751581#4", "links": [0, 1, 2], "bearing": 182.4}}, {"type": "Feature", "geometry": {"type": "Point", "coordinates": [2.1425834, 41.3727302]}, "properties": {"tls": "GS_30307936", "edge": "499564892#1", "links": [3], "bearing": 248.9}}, {"type": "Feature", "geometry": {"type": "Point", "coordinates": [2.1423352, 41.3726473]}, "properties": {"tls": "GS_30307936", "edge": "309246582#0", "links": [4], "bearing": 64.5}}, {"type": "Feature", "geometry": {"type": "Point", "coordinates": [2.1396798, 41.3676143]}, "properties": {"tls": "GS_30307945", "edge": "-35163079#3", "links": [0, 1, 2], "bearing": 317.3}}, {"type": "Feature", "geometry": {"type": "Point", "coordinates": [2.1395033, 41.3676031]}, "properties": {"tls": "GS_30307945", "edge": "300828578#0", "links": [3, 4, 5], "bearing": 46.5}}, {"type": "Feature", "geometry": {"type": "Point", "coordinates": [2.1244325, 41.3667662]}, "properties": {"tls": "GS_30308132", "edge": "-48043596#9", "links": [0, 1], "bearing": 261.6}}, {"type": "Feature", "geometry": {"type": "Point", "coordinates": [2.1243679, 41.366639]}, "properties": {"tls": "GS_30308132", "edge": "8050497#5", "links": [2, 3, 4], "bearing": 337.9}}, {"type": "Feature", "geometry": {"type": "Point", "coordinates": [2.1242383, 41.3666909]}, "properties": {"tls": "GS_30308132", "edge": "48043596#4", "links": [5, 6], "bearing": 73.1}}, {"type": "Feature", "geometry": {"type": "Point", "coordinates": [2.125486, 41.3648551]}, "properties": {"tls": "GS_30308135", "edge": "-82003432#15", "links": [0, 1], "bearing": 290.9}}, {"type": "Feature", "geometry": {"type": "Point", "coordinates": [2.1254017, 41.3647724]}, "properties": {"tls": "GS_30308135", "edge": "8050497#0", "links": [2, 3, 4], "bearing": 338.4}}, {"type": "Feature", "geometry": {"type": "Point", "coordinates": [2.125195, 41.3649136]}, "properties": {"tls": "GS_30308135", "edge": "82003432#9", "links": [5, 6], "bearing": 114.7}}, {"type": "Feature", "geometry": {"type": "Point", "coordinates": [2.1949572, 41.3920963]}, "properties": {"tls": "GS_30312482", "edge": "451739342#0", "links": [0, 1, 2], "bearing": 314.9}}, {"type": "Feature", "geometry": {"type": "Point", "coordinates": [2.194784, 41.3920954]}, "properties": {"tls": "GS_30312482", "edge": "316536504#2", "links": [3, 4, 5], "bearing": 45.5}}, {"type": "Feature", "geometry": {"type": "Point", "coordinates": [2.1960666, 41.3930605]}, "properties": {"tls": "GS_30312484", "edge": "316536504#5", "links": [0, 1, 2], "bearing": 46.3}}, {"type": "Feature", "geometry": {"type": "Point", "coordinates": [2.1960681, 41.3931902]}, "properties": {"tls": "GS_30312484", "edge": "237927199#9", "links": [3, 4, 5], "bearing": 135.8}}, {"type": "Feature", "geometry": {"type": "Point", "coordinates": [2.1995306, 41.3955257]}, "properties": {"tls": "GS_30312486", "edge": "32513006#0", "links": [0, 1, 2, 3], "bearing": 316.3}}, {"type": "Feature", "geometry": {"type": "Point", "coordinates": [2.1993455, 41.3955158]}, "properties": {"tls": "GS_30312486", "edge": "42858991#4", "links": [4, 5, 6, 7], "bearing": 44.9}}, {"type": "Feature", "geometry": {"type": "Point", "coordinates": [2.2005021, 41.3963798]}, "properties": {"tls": "GS_30312487", "edge": "237715980#0", "links": [0, 1, 2], "bearing": 45.8}}, {"type": "Feature", "geometry": {"type": "Point", "coordinates": [2.2004899, 41.3965004]}, "properties": {"tls": "GS_30312487", "edge": "1524034345#0", "links": [3, 4], "bearing": 136.2}}, {"type": "Feature", "geometry": {"type": "Point", "coordinates": [2.2029355, 41.3982022]}, "properties": {"tls": "GS_30312489", "edge": "-255327561#2", "links": [0], "bearing": 224.8}}, {"type": "Feature", "geometry": {"type": "Point", "coordinates": [2.2029507, 41.3980617]}, "properties": {"tls": "GS_30312489", "edge": "303238118#0", "links": [1, 2, 3], "bearing": 314.8}}, {"type": "Feature", "geometry": {"type": "Point", "coordinates": [2.202776, 41.3980616]}, "properties": {"tls": "GS_30312489", "edge": "255327558#1", "links": [4, 5], "bearing": 46.2}}, {"type": "Feature", "geometry": {"type": "Point", "coordinates": [2.1913117, 41.3930466]}, "properties": {"tls": "GS_30312830", "edge": "451710463#0", "links": [0, 1, 2], "bearing": 48.4}}, {"type": "Feature", "geometry": {"type": "Point", "coordinates": [2.1913169, 41.3931745]}, "properties": {"tls": "GS_30312830", "edge": "301443371#0", "links": [3, 4, 5], "bearing": 136.4}}, {"type": "Feature", "geometry": {"type": "Point", "coordinates": [2.1937424, 41.3947885]}, "properties": {"tls": "GS_30312831", "edge": "158967343#5", "links": [0, 1, 2], "bearing": 47.4}}, {"type": "Feature", "geometry": {"type": "Point", "coordinates": [2.1937467, 41.3949156]}, "properties": {"tls": "GS_30312831", "edge": "237927199#0", "links": [3, 4, 5], "bearing": 137.0}}, {"type": "Feature", "geometry": {"type": "Point", "coordinates": [2.1959773, 41.3963776]}, "properties": {"tls": "GS_30312832", "edge": "237927198#0", "links": [0, 1, 2], "bearing": 48.4}}, {"type": "Feature", "geometry": {"type": "Point", "coordinates": [2.1959819, 41.3965041]}, "properties": {"tls": "GS_30312832", "edge": "310929460#4", "links": [3, 4, 5], "bearing": 135.7}}, {"type": "Feature", "geometry": {"type": "Point", "coordinates": [2.1982663, 41.3980903]}, "properties": {"tls": "GS_30312835", "edge": "237657751#0", "links": [0, 1, 2, 3], "bearing": 46.7}}, {"type": "Feature", "geometry": {"type": "Point", "coordinates": [2.198242, 41.3982196]}, "properties": {"tls": "GS_30312835", "edge": "237521096#0", "links": [4, 5, 6], "bearing": 136.1}}, {"type": "Feature", "geometry": {"type": "Point", "coordinates": [2.1994123, 41.3989201]}, "properties": {"tls": "GS_30312836", "edge": "237657751#7", "links": [0, 1, 2], "bearing": 45.4}}, {"type": "Feature", "geometry": {"type": "Point", "coordinates": [2.1993994, 41.3990607]}, "properties": {"tls": "GS_30312836", "edge": "253456735#3", "links": [3, 4, 5], "bearing": 135.9}}, {"type": "Feature", "geometry": {"type": "Point", "coordinates": [2.2007036, 41.3997686]}, "properties": {"tls": "GS_30312837", "edge": "253456738#0", "links": [0, 1, 2], "bearing": 315.4}}, {"type": "Feature", "geometry": {"type": "Point", "coordinates": [2.2005283, 41.3997697]}, "properties": {"tls": "GS_30312837", "edge": "253456741#0", "links": [3, 4, 5], "bearing": 46.7}}, {"type": "Feature", "geometry": {"type": "Point", "coordinates": [2.2039706, 41.402394]}, "properties": {"tls": "GS_30312838", "edge": "239562113#2", "links": [0, 1, 2], "bearing": 45.4}}, {"type": "Feature", "geometry": {"type": "Point", "coordinates": [2.2039686, 41.4025226]}, "properties": {"tls": "GS_30312838", "edge": "423899017#4", "links": [3, 4, 5], "bearing": 134.3}}, {"type": "Feature", "geometry": {"type": "Point", "coordinates": [2.2052229, 41.403208]}, "properties": {"tls": "GS_30312839", "edge": "4751952#9", "links": [0, 1, 2], "bearing": 315.2}}, {"type": "Feature", "geometry": {"type": "Point", "coordinates": [2.2050491, 41.4032071]}, "properties": {"tls": "GS_30312839", "edge": "584990350#0", "links": [3, 4, 5], "bearing": 45.5}}, {"type": "Feature", "geometry": {"type": "Point", "coordinates": [2.2061512, 41.4040384]}, "properties": {"tls": "GS_30312840", "edge": "584990350#6", "links": [0, 1, 2, 3], "bearing": 45.8}}, {"type": "Feature", "geometry": {"type": "Point", "coordinates": [2.2061382, 41.4041783]}, "properties": {"tls": "GS_30312840", "edge": "237927193#2", "links": [4, 5, 6, 7], "bearing": 135.6}}, {"type": "Feature", "geometry": {"type": "Point", "coordinates": [2.207496, 41.4049006]}, "properties": {"tls": "GS_30312841", "edge": "1409584587#0", "links": [0, 1, 2, 3], "bearing": 315.7}}, {"type": "Feature", "geometry": {"type": "Point", "coordinates": [2.2073117, 41.4049122]}, "properties": {"tls": "GS_30312841", "edge": "908446335#0", "links": [4, 5, 6, 7, 8, 9], "bearing": 45.5}}, {"type": "Feature", "geometry": {"type": "Point", "coordinates": [2.208452, 41.4057635]}, "properties": {"tls": "GS_30312843", "edge": "237927197#0", "links": [0, 1, 2, 3], "bearing": 45.8}}, {"type": "Feature", "geometry": {"type": "Point", "coordinates": [2.2084255, 41.4058937]}, "properties": {"tls": "GS_30312843", "edge": "46711360#4", "links": [4, 5, 6], "bearing": 135.8}}, {"type": "Feature", "geometry": {"type": "Point", "coordinates": [2.2051359, 41.4050672]}, "properties": {"tls": "GS_30312952", "edge": "1409584589#3", "links": [0, 1, 2], "bearing": 227.8}}, {"type": "Feature", "geometry": {"type": "Point", "coordinates": [2.2049565, 41.4050677]}, "properties": {"tls": "GS_30312952", "edge": "237799276#2", "links": [3, 4, 5], "bearing": 134.5}}, {"type": "Feature", "geometry": {"type": "Point", "coordinates": [2.204025, 41.4042148]}, "properties": {"tls": "GS_30312962", "edge": "237927200#2", "links": [0, 1, 2], "bearing": 224.4}}, {"type": "Feature", "geometry": {"type": "Point", "coordinates": [2.2040264, 41.4040823]}, "properties": {"tls": "GS_30312962", "edge": "4751952#15", "links": [3, 4, 5], "bearing": 316.0}}, {"type": "Feature", "geometry": {"type": "Point", "coordinates": [2.1905106, 41.4008058]}, "properties": {"tls": "GS_30312976", "edge": "1186709317#0", "links": [0, 1, 2, 3], "bearing": 227.2}}, {"type": "Feature", "geometry": {"type": "Point", "coordinates": [2.1903196, 41.4008184]}, "properties": {"tls": "GS_30312976", "edge": "1104900026", "links": [4, 5], "bearing": 135.7}}, {"type": "Feature", "geometry": {"type": "Point", "coordinates": [2.1927549, 41.3990965]}, "properties": {"tls": "GS_30312978", "edge": "440740419#0", "links": [0, 1, 2, 3], "bearing": 227.7}}, {"type": "Feature", "geometry": {"type": "Point", "coordinates": [2.192565, 41.3991097]}, "properties": {"tls": "GS_30312978", "edge": "466762669#3", "links": [4, 5, 6], "bearing": 135.7}}, {"type": "Feature", "geometry": {"type": "Point", "coordinates": [2.1949958, 41.3973813]}, "properties": {"tls": "GS_30313010", "edge": "466765995#2", "links": [0, 1, 2], "bearing": 226.1}}, {"type": "Feature", "geometry": {"type": "Point", "coordinates": [2.1948235, 41.3973818]}, "properties": {"tls": "GS_30313010", "edge": "310929460#0", "links": [3, 4, 5], "bearing": 135.7}}, {"type": "Feature", "geometry": {"type": "Point", "coordinates": [2.2017306, 41.3923207]}, "properties": {"tls": "GS_30313064", "edge": "557137212#0", "links": [0, 1, 2], "bearing": 225.7}}, {"type": "Feature", "geometry": {"type": "Point", "coordinates": [2.2015385, 41.3923304]}, "properties": {"tls": "GS_30313064", "edge": "90069029#0", "links": [3, 4], "bearing": 132.3}}, {"type": "Feature", "geometry": {"type": "Point", "coordinates": [2.1485161, 41.3967061]}, "properties": {"tls": "GS_30313129", "edge": "879179148#0", "links": [0, 1, 2, 3, 4], "bearing": 322.4}}, {"type": "Feature", "geometry": {"type": "Point", "coordinates": [2.1483218, 41.3966973]}, "properties": {"tls": "GS_30313129", "edge": "1384525338#1", "links": [5, 6, 7], "bearing": 53.6}}, {"type": "Feature", "geometry": {"type": "Point", "coordinates": [2.1414401, 41.3966049]}, "properties": {"tls": "GS_30313140", "edge": "4776831#9", "links": [0], "bearing": 230.5}}, {"type": "Feature", "geometry": {"type": "Point", "coordinates": [2.1412713, 41.3965981]}, "properties": {"tls": "GS_30313140", "edge": "918486004#0", "links": [1, 2], "bearing": 141.6}}, {"type": "Feature", "geometry": {"type": "Point", "coordinates": [2.142664, 41.3955074]}, "properties": {"tls": "GS_30313142", "edge": "1422093908#0", "links": [0], "bearing": 227.1}}, {"type": "Feature", "geometry": {"type": "Point", "coordinates": [2.1425047, 41.395317]}, "properties": {"tls": "GS_30313142", "edge": "26434305#1", "links": [1], "bearing": 33.1}}, {"type": "Feature", "geometry": {"type": "Point", "coordinates": [2.142492, 41.3954867]}, "properties": {"tls": "GS_30313142", "edge": "918486004#7", "links": [2, 3], "bearing": 139.5}}, {"type": "Feature", "geometry": {"type": "Point", "coordinates": [2.1436597, 41.3947195]}, "properties": {"tls": "GS_30313144", "edge": "4752018#14", "links": [0, 1, 2, 3], "bearing": 232.0}}, {"type": "Feature", "geometry": {"type": "Point", "coordinates": [2.1434545, 41.3947294]}, "properties": {"tls": "GS_30313144", "edge": "1042655980#0", "links": [4, 5, 6], "bearing": 136.2}}, {"type": "Feature", "geometry": {"type": "Point", "coordinates": [2.1481015, 41.3973284]}, "properties": {"tls": "GS_30313244", "edge": "1384274568#1", "links": [0, 1, 2], "bearing": 232.0}}, {"type": "Feature", "geometry": {"type": "Point", "coordinates": [2.1480388, 41.3971923]}, "properties": {"tls": "GS_30313244", "edge": "879179148#5", "links": [3, 4, 5, 6, 7], "bearing": 323.7}}, {"type": "Feature", "geometry": {"type": "Point", "coordinates": [2.1475324, 41.3976561]}, "properties": {"tls": "GS_30313357", "edge": "879179148#8", "links": [0, 1, 2, 3, 4], "bearing": 320.8}}, {"type": "Feature", "geometry": {"type": "Point", "coordinates": [2.1473367, 41.397645]}, "properties": {"tls": "GS_30313357", "edge": "4752025#6", "links": [5, 6, 7], "bearing": 53.0}}, {"type": "Feature", "geometry": {"type": "Point", "coordinates": [2.1204749, 41.3969277]}, "properties": {"tls": "GS_30313434", "edge": "237695641#0", "links": [0, 1], "bearing": 252.6}}, {"type": "Feature", "geometry": {"type": "Point", "coordinates": [2.1203543, 41.3968166]}, "properties": {"tls": "GS_30313434", "edge": "32674101#0", "links": [2, 3], "bearing": 352.3}}, {"type": "Feature", "geometry": {"type": "Point", "coordinates": [2.1202334, 41.3969597]}, "properties": {"tls": "GS_30313434", "edge": "-237695634#3", "links": [4], "bearing": 160.6}}, {"type": "Feature", "geometry": {"type": "Point", "coordinates": [2.1240018, 41.3796622]}, "properties": {"tls": "GS_30314630", "edge": "7997310#0", "links": [0, 1, 2, 3], "bearing": 228.5}}, {"type": "Feature", "geometry": {"type": "Point", "coordinates": [2.1238998, 41.3795158]}, "properties": {"tls": "GS_30314630", "edge": "-544641224#2", "links": [4, 5], "bearing": 48.8}}, {"type": "Feature", "geometry": {"type": "Point", "coordinates": [2.1267209, 41.3645358]}, "properties": {"tls": "GS_30315188", "edge": "-82003432#19", "links": [0, 1], "bearing": 284.0}}, {"type": "Feature", "geometry": {"type": "Point", "coordinates": [2.126458, 41.3645609]}, "properties": {"tls": "GS_30315188", "edge": "82003432#13", "links": [2, 3], "bearing": 108.1}}, {"type": "Feature", "geometry": {"type": "Point", "coordinates": [2.1265487, 41.3646476]}, "properties": {"tls": "GS_30315188", "edge": "8050466#1", "links": [4, 5, 6], "bearing": 163.6}}, {"type": "Feature", "geometry": {"type": "Point", "coordinates": [2.1885931, 41.4175329]}, "properties": {"tls": "GS_30332639", "edge": "4753771#0", "links": [0], "bearing": 202.4}}, {"type": "Feature", "geometry": {"type": "Point", "coordinates": [2.188456, 41.4173781]}, "properties": {"tls": "GS_30332639", "edge": "310308291#1", "links": [1], "bearing": 47.1}}, {"type": "Feature", "geometry": {"type": "Point", "coordinates": [2.1884585, 41.4175027]}, "properties": {"tls": "GS_30332639", "edge": "310308292#0", "links": [2, 3], "bearing": 134.2}}, {"type": "Feature", "geometry": {"type": "Point", "coordinates": [2.1777882, 41.4103835]}, "properties": {"tls": "GS_30333309", "edge": "4753802#14", "links": [0, 1, 2], "bearing": 224.9}}, {"type": "Feature", "geometry": {"type": "Point", "coordinates": [2.1776156, 41.4103826]}, "properties": {"tls": "GS_30333309", "edge": "237912795#0", "links": [3, 4, 5], "bearing": 135.5}}, {"type": "Feature", "geometry": {"type": "Point", "coordinates": [2.1755525, 41.4087208]}, "properties": {"tls": "GS_30333310", "edge": "4753802#21", "links": [0, 1, 2], "bearing": 226.4}}, {"type": "Feature", "geometry": {"type": "Point", "coordinates": [2.1753775, 41.4087208]}, "properties": {"tls": "GS_30333310", "edge": "263405142#4", "links": [3, 4, 5], "bearing": 135.2}}, {"type": "Feature", "geometry": {"type": "Point", "coordinates": [2.1630371, 41.3993037]}, "properties": {"tls": "GS_30333328", "edge": "1409297988#0", "links": [0, 1, 2, 3], "bearing": 224.5}}, {"type": "Feature", "geometry": {"type": "Point", "coordinates": [2.1628021, 41.3992753]}, "properties": {"tls": "GS_30333328", "edge": "1264825150#0", "links": [4, 5], "bearing": 106.5}}, {"type": "Feature", "geometry": {"type": "Point", "coordinates": [2.1653208, 41.4010466]}, "properties": {"tls": "GS_30333329", "edge": "284450145#0", "links": [0, 1, 2, 3], "bearing": 225.6}}, {"type": "Feature", "geometry": {"type": "Point", "coordinates": [2.1651337, 41.4010563]}, "properties": {"tls": "GS_30333329", "edge": "1264830119#0", "links": [4, 5, 6], "bearing": 135.2}}, {"type": "Feature", "geometry": {"type": "Point", "coordinates": [2.1608609, 41.3990243]}, "properties": {"tls": "GS_30333341", "edge": "4753804#0", "links": [0], "bearing": 228.8}}, {"type": "Feature", "geometry": {"type": "Point", "coordinates": [2.1606921, 41.3989037]}, "properties": {"tls": "GS_30333341", "edge": "35467510#5", "links": [1, 2], "bearing": 49.6}}, {"type": "Feature", "geometry": {"type": "Point", "coordinates": [2.1607108, 41.3990281]}, "properties": {"tls": "GS_30333341", "edge": "1264825149#0", "links": [3, 4], "bearing": 142.9}}, {"type": "Feature", "geometry": {"type": "Point", "coordinates": [2.1872841, 41.3823747]}, "properties": {"tls": "GS_30343411", "edge": "970754150", "links": [0], "bearing": 343.6}}, {"type": "Feature", "geometry": {"type": "Point", "coordinates": [2.1871273, 41.3824245]}, "properties": {"tls": "GS_30343411", "edge": "237566147#0", "links": [1, 2, 3], "bearing": 59.7}}, {"type": "Feature", "geometry": {"type": "Point", "coordinates": [2.1871559, 41.3825596]}, "properties": {"tls": "GS_30343411", "edge": "303325045#0", "links": [4, 5], "bearing": 148.1}}, {"type": "Feature", "geometry": {"type": "Point", "coordinates": [2.1475358, 41.3734899]}, "properties": {"tls": "GS_3049188208", "edge": "-300828573#2", "links": [0, 1, 2], "bearing": 318.0}}, {"type": "Feature", "geometry": {"type": "Point", "coordinates": [2.147349, 41.3734835]}, "properties": {"tls": "GS_3049188208", "edge": "300828581#0", "links": [3, 4, 5, 6], "bearing": 45.2}}, {"type": "Feature", "geometry": {"type": "Point", "coordinates": [2.1623389, 41.4041665]}, "properties": {"tls": "GS_30553758", "edge": "831182069#0", "links": [0, 1], "bearing": 229.9}}, {"type": "Feature", "geometry": {"type": "Point", "coordinates": [2.162192, 41.4041892]}, "properties": {"tls": "GS_30553758", "edge": "238466730#0", "links": [2], "bearing": 144.3}}, {"type": "Feature", "geometry": {"type": "Point", "coordinates": [2.1653626, 41.4044289]}, "properties": {"tls": "GS_30555002", "edge": "544614093#0", "links": [0, 1, 2, 3], "bearing": 226.1}}, {"type": "Feature", "geometry": {"type": "Point", "coordinates": [2.1653761, 41.4042899]}, "properties": {"tls": "GS_30555002", "edge": "1264832648#0", "links": [4, 5, 6, 7], "bearing": 314.9}}, {"type": "Feature", "geometry": {"type": "Point", "coordinates": [2.1676153, 41.4061373]}, "properties": {"tls": "GS_30555005", "edge": "544614094#0", "links": [0, 1, 2, 3], "bearing": 225.5}}, {"type": "Feature", "geometry": {"type": "Point", "coordinates": [2.167622, 41.4059915]}, "properties": {"tls": "GS_30555005", "edge": "1227021741#0", "links": [4, 5, 6], "bearing": 315.6}}, {"type": "Feature", "geometry": {"type": "Point", "coordinates": [2.1700422, 41.407965]}, "properties": {"tls": "GS_30555006", "edge": "237566141#0", "links": [0, 1, 2, 3], "bearing": 224.5}}, {"type": "Feature", "geometry": {"type": "Point", "coordinates": [2.1700543, 41.4078212]}, "properties": {"tls": "GS_30555006", "edge": "294798017#4", "links": [4, 5, 6, 7], "bearing": 315.9}}, {"type": "Feature", "geometry": {"type": "Point", "coordinates": [2.1733254, 41.4104299]}, "properties": {"tls": "GS_30555007", "edge": "1409296657#0", "links": [0, 1, 2, 3], "bearing": 225.0}}, {"type": "Feature", "geometry": {"type": "Point", "coordinates": [2.1731397, 41.4104394]}, "properties": {"tls": "GS_30555007", "edge": "1409296656#17", "links": [4, 5, 6], "bearing": 135.8}}, {"type": "Feature", "geometry": {"type": "Point", "coordinates": [2.1777914, 41.4137921]}, "properties": {"tls": "GS_30555009", "edge": "237549917#2", "links": [0, 1, 2, 3], "bearing": 225.0}}, {"type": "Feature", "geometry": {"type": "Point", "coordinates": [2.1776203, 41.4138133]}, "properties": {"tls": "GS_30555009", "edge": "224295081#5", "links": [4, 5], "bearing": 137.2}}, {"type": "Feature", "geometry": {"type": "Point", "coordinates": [2.1822849, 41.4171676]}, "properties": {"tls": "GS_30555016", "edge": "1092586014#0", "links": [0, 1, 2, 3], "bearing": 225.9}}, {"type": "Feature", "geometry": {"type": "Point", "coordinates": [2.1823113, 41.4170382]}, "properties": {"tls": "GS_30555016", "edge": "269871716#2", "links": [4, 5, 6], "bearing": 315.3}}, {"type": "Feature", "geometry": {"type": "Point", "coordinates": [2.1845829, 41.4188408]}, "properties": {"tls": "GS_30555019", "edge": "220245634#0", "links": [0, 1, 2, 3], "bearing": 227.1}}, {"type": "Feature", "geometry": {"type": "Point", "coordinates": [2.1846077, 41.4187132]}, "properties": {"tls": "GS_30555019", "edge": "38132665#0", "links": [4, 5, 6], "bearing": 314.9}}, {"type": "Feature", "geometry": {"type": "Point", "coordinates": [2.1833587, 41.4162359]}, "properties": {"tls": "GS_30555407", "edge": "552864711#4", "links": [0, 1], "bearing": 315.7}}, {"type": "Feature", "geometry": {"type": "Point", "coordinates": [2.1831972, 41.4162471]}, "properties": {"tls": "GS_30555407", "edge": "140001509#5", "links": [2, 3, 4], "bearing": 47.4}}, {"type": "Feature", "geometry": {"type": "Point", "coordinates": [2.1756629, 41.4053628]}, "properties": {"tls": "GS_30555974", "edge": "269871711#10", "links": [0, 1, 2], "bearing": 226.3}}, {"type": "Feature", "geometry": {"type": "Point", "coordinates": [2.1754876, 41.405343]}, "properties": {"tls": "GS_30555974", "edge": "1408936327#0", "links": [3, 4, 5, 6], "bearing": 135.4}}, {"type": "Feature", "geometry": {"type": "Point", "coordinates": [2.1693445, 41.4084334]}, "properties": {"tls": "GS_30556413", "edge": "251684603#0", "links": [0, 1], "bearing": 320.8}}, {"type": "Feature", "geometry": {"type": "Point", "coordinates": [2.1691729, 41.4084452]}, "properties": {"tls": "GS_30556413", "edge": "208568872#21", "links": [2, 3, 4], "bearing": 50.7}}, {"type": "Feature", "geometry": {"type": "Point", "coordinates": [2.1711761, 41.406963]}, "properties": {"tls": "GS_30556414", "edge": "294798017#0", "links": [0, 1, 2], "bearing": 315.1}}, {"type": "Feature", "geometry": {"type": "Point", "coordinates": [2.1710032, 41.4069615]}, "properties": {"tls": "GS_30556414", "edge": "140001510#0", "links": [3, 4, 5], "bearing": 45.1}}, {"type": "Feature", "geometry": {"type": "Point", "coordinates": [2.1779477, 41.401984]}, "properties": {"tls": "GS_30556416", "edge": "1408524831#0", "links": [0, 1, 2, 3, 4, 5], "bearing": 226.0}}, {"type": "Feature", "geometry": {"type": "Point", "coordinates": [2.1779696, 41.4017988]}, "properties": {"tls": "GS_30556416", "edge": "313379198#0", "links": [6, 7, 8, 9, 10], "bearing": 316.9}}, {"type": "Feature", "geometry": {"type": "Point", "coordinates": [2.1638849, 41.4018727]}, "properties": {"tls": "GS_30556542", "edge": "4776473#0", "links": [0], "bearing": 41.5}}, {"type": "Feature", "geometry": {"type": "Point", "coordinates": [2.163897, 41.4019919]}, "properties": {"tls": "GS_30556542", "edge": "1264830122#0", "links": [1, 2], "bearing": 136.5}}, {"type": "Feature", "geometry": {"type": "Point", "coordinates": [2.1542621, 41.4048878]}, "properties": {"tls": "GS_30556739", "edge": "251458387#0", "links": [0], "bearing": 231.4}}, {"type": "Feature", "geometry": {"type": "Point", "coordinates": [2.1541588, 41.4048948]}, "properties": {"tls": "GS_30556739", "edge": "237652081#1", "links": [1], "bearing": 140.0}}, {"type": "Feature", "geometry": {"type": "Point", "coordinates": [2.1406636, 41.4009212]}, "properties": {"tls": "GS_30558244", "edge": "4776811#0", "links": [0, 1, 2], "bearing": 244.7}}, {"type": "Feature", "geometry": {"type": "Point", "coordinates": [2.1404331, 41.4009371]}, "properties": {"tls": "GS_30558244", "edge": "308379493#6", "links": [3, 4, 5, 6], "bearing": 133.4}}, {"type": "Feature", "geometry": {"type": "Point", "coordinates": [2.1439972, 41.3984357]}, "properties": {"tls": "GS_30558393", "edge": "4776831#1", "links": [0, 1, 2], "bearing": 225.9}}, {"type": "Feature", "geometry": {"type": "Point", "coordinates": [2.1438197, 41.3984165]}, "properties": {"tls": "GS_30558393", "edge": "541430463#0", "links": [3, 4, 5, 6], "bearing": 134.5}}, {"type": "Feature", "geometry": {"type": "Point", "coordinates": [2.142426, 41.39068]}, "properties": {"tls": "GS_30558433", "edge": "237549913#0", "links": [0, 1, 2, 3, 4, 5], "bearing": 282.3}}, {"type": "Feature", "geometry": {"type": "Point", "coordinates": [2.1422872, 41.3905635]}, "properties": {"tls": "GS_30558433", "edge": "4776834#2", "links": [6, 7, 8, 9], "bearing": 11.4}}, {"type": "Feature", "geometry": {"type": "Point", "coordinates": [2.1786938, 41.4128623]}, "properties": {"tls": "GS_30558456", "edge": "544301149#0", "links": [0, 1, 2, 3], "bearing": 44.8}}, {"type": "Feature", "geometry": {"type": "Point", "coordinates": [2.178666, 41.4129931]}, "properties": {"tls": "GS_30558456", "edge": "651543108#0", "links": [4, 5, 6], "bearing": 136.4}}, {"type": "Feature", "geometry": {"type": "Point", "coordinates": [2.1809289, 41.4144011]}, "properties": {"tls": "GS_30558459", "edge": "-140001511#3", "links": [0, 1, 2], "bearing": 348.1}}, {"type": "Feature", "geometry": {"type": "Point", "coordinates": [2.1807038, 41.4144458]}, "properties": {"tls": "GS_30558459", "edge": "237549918#0", "links": [3, 4, 5, 6], "bearing": 47.3}}, {"type": "Feature", "geometry": {"type": "Point", "coordinates": [2.1807735, 41.4146791]}, "properties": {"tls": "GS_30558459", "edge": "140001512#3", "links": [7, 8, 9], "bearing": 168.1}}, {"type": "Feature", "geometry": {"type": "Point", "coordinates": [2.1843264, 41.417063]}, "properties": {"tls": "GS_30558464", "edge": "552864712#0", "links": [0, 1], "bearing": 47.5}}, {"type": "Feature", "geometry": {"type": "Point", "coordinates": [2.1843426, 41.4172002]}, "properties": {"tls": "GS_30558464", "edge": "284579039#3", "links": [2, 3, 4, 5], "bearing": 135.3}}, {"type": "Feature", "geometry": {"type": "Point", "coordinates": [2.1398994, 41.3896282]}, "properties": {"tls": "GS_30558475", "edge": "544641229#2", "links": [0, 1, 2], "bearing": 233.0}}, {"type": "Feature", "geometry": {"type": "Point", "coordinates": [2.1399202, 41.389512]}, "properties": {"tls": "GS_30558475", "edge": "4776847#2", "links": [3, 4], "bearing": 310.9}}, {"type": "Feature", "geometry": {"type": "Point", "coordinates": [2.1397713, 41.388298]}, "properties": {"tls": "GS_30558511", "edge": "-550732199#1", "links": [0], "bearing": 223.6}}, {"type": "Feature", "geometry": {"type": "Point", "coordinates": [2.1397837, 41.3881278]}, "properties": {"tls": "GS_30558511", "edge": "550732198#0", "links": [1, 2, 3, 4], "bearing": 321.9}}, {"type": "Feature", "geometry": {"type": "Point", "coordinates": [2.1395964, 41.388131]}, "properties": {"tls": "GS_30558511", "edge": "918416838#0", "links": [5, 6, 7], "bearing": 41.8}}, {"type": "Feature", "geometry": {"type": "Point", "coordinates": [2.1293056, 41.3755621]}, "properties": {"tls": "GS_30558573", "edge": "-1536121325#3", "links": [0, 1, 2, 3], "bearing": 272.5}}, {"type": "Feature", "geometry": {"type": "Point", "coordinates": [2.1290462, 41.3755112]}, "properties": {"tls": "GS_30558573", "edge": "45185735#7", "links": [4, 5, 6, 7], "bearing": 92.6}}, {"type": "Feature", "geometry": {"type": "Point", "coordinates": [2.1571009, 41.4109783]}, "properties": {"tls": "GS_30617355", "edge": "296813929#0", "links": [0, 1, 2], "bearing": 229.1}}, {"type": "Feature", "geometry": {"type": "Point", "coordinates": [2.1569576, 41.4110166]}, "properties": {"tls": "GS_30617355", "edge": "54882020#0", "links": [3], "bearing": 152.4}}, {"type": "Feature", "geometry": {"type": "Point", "coordinates": [2.141617, 41.375312]}, "properties": {"tls": "GS_30625895", "edge": "-309246588#3", "links": [0, 1], "bearing": 272.0}}, {"type": "Feature", "geometry": {"type": "Point", "coordinates": [2.1415101, 41.3751641]}, "properties": {"tls": "GS_30625895", "edge": "912976051#0", "links": [2, 3], "bearing": 1.8}}, {"type": "Feature", "geometry": {"type": "Point", "coordinates": [2.1414099, 41.3752581]}, "properties": {"tls": "GS_30625895", "edge": "34674328#0", "links": [4, 5], "bearing": 92.0}}, {"type": "Feature", "geometry": {"type": "Point", "coordinates": [2.1540481, 41.3855664]}, "properties": {"tls": "GS_30685340", "edge": "1354683581#0", "links": [0, 1, 2, 3, 4, 5], "bearing": 316.7}}, {"type": "Feature", "geometry": {"type": "Point", "coordinates": [2.1538528, 41.3855529]}, "properties": {"tls": "GS_30685340", "edge": "1354683580#0", "links": [6, 7, 8, 9, 10, 11], "bearing": 46.2}}, {"type": "Feature", "geometry": {"type": "Point", "coordinates": [2.1472507, 41.390832]}, "properties": {"tls": "GS_30685341", "edge": "237667614#7", "links": [0, 1, 2, 3, 4], "bearing": 224.4}}, {"type": "Feature", "geometry": {"type": "Point", "coordinates": [2.1470268, 41.3908137]}, "properties": {"tls": "GS_30685341", "edge": "1409636114#0", "links": [5, 6, 7, 8], "bearing": 135.0}}, {"type": "Feature", "geometry": {"type": "Point", "coordinates": [2.1213788, 41.3660476]}, "properties": {"tls": "GS_30686307", "edge": "-847294254#2", "links": [0, 1, 2, 3], "bearing": 253.6}}, {"type": "Feature", "geometry": {"type": "Point", "coordinates": [2.1211619, 41.3659524]}, "properties": {"tls": "GS_30686307", "edge": "558576412#3", "links": [4, 5, 6], "bearing": 73.7}}, {"type": "Feature", "geometry": {"type": "Point", "coordinates": [2.1212164, 41.366111]}, "properties": {"tls": "GS_30686307", "edge": "-48043190#2", "links": [7, 8, 9], "bearing": 170.8}}, {"type": "Feature", "geometry": {"type": "Point", "coordinates": [2.1277958, 41.3671622]}, "properties": {"tls": "GS_30686312", "edge": "-48043596#24", "links": [0], "bearing": 263.0}}, {"type": "Feature", "geometry": {"type": "Point", "coordinates": [2.1277277, 41.3670467]}, "properties": {"tls": "GS_30686312", "edge": "83304235#5", "links": [1, 2], "bearing": 342.8}}, {"type": "Feature", "geometry": {"type": "Point", "coordinates": [2.1275965, 41.3671151]}, "properties": {"tls": "GS_30686312", "edge": "48043596#11", "links": [3], "bearing": 84.6}}, {"type": "Feature", "geometry": {"type": "Point", "coordinates": [2.1452725, 41.3752404]}, "properties": {"tls": "GS_30686353", "edge": "-243598400#4", "links": [0, 1, 2], "bearing": 271.3}}, {"type": "Feature", "geometry": {"type": "Point", "coordinates": [2.1451979, 41.375091]}, "properties": {"tls": "GS_30686353", "edge": "-4787846#2", "links": [3, 4], "bearing": 343.6}}, {"type": "Feature", "geometry": {"type": "Point", "coordinates": [2.1450405, 41.3751849]}, "properties": {"tls": "GS_30686353", "edge": "1536095744#0", "links": [5, 6, 7], "bearing": 91.2}}, {"type": "Feature", "geometry": {"type": "Point", "coordinates": [2.145928, 41.3736642]}, "properties": {"tls": "GS_30686356", "edge": "1221642529#0", "links": [0, 1], "bearing": 252.6}}, {"type": "Feature", "geometry": {"type": "Point", "coordinates": [2.1458501, 41.3735712]}, "properties": {"tls": "GS_30686356", "edge": "192248805", "links": [2, 3], "bearing": 341.4}}, {"type": "Feature", "geometry": {"type": "Point", "coordinates": [2.145777, 41.3737002]}, "properties": {"tls": "GS_30686356", "edge": "4787846#5", "links": [4], "bearing": 162.3}}, {"type": "Feature", "geometry": {"type": "Point", "coordinates": [2.1462652, 41.3725989]}, "properties": {"tls": "GS_30686357", "edge": "841740061#0", "links": [0, 1], "bearing": 343.1}}, {"type": "Feature", "geometry": {"type": "Point", "coordinates": [2.1461503, 41.3726204]}, "properties": {"tls": "GS_30686357", "edge": "251733670#0", "links": [2, 3], "bearing": 44.9}}, {"type": "Feature", "geometry": {"type": "Point", "coordinates": [2.1630239, 41.4143401]}, "properties": {"tls": "GS_30688883", "edge": "296815432#0", "links": [0, 1, 2, 3], "bearing": 248.3}}, {"type": "Feature", "geometry": {"type": "Point", "coordinates": [2.1629886, 41.4142183]}, "properties": {"tls": "GS_30688883", "edge": "650591290", "links": [4, 5, 6, 7], "bearing": 333.8}}, {"type": "Feature", "geometry": {"type": "Point", "coordinates": [2.1647139, 41.4140721]}, "properties": {"tls": "GS_30688906", "edge": "237923129", "links": [0, 1], "bearing": 56.4}}, {"type": "Feature", "geometry": {"type": "Point", "coordinates": [2.16473, 41.4141926]}, "properties": {"tls": "GS_30688906", "edge": "296815423#0", "links": [2], "bearing": 146.6}}, {"type": "Feature", "geometry": {"type": "Point", "coordinates": [2.1882656, 41.399134]}, "properties": {"tls": "GS_30689520", "edge": "645599654#0", "links": [0, 1, 2, 3, 4], "bearing": 226.3}}, {"type": "Feature", "geometry": {"type": "Point", "coordinates": [2.188061, 41.3991331]}, "properties": {"tls": "GS_30689520", "edge": "120007718#2", "links": [5, 6, 7, 8], "bearing": 134.3}}, {"type": "Feature", "geometry": {"type": "Point", "coordinates": [2.1928333, 41.3957395]}, "properties": {"tls": "GS_30689525", "edge": "295215800#3", "links": [0, 1, 2], "bearing": 224.5}}, {"type": "Feature", "geometry": {"type": "Point", "coordinates": [2.1926623, 41.395738]}, "properties": {"tls": "GS_30689525", "edge": "120007719#1", "links": [3, 4, 5], "bearing": 135.4}}, {"type": "Feature", "geometry": {"type": "Point", "coordinates": [2.199607, 41.3907322]}, "properties": {"tls": "GS_30689531", "edge": "1394474257#0", "links": [0, 1, 2, 3], "bearing": 225.7}}, {"type": "Feature", "geometry": {"type": "Point", "coordinates": [2.1996196, 41.3905906]}, "properties": {"tls": "GS_30689531", "edge": "-1394474274#1", "links": [4, 5], "bearing": 316.7}}, {"type": "Feature", "geometry": {"type": "Point", "coordinates": [2.1993917, 41.3907222]}, "properties": {"tls": "GS_30689531", "edge": "451739344#0", "links": [6, 7, 8], "bearing": 134.6}}, {"type": "Feature", "geometry": {"type": "Point", "coordinates": [2.1905349, 41.4023583]}, "properties": {"tls": "GS_30689533", "edge": "1186709318#0", "links": [0, 1, 2, 3, 4], "bearing": 316.1}}, {"type": "Feature", "geometry": {"type": "Point", "coordinates": [2.1903218, 41.4023495]}, "properties": {"tls": "GS_30689533", "edge": "1213959260#1", "links": [5, 6, 7, 8], "bearing": 45.9}}, {"type": "Feature", "geometry": {"type": "Point", "coordinates": [2.2028335, 41.3931628]}, "properties": {"tls": "GS_30689552", "edge": "566541729#0", "links": [0, 1, 2, 3, 4], "bearing": 226.8}}, {"type": "Feature", "geometry": {"type": "Point", "coordinates": [2.2028567, 41.393013]}, "properties": {"tls": "GS_30689552", "edge": "-217581799#1", "links": [5, 6, 7], "bearing": 315.9}}, {"type": "Feature", "geometry": {"type": "Point", "coordinates": [2.2025921, 41.3931376]}, "properties": {"tls": "GS_30689552", "edge": "158966240#0", "links": [8, 9, 10], "bearing": 137.5}}, {"type": "Feature", "geometry": {"type": "Point", "coordinates": [2.1473699, 41.4081608]}, "properties": {"tls": "GS_30960821", "edge": "554919511#0", "links": [0], "bearing": 42.0}}, {"type": "Feature", "geometry": {"type": "Point", "coordinates": [2.1473853, 41.4083379]}, "properties": {"tls": "GS_30960821", "edge": "74621162#4", "links": [1, 2], "bearing": 149.8}}, {"type": "Feature", "geometry": {"type": "Point", "coordinates": [2.1475604, 41.4083518]}, "properties": {"tls": "GS_30960821", "edge": "662915145#0", "links": [3, 4], "bearing": 217.5}}, {"type": "Feature", "geometry": {"type": "Point", "coordinates": [2.1907354, 41.4039746]}, "properties": {"tls": "GS_312680292", "edge": "1112817880#0", "links": [0], "bearing": 319.2}}, {"type": "Feature", "geometry": {"type": "Point", "coordinates": [2.1904831, 41.4040387]}, "properties": {"tls": "GS_312680292", "edge": "1425004885", "links": [1, 2], "bearing": 73.0}}, {"type": "Feature", "geometry": {"type": "Point", "coordinates": [2.134403, 41.4081042]}, "properties": {"tls": "GS_31285555", "edge": "32429563#0", "links": [0, 1, 2], "bearing": 357.7}}, {"type": "Feature", "geometry": {"type": "Point", "coordinates": [2.1343158, 41.4082987]}, "properties": {"tls": "GS_31285555", "edge": "-1239757830#2", "links": [3, 4, 5], "bearing": 179.4}}, {"type": "Feature", "geometry": {"type": "Point", "coordinates": [2.1602487, 41.4085629]}, "properties": {"tls": "GS_31285672", "edge": "807044473#1", "links": [0, 1], "bearing": 236.4}}, {"type": "Feature", "geometry": {"type": "Point", "coordinates": [2.160208, 41.4084487]}, "properties": {"tls": "GS_31285672", "edge": "1264832653#0", "links": [2, 3, 4], "bearing": 325.0}}, {"type": "Feature", "geometry": {"type": "Point", "coordinates": [2.1614686, 41.4072865]}, "properties": {"tls": "GS_31285675", "edge": "831182077#0", "links": [0, 1], "bearing": 228.5}}, {"type": "Feature", "geometry": {"type": "Point", "coordinates": [2.1614339, 41.4071579]}, "properties": {"tls": "GS_31285675", "edge": "831182072#0", "links": [2, 3, 4], "bearing": 325.3}}, {"type": "Feature", "geometry": {"type": "Point", "coordinates": [2.2029401, 41.4136132]}, "properties": {"tls": "GS_312894013", "edge": "-43210767#6", "links": [0, 1], "bearing": 226.1}}, {"type": "Feature", "geometry": {"type": "Point", "coordinates": [2.2027656, 41.4134413]}, "properties": {"tls": "GS_312894013", "edge": "753766006#0", "links": [2, 3], "bearing": 44.9}}, {"type": "Feature", "geometry": {"type": "Point", "coordinates": [2.2027676, 41.4135954]}, "properties": {"tls": "GS_312894013", "edge": "43994629#2", "links": [4, 5, 6, 7, 8], "bearing": 137.1}}, {"type": "Feature", "geometry": {"type": "Point", "coordinates": [2.1983781, 41.4101568]}, "properties": {"tls": "GS_312894014", "edge": "-1167593709#5", "links": [0, 1, 2], "bearing": 224.5}}, {"type": "Feature", "geometry": {"type": "Point", "coordinates": [2.1982582, 41.4099849]}, "properties": {"tls": "GS_312894014", "edge": "274541099#0", "links": [3, 4, 5], "bearing": 46.5}}, {"type": "Feature", "geometry": {"type": "Point", "coordinates": [2.1982072, 41.410157]}, "properties": {"tls": "GS_312894014", "edge": "41388485#5", "links": [6, 7, 8, 9], "bearing": 136.8}}, {"type": "Feature", "geometry": {"type": "Point", "coordinates": [2.1995432, 41.4110402]}, "properties": {"tls": "GS_315486997", "edge": "-1012169432#2", "links": [0, 1, 2, 3, 4], "bearing": 226.0}}, {"type": "Feature", "geometry": {"type": "Point", "coordinates": [2.1995718, 41.4108709]}, "properties": {"tls": "GS_315486997", "edge": "1409584595#0", "links": [5, 6, 7, 8, 9], "bearing": 315.9}}, {"type": "Feature", "geometry": {"type": "Point", "coordinates": [2.1993923, 41.4108638]}, "properties": {"tls": "GS_315486997", "edge": "1167593709#0", "links": [10, 11, 12, 13], "bearing": 44.4}}, {"type": "Feature", "geometry": {"type": "Point", "coordinates": [2.2018102, 41.4092928]}, "properties": {"tls": "GS_315486999", "edge": "43309277#0", "links": [0, 1, 2, 3, 4, 5], "bearing": 226.4}}, {"type": "Feature", "geometry": {"type": "Point", "coordinates": [2.2018119, 41.4091649]}, "properties": {"tls": "GS_315486999", "edge": "537990761#0", "links": [6, 7, 8, 9], "bearing": 314.7}}, {"type": "Feature", "geometry": {"type": "Point", "coordinates": [2.2007012, 41.4100112]}, "properties": {"tls": "GS_315487000", "edge": "1409584594#0", "links": [0, 1, 2, 3, 4], "bearing": 316.0}}, {"type": "Feature", "geometry": {"type": "Point", "coordinates": [2.2005313, 41.4100119]}, "properties": {"tls": "GS_315487000", "edge": "384757685#0", "links": [5, 6, 7, 8, 9, 10], "bearing": 46.1}}, {"type": "Feature", "geometry": {"type": "Point", "coordinates": [2.178937, 41.4008856]}, "properties": {"tls": "GS_3193317991", "edge": "165522954#0", "links": [0, 1, 2, 3, 4, 5], "bearing": 323.0}}, {"type": "Feature", "geometry": {"type": "Point", "coordinates": [2.1787736, 41.4009017]}, "properties": {"tls": "GS_3193317991", "edge": "902032667", "links": [6, 7, 8, 9, 10, 11], "bearing": 47.7}}, {"type": "Feature", "geometry": {"type": "Point", "coordinates": [2.1645586, 41.3900794]}, "properties": {"tls": "GS_3207831035", "edge": "1112801397#0", "links": [0], "bearing": 84.3}}, {"type": "Feature", "geometry": {"type": "Point", "coordinates": [2.1645732, 41.3901514]}, "properties": {"tls": "GS_3207831035", "edge": "1387061745#0", "links": [1], "bearing": 136.4}}, {"type": "Feature", "geometry": {"type": "Point", "coordinates": [2.1349028, 41.4133542]}, "properties": {"tls": "GS_3208632836", "edge": "52513560#4", "links": [0, 1, 2], "bearing": 244.1}}, {"type": "Feature", "geometry": {"type": "Point", "coordinates": [2.134858, 41.4132291]}, "properties": {"tls": "GS_3208632836", "edge": "32429576#2", "links": [3, 4, 5], "bearing": 330.3}}, {"type": "Feature", "geometry": {"type": "Point", "coordinates": [2.1346375, 41.4132147]}, "properties": {"tls": "GS_3208632836", "edge": "-32430712#2", "links": [6, 7], "bearing": 54.7}}, {"type": "Feature", "geometry": {"type": "Point", "coordinates": [2.1346728, 41.4133596]}, "properties": {"tls": "GS_3208632836", "edge": "-1408677629", "links": [8, 9, 10], "bearing": 152.4}}, {"type": "Feature", "geometry": {"type": "Point", "coordinates": [2.1387354, 41.3703899]}, "properties": {"tls": "GS_3230125668", "edge": "661154522#0", "links": [0, 1], "bearing": 59.4}}, {"type": "Feature", "geometry": {"type": "Point", "coordinates": [2.1387748, 41.370496]}, "properties": {"tls": "GS_3230125668", "edge": "309246604#1", "links": [2], "bearing": 160.2}}, {"type": "Feature", "geometry": {"type": "Point", "coordinates": [2.1817365, 41.3909449]}, "properties": {"tls": "GS_330028856", "edge": "226319536#0", "links": [0, 1], "bearing": 230.8}}, {"type": "Feature", "geometry": {"type": "Point", "coordinates": [2.1817143, 41.3908096]}, "properties": {"tls": "GS_330028856", "edge": "404402526#4", "links": [2, 3, 4], "bearing": 317.1}}, {"type": "Feature", "geometry": {"type": "Point", "coordinates": [2.1210851, 41.4020478]}, "properties": {"tls": "GS_330417407", "edge": "1525698710#4", "links": [0, 1], "bearing": 302.1}}, {"type": "Feature", "geometry": {"type": "Point", "coordinates": [2.1208926, 41.40204]}, "properties": {"tls": "GS_330417407", "edge": "1218584991", "links": [2, 3], "bearing": 53.6}}, {"type": "Feature", "geometry": {"type": "Point", "coordinates": [2.1676218, 41.3942461]}, "properties": {"tls": "GS_33098963", "edge": "1408524846#0", "links": [0, 1, 2, 3, 4, 5], "bearing": 225.6}}, {"type": "Feature", "geometry": {"type": "Point", "coordinates": [2.1676546, 41.3940861]}, "properties": {"tls": "GS_33098963", "edge": "803424597#0", "links": [6, 7, 8, 9], "bearing": 316.0}}, {"type": "Feature", "geometry": {"type": "Point", "coordinates": [2.1732503, 41.3984622]}, "properties": {"tls": "GS_33098964", "edge": "1408524835#0", "links": [0, 1, 2, 3, 4, 5], "bearing": 225.9}}, {"type": "Feature", "geometry": {"type": "Point", "coordinates": [2.1732868, 41.3983052]}, "properties": {"tls": "GS_33098964", "edge": "1501435532#0", "links": [6, 7, 8, 9, 10], "bearing": 315.0}}, {"type": "Feature", "geometry": {"type": "Point", "coordinates": [2.1858222, 41.4078609]}, "properties": {"tls": "GS_33098965", "edge": "803623992#0", "links": [0, 1, 2], "bearing": 225.5}}, {"type": "Feature", "geometry": {"type": "Point", "coordinates": [2.1856512, 41.4078812]}, "properties": {"tls": "GS_33098965", "edge": "737114854#0", "links": [3], "bearing": 135.1}}, {"type": "Feature", "geometry": {"type": "Point", "coordinates": [2.1494584, 41.4080104]}, "properties": {"tls": "GS_331355856", "edge": "121189298#0", "links": [0, 1, 2, 3], "bearing": 325.5}}, {"type": "Feature", "geometry": {"type": "Point", "coordinates": [2.1491834, 41.4081192]}, "properties": {"tls": "GS_331355856", "edge": "36726124#0", "links": [4, 5, 6], "bearing": 105.1}}, {"type": "Feature", "geometry": {"type": "Point", "coordinates": [2.1695737, 41.3884157]}, "properties": {"tls": "GS_344992884", "edge": "-295263587", "links": [0, 1, 2, 3], "bearing": 316.1}}, {"type": "Feature", "geometry": {"type": "Point", "coordinates": [2.1693744, 41.3884905]}, "properties": {"tls": "GS_344992884", "edge": "612296800", "links": [4, 5], "bearing": 138.1}}, {"type": "Feature", "geometry": {"type": "Point", "coordinates": [2.1971112, 41.388873]}, "properties": {"tls": "GS_347353578", "edge": "31242172#0", "links": [0, 1, 2], "bearing": 226.1}}, {"type": "Feature", "geometry": {"type": "Point", "coordinates": [2.1969266, 41.3888844]}, "properties": {"tls": "GS_347353578", "edge": "888301274#0", "links": [3, 4], "bearing": 135.9}}, {"type": "Feature", "geometry": {"type": "Point", "coordinates": [2.1962266, 41.3881782]}, "properties": {"tls": "GS_347353580", "edge": "31242172#3", "links": [0, 1, 2, 3], "bearing": 224.0}}, {"type": "Feature", "geometry": {"type": "Point", "coordinates": [2.1963023, 41.3880635]}, "properties": {"tls": "GS_347353580", "edge": "426809895#0", "links": [4, 5, 6], "bearing": 278.1}}, {"type": "Feature", "geometry": {"type": "Point", "coordinates": [2.150044, 41.4084128]}, "properties": {"tls": "GS_359099425", "edge": "121189295#0", "links": [0, 1], "bearing": 57.9}}, {"type": "Feature", "geometry": {"type": "Point", "coordinates": [2.1500699, 41.4085119]}, "properties": {"tls": "GS_359099425", "edge": "309875197#2", "links": [2, 3], "bearing": 144.5}}, {"type": "Feature", "geometry": {"type": "Point", "coordinates": [2.1546222, 41.4101792]}, "properties": {"tls": "GS_359100661", "edge": "238466720#1", "links": [0, 1], "bearing": 235.4}}, {"type": "Feature", "geometry": {"type": "Point", "coordinates": [2.1544531, 41.4101819]}, "properties": {"tls": "GS_359100661", "edge": "36918922#1", "links": [2, 3], "bearing": 146.2}}, {"type": "Feature", "geometry": {"type": "Point", "coordinates": [2.1559747, 41.4108678]}, "properties": {"tls": "GS_359100760", "edge": "32015948#1", "links": [0, 1], "bearing": 235.5}}, {"type": "Feature", "geometry": {"type": "Point", "coordinates": [2.1558166, 41.4108793]}, "properties": {"tls": "GS_359100760", "edge": "388841726#2", "links": [2, 3], "bearing": 136.8}}, {"type": "Feature", "geometry": {"type": "Point", "coordinates": [2.1235469, 41.3909407]}, "properties": {"tls": "GS_359234311", "edge": "237515357#0", "links": [0, 1, 2, 3], "bearing": 251.6}}, {"type": "Feature", "geometry": {"type": "Point", "coordinates": [2.1235253, 41.3908285]}, "properties": {"tls": "GS_359234311", "edge": "237521079#0", "links": [4, 5, 6], "bearing": 312.6}}, {"type": "Feature", "geometry": {"type": "Point", "coordinates": [2.1231922, 41.3909486]}, "properties": {"tls": "GS_359234311", "edge": "907015227#0", "links": [7, 8, 9], "bearing": 129.0}}, {"type": "Feature", "geometry": {"type": "Point", "coordinates": [2.1214815, 41.3928092]}, "properties": {"tls": "GS_359234340", "edge": "198184601#2", "links": [0, 1], "bearing": 239.5}}, {"type": "Feature", "geometry": {"type": "Point", "coordinates": [2.1214345, 41.3926662]}, "properties": {"tls": "GS_359234340", "edge": "-262748689#2", "links": [2, 3], "bearing": 333.4}}, {"type": "Feature", "geometry": {"type": "Point", "coordinates": [2.121299, 41.3928281]}, "properties": {"tls": "GS_359234340", "edge": "269149015#0", "links": [4, 5], "bearing": 160.2}}, {"type": "Feature", "geometry": {"type": "Point", "coordinates": [2.1205127, 41.394996]}, "properties": {"tls": "GS_359234349", "edge": "32435377#2", "links": [0, 1], "bearing": 235.4}}, {"type": "Feature", "geometry": {"type": "Point", "coordinates": [2.1204779, 41.3948855]}, "properties": {"tls": "GS_359234349", "edge": "1033980831#0", "links": [2], "bearing": 332.5}}, {"type": "Feature", "geometry": {"type": "Point", "coordinates": [2.1203286, 41.3949972]}, "properties": {"tls": "GS_359234349", "edge": "-32674101#4", "links": [3, 4], "bearing": 150.1}}, {"type": "Feature", "geometry": {"type": "Point", "coordinates": [2.1171235, 41.3994119]}, "properties": {"tls": "GS_359234364", "edge": "32356396#1", "links": [0, 1, 2], "bearing": 234.2}}, {"type": "Feature", "geometry": {"type": "Point", "coordinates": [2.1171339, 41.3992787]}, "properties": {"tls": "GS_359234364", "edge": "554896190#0", "links": [3, 4, 5, 6], "bearing": 307.6}}, {"type": "Feature", "geometry": {"type": "Point", "coordinates": [2.1168771, 41.3993496]}, "properties": {"tls": "GS_359234364", "edge": "-70542382#2", "links": [7, 8, 9, 10], "bearing": 126.2}}, {"type": "Feature", "geometry": {"type": "Point", "coordinates": [2.121006, 41.3901442]}, "properties": {"tls": "GS_359236960", "edge": "237521116#0", "links": [0, 1, 2], "bearing": 243.1}}, {"type": "Feature", "geometry": {"type": "Point", "coordinates": [2.1208389, 41.390192]}, "properties": {"tls": "GS_359236960", "edge": "663685437#2", "links": [3], "bearing": 167.3}}, {"type": "Feature", "geometry": {"type": "Point", "coordinates": [2.1257167, 41.391482]}, "properties": {"tls": "GS_359238034", "edge": "237695643#0", "links": [0, 1, 2, 3], "bearing": 252.3}}, {"type": "Feature", "geometry": {"type": "Point", "coordinates": [2.1255409, 41.3915365]}, "properties": {"tls": "GS_359238034", "edge": "554907245", "links": [4, 5, 6, 7], "bearing": 161.0}}, {"type": "Feature", "geometry": {"type": "Point", "coordinates": [2.1900735, 41.4161733]}, "properties": {"tls": "GS_363888326", "edge": "32321733#4", "links": [0, 1], "bearing": 45.6}}, {"type": "Feature", "geometry": {"type": "Point", "coordinates": [2.1900865, 41.4162928]}, "properties": {"tls": "GS_363888326", "edge": "310308292#8", "links": [2, 3, 4], "bearing": 135.3}}, {"type": "Feature", "geometry": {"type": "Point", "coordinates": [2.1877902, 41.4144613]}, "properties": {"tls": "GS_363888331", "edge": "1409609346#0", "links": [0, 1], "bearing": 45.7}}, {"type": "Feature", "geometry": {"type": "Point", "coordinates": [2.1878176, 41.414591]}, "properties": {"tls": "GS_363888331", "edge": "551918655", "links": [2, 3, 4, 5], "bearing": 135.5}}, {"type": "Feature", "geometry": {"type": "Point", "coordinates": [2.1889189, 41.3763976]}, "properties": {"tls": "GS_3643971036", "edge": "4079505#8", "links": [0, 1, 2], "bearing": 254.3}}, {"type": "Feature", "geometry": {"type": "Point", "coordinates": [2.1888312, 41.3762976]}, "properties": {"tls": "GS_3643971036", "edge": "-1433586943", "links": [3, 4], "bearing": 344.0}}, {"type": "Feature", "geometry": {"type": "Point", "coordinates": [2.1886995, 41.3764296]}, "properties": {"tls": "GS_3643971036", "edge": "1433586951#0", "links": [5, 6], "bearing": 164.2}}, {"type": "Feature", "geometry": {"type": "Point", "coordinates": [2.1882584, 41.3780745]}, "properties": {"tls": "GS_3643971040", "edge": "-4079509#2", "links": [0, 1, 2], "bearing": 254.4}}, {"type": "Feature", "geometry": {"type": "Point", "coordinates": [2.1881813, 41.3779467]}, "properties": {"tls": "GS_3643971040", "edge": "-359739476#2", "links": [3, 4, 5], "bearing": 344.0}}, {"type": "Feature", "geometry": {"type": "Point", "coordinates": [2.1880378, 41.3781055]}, "properties": {"tls": "GS_3643971040", "edge": "1433744251", "links": [6, 7, 8], "bearing": 163.5}}, {"type": "Feature", "geometry": {"type": "Point", "coordinates": [2.1349918, 41.4154289]}, "properties": {"tls": "GS_364669783", "edge": "650593112#0", "links": [0, 1], "bearing": 240.4}}, {"type": "Feature", "geometry": {"type": "Point", "coordinates": [2.1348423, 41.4154696]}, "properties": {"tls": "GS_364669783", "edge": "84277821#0", "links": [2], "bearing": 150.8}}, {"type": "Feature", "geometry": {"type": "Point", "coordinates": [2.1337831, 41.4149]}, "properties": {"tls": "GS_364669785", "edge": "36931867#2", "links": [0, 1], "bearing": 240.5}}, {"type": "Feature", "geometry": {"type": "Point", "coordinates": [2.1337543, 41.4147841]}, "properties": {"tls": "GS_364669785", "edge": "-1220133061", "links": [2], "bearing": 331.8}}, {"type": "Feature", "geometry": {"type": "Point", "coordinates": [2.1335742, 41.4149111]}, "properties": {"tls": "GS_364669785", "edge": "-32429599#3", "links": [3, 4], "bearing": 147.1}}, {"type": "Feature", "geometry": {"type": "Point", "coordinates": [2.1340326, 41.4143758]}, "properties": {"tls": "GS_364669872", "edge": "246717739#0", "links": [0, 1, 2], "bearing": 331.0}}, {"type": "Feature", "geometry": {"type": "Point", "coordinates": [2.1337466, 41.4144429]}, "properties": {"tls": "GS_364669872", "edge": "653091399#0", "links": [3, 4, 5, 6], "bearing": 82.7}}, {"type": "Feature", "geometry": {"type": "Point", "coordinates": [2.1338163, 41.4145494]}, "properties": {"tls": "GS_364669872", "edge": "32429490", "links": [7, 8, 9], "bearing": 151.9}}, {"type": "Feature", "geometry": {"type": "Point", "coordinates": [2.1380137, 41.4083882]}, "properties": {"tls": "GS_364670492", "edge": "301800684#0", "links": [0, 1, 2], "bearing": 266.6}}, {"type": "Feature", "geometry": {"type": "Point", "coordinates": [2.1379036, 41.4082965]}, "properties": {"tls": "GS_364670492", "edge": "-1408679284#1", "links": [3, 4, 5], "bearing": 341.2}}, {"type": "Feature", "geometry": {"type": "Point", "coordinates": [2.1376405, 41.408369]}, "properties": {"tls": "GS_364670492", "edge": "-83675761#2", "links": [6, 7], "bearing": 90.0}}, {"type": "Feature", "geometry": {"type": "Point", "coordinates": [2.1377268, 41.408482]}, "properties": {"tls": "GS_364670492", "edge": "1408679282#0", "links": [8, 9, 10], "bearing": 157.8}}, {"type": "Feature", "geometry": {"type": "Point", "coordinates": [2.127188, 41.3918489]}, "properties": {"tls": "GS_364719897", "edge": "165526062", "links": [0, 1, 2], "bearing": 252.4}}, {"type": "Feature", "geometry": {"type": "Point", "coordinates": [2.1271315, 41.3917379]}, "properties": {"tls": "GS_364719897", "edge": "123723091#0", "links": [3, 4], "bearing": 340.4}}, {"type": "Feature", "geometry": {"type": "Point", "coordinates": [2.1508037, 41.3969376]}, "properties": {"tls": "GS_364722133", "edge": "-1094456431#3", "links": [0, 1], "bearing": 230.2}}, {"type": "Feature", "geometry": {"type": "Point", "coordinates": [2.150854, 41.396753]}, "properties": {"tls": "GS_364722133", "edge": "422533866#3", "links": [2, 3, 4], "bearing": 316.8}}, {"type": "Feature", "geometry": {"type": "Point", "coordinates": [2.1506828, 41.3967827]}, "properties": {"tls": "GS_364722133", "edge": "879179147#0", "links": [5, 6, 7, 8], "bearing": 49.1}}, {"type": "Feature", "geometry": {"type": "Point", "coordinates": [2.1381751, 41.3779699]}, "properties": {"tls": "GS_364992741", "edge": "129216269#0", "links": [0, 1], "bearing": 193.8}}, {"type": "Feature", "geometry": {"type": "Point", "coordinates": [2.1380802, 41.3779592]}, "properties": {"tls": "GS_364992741", "edge": "237914532#7", "links": [2], "bearing": 144.3}}, {"type": "Feature", "geometry": {"type": "Point", "coordinates": [2.1931482, 41.3970446]}, "properties": {"tls": "GS_365565046", "edge": "274322569#17", "links": [0, 1, 2], "bearing": 315.3}}, {"type": "Feature", "geometry": {"type": "Point", "coordinates": [2.1930128, 41.3970252]}, "properties": {"tls": "GS_365565046", "edge": "322220668#2", "links": [3, 4], "bearing": 34.7}}, {"type": "Feature", "geometry": {"type": "Point", "coordinates": [2.1939415, 41.4033385]}, "properties": {"tls": "GS_365565831", "edge": "450369489#3", "links": [0, 1, 2], "bearing": 224.9}}, {"type": "Feature", "geometry": {"type": "Point", "coordinates": [2.1939488, 41.4032161]}, "properties": {"tls": "GS_365565831", "edge": "-440740427", "links": [3], "bearing": 317.8}}, {"type": "Feature", "geometry": {"type": "Point", "coordinates": [2.1937759, 41.403343]}, "properties": {"tls": "GS_365565831", "edge": "1186706639#0", "links": [4, 5], "bearing": 140.2}}, {"type": "Feature", "geometry": {"type": "Point", "coordinates": [2.1694409, 41.4157058]}, "properties": {"tls": "GS_3748616600", "edge": "450062319#8", "links": [0, 1], "bearing": 219.1}}, {"type": "Feature", "geometry": {"type": "Point", "coordinates": [2.1693933, 41.4154976]}, "properties": {"tls": "GS_3748616600", "edge": "-35163846#2", "links": [2, 3], "bearing": 5.6}}, {"type": "Feature", "geometry": {"type": "Point", "coordinates": [2.1692339, 41.4156166]}, "properties": {"tls": "GS_3748616600", "edge": "-251746322#2", "links": [4, 5], "bearing": 97.1}}, {"type": "Feature", "geometry": {"type": "Point", "coordinates": [2.1847502, 41.3931527]}, "properties": {"tls": "GS_3752208202", "edge": "237914537#0", "links": [0, 1, 2], "bearing": 224.7}}, {"type": "Feature", "geometry": {"type": "Point", "coordinates": [2.1847791, 41.3930244]}, "properties": {"tls": "GS_3752208202", "edge": "42858989#4", "links": [3, 4], "bearing": 315.4}}, {"type": "Feature", "geometry": {"type": "Point", "coordinates": [2.1223685, 41.3828641]}, "properties": {"tls": "GS_378208896", "edge": "-1522870054#1", "links": [0], "bearing": 21.6}}, {"type": "Feature", "geometry": {"type": "Point", "coordinates": [2.1223564, 41.382974]}, "properties": {"tls": "GS_378208896", "edge": "908675806#0", "links": [1, 2], "bearing": 176.0}}, {"type": "Feature", "geometry": {"type": "Point", "coordinates": [2.1926073, 41.393869]}, "properties": {"tls": "GS_381897080", "edge": "910018159#0", "links": [0, 1, 2], "bearing": 310.7}}, {"type": "Feature", "geometry": {"type": "Point", "coordinates": [2.1924201, 41.3938669]}, "properties": {"tls": "GS_381897080", "edge": "158967343#0", "links": [3, 4, 5], "bearing": 46.1}}, {"type": "Feature", "geometry": {"type": "Point", "coordinates": [2.1375993, 41.3645445]}, "properties": {"tls": "GS_3857584858", "edge": "1549640219#0", "links": [0], "bearing": 226.6}}, {"type": "Feature", "geometry": {"type": "Point", "coordinates": [2.1718745, 41.4184098]}, "properties": {"tls": "GS_387127696", "edge": "542968992#0", "links": [0, 1, 2], "bearing": 207.6}}, {"type": "Feature", "geometry": {"type": "Point", "coordinates": [2.171998, 41.4182913]}, "properties": {"tls": "GS_387127696", "edge": "71123246#1", "links": [3, 4, 5], "bearing": 285.0}}, {"type": "Feature", "geometry": {"type": "Point", "coordinates": [2.1718379, 41.4182339]}, "properties": {"tls": "GS_387127696", "edge": "-450062319#7", "links": [6, 7], "bearing": 26.6}}, {"type": "Feature", "geometry": {"type": "Point", "coordinates": [2.1695377, 41.4148748]}, "properties": {"tls": "GS_387130502", "edge": "-35163846#5", "links": [0], "bearing": 320.8}}, {"type": "Feature", "geometry": {"type": "Point", "coordinates": [2.1693385, 41.4148551]}, "properties": {"tls": "GS_387130502", "edge": "71214957#1", "links": [1, 2], "bearing": 58.8}}, {"type": "Feature", "geometry": {"type": "Point", "coordinates": [2.1694019, 41.4149632]}, "properties": {"tls": "GS_387130502", "edge": "450062323", "links": [3, 4], "bearing": 159.1}}, {"type": "Feature", "geometry": {"type": "Point", "coordinates": [2.1154464, 41.3881603]}, "properties": {"tls": "GS_390057402", "edge": "-123281152#3", "links": [0, 1], "bearing": 223.2}}, {"type": "Feature", "geometry": {"type": "Point", "coordinates": [2.1154653, 41.3880111]}, "properties": {"tls": "GS_390057402", "edge": "-34054350#3", "links": [2, 3], "bearing": 327.9}}, {"type": "Feature", "geometry": {"type": "Point", "coordinates": [2.1152986, 41.3880063]}, "properties": {"tls": "GS_390057402", "edge": "-23492283#2", "links": [4, 5], "bearing": 44.5}}, {"type": "Feature", "geometry": {"type": "Point", "coordinates": [2.1202629, 41.386569]}, "properties": {"tls": "GS_390227134", "edge": "-543400543#1", "links": [0, 1, 2, 3, 4], "bearing": 252.0}}, {"type": "Feature", "geometry": {"type": "Point", "coordinates": [2.1200479, 41.3864289]}, "properties": {"tls": "GS_390227134", "edge": "396947540#0", "links": [5, 6, 7, 8], "bearing": 72.0}}, {"type": "Feature", "geometry": {"type": "Point", "coordinates": [2.1200672, 41.3866352]}, "properties": {"tls": "GS_390227134", "edge": "449751442#0", "links": [9, 10, 11, 12, 13, 14, 15], "bearing": 160.7}}, {"type": "Feature", "geometry": {"type": "Point", "coordinates": [2.2039095, 41.4125533]}, "properties": {"tls": "GS_390879715", "edge": "556969376#0", "links": [0], "bearing": 44.9}}, {"type": "Feature", "geometry": {"type": "Point", "coordinates": [2.2039356, 41.4126837]}, "properties": {"tls": "GS_390879715", "edge": "542287695#0", "links": [1, 2, 3], "bearing": 135.3}}, {"type": "Feature", "geometry": {"type": "Point", "coordinates": [2.1605819, 41.4117351]}, "properties": {"tls": "GS_393144498", "edge": "13718672#6", "links": [0, 1, 2], "bearing": 324.1}}, {"type": "Feature", "geometry": {"type": "Point", "coordinates": [2.1604045, 41.4117551]}, "properties": {"tls": "GS_393144498", "edge": "542845445#4", "links": [3, 4, 5], "bearing": 56.2}}, {"type": "Feature", "geometry": {"type": "Point", "coordinates": [2.117463, 41.3758122]}, "properties": {"tls": "GS_401870564", "edge": "-544658923#2", "links": [0, 1, 2], "bearing": 271.4}}, {"type": "Feature", "geometry": {"type": "Point", "coordinates": [2.1171741, 41.3757619]}, "properties": {"tls": "GS_401870564", "edge": "-249808253#4", "links": [3, 4, 5], "bearing": 91.6}}, {"type": "Feature", "geometry": {"type": "Point", "coordinates": [2.1172736, 41.3759103]}, "properties": {"tls": "GS_401870564", "edge": "-1230856538#1", "links": [6, 7, 8], "bearing": 164.6}}, {"type": "Feature", "geometry": {"type": "Point", "coordinates": [2.1388396, 41.3978302]}, "properties": {"tls": "GS_412362689", "edge": "295263593#0", "links": [0, 1, 2], "bearing": 270.3}}, {"type": "Feature", "geometry": {"type": "Point", "coordinates": [2.1386318, 41.3977715]}, "properties": {"tls": "GS_412362689", "edge": "-1395142055#3", "links": [3, 4, 5], "bearing": 90.2}}, {"type": "Feature", "geometry": {"type": "Point", "coordinates": [2.1387359, 41.3979217]}, "properties": {"tls": "GS_412362689", "edge": "1123909910#1", "links": [6, 7, 8], "bearing": 180.0}}, {"type": "Feature", "geometry": {"type": "Point", "coordinates": [2.1461566, 41.4007675]}, "properties": {"tls": "GS_412398657", "edge": "54514989#0", "links": [0, 1, 2], "bearing": 235.7}}, {"type": "Feature", "geometry": {"type": "Point", "coordinates": [2.1460185, 41.400621]}, "properties": {"tls": "GS_412398657", "edge": "-1395142051#1", "links": [3, 4, 5], "bearing": 52.7}}, {"type": "Feature", "geometry": {"type": "Point", "coordinates": [2.144009, 41.3993979]}, "properties": {"tls": "GS_412398660", "edge": "237957220#0", "links": [0, 1, 2], "bearing": 229.6}}, {"type": "Feature", "geometry": {"type": "Point", "coordinates": [2.1438589, 41.3992454]}, "properties": {"tls": "GS_412398660", "edge": "-262723581#3", "links": [3, 4, 5], "bearing": 51.0}}, {"type": "Feature", "geometry": {"type": "Point", "coordinates": [2.1438189, 41.3993969]}, "properties": {"tls": "GS_412398660", "edge": "34908764#0", "links": [6, 7, 8], "bearing": 137.1}}, {"type": "Feature", "geometry": {"type": "Point", "coordinates": [2.143301, 41.3989567]}, "properties": {"tls": "GS_412398661", "edge": "262723581#0", "links": [0, 1, 2], "bearing": 231.4}}, {"type": "Feature", "geometry": {"type": "Point", "coordinates": [2.1430979, 41.3987864]}, "properties": {"tls": "GS_412398661", "edge": "-541430462#3", "links": [3, 4], "bearing": 55.3}}, {"type": "Feature", "geometry": {"type": "Point", "coordinates": [2.1430832, 41.398968]}, "properties": {"tls": "GS_412398661", "edge": "37067695#5", "links": [5, 6, 7, 8, 9], "bearing": 136.2}}, {"type": "Feature", "geometry": {"type": "Point", "coordinates": [2.1424059, 41.3985222]}, "properties": {"tls": "GS_412398663", "edge": "1395142053#0", "links": [0, 1, 2], "bearing": 240.4}}, {"type": "Feature", "geometry": {"type": "Point", "coordinates": [2.1424048, 41.3983395]}, "properties": {"tls": "GS_412398663", "edge": "1541219132#0", "links": [3, 4, 5, 6, 7], "bearing": 317.1}}, {"type": "Feature", "geometry": {"type": "Point", "coordinates": [2.142167, 41.3983623]}, "properties": {"tls": "GS_412398663", "edge": "-237506963#3", "links": [8, 9, 10], "bearing": 64.8}}, {"type": "Feature", "geometry": {"type": "Point", "coordinates": [2.1400849, 41.3979008]}, "properties": {"tls": "GS_412398667", "edge": "308378779#0", "links": [0, 1, 2], "bearing": 260.4}}, {"type": "Feature", "geometry": {"type": "Point", "coordinates": [2.1398512, 41.3978144]}, "properties": {"tls": "GS_412398667", "edge": "-1395142054#2", "links": [3, 4, 5], "bearing": 83.1}}, {"type": "Feature", "geometry": {"type": "Point", "coordinates": [2.1708378, 41.4123195]}, "properties": {"tls": "GS_412442591", "edge": "175473476#0", "links": [0, 1], "bearing": 226.7}}, {"type": "Feature", "geometry": {"type": "Point", "coordinates": [2.1706777, 41.4123105]}, "properties": {"tls": "GS_412442591", "edge": "1409296656#0", "links": [2, 3, 4], "bearing": 135.8}}, {"type": "Feature", "geometry": {"type": "Point", "coordinates": [2.1384168, 41.4147202]}, "properties": {"tls": "GS_412453115", "edge": "4750277#1", "links": [0], "bearing": 338.6}}, {"type": "Feature", "geometry": {"type": "Point", "coordinates": [2.1383096, 41.4147168]}, "properties": {"tls": "GS_412453115", "edge": "123189756#0", "links": [1, 2, 3], "bearing": 16.5}}, {"type": "Feature", "geometry": {"type": "Point", "coordinates": [2.1422001, 41.4157421]}, "properties": {"tls": "GS_412453201", "edge": "138470927#0", "links": [0, 1], "bearing": 332.7}}, {"type": "Feature", "geometry": {"type": "Point", "coordinates": [2.1420636, 41.415875]}, "properties": {"tls": "GS_412453201", "edge": "-1408951010#2", "links": [2, 3], "bearing": 152.9}}, {"type": "Feature", "geometry": {"type": "Point", "coordinates": [2.1412085, 41.4172558]}, "properties": {"tls": "GS_412453202", "edge": "139987146#0", "links": [0], "bearing": 343.1}}, {"type": "Feature", "geometry": {"type": "Point", "coordinates": [2.141046, 41.4173086]}, "properties": {"tls": "GS_412453202", "edge": "895622768", "links": [1, 2], "bearing": 90.7}}, {"type": "Feature", "geometry": {"type": "Point", "coordinates": [2.1411166, 41.4173851]}, "properties": {"tls": "GS_412453202", "edge": "-138470926#4", "links": [3], "bearing": 164.1}}, {"type": "Feature", "geometry": {"type": "Point", "coordinates": [2.1428395, 41.4147486]}, "properties": {"tls": "GS_412453967", "edge": "118930681", "links": [0, 1], "bearing": 333.0}}, {"type": "Feature", "geometry": {"type": "Point", "coordinates": [2.1427188, 41.4148635]}, "properties": {"tls": "GS_412453967", "edge": "-138470927#4", "links": [2, 3], "bearing": 154.3}}, {"type": "Feature", "geometry": {"type": "Point", "coordinates": [2.137814, 41.414243]}, "properties": {"tls": "GS_412453971", "edge": "237655882#0", "links": [0, 1], "bearing": 35.7}}, {"type": "Feature", "geometry": {"type": "Point", "coordinates": [2.1377346, 41.4143261]}, "properties": {"tls": "GS_412453971", "edge": "138470940#0", "links": [2, 3], "bearing": 81.1}}, {"type": "Feature", "geometry": {"type": "Point", "coordinates": [2.1361397, 41.4150506]}, "properties": {"tls": "GS_412453978", "edge": "902739254#0", "links": [0, 1, 2], "bearing": 71.1}}, {"type": "Feature", "geometry": {"type": "Point", "coordinates": [2.1362046, 41.4151688]}, "properties": {"tls": "GS_412453978", "edge": "138470941#2", "links": [3, 4, 5], "bearing": 139.2}}, {"type": "Feature", "geometry": {"type": "Point", "coordinates": [2.146194, 41.4096364]}, "properties": {"tls": "GS_412461955", "edge": "35172599#1", "links": [0, 1], "bearing": 56.6}}, {"type": "Feature", "geometry": {"type": "Point", "coordinates": [2.146242, 41.4097563]}, "properties": {"tls": "GS_412461955", "edge": "74621162#0", "links": [2, 3, 4], "bearing": 150.3}}, {"type": "Feature", "geometry": {"type": "Point", "coordinates": [2.1479704, 41.4075881]}, "properties": {"tls": "GS_412549130", "edge": "35172819#3", "links": [0, 1, 2], "bearing": 44.0}}, {"type": "Feature", "geometry": {"type": "Point", "coordinates": [2.1479882, 41.4077296]}, "properties": {"tls": "GS_412549130", "edge": "284386838#0", "links": [3, 4, 5, 6], "bearing": 138.3}}, {"type": "Feature", "geometry": {"type": "Point", "coordinates": [2.1467564, 41.3985097]}, "properties": {"tls": "GS_415933918", "edge": "35465964#3", "links": [0, 1, 2], "bearing": 226.2}}, {"type": "Feature", "geometry": {"type": "Point", "coordinates": [2.146711, 41.3983654]}, "properties": {"tls": "GS_415933918", "edge": "879179148#12", "links": [3, 4, 5, 6, 7], "bearing": 319.3}}, {"type": "Feature", "geometry": {"type": "Point", "coordinates": [2.1571564, 41.410744]}, "properties": {"tls": "GS_415956314", "edge": "1264832659#0", "links": [0], "bearing": 329.3}}, {"type": "Feature", "geometry": {"type": "Point", "coordinates": [2.1570069, 41.4107794]}, "properties": {"tls": "GS_415956314", "edge": "1360091624", "links": [1, 2, 3], "bearing": 48.7}}, {"type": "Feature", "geometry": {"type": "Point", "coordinates": [2.155833, 41.4098495]}, "properties": {"tls": "GS_415956317", "edge": "1264832628#0", "links": [0], "bearing": 319.2}}, {"type": "Feature", "geometry": {"type": "Point", "coordinates": [2.1556544, 41.4098688]}, "properties": {"tls": "GS_415956317", "edge": "238466731#0", "links": [1, 2, 3, 4], "bearing": 47.0}}, {"type": "Feature", "geometry": {"type": "Point", "coordinates": [2.1256198, 41.3807796]}, "properties": {"tls": "GS_416523700", "edge": "906505543#0", "links": [0, 1, 2, 3], "bearing": 230.4}}, {"type": "Feature", "geometry": {"type": "Point", "coordinates": [2.1256593, 41.3805944]}, "properties": {"tls": "GS_416523700", "edge": "237805214#0", "links": [4, 5, 6, 7], "bearing": 323.2}}, {"type": "Feature", "geometry": {"type": "Point", "coordinates": [2.1254956, 41.3806031]}, "properties": {"tls": "GS_416523700", "edge": "-1395771681#1", "links": [8, 9, 10], "bearing": 49.0}}, {"type": "Feature", "geometry": {"type": "Point", "coordinates": [2.1927568, 41.4059438]}, "properties": {"tls": "GS_416885091", "edge": "1117335468#0", "links": [0], "bearing": 224.1}}, {"type": "Feature", "geometry": {"type": "Point", "coordinates": [2.1927982, 41.4057829]}, "properties": {"tls": "GS_416885091", "edge": "253100436#0", "links": [1, 2], "bearing": 317.0}}, {"type": "Feature", "geometry": {"type": "Point", "coordinates": [2.1925748, 41.4059133]}, "properties": {"tls": "GS_416885091", "edge": "-1144054930#2", "links": [3], "bearing": 135.1}}, {"type": "Feature", "geometry": {"type": "Point", "coordinates": [2.1961548, 41.4084909]}, "properties": {"tls": "GS_416885092", "edge": "-274541099#3", "links": [0, 1, 2], "bearing": 226.2}}, {"type": "Feature", "geometry": {"type": "Point", "coordinates": [2.1960024, 41.4083027]}, "properties": {"tls": "GS_416885092", "edge": "1167592720#2", "links": [3, 4, 5], "bearing": 47.3}}, {"type": "Feature", "geometry": {"type": "Point", "coordinates": [2.1959615, 41.4084808]}, "properties": {"tls": "GS_416885092", "edge": "255327613#4", "links": [6, 7, 8, 9], "bearing": 134.7}}, {"type": "Feature", "geometry": {"type": "Point", "coordinates": [2.1945598, 41.4073067]}, "properties": {"tls": "GS_416885095", "edge": "-1167592720#1", "links": [0, 1, 2], "bearing": 224.4}}, {"type": "Feature", "geometry": {"type": "Point", "coordinates": [2.1946262, 41.4071294]}, "properties": {"tls": "GS_416885095", "edge": "-34992638", "links": [3, 4, 5], "bearing": 315.7}}, {"type": "Feature", "geometry": {"type": "Point", "coordinates": [2.1944294, 41.4071459]}, "properties": {"tls": "GS_416885095", "edge": "-427600521#4", "links": [6, 7, 8, 9], "bearing": 46.0}}, {"type": "Feature", "geometry": {"type": "Point", "coordinates": [2.1943839, 41.4073024]}, "properties": {"tls": "GS_416885095", "edge": "-274541098#0", "links": [10, 11, 12], "bearing": 135.9}}, {"type": "Feature", "geometry": {"type": "Point", "coordinates": [2.1971184, 41.4074443]}, "properties": {"tls": "GS_416886810", "edge": "45951438#3", "links": [0], "bearing": 46.1}}, {"type": "Feature", "geometry": {"type": "Point", "coordinates": [2.1971484, 41.4075731]}, "properties": {"tls": "GS_416886810", "edge": "255327615#0", "links": [1, 2, 3], "bearing": 136.7}}, {"type": "Feature", "geometry": {"type": "Point", "coordinates": [2.1234622, 41.399786]}, "properties": {"tls": "GS_418137494", "edge": "-1548212379#1", "links": [0], "bearing": 53.1}}, {"type": "Feature", "geometry": {"type": "Point", "coordinates": [2.1234694, 41.3999247]}, "properties": {"tls": "GS_418137494", "edge": "238862123#0", "links": [1, 2], "bearing": 141.8}}, {"type": "Feature", "geometry": {"type": "Point", "coordinates": [2.1197986, 41.3769652]}, "properties": {"tls": "GS_425612244", "edge": "1258709160", "links": [0, 1], "bearing": 233.8}}, {"type": "Feature", "geometry": {"type": "Point", "coordinates": [2.1197887, 41.3768065]}, "properties": {"tls": "GS_425612244", "edge": "36543004#1", "links": [2, 3], "bearing": 330.4}}, {"type": "Feature", "geometry": {"type": "Point", "coordinates": [2.1196422, 41.3768194]}, "properties": {"tls": "GS_425612244", "edge": "-239293915#7", "links": [4], "bearing": 52.0}}, {"type": "Feature", "geometry": {"type": "Point", "coordinates": [2.1196208, 41.3769813]}, "properties": {"tls": "GS_425612244", "edge": "178129415#0", "links": [5, 6], "bearing": 138.9}}, {"type": "Feature", "geometry": {"type": "Point", "coordinates": [2.1998566, 41.4054161]}, "properties": {"tls": "GS_4263046378", "edge": "328020292#7", "links": [0, 1], "bearing": 28.4}}, {"type": "Feature", "geometry": {"type": "Point", "coordinates": [2.1998313, 41.4055751]}, "properties": {"tls": "GS_4263046378", "edge": "1409609353#0", "links": [2, 3, 4], "bearing": 134.4}}, {"type": "Feature", "geometry": {"type": "Point", "coordinates": [2.172419, 41.399535]}, "properties": {"tls": "GS_430535703", "edge": "1409643074#0", "links": [0, 1, 2, 3], "bearing": 43.9}}, {"type": "Feature", "geometry": {"type": "Point", "coordinates": [2.1723456, 41.3996198]}, "properties": {"tls": "GS_430535703", "edge": "1218238869#0", "links": [4, 5, 6, 7], "bearing": 72.5}}, {"type": "Feature", "geometry": {"type": "Point", "coordinates": [2.173438, 41.4001346]}, "properties": {"tls": "GS_430535725", "edge": "1370023304#0", "links": [0, 1, 2, 3], "bearing": 253.5}}, {"type": "Feature", "geometry": {"type": "Point", "coordinates": [2.1731065, 41.4000149]}, "properties": {"tls": "GS_430535725", "edge": "237691685#1", "links": [4, 5, 6, 7], "bearing": 66.4}}, {"type": "Feature", "geometry": {"type": "Point", "coordinates": [2.1730621, 41.4001703]}, "properties": {"tls": "GS_430535725", "edge": "620654338#0", "links": [8, 9, 10], "bearing": 137.3}}, {"type": "Feature", "geometry": {"type": "Point", "coordinates": [2.1337946, 41.406894]}, "properties": {"tls": "GS_432467115", "edge": "-1110490161#3", "links": [0, 1, 2, 3], "bearing": 204.6}}, {"type": "Feature", "geometry": {"type": "Point", "coordinates": [2.1339171, 41.4066865]}, "properties": {"tls": "GS_432467115", "edge": "904784702#1", "links": [4, 5, 6], "bearing": 318.6}}, {"type": "Feature", "geometry": {"type": "Point", "coordinates": [2.1337335, 41.4066865]}, "properties": {"tls": "GS_432467115", "edge": "969582715#0", "links": [7, 8, 9], "bearing": 37.4}}, {"type": "Feature", "geometry": {"type": "Point", "coordinates": [2.1335812, 41.4068463]}, "properties": {"tls": "GS_432467115", "edge": "44868708#0", "links": [10, 11], "bearing": 112.5}}, {"type": "Feature", "geometry": {"type": "Point", "coordinates": [2.1329923, 41.4041493]}, "properties": {"tls": "GS_432509964", "edge": "107323668#0", "links": [0, 1, 2], "bearing": 240.4}}, {"type": "Feature", "geometry": {"type": "Point", "coordinates": [2.1329668, 41.4040468]}, "properties": {"tls": "GS_432509964", "edge": "-891586759#1", "links": [3, 4], "bearing": 322.2}}, {"type": "Feature", "geometry": {"type": "Point", "coordinates": [2.1327964, 41.4041568]}, "properties": {"tls": "GS_432509964", "edge": "882153783", "links": [5, 6], "bearing": 140.0}}, {"type": "Feature", "geometry": {"type": "Point", "coordinates": [2.2078782, 41.3996993]}, "properties": {"tls": "GS_4373522803", "edge": "-1503616281#3", "links": [0], "bearing": 315.3}}, {"type": "Feature", "geometry": {"type": "Point", "coordinates": [2.2076797, 41.3996574]}, "properties": {"tls": "GS_4373522803", "edge": "439666936#2", "links": [1, 2], "bearing": 43.8}}, {"type": "Feature", "geometry": {"type": "Point", "coordinates": [2.207691, 41.399775]}, "properties": {"tls": "GS_4373522803", "edge": "158959866#0", "links": [3, 4], "bearing": 133.7}}, {"type": "Feature", "geometry": {"type": "Point", "coordinates": [2.1916757, 41.401663]}, "properties": {"tls": "GS_4385157796", "edge": "440740415#0", "links": [0, 1, 2], "bearing": 226.2}}, {"type": "Feature", "geometry": {"type": "Point", "coordinates": [2.1916602, 41.4015243]}, "properties": {"tls": "GS_4385157796", "edge": "251551138#0", "links": [3, 4, 5, 6], "bearing": 316.0}}, {"type": "Feature", "geometry": {"type": "Point", "coordinates": [2.1950594, 41.4041885]}, "properties": {"tls": "GS_4385157797", "edge": "450369489#0", "links": [0, 1, 2], "bearing": 228.1}}, {"type": "Feature", "geometry": {"type": "Point", "coordinates": [2.195053, 41.4040616]}, "properties": {"tls": "GS_4385157797", "edge": "440773128#0", "links": [3, 4, 5], "bearing": 318.6}}, {"type": "Feature", "geometry": {"type": "Point", "coordinates": [2.1984191, 41.4014958]}, "properties": {"tls": "GS_4385157798", "edge": "466765993#0", "links": [0, 1, 2], "bearing": 315.9}}, {"type": "Feature", "geometry": {"type": "Point", "coordinates": [2.1982471, 41.4014961]}, "properties": {"tls": "GS_4385157798", "edge": "264731314#0", "links": [3, 4, 5], "bearing": 45.4}}, {"type": "Feature", "geometry": {"type": "Point", "coordinates": [2.1950356, 41.3989345]}, "properties": {"tls": "GS_4385157799", "edge": "466765994#0", "links": [0, 1, 2, 3], "bearing": 315.6}}, {"type": "Feature", "geometry": {"type": "Point", "coordinates": [2.1948345, 41.3989356]}, "properties": {"tls": "GS_4385157799", "edge": "542287063#0", "links": [4, 5, 6, 7], "bearing": 46.9}}, {"type": "Feature", "geometry": {"type": "Point", "coordinates": [2.1650844, 41.3923357]}, "properties": {"tls": "GS_442540237", "edge": "579981381#0", "links": [0, 1, 2, 3, 4, 5], "bearing": 225.8}}, {"type": "Feature", "geometry": {"type": "Point", "coordinates": [2.1651275, 41.3921842]}, "properties": {"tls": "GS_442540237", "edge": "908375884#0", "links": [6, 7, 8, 9], "bearing": 318.3}}, {"type": "Feature", "geometry": {"type": "Point", "coordinates": [2.1629253, 41.3941163]}, "properties": {"tls": "GS_442540239", "edge": "524963567#2", "links": [0, 1, 2, 3], "bearing": 226.4}}, {"type": "Feature", "geometry": {"type": "Point", "coordinates": [2.1629473, 41.3939839]}, "properties": {"tls": "GS_442540239", "edge": "1248750829", "links": [4, 5, 6], "bearing": 317.5}}, {"type": "Feature", "geometry": {"type": "Point", "coordinates": [2.1822905, 41.4188533]}, "properties": {"tls": "GS_448786033", "edge": "38132670#2", "links": [0, 1], "bearing": 225.5}}, {"type": "Feature", "geometry": {"type": "Point", "coordinates": [2.1821275, 41.4188411]}, "properties": {"tls": "GS_448786033", "edge": "237645202#0", "links": [2, 3, 4], "bearing": 134.8}}, {"type": "Feature", "geometry": {"type": "Point", "coordinates": [2.1823241, 41.4204354]}, "properties": {"tls": "GS_448786036", "edge": "271072546#1", "links": [0], "bearing": 315.7}}, {"type": "Feature", "geometry": {"type": "Point", "coordinates": [2.182165, 41.4204462]}, "properties": {"tls": "GS_448786036", "edge": "36054671#3", "links": [1, 2], "bearing": 45.9}}, {"type": "Feature", "geometry": {"type": "Point", "coordinates": [2.1143332, 41.3716119]}, "properties": {"tls": "GS_451753935", "edge": "80789111#5", "links": [0, 1], "bearing": 321.8}}, {"type": "Feature", "geometry": {"type": "Point", "coordinates": [2.114173, 41.371718]}, "properties": {"tls": "GS_451753935", "edge": "-80789111#8", "links": [2, 3], "bearing": 144.0}}, {"type": "Feature", "geometry": {"type": "Point", "coordinates": [2.1160605, 41.3747978]}, "properties": {"tls": "GS_451753957", "edge": "38287038#1", "links": [0, 1, 2], "bearing": 357.9}}, {"type": "Feature", "geometry": {"type": "Point", "coordinates": [2.1160053, 41.3749728]}, "properties": {"tls": "GS_451753957", "edge": "-863912660#4", "links": [3, 4, 5], "bearing": 175.2}}, {"type": "Feature", "geometry": {"type": "Point", "coordinates": [2.1168862, 41.3751076]}, "properties": {"tls": "GS_451753959", "edge": "38287046#0", "links": [0, 1], "bearing": 332.7}}, {"type": "Feature", "geometry": {"type": "Point", "coordinates": [2.1167267, 41.3751464]}, "properties": {"tls": "GS_451753959", "edge": "1218909353", "links": [2, 3], "bearing": 64.6}}, {"type": "Feature", "geometry": {"type": "Point", "coordinates": [2.1342114, 41.3694856]}, "properties": {"tls": "GS_4541533775", "edge": "-831157552#7", "links": [0], "bearing": 252.8}}, {"type": "Feature", "geometry": {"type": "Point", "coordinates": [2.1341476, 41.3693593]}, "properties": {"tls": "GS_4541533775", "edge": "1226435913", "links": [1, 2], "bearing": 347.6}}, {"type": "Feature", "geometry": {"type": "Point", "coordinates": [2.1340303, 41.3694059]}, "properties": {"tls": "GS_4541533775", "edge": "831157552#0", "links": [3], "bearing": 68.9}}, {"type": "Feature", "geometry": {"type": "Point", "coordinates": [2.1340977, 41.3695371]}, "properties": {"tls": "GS_4541533775", "edge": "4783599#2", "links": [4, 5], "bearing": 169.5}}, {"type": "Feature", "geometry": {"type": "Point", "coordinates": [2.1756925, 41.3732367]}, "properties": {"tls": "GS_4549272595", "edge": "18507616#0", "links": [0, 1, 2], "bearing": 42.4}}, {"type": "Feature", "geometry": {"type": "Point", "coordinates": [2.1757356, 41.3734099]}, "properties": {"tls": "GS_4549272595", "edge": "294871190#0", "links": [3, 4, 5], "bearing": 121.0}}, {"type": "Feature", "geometry": {"type": "Point", "coordinates": [2.2063394, 41.4127127]}, "properties": {"tls": "GS_4552362841", "edge": "43309275", "links": [0, 1, 2], "bearing": 225.6}}, {"type": "Feature", "geometry": {"type": "Point", "coordinates": [2.2063389, 41.4125827]}, "properties": {"tls": "GS_4552362841", "edge": "1014095869", "links": [3, 4, 5], "bearing": 316.0}}, {"type": "Feature", "geometry": {"type": "Point", "coordinates": [2.1642221, 41.3882697]}, "properties": {"tls": "GS_4719409243", "edge": "478725549#0", "links": [0, 1, 2, 3], "bearing": 225.7}}, {"type": "Feature", "geometry": {"type": "Point", "coordinates": [2.1640429, 41.3882545]}, "properties": {"tls": "GS_4719409243", "edge": "449991617#0", "links": [4, 5, 6, 7, 8], "bearing": 136.1}}, {"type": "Feature", "geometry": {"type": "Point", "coordinates": [2.1584517, 41.3702125]}, "properties": {"tls": "GS_4834501691", "edge": "237923131#1", "links": [0, 1], "bearing": 209.8}}, {"type": "Feature", "geometry": {"type": "Point", "coordinates": [2.1584339, 41.3700149]}, "properties": {"tls": "GS_4834501691", "edge": "1550484407#0", "links": [2, 3], "bearing": 352.1}}, {"type": "Feature", "geometry": {"type": "Point", "coordinates": [2.158277, 41.3701718]}, "properties": {"tls": "GS_4834501691", "edge": "-1545997754", "links": [4, 5], "bearing": 131.5}}, {"type": "Feature", "geometry": {"type": "Point", "coordinates": [2.1749887, 41.3744939]}, "properties": {"tls": "GS_4834502023", "edge": "4746864#2", "links": [0], "bearing": 19.9}}, {"type": "Feature", "geometry": {"type": "Point", "coordinates": [2.1749242, 41.374597]}, "properties": {"tls": "GS_4834502023", "edge": "880513895#0", "links": [1, 2, 3], "bearing": 93.2}}, {"type": "Feature", "geometry": {"type": "Point", "coordinates": [2.1483553, 41.3848717]}, "properties": {"tls": "GS_4840145821", "edge": "730337227#4", "links": [0, 1], "bearing": 225.2}}, {"type": "Feature", "geometry": {"type": "Point", "coordinates": [2.1483424, 41.3847513]}, "properties": {"tls": "GS_4840145821", "edge": "449991621#0", "links": [2, 3, 4], "bearing": 315.6}}, {"type": "Feature", "geometry": {"type": "Point", "coordinates": [2.1844553, 41.4002224]}, "properties": {"tls": "GS_506131402", "edge": "451710464#0", "links": [0, 1, 2, 3], "bearing": 314.9}}, {"type": "Feature", "geometry": {"type": "Point", "coordinates": [2.1843328, 41.4001921]}, "properties": {"tls": "GS_506131402", "edge": "521045101#0", "links": [4, 5, 6], "bearing": 24.0}}, {"type": "Feature", "geometry": {"type": "Point", "coordinates": [2.1972864, 41.3972325]}, "properties": {"tls": "GS_506151644", "edge": "566541728#0", "links": [0, 1, 2, 3], "bearing": 315.8}}, {"type": "Feature", "geometry": {"type": "Point", "coordinates": [2.1970878, 41.3972318]}, "properties": {"tls": "GS_506151644", "edge": "310929462#0", "links": [4, 5, 6, 7, 8], "bearing": 44.6}}, {"type": "Feature", "geometry": {"type": "Point", "coordinates": [2.1892068, 41.3981254]}, "properties": {"tls": "GS_506223330", "edge": "115801086#0", "links": [0, 1, 2], "bearing": 46.1}}, {"type": "Feature", "geometry": {"type": "Point", "coordinates": [2.1892231, 41.398265]}, "properties": {"tls": "GS_506223330", "edge": "930193073#0", "links": [3, 4, 5, 6], "bearing": 138.2}}, {"type": "Feature", "geometry": {"type": "Point", "coordinates": [2.1914646, 41.3998081]}, "properties": {"tls": "GS_506223339", "edge": "952700589#0", "links": [0, 1, 2], "bearing": 45.4}}, {"type": "Feature", "geometry": {"type": "Point", "coordinates": [2.1914641, 41.3999404]}, "properties": {"tls": "GS_506223339", "edge": "466762669#0", "links": [3, 4, 5], "bearing": 137.3}}, {"type": "Feature", "geometry": {"type": "Point", "coordinates": [2.1927983, 41.4008071]}, "properties": {"tls": "GS_506223345", "edge": "-440788954", "links": [0], "bearing": 226.3}}, {"type": "Feature", "geometry": {"type": "Point", "coordinates": [2.192791, 41.4006579]}, "properties": {"tls": "GS_506223345", "edge": "440740418#0", "links": [1, 2, 3, 4], "bearing": 316.8}}, {"type": "Feature", "geometry": {"type": "Point", "coordinates": [2.1926038, 41.4006504]}, "properties": {"tls": "GS_506223345", "edge": "952700589#4", "links": [5, 6], "bearing": 47.0}}, {"type": "Feature", "geometry": {"type": "Point", "coordinates": [2.192329, 41.411063]}, "properties": {"tls": "GS_506223416", "edge": "237691688#0", "links": [0, 1], "bearing": 44.7}}, {"type": "Feature", "geometry": {"type": "Point", "coordinates": [2.1923275, 41.4111939]}, "properties": {"tls": "GS_506223416", "edge": "237691680#3", "links": [2, 3, 4], "bearing": 135.0}}, {"type": "Feature", "geometry": {"type": "Point", "coordinates": [2.18358, 41.3989289]}, "properties": {"tls": "GS_506236275", "edge": "238179174#0", "links": [0, 1], "bearing": 28.9}}, {"type": "Feature", "geometry": {"type": "Point", "coordinates": [2.1835171, 41.3989681]}, "properties": {"tls": "GS_506236275", "edge": "579981377#0", "links": [2, 3], "bearing": 46.0}}, {"type": "Feature", "geometry": {"type": "Point", "coordinates": [2.1836195, 41.3991721]}, "properties": {"tls": "GS_506236275", "edge": "238179159#0", "links": [4, 5, 6], "bearing": 135.2}}, {"type": "Feature", "geometry": {"type": "Point", "coordinates": [2.1936449, 41.4119195]}, "properties": {"tls": "GS_506242739", "edge": "41390764#3", "links": [0, 1, 2], "bearing": 316.4}}, {"type": "Feature", "geometry": {"type": "Point", "coordinates": [2.1934749, 41.4119202]}, "properties": {"tls": "GS_506242739", "edge": "276963066#0", "links": [3, 4, 5], "bearing": 45.7}}, {"type": "Feature", "geometry": {"type": "Point", "coordinates": [2.194768, 41.4110526]}, "properties": {"tls": "GS_506242742", "edge": "41390764#0", "links": [0], "bearing": 313.9}}, {"type": "Feature", "geometry": {"type": "Point", "coordinates": [2.1946198, 41.4110517]}, "properties": {"tls": "GS_506242742", "edge": "46714526#0", "links": [1], "bearing": 46.6}}, {"type": "Feature", "geometry": {"type": "Point", "coordinates": [2.1372836, 41.3850567]}, "properties": {"tls": "GS_511123411", "edge": "490631541#0", "links": [0, 1, 2, 3, 4], "bearing": 255.7}}, {"type": "Feature", "geometry": {"type": "Point", "coordinates": [2.137048, 41.3850985]}, "properties": {"tls": "GS_511123411", "edge": "544164281#0", "links": [5, 6, 7, 8, 9], "bearing": 142.0}}, {"type": "Feature", "geometry": {"type": "Point", "coordinates": [2.1346509, 41.3846888]}, "properties": {"tls": "GS_511123419", "edge": "41643021#3", "links": [0], "bearing": 253.4}}, {"type": "Feature", "geometry": {"type": "Point", "coordinates": [2.1345938, 41.3845957]}, "properties": {"tls": "GS_511123419", "edge": "247548702#3", "links": [1], "bearing": 337.1}}, {"type": "Feature", "geometry": {"type": "Point", "coordinates": [2.116595, 41.3758245]}, "properties": {"tls": "GS_5264791964", "edge": "249808253#0", "links": [0, 1], "bearing": 271.8}}, {"type": "Feature", "geometry": {"type": "Point", "coordinates": [2.1165089, 41.3756753]}, "properties": {"tls": "GS_5264791964", "edge": "1215141859", "links": [2, 3], "bearing": 336.2}}, {"type": "Feature", "geometry": {"type": "Point", "coordinates": [2.1163419, 41.3757747]}, "properties": {"tls": "GS_5264791964", "edge": "-1395771685#1", "links": [4, 5], "bearing": 92.2}}, {"type": "Feature", "geometry": {"type": "Point", "coordinates": [2.1149974, 41.3757091]}, "properties": {"tls": "GS_5264792102", "edge": "5111087#0", "links": [0, 1], "bearing": 357.1}}, {"type": "Feature", "geometry": {"type": "Point", "coordinates": [2.1775079, 41.3900179]}, "properties": {"tls": "GS_533662625", "edge": "4745503", "links": [0, 1], "bearing": 312.0}}, {"type": "Feature", "geometry": {"type": "Point", "coordinates": [2.1773229, 41.3900403]}, "properties": {"tls": "GS_533662625", "edge": "237566135#0", "links": [2, 3, 4, 5], "bearing": 47.3}}, {"type": "Feature", "geometry": {"type": "Point", "coordinates": [2.1801196, 41.400189]}, "properties": {"tls": "GS_536418253", "edge": "237519391#0", "links": [0, 1, 2, 3, 4], "bearing": 226.1}}, {"type": "Feature", "geometry": {"type": "Point", "coordinates": [2.1800759, 41.4000264]}, "properties": {"tls": "GS_536418253", "edge": "490667333#0", "links": [5, 6, 7, 8, 9, 10], "bearing": 316.1}}, {"type": "Feature", "geometry": {"type": "Point", "coordinates": [2.2038867, 41.4179176]}, "properties": {"tls": "GS_541643994", "edge": "490482506#0", "links": [0, 1, 2], "bearing": 316.0}}, {"type": "Feature", "geometry": {"type": "Point", "coordinates": [2.2036803, 41.4178687]}, "properties": {"tls": "GS_541643994", "edge": "451710461#3", "links": [3, 4, 5], "bearing": 44.8}}, {"type": "Feature", "geometry": {"type": "Point", "coordinates": [2.2036868, 41.4179911]}, "properties": {"tls": "GS_541643994", "edge": "-490482503#2", "links": [6, 7, 8], "bearing": 134.7}}, {"type": "Feature", "geometry": {"type": "Point", "coordinates": [2.2063604, 41.4161537]}, "properties": {"tls": "GS_541644006", "edge": "-323846616#2", "links": [0, 1], "bearing": 225.7}}, {"type": "Feature", "geometry": {"type": "Point", "coordinates": [2.2063628, 41.4160054]}, "properties": {"tls": "GS_541644006", "edge": "310970694#0", "links": [2, 3, 4, 5, 6], "bearing": 315.8}}, {"type": "Feature", "geometry": {"type": "Point", "coordinates": [2.2061926, 41.4159872]}, "properties": {"tls": "GS_541644006", "edge": "43210767#0", "links": [7, 8], "bearing": 45.6}}, {"type": "Feature", "geometry": {"type": "Point", "coordinates": [2.2073839, 41.4152305]}, "properties": {"tls": "GS_541644026", "edge": "648433600#0", "links": [0, 1, 2, 3], "bearing": 315.6}}, {"type": "Feature", "geometry": {"type": "Point", "coordinates": [2.2072541, 41.4152098]}, "properties": {"tls": "GS_541644026", "edge": "542287694#2", "links": [4, 5, 6, 7], "bearing": 30.6}}, {"type": "Feature", "geometry": {"type": "Point", "coordinates": [2.2090872, 41.4173394]}, "properties": {"tls": "GS_541644027", "edge": "26749567#1", "links": [0, 1], "bearing": 312.5}}, {"type": "Feature", "geometry": {"type": "Point", "coordinates": [2.2089537, 41.4173187]}, "properties": {"tls": "GS_541644027", "edge": "310970695#0", "links": [2, 3], "bearing": 33.1}}, {"type": "Feature", "geometry": {"type": "Point", "coordinates": [2.2089259, 41.417436]}, "properties": {"tls": "GS_541644027", "edge": "477188218#0", "links": [4], "bearing": 135.6}}, {"type": "Feature", "geometry": {"type": "Point", "coordinates": [2.2097008, 41.4136055]}, "properties": {"tls": "GS_541644040", "edge": "542290108#0", "links": [0, 1, 2, 3], "bearing": 196.4}}, {"type": "Feature", "geometry": {"type": "Point", "coordinates": [2.209749, 41.4134425]}, "properties": {"tls": "GS_541644040", "edge": "542290107#0", "links": [4, 5, 6, 7], "bearing": 315.8}}, {"type": "Feature", "geometry": {"type": "Point", "coordinates": [2.2095912, 41.4134336]}, "properties": {"tls": "GS_541644040", "edge": "43275645#7", "links": [8, 9, 10], "bearing": 45.3}}, {"type": "Feature", "geometry": {"type": "Point", "coordinates": [2.2063181, 41.4110131]}, "properties": {"tls": "GS_543552897", "edge": "-43275645#3", "links": [0, 1], "bearing": 224.8}}, {"type": "Feature", "geometry": {"type": "Point", "coordinates": [2.2061884, 41.4109919]}, "properties": {"tls": "GS_543552897", "edge": "542287693#0", "links": [2, 3, 4, 5], "bearing": 135.3}}, {"type": "Feature", "geometry": {"type": "Point", "coordinates": [2.2072882, 41.4100175]}, "properties": {"tls": "GS_543552907", "edge": "483426613#0", "links": [0, 1], "bearing": 45.6}}, {"type": "Feature", "geometry": {"type": "Point", "coordinates": [2.2073145, 41.410148]}, "properties": {"tls": "GS_543552907", "edge": "43275636#2", "links": [2, 3, 4, 5], "bearing": 135.6}}, {"type": "Feature", "geometry": {"type": "Point", "coordinates": [2.2085936, 41.4127157]}, "properties": {"tls": "GS_543552977", "edge": "-43275645#12", "links": [0, 1], "bearing": 225.2}}, {"type": "Feature", "geometry": {"type": "Point", "coordinates": [2.2084461, 41.4125656]}, "properties": {"tls": "GS_543552977", "edge": "43275645#4", "links": [2, 3], "bearing": 46.6}}, {"type": "Feature", "geometry": {"type": "Point", "coordinates": [2.208435, 41.4127058]}, "properties": {"tls": "GS_543552977", "edge": "623788466#1", "links": [4, 5, 6, 7], "bearing": 136.0}}, {"type": "Feature", "geometry": {"type": "Point", "coordinates": [2.2063426, 41.4091764]}, "properties": {"tls": "GS_543553128", "edge": "300339192#0", "links": [0, 1], "bearing": 315.6}}, {"type": "Feature", "geometry": {"type": "Point", "coordinates": [2.2061835, 41.4091665]}, "properties": {"tls": "GS_543553128", "edge": "43275666#0", "links": [2], "bearing": 45.8}}, {"type": "Feature", "geometry": {"type": "Point", "coordinates": [2.2061723, 41.4093073]}, "properties": {"tls": "GS_543553128", "edge": "300339187#0", "links": [3, 4], "bearing": 136.3}}, {"type": "Feature", "geometry": {"type": "Point", "coordinates": [2.1978271, 41.4062918]}, "properties": {"tls": "GS_544222994", "edge": "237787035#0", "links": [0, 1, 2], "bearing": 227.5}}, {"type": "Feature", "geometry": {"type": "Point", "coordinates": [2.1979033, 41.4061981]}, "properties": {"tls": "GS_544222994", "edge": "45941453#0", "links": [3, 4, 5, 6], "bearing": 250.6}}, {"type": "Feature", "geometry": {"type": "Point", "coordinates": [2.2006869, 41.4084397]}, "properties": {"tls": "GS_544223002", "edge": "43309277#4", "links": [0, 1, 2], "bearing": 226.1}}, {"type": "Feature", "geometry": {"type": "Point", "coordinates": [2.200511, 41.4084399]}, "properties": {"tls": "GS_544223002", "edge": "41388485#12", "links": [3, 4, 5], "bearing": 134.8}}, {"type": "Feature", "geometry": {"type": "Point", "coordinates": [2.2086237, 41.414417]}, "properties": {"tls": "GS_544223032", "edge": "43309274#0", "links": [0, 1, 2, 3, 4], "bearing": 225.5}}, {"type": "Feature", "geometry": {"type": "Point", "coordinates": [2.208626, 41.4142868]}, "properties": {"tls": "GS_544223032", "edge": "310929479#2", "links": [5, 6, 7, 8], "bearing": 315.1}}, {"type": "Feature", "geometry": {"type": "Point", "coordinates": [2.1397017, 41.3864117]}, "properties": {"tls": "GS_557230343", "edge": "134123334#0", "links": [0, 1], "bearing": 232.4}}, {"type": "Feature", "geometry": {"type": "Point", "coordinates": [2.1395433, 41.3864178]}, "properties": {"tls": "GS_557230343", "edge": "43872044#3", "links": [2, 3, 4], "bearing": 144.5}}, {"type": "Feature", "geometry": {"type": "Point", "coordinates": [2.1414576, 41.3846938]}, "properties": {"tls": "GS_557230376", "edge": "1408570134", "links": [0, 1, 2, 3, 4, 5], "bearing": 46.9}}, {"type": "Feature", "geometry": {"type": "Point", "coordinates": [2.1414199, 41.3848538]}, "properties": {"tls": "GS_557230376", "edge": "43872044#11", "links": [6, 7, 8, 9], "bearing": 135.9}}, {"type": "Feature", "geometry": {"type": "Point", "coordinates": [2.1404842, 41.3838466]}, "properties": {"tls": "GS_557230545", "edge": "1408570133#0", "links": [0, 1, 2], "bearing": 312.9}}, {"type": "Feature", "geometry": {"type": "Point", "coordinates": [2.1402753, 41.3838834]}, "properties": {"tls": "GS_557230545", "edge": "1408570132#0", "links": [3, 4, 5, 6, 7, 8], "bearing": 51.2}}, {"type": "Feature", "geometry": {"type": "Point", "coordinates": [2.2039494, 41.4212238]}, "properties": {"tls": "GS_559410531", "edge": "53051510#4", "links": [0], "bearing": 315.9}}, {"type": "Feature", "geometry": {"type": "Point", "coordinates": [2.203798, 41.4212292]}, "properties": {"tls": "GS_559410531", "edge": "294393944#4", "links": [1, 2], "bearing": 44.9}}, {"type": "Feature", "geometry": {"type": "Point", "coordinates": [2.1996423, 41.4127035]}, "properties": {"tls": "GS_559415597", "edge": "48718734#3", "links": [0], "bearing": 9.7}}, {"type": "Feature", "geometry": {"type": "Point", "coordinates": [2.1995802, 41.4127275]}, "properties": {"tls": "GS_559415597", "edge": "237787042#0", "links": [1], "bearing": 45.7}}, {"type": "Feature", "geometry": {"type": "Point", "coordinates": [2.1990876, 41.4128239]}, "properties": {"tls": "GS_559418998", "edge": "1427103789#0", "links": [0], "bearing": 188.9}}, {"type": "Feature", "geometry": {"type": "Point", "coordinates": [2.1991639, 41.4127901]}, "properties": {"tls": "GS_559418998", "edge": "237657757#0", "links": [1, 2], "bearing": 225.4}}, {"type": "Feature", "geometry": {"type": "Point", "coordinates": [2.2059019, 41.417917]}, "properties": {"tls": "GS_559420263", "edge": "1355205581#0", "links": [0], "bearing": 187.8}}, {"type": "Feature", "geometry": {"type": "Point", "coordinates": [2.2059794, 41.4178829]}, "properties": {"tls": "GS_559420263", "edge": "545747655#2", "links": [1, 2], "bearing": 225.9}}, {"type": "Feature", "geometry": {"type": "Point", "coordinates": [2.1835148, 41.4024158]}, "properties": {"tls": "GS_559803319", "edge": "908550631#0", "links": [0, 1], "bearing": 71.0}}, {"type": "Feature", "geometry": {"type": "Point", "coordinates": [2.1835508, 41.4025011]}, "properties": {"tls": "GS_559803319", "edge": "1408555556#0", "links": [2, 3, 4], "bearing": 134.5}}, {"type": "Feature", "geometry": {"type": "Point", "coordinates": [2.1501363, 41.4011008]}, "properties": {"tls": "GS_568847350", "edge": "450373533#2", "links": [0, 1, 2], "bearing": 227.2}}, {"type": "Feature", "geometry": {"type": "Point", "coordinates": [2.1501491, 41.401011]}, "properties": {"tls": "GS_568847350", "edge": "287670536#0", "links": [3, 4, 5], "bearing": 292.8}}, {"type": "Feature", "geometry": {"type": "Point", "coordinates": [2.1933715, 41.4084988]}, "properties": {"tls": "GS_5906608846", "edge": "1049887842", "links": [0], "bearing": 212.5}}, {"type": "Feature", "geometry": {"type": "Point", "coordinates": [2.1934127, 41.4084716]}, "properties": {"tls": "GS_5906608846", "edge": "1219655112", "links": [1], "bearing": 230.7}}, {"type": "Feature", "geometry": {"type": "Point", "coordinates": [2.2010208, 41.4048341]}, "properties": {"tls": "GS_597222090", "edge": "237799273#0", "links": [0], "bearing": 220.1}}, {"type": "Feature", "geometry": {"type": "Point", "coordinates": [2.2008733, 41.4048191]}, "properties": {"tls": "GS_597222090", "edge": "1409609351#0", "links": [1, 2], "bearing": 136.1}}, {"type": "Feature", "geometry": {"type": "Point", "coordinates": [2.1961932, 41.4066398]}, "properties": {"tls": "GS_597263757", "edge": "243804000#0", "links": [0, 1], "bearing": 315.0}}, {"type": "Feature", "geometry": {"type": "Point", "coordinates": [2.196045, 41.4066411]}, "properties": {"tls": "GS_597263757", "edge": "45951438#0", "links": [2, 3], "bearing": 46.9}}, {"type": "Feature", "geometry": {"type": "Point", "coordinates": [2.1232788, 41.3791856]}, "properties": {"tls": "GS_59749808", "edge": "1395771680#0", "links": [0, 1, 2], "bearing": 230.6}}, {"type": "Feature", "geometry": {"type": "Point", "coordinates": [2.1232942, 41.379022]}, "properties": {"tls": "GS_59749808", "edge": "1280717099#1", "links": [3, 4, 5], "bearing": 334.0}}, {"type": "Feature", "geometry": {"type": "Point", "coordinates": [2.1231601, 41.379033]}, "properties": {"tls": "GS_59749808", "edge": "-1395771682", "links": [6], "bearing": 49.9}}, {"type": "Feature", "geometry": {"type": "Point", "coordinates": [2.1253294, 41.3756483]}, "properties": {"tls": "GS_59749810", "edge": "-45185735#3", "links": [0], "bearing": 272.3}}, {"type": "Feature", "geometry": {"type": "Point", "coordinates": [2.1251295, 41.3756094]}, "properties": {"tls": "GS_59749810", "edge": "27645416#5", "links": [1, 2, 3], "bearing": 92.2}}, {"type": "Feature", "geometry": {"type": "Point", "coordinates": [2.1979353, 41.4156335]}, "properties": {"tls": "GS_597933738", "edge": "115799305#0", "links": [0, 1], "bearing": 226.3}}, {"type": "Feature", "geometry": {"type": "Point", "coordinates": [2.1979314, 41.4155319]}, "properties": {"tls": "GS_597933738", "edge": "46800631#0", "links": [2, 3], "bearing": 319.1}}, {"type": "Feature", "geometry": {"type": "Point", "coordinates": [2.2004781, 41.4153544]}, "properties": {"tls": "GS_597933744", "edge": "-46800615#4", "links": [0, 1], "bearing": 303.7}}, {"type": "Feature", "geometry": {"type": "Point", "coordinates": [2.200297, 41.4154411]}, "properties": {"tls": "GS_597933744", "edge": "115799302#10", "links": [2, 3, 4], "bearing": 132.7}}, {"type": "Feature", "geometry": {"type": "Point", "coordinates": [2.1967417, 41.4147303]}, "properties": {"tls": "GS_597933813", "edge": "115799305#3", "links": [0, 1], "bearing": 225.0}}, {"type": "Feature", "geometry": {"type": "Point", "coordinates": [2.1965758, 41.4147145]}, "properties": {"tls": "GS_597933813", "edge": "46800632#0", "links": [2, 3], "bearing": 134.5}}, {"type": "Feature", "geometry": {"type": "Point", "coordinates": [2.1309388, 41.3842765]}, "properties": {"tls": "GS_59850112", "edge": "542503069#0", "links": [0, 1, 2, 3], "bearing": 230.4}}, {"type": "Feature", "geometry": {"type": "Point", "coordinates": [2.1307722, 41.3840745]}, "properties": {"tls": "GS_59850112", "edge": "-1395771679", "links": [4, 5, 6], "bearing": 50.1}}, {"type": "Feature", "geometry": {"type": "Point", "coordinates": [2.1307702, 41.3843159]}, "properties": {"tls": "GS_59850112", "edge": "542503068#9", "links": [7, 8, 9, 10], "bearing": 158.3}}, {"type": "Feature", "geometry": {"type": "Point", "coordinates": [2.1377909, 41.3883465]}, "properties": {"tls": "GS_59850118", "edge": "208606448#0", "links": [0, 1, 2, 3], "bearing": 233.9}}, {"type": "Feature", "geometry": {"type": "Point", "coordinates": [2.1375881, 41.3883741]}, "properties": {"tls": "GS_59850118", "edge": "894049236#0", "links": [4, 5, 6], "bearing": 139.1}}, {"type": "Feature", "geometry": {"type": "Point", "coordinates": [2.1288632, 41.3646817]}, "properties": {"tls": "GS_60200014", "edge": "-82003432#26", "links": [0, 1], "bearing": 257.9}}, {"type": "Feature", "geometry": {"type": "Point", "coordinates": [2.1287561, 41.3645538]}, "properties": {"tls": "GS_60200014", "edge": "83304235#0", "links": [2, 3, 4], "bearing": 4.3}}, {"type": "Feature", "geometry": {"type": "Point", "coordinates": [2.1286566, 41.3646197]}, "properties": {"tls": "GS_60200014", "edge": "82003432#20", "links": [5, 6], "bearing": 79.5}}, {"type": "Feature", "geometry": {"type": "Point", "coordinates": [2.127333, 41.3756007]}, "properties": {"tls": "GS_60591112", "edge": "-45185735#12", "links": [0, 1, 2], "bearing": 273.2}}, {"type": "Feature", "geometry": {"type": "Point", "coordinates": [2.1272587, 41.3754603]}, "properties": {"tls": "GS_60591112", "edge": "356740816#1", "links": [3, 4, 5], "bearing": 330.3}}, {"type": "Feature", "geometry": {"type": "Point", "coordinates": [2.1271016, 41.3755498]}, "properties": {"tls": "GS_60591112", "edge": "45185735#5", "links": [6, 7, 8], "bearing": 92.4}}, {"type": "Feature", "geometry": {"type": "Point", "coordinates": [2.1867865, 41.4140071]}, "properties": {"tls": "GS_6091986825", "edge": "1393749278#0", "links": [0, 1, 2, 3], "bearing": 181.2}}, {"type": "Feature", "geometry": {"type": "Point", "coordinates": [2.1869423, 41.4138912]}, "properties": {"tls": "GS_6091986825", "edge": "649035674#0", "links": [4, 5, 6], "bearing": 280.2}}, {"type": "Feature", "geometry": {"type": "Point", "coordinates": [2.1530108, 41.4020086]}, "properties": {"tls": "GS_60969474", "edge": "831255361#0", "links": [0, 1], "bearing": 326.4}}, {"type": "Feature", "geometry": {"type": "Point", "coordinates": [2.1528608, 41.4020159]}, "properties": {"tls": "GS_60969474", "edge": "8590854#3", "links": [2], "bearing": 52.2}}, {"type": "Feature", "geometry": {"type": "Point", "coordinates": [2.1301178, 41.3856766]}, "properties": {"tls": "GS_6125086059", "edge": "49581937#0", "links": [0], "bearing": 233.7}}, {"type": "Feature", "geometry": {"type": "Point", "coordinates": [2.1299837, 41.3856941]}, "properties": {"tls": "GS_6125086059", "edge": "542503068#2", "links": [1, 2], "bearing": 157.3}}, {"type": "Feature", "geometry": {"type": "Point", "coordinates": [2.1744991, 41.4110845]}, "properties": {"tls": "GS_616490919", "edge": "915744534#0", "links": [0, 1], "bearing": 313.3}}, {"type": "Feature", "geometry": {"type": "Point", "coordinates": [2.1744138, 41.4110496]}, "properties": {"tls": "GS_616490919", "edge": "48525740", "links": [2], "bearing": 359.5}}, {"type": "Feature", "geometry": {"type": "Point", "coordinates": [2.1900927, 41.4126109]}, "properties": {"tls": "GS_616512950", "edge": "32321640#2", "links": [0, 1, 2, 3], "bearing": 14.7}}, {"type": "Feature", "geometry": {"type": "Point", "coordinates": [2.1899768, 41.4126637]}, "properties": {"tls": "GS_616512950", "edge": "450423876#7", "links": [4, 5, 6, 7, 8], "bearing": 44.5}}, {"type": "Feature", "geometry": {"type": "Point", "coordinates": [2.1900271, 41.4129056]}, "properties": {"tls": "GS_616512950", "edge": "284579036#0", "links": [9, 10, 11, 12], "bearing": 136.1}}, {"type": "Feature", "geometry": {"type": "Point", "coordinates": [2.2027076, 41.4170278]}, "properties": {"tls": "GS_618356556", "edge": "96647278#3", "links": [0, 1], "bearing": 315.3}}, {"type": "Feature", "geometry": {"type": "Point", "coordinates": [2.2025609, 41.4170282]}, "properties": {"tls": "GS_618356556", "edge": "451710461#1", "links": [2, 3], "bearing": 46.3}}, {"type": "Feature", "geometry": {"type": "Point", "coordinates": [2.1839021, 41.4193428]}, "properties": {"tls": "GS_618404475", "edge": "822288506#0", "links": [0, 1, 2], "bearing": 181.1}}, {"type": "Feature", "geometry": {"type": "Point", "coordinates": [2.1840044, 41.4191675]}, "properties": {"tls": "GS_618404475", "edge": "669436758#0", "links": [3, 4], "bearing": 315.6}}, {"type": "Feature", "geometry": {"type": "Point", "coordinates": [2.1891039, 41.4153368]}, "properties": {"tls": "GS_618404480", "edge": "301322216#0", "links": [0, 1], "bearing": 315.2}}, {"type": "Feature", "geometry": {"type": "Point", "coordinates": [2.1889578, 41.4153367]}, "properties": {"tls": "GS_618404480", "edge": "32321733#0", "links": [2, 3], "bearing": 45.6}}, {"type": "Feature", "geometry": {"type": "Point", "coordinates": [2.1970769, 41.4129087]}, "properties": {"tls": "GS_619422387", "edge": "1199492274#0", "links": [0, 1, 2, 3, 4], "bearing": 226.1}}, {"type": "Feature", "geometry": {"type": "Point", "coordinates": [2.1970784, 41.4127604]}, "properties": {"tls": "GS_619422387", "edge": "1409584598#0", "links": [5, 6, 7, 8, 9], "bearing": 315.5}}, {"type": "Feature", "geometry": {"type": "Point", "coordinates": [2.1945872, 41.4127708]}, "properties": {"tls": "GS_619423078", "edge": "86255368#0", "links": [0, 1, 2], "bearing": 45.1}}, {"type": "Feature", "geometry": {"type": "Point", "coordinates": [2.1945867, 41.4129021]}, "properties": {"tls": "GS_619423078", "edge": "360374687#0", "links": [3, 4, 5], "bearing": 135.8}}, {"type": "Feature", "geometry": {"type": "Point", "coordinates": [2.1743063, 41.4060874]}, "properties": {"tls": "GS_667410900", "edge": "518532065#0", "links": [0, 1, 2, 3], "bearing": 45.0}}, {"type": "Feature", "geometry": {"type": "Point", "coordinates": [2.1743067, 41.4062393]}, "properties": {"tls": "GS_667410900", "edge": "251684604#0", "links": [4, 5, 6, 7, 8], "bearing": 136.1}}, {"type": "Feature", "geometry": {"type": "Point", "coordinates": [2.1522495, 41.399731]}, "properties": {"tls": "GS_678297060", "edge": "35466786#0", "links": [0, 1, 2], "bearing": 253.0}}, {"type": "Feature", "geometry": {"type": "Point", "coordinates": [2.1521857, 41.3996143]}, "properties": {"tls": "GS_678297060", "edge": "540501373#0", "links": [3, 4, 5, 6], "bearing": 324.4}}, {"type": "Feature", "geometry": {"type": "Point", "coordinates": [2.1519504, 41.3997179]}, "properties": {"tls": "GS_678297060", "edge": "-540281990#1", "links": [7, 8, 9, 10], "bearing": 144.1}}, {"type": "Feature", "geometry": {"type": "Point", "coordinates": [2.1644191, 41.3761259]}, "properties": {"tls": "GS_6833338776", "edge": "4745952#0", "links": [0, 1, 2, 3], "bearing": 223.5}}, {"type": "Feature", "geometry": {"type": "Point", "coordinates": [2.1644176, 41.3760394]}, "properties": {"tls": "GS_6833338776", "edge": "-1216280204", "links": [4, 5], "bearing": 319.1}}, {"type": "Feature", "geometry": {"type": "Point", "coordinates": [2.1642739, 41.376111]}, "properties": {"tls": "GS_6833338776", "edge": "1216280203", "links": [6, 7, 8, 9], "bearing": 135.0}}, {"type": "Feature", "geometry": {"type": "Point", "coordinates": [2.1517887, 41.3874555]}, "properties": {"tls": "GS_6842012554", "edge": "490175812#2", "links": [0, 1, 2], "bearing": 228.4}}, {"type": "Feature", "geometry": {"type": "Point", "coordinates": [2.1517585, 41.3873083]}, "properties": {"tls": "GS_6842012554", "edge": "145565048#0", "links": [3, 4, 5, 6, 7], "bearing": 313.4}}, {"type": "Feature", "geometry": {"type": "Point", "coordinates": [2.1148341, 41.3815275]}, "properties": {"tls": "GS_687897107", "edge": "54648006#0", "links": [0], "bearing": 250.2}}, {"type": "Feature", "geometry": {"type": "Point", "coordinates": [2.1147989, 41.3814362]}, "properties": {"tls": "GS_687897107", "edge": "68506239#0", "links": [1, 2, 3], "bearing": 306.7}}, {"type": "Feature", "geometry": {"type": "Point", "coordinates": [2.1375197, 41.3978249]}, "properties": {"tls": "GS_688393877", "edge": "308378776#0", "links": [0, 1, 2], "bearing": 269.3}}, {"type": "Feature", "geometry": {"type": "Point", "coordinates": [2.1374185, 41.3976739]}, "properties": {"tls": "GS_688393877", "edge": "178640956#0", "links": [3, 4, 5], "bearing": 358.5}}, {"type": "Feature", "geometry": {"type": "Point", "coordinates": [2.1373129, 41.3977657]}, "properties": {"tls": "GS_688393877", "edge": "-1395142056#2", "links": [6, 7, 8], "bearing": 90.5}}, {"type": "Feature", "geometry": {"type": "Point", "coordinates": [2.1240737, 41.3755266]}, "properties": {"tls": "GS_700938022", "edge": "886659997", "links": [0], "bearing": 0.4}}, {"type": "Feature", "geometry": {"type": "Point", "coordinates": [2.1239719, 41.375634]}, "properties": {"tls": "GS_700938022", "edge": "27645416#0", "links": [1, 2, 3], "bearing": 91.2}}, {"type": "Feature", "geometry": {"type": "Point", "coordinates": [2.1353235, 41.3869301]}, "properties": {"tls": "GS_7223680627", "edge": "1395756837#0", "links": [0, 1, 2, 3, 4, 5, 6], "bearing": 234.5}}, {"type": "Feature", "geometry": {"type": "Point", "coordinates": [2.1351021, 41.3867669]}, "properties": {"tls": "GS_7223680627", "edge": "906505544#0", "links": [7, 8, 9, 10], "bearing": 54.0}}, {"type": "Feature", "geometry": {"type": "Point", "coordinates": [2.1350995, 41.3869791]}, "properties": {"tls": "GS_7223680627", "edge": "238768628#0", "links": [11, 12, 13, 14, 15], "bearing": 143.7}}, {"type": "Feature", "geometry": {"type": "Point", "coordinates": [2.1443935, 41.4056043]}, "properties": {"tls": "GS_7252331255", "edge": "237659852#1", "links": [0], "bearing": 221.4}}, {"type": "Feature", "geometry": {"type": "Point", "coordinates": [2.1444373, 41.4055308]}, "properties": {"tls": "GS_7252331255", "edge": "287522296#0", "links": [1, 2, 3], "bearing": 257.9}}, {"type": "Feature", "geometry": {"type": "Point", "coordinates": [2.1665124, 41.3949492]}, "properties": {"tls": "GS_7515360148", "edge": "803424598#0", "links": [0, 1, 2, 3], "bearing": 315.3}}, {"type": "Feature", "geometry": {"type": "Point", "coordinates": [2.1663427, 41.3949427]}, "properties": {"tls": "GS_7515360148", "edge": "237645196#0", "links": [4, 5, 6, 7, 8], "bearing": 45.8}}, {"type": "Feature", "geometry": {"type": "Point", "coordinates": [2.1698744, 41.3925409]}, "properties": {"tls": "GS_7515360155", "edge": "478705995#4", "links": [0, 1, 2], "bearing": 225.5}}, {"type": "Feature", "geometry": {"type": "Point", "coordinates": [2.1698696, 41.3924098]}, "properties": {"tls": "GS_7515360155", "edge": "803424596#0", "links": [3, 4, 5, 6], "bearing": 315.7}}, {"type": "Feature", "geometry": {"type": "Point", "coordinates": [2.1857729, 41.4197063]}, "properties": {"tls": "GS_769906808", "edge": "546677359#0", "links": [0, 1, 2, 3], "bearing": 226.1}}, {"type": "Feature", "geometry": {"type": "Point", "coordinates": [2.1855705, 41.4197048]}, "properties": {"tls": "GS_769906808", "edge": "546677358#0", "links": [4, 5], "bearing": 135.1}}, {"type": "Feature", "geometry": {"type": "Point", "coordinates": [2.1801501, 41.4113671]}, "properties": {"tls": "GS_769906814", "edge": "62071238#0", "links": [0, 1], "bearing": 22.3}}, {"type": "Feature", "geometry": {"type": "Point", "coordinates": [2.1801154, 41.4115075]}, "properties": {"tls": "GS_769906814", "edge": "4746925#0", "links": [2, 3], "bearing": 135.0}}, {"type": "Feature", "geometry": {"type": "Point", "coordinates": [2.1870689, 41.3914468]}, "properties": {"tls": "GS_797498302", "edge": "1219057554#0", "links": [0, 1, 2, 3], "bearing": 346.7}}, {"type": "Feature", "geometry": {"type": "Point", "coordinates": [2.1869407, 41.3914898]}, "properties": {"tls": "GS_797498302", "edge": "1168886235", "links": [4, 5, 6, 7], "bearing": 42.3}}, {"type": "Feature", "geometry": {"type": "Point", "coordinates": [2.192165, 41.3842111]}, "properties": {"tls": "GS_876277542", "edge": "-441388664", "links": [0], "bearing": 309.1}}, {"type": "Feature", "geometry": {"type": "Point", "coordinates": [2.1919734, 41.3841945]}, "properties": {"tls": "GS_876277542", "edge": "906391080#1", "links": [1, 2, 3], "bearing": 44.9}}, {"type": "Feature", "geometry": {"type": "Point", "coordinates": [2.1943833, 41.3857876]}, "properties": {"tls": "GS_876375351", "edge": "74070542", "links": [0, 1, 2], "bearing": 316.0}}, {"type": "Feature", "geometry": {"type": "Point", "coordinates": [2.1941834, 41.3857965]}, "properties": {"tls": "GS_876375351", "edge": "182069873#0", "links": [3, 4, 5], "bearing": 51.7}}, {"type": "Feature", "geometry": {"type": "Point", "coordinates": [2.1379586, 41.4128122]}, "properties": {"tls": "GS_877366733", "edge": "918474435#1", "links": [0, 1, 2], "bearing": 350.1}}, {"type": "Feature", "geometry": {"type": "Point", "coordinates": [2.1378073, 41.4128585]}, "properties": {"tls": "GS_877366733", "edge": "74174823#1", "links": [3, 4], "bearing": 73.1}}, {"type": "Feature", "geometry": {"type": "Point", "coordinates": [2.1449339, 41.3999875]}, "properties": {"tls": "GS_91783971", "edge": "1158996220#0", "links": [0, 1], "bearing": 230.1}}, {"type": "Feature", "geometry": {"type": "Point", "coordinates": [2.1449371, 41.3998265]}, "properties": {"tls": "GS_91783971", "edge": "879179148#19", "links": [2, 3, 4], "bearing": 317.5}}, {"type": "Feature", "geometry": {"type": "Point", "coordinates": [2.1447265, 41.3997983]}, "properties": {"tls": "GS_91783971", "edge": "-1395142052#2", "links": [5], "bearing": 50.5}}, {"type": "Feature", "geometry": {"type": "Point", "coordinates": [2.1506554, 41.3883153]}, "properties": {"tls": "GS_951467903", "edge": "-612051632#3", "links": [0, 1], "bearing": 226.3}}, {"type": "Feature", "geometry": {"type": "Point", "coordinates": [2.1506392, 41.3881532]}, "properties": {"tls": "GS_951467903", "edge": "145565048#4", "links": [2, 3], "bearing": 316.8}}, {"type": "Feature", "geometry": {"type": "Point", "coordinates": [2.1318959, 41.3822322]}, "properties": {"tls": "GS_998567794", "edge": "1227463168#0", "links": [0, 1], "bearing": 244.8}}, {"type": "Feature", "geometry": {"type": "Point", "coordinates": [2.1317517, 41.3822682]}, "properties": {"tls": "GS_998567794", "edge": "34054325#3", "links": [2, 3, 4, 5], "bearing": 161.3}}, {"type": "Feature", "geometry": {"type": "Point", "coordinates": [2.1373667, 41.4020414]}, "properties": {"tls": "GS_cluster_1002675916_1002710245", "edge": "777231957", "links": [0, 1], "bearing": 1.6}}, {"type": "Feature", "geometry": {"type": "Point", "coordinates": [2.137254, 41.4020806]}, "properties": {"tls": "GS_cluster_1002675916_1002710245", "edge": "308379361#0", "links": [2, 3, 4, 5], "bearing": 36.9}}, {"type": "Feature", "geometry": {"type": "Point", "coordinates": [2.1379684, 41.4029225]}, "properties": {"tls": "GS_cluster_1002675919_126763506", "edge": "86331333#7", "links": [0, 1, 2, 3], "bearing": 223.8}}, {"type": "Feature", "geometry": {"type": "Point", "coordinates": [2.1378569, 41.4026941]}, "properties": {"tls": "GS_cluster_1002675919_126763506", "edge": "308379361#5", "links": [4, 5, 6, 7], "bearing": 40.5}}, {"type": "Feature", "geometry": {"type": "Point", "coordinates": [2.1377718, 41.4029251]}, "properties": {"tls": "GS_cluster_1002675919_126763506", "edge": "4744959#16", "links": [8, 9, 10, 11, 12, 13], "bearing": 138.4}}, {"type": "Feature", "geometry": {"type": "Point", "coordinates": [2.1417886, 41.4048759]}, "properties": {"tls": "GS_cluster_1002675944_1765565679", "edge": "554918725#0", "links": [0, 1, 2, 3], "bearing": 247.9}}, {"type": "Feature", "geometry": {"type": "Point", "coordinates": [2.1414639, 41.4046468]}, "properties": {"tls": "GS_cluster_1002675944_1765565679", "edge": "237555363#0", "links": [4, 5, 6], "bearing": 62.8}}, {"type": "Feature", "geometry": {"type": "Point", "coordinates": [2.1413748, 41.4048333]}, "properties": {"tls": "GS_cluster_1002675944_1765565679", "edge": "35361627#1", "links": [7, 8, 9], "bearing": 112.1}}, {"type": "Feature", "geometry": {"type": "Point", "coordinates": [2.1702005, 41.3750031]}, "properties": {"tls": "GS_cluster_1009334217_30238385_4538123437", "edge": "880513897#3", "links": [0, 1, 2, 3, 4], "bearing": 275.1}}, {"type": "Feature", "geometry": {"type": "Point", "coordinates": [2.1698801, 41.3748018]}, "properties": {"tls": "GS_cluster_1009334217_30238385_4538123437", "edge": "76168863#3", "links": [5, 6, 7, 8], "bearing": 36.8}}, {"type": "Feature", "geometry": {"type": "Point", "coordinates": [2.1696954, 41.3749129]}, "properties": {"tls": "GS_cluster_1009334217_30238385_4538123437", "edge": "895189307", "links": [9, 10, 11, 12, 13], "bearing": 93.6}}, {"type": "Feature", "geometry": {"type": "Point", "coordinates": [2.1697867, 41.3751205]}, "properties": {"tls": "GS_cluster_1009334217_30238385_4538123437", "edge": "-239838074", "links": [14], "bearing": 178.1}}, {"type": "Feature", "geometry": {"type": "Point", "coordinates": [2.191118, 41.415651]}, "properties": {"tls": "GS_cluster_10207081166_30243449", "edge": "284579035#0", "links": [0, 1, 2], "bearing": 199.3}}, {"type": "Feature", "geometry": {"type": "Point", "coordinates": [2.1911022, 41.4153915]}, "properties": {"tls": "GS_cluster_10207081166_30243449", "edge": "555464842#0", "links": [3, 4], "bearing": 21.7}}, {"type": "Feature", "geometry": {"type": "Point", "coordinates": [2.1909873, 41.4156216]}, "properties": {"tls": "GS_cluster_10207081166_30243449", "edge": "310308292#13", "links": [5, 6, 7, 8], "bearing": 136.6}}, {"type": "Feature", "geometry": {"type": "Point", "coordinates": [2.1507103, 41.3866607]}, "properties": {"tls": "GS_cluster_10896052336_30238021", "edge": "925546470#0", "links": [0, 1], "bearing": 224.9}}, {"type": "Feature", "geometry": {"type": "Point", "coordinates": [2.150576, 41.386478]}, "properties": {"tls": "GS_cluster_10896052336_30238021", "edge": "4745963#0", "links": [2], "bearing": 315.4}}, {"type": "Feature", "geometry": {"type": "Point", "coordinates": [2.1328485, 41.3979223]}, "properties": {"tls": "GS_cluster_1116623801_1116623856", "edge": "313235646#0", "links": [0, 1, 2, 3], "bearing": 204.7}}, {"type": "Feature", "geometry": {"type": "Point", "coordinates": [2.1330918, 41.3977987]}, "properties": {"tls": "GS_cluster_1116623801_1116623856", "edge": "308378773", "links": [4, 5, 6], "bearing": 269.8}}, {"type": "Feature", "geometry": {"type": "Point", "coordinates": [2.1328959, 41.3976367]}, "properties": {"tls": "GS_cluster_1116623801_1116623856", "edge": "237555367#0", "links": [7, 8, 9, 10, 11], "bearing": 12.3}}, {"type": "Feature", "geometry": {"type": "Point", "coordinates": [2.1326199, 41.3977438]}, "properties": {"tls": "GS_cluster_1116623801_1116623856", "edge": "-902154887#1", "links": [12, 13, 14], "bearing": 92.1}}, {"type": "Feature", "geometry": {"type": "Point", "coordinates": [2.1215864, 41.378076]}, "properties": {"tls": "GS_cluster_11218778225_11218778227_251543450_687897181", "edge": "165526880#0", "links": [0, 1, 2, 3, 4], "bearing": 230.3}}, {"type": "Feature", "geometry": {"type": "Point", "coordinates": [2.1215826, 41.3777621]}, "properties": {"tls": "GS_cluster_11218778225_11218778227_251543450_687897181", "edge": "906508061#0", "links": [5, 6, 7, 8, 9, 10], "bearing": 339.8}}, {"type": "Feature", "geometry": {"type": "Point", "coordinates": [2.1211686, 41.3777154]}, "properties": {"tls": "GS_cluster_11218778225_11218778227_251543450_687897181", "edge": "-1395821307", "links": [11], "bearing": 48.7}}, {"type": "Feature", "geometry": {"type": "Point", "coordinates": [2.1212152, 41.3780503]}, "properties": {"tls": "GS_cluster_11218778225_11218778227_251543450_687897181", "edge": "251749488#3", "links": [12, 13, 14, 15, 16, 17, 18], "bearing": 152.4}}, {"type": "Feature", "geometry": {"type": "Point", "coordinates": [2.1448028, 41.4135002]}, "properties": {"tls": "GS_cluster_11239790234_11242746353", "edge": "-1213495885", "links": [0, 1, 2], "bearing": 191.9}}, {"type": "Feature", "geometry": {"type": "Point", "coordinates": [2.1449758, 41.4134587]}, "properties": {"tls": "GS_cluster_11239790234_11242746353", "edge": "1213143162", "links": [3, 4, 5, 6], "bearing": 237.9}}, {"type": "Feature", "geometry": {"type": "Point", "coordinates": [2.1449865, 41.4133773]}, "properties": {"tls": "GS_cluster_11239790234_11242746353", "edge": "-1548791923", "links": [7, 8, 9], "bearing": 291.6}}, {"type": "Feature", "geometry": {"type": "Point", "coordinates": [2.1447514, 41.4133356]}, "properties": {"tls": "GS_cluster_11239790234_11242746353", "edge": "1213143164#0", "links": [10, 11, 12], "bearing": 39.2}}, {"type": "Feature", "geometry": {"type": "Point", "coordinates": [2.1837585, 41.3974202]}, "properties": {"tls": "GS_cluster_11559713266_536418296", "edge": "4745453#0", "links": [0, 1, 2, 3, 4], "bearing": 225.3}}, {"type": "Feature", "geometry": {"type": "Point", "coordinates": [2.1837341, 41.3972787]}, "properties": {"tls": "GS_cluster_11559713266_536418296", "edge": "329378775#0", "links": [5, 6, 7, 8, 9, 10], "bearing": 310.8}}, {"type": "Feature", "geometry": {"type": "Point", "coordinates": [2.1834868, 41.3973362]}, "properties": {"tls": "GS_cluster_11559713266_536418296", "edge": "-182069872#1", "links": [11, 12, 13], "bearing": 136.3}}, {"type": "Feature", "geometry": {"type": "Point", "coordinates": [2.2048933, 41.4120886]}, "properties": {"tls": "GS_cluster_11887554791_2782360895_543552887", "edge": "1280697746#0", "links": [0, 1], "bearing": 316.6}}, {"type": "Feature", "geometry": {"type": "Point", "coordinates": [2.2046555, 41.4121459]}, "properties": {"tls": "GS_cluster_11887554791_2782360895_543552887", "edge": "542287695#5", "links": [2, 3, 4, 5, 6], "bearing": 134.3}}, {"type": "Feature", "geometry": {"type": "Point", "coordinates": [2.2052692, 41.4119078]}, "properties": {"tls": "GS_cluster_11887554793_2782360894_544223024", "edge": "459375043#0", "links": [0, 1, 2], "bearing": 224.8}}, {"type": "Feature", "geometry": {"type": "Point", "coordinates": [2.2050324, 41.4118609]}, "properties": {"tls": "GS_cluster_11887554793_2782360894_544223024", "edge": "648433594#0", "links": [3, 4, 5], "bearing": 135.9}}, {"type": "Feature", "geometry": {"type": "Point", "coordinates": [2.165079, 41.4058867]}, "properties": {"tls": "GS_cluster_126547387_126656742", "edge": "208568872#3", "links": [0, 1, 2], "bearing": 47.9}}, {"type": "Feature", "geometry": {"type": "Point", "coordinates": [2.1650745, 41.4060077]}, "properties": {"tls": "GS_cluster_126547387_126656742", "edge": "1236967237#0", "links": [3, 4, 5], "bearing": 141.5}}, {"type": "Feature", "geometry": {"type": "Point", "coordinates": [2.1732881, 41.3966671]}, "properties": {"tls": "GS_cluster_126803361_250793737", "edge": "570553571#1", "links": [0, 1, 2], "bearing": 317.1}}, {"type": "Feature", "geometry": {"type": "Point", "coordinates": [2.1730552, 41.3965821]}, "properties": {"tls": "GS_cluster_126803361_250793737", "edge": "906140207", "links": [3, 4, 5, 6, 7, 8], "bearing": 47.0}}, {"type": "Feature", "geometry": {"type": "Point", "coordinates": [2.1730312, 41.3967284]}, "properties": {"tls": "GS_cluster_126803361_250793737", "edge": "932391853#0", "links": [9, 10, 11, 12], "bearing": 135.4}}, {"type": "Feature", "geometry": {"type": "Point", "coordinates": [2.1262455, 41.3982856]}, "properties": {"tls": "GS_cluster_12914037675_12914037676_14073221915", "edge": "26293973#0", "links": [0, 1, 2], "bearing": 233.0}}, {"type": "Feature", "geometry": {"type": "Point", "coordinates": [2.1263189, 41.3980728]}, "properties": {"tls": "GS_cluster_12914037675_12914037676_14073221915", "edge": "-450200075#1", "links": [3, 4, 5], "bearing": 303.7}}, {"type": "Feature", "geometry": {"type": "Point", "coordinates": [2.1259676, 41.3982008]}, "properties": {"tls": "GS_cluster_12914037675_12914037676_14073221915", "edge": "144967400#0", "links": [6, 7, 8], "bearing": 131.2}}, {"type": "Feature", "geometry": {"type": "Point", "coordinates": [2.1834291, 41.4197078]}, "properties": {"tls": "GS_cluster_1303430273_448786035", "edge": "1285127536#0", "links": [0, 1, 2], "bearing": 226.9}}, {"type": "Feature", "geometry": {"type": "Point", "coordinates": [2.1834276, 41.4195992]}, "properties": {"tls": "GS_cluster_1303430273_448786035", "edge": "747446548#0", "links": [3, 4, 5], "bearing": 315.4}}, {"type": "Feature", "geometry": {"type": "Point", "coordinates": [2.1356195, 41.4098906]}, "properties": {"tls": "GS_cluster_1303465774_364680272", "edge": "-139261502#2", "links": [0, 1, 2, 3], "bearing": 225.7}}, {"type": "Feature", "geometry": {"type": "Point", "coordinates": [2.1354006, 41.4096191]}, "properties": {"tls": "GS_cluster_1303465774_364680272", "edge": "139261501#4", "links": [4, 5, 6, 7], "bearing": 40.6}}, {"type": "Feature", "geometry": {"type": "Point", "coordinates": [2.1848443, 41.3965561]}, "properties": {"tls": "GS_cluster_1311935438_3134509198", "edge": "20475089#0", "links": [0, 1, 2, 3, 4, 5, 6, 7], "bearing": 226.7}}, {"type": "Feature", "geometry": {"type": "Point", "coordinates": [2.1848359, 41.3964297]}, "properties": {"tls": "GS_cluster_1311935438_3134509198", "edge": "308159956#0", "links": [8, 9, 10, 11, 12], "bearing": 315.6}}, {"type": "Feature", "geometry": {"type": "Point", "coordinates": [2.1845942, 41.3964908]}, "properties": {"tls": "GS_cluster_1311935438_3134509198", "edge": "490602015#0", "links": [13, 14, 15], "bearing": 135.9}}, {"type": "Feature", "geometry": {"type": "Point", "coordinates": [2.1301653, 41.3700925]}, "properties": {"tls": "GS_cluster_13266185092_667898752", "edge": "82632833#0", "links": [0, 1, 2], "bearing": 226.6}}, {"type": "Feature", "geometry": {"type": "Point", "coordinates": [2.1301628, 41.369981]}, "properties": {"tls": "GS_cluster_13266185092_667898752", "edge": "-812545714#1", "links": [3, 4], "bearing": 314.9}}, {"type": "Feature", "geometry": {"type": "Point", "coordinates": [2.1299069, 41.3701233]}, "properties": {"tls": "GS_cluster_13266185092_667898752", "edge": "569040499#0", "links": [5, 6], "bearing": 136.6}}, {"type": "Feature", "geometry": {"type": "Point", "coordinates": [2.1462955, 41.4019194]}, "properties": {"tls": "GS_cluster_13307330505_30247401", "edge": "-1539858058#2", "links": [0, 1, 2], "bearing": 307.7}}, {"type": "Feature", "geometry": {"type": "Point", "coordinates": [2.145856, 41.4020062]}, "properties": {"tls": "GS_cluster_13307330505_30247401", "edge": "35066991#1", "links": [3, 4, 5], "bearing": 45.0}}, {"type": "Feature", "geometry": {"type": "Point", "coordinates": [2.145846, 41.4021128]}, "properties": {"tls": "GS_cluster_13307330505_30247401", "edge": "287683998#0", "links": [6, 7], "bearing": 126.9}}, {"type": "Feature", "geometry": {"type": "Point", "coordinates": [2.1384899, 41.4113885]}, "properties": {"tls": "GS_cluster_13453304519_429459477_8253104586_8253104587", "edge": "554918722#0", "links": [0, 1, 2, 3], "bearing": 231.8}}, {"type": "Feature", "geometry": {"type": "Point", "coordinates": [2.1383312, 41.4112253]}, "properties": {"tls": "GS_cluster_13453304519_429459477_8253104586_8253104587", "edge": "887676141#0", "links": [4, 5, 6, 7], "bearing": 15.8}}, {"type": "Feature", "geometry": {"type": "Point", "coordinates": [2.1365007, 41.3876044]}, "properties": {"tls": "GS_cluster_1378087192_557230563", "edge": "237805225#0", "links": [0, 1, 2, 3, 4], "bearing": 235.2}}, {"type": "Feature", "geometry": {"type": "Point", "coordinates": [2.1363804, 41.3873995]}, "properties": {"tls": "GS_cluster_1378087192_557230563", "edge": "1108379528#0", "links": [5, 6], "bearing": 324.3}}, {"type": "Feature", "geometry": {"type": "Point", "coordinates": [2.1363009, 41.3876368]}, "properties": {"tls": "GS_cluster_1378087192_557230563", "edge": "175002303#5", "links": [7], "bearing": 148.4}}, {"type": "Feature", "geometry": {"type": "Point", "coordinates": [2.1824731, 41.388256]}, "properties": {"tls": "GS_cluster_13953923366_243336646_243336865_3184350832", "edge": "312564225#0", "links": [0, 1, 2], "bearing": 214.1}}, {"type": "Feature", "geometry": {"type": "Point", "coordinates": [2.1826231, 41.3880672]}, "properties": {"tls": "GS_cluster_13953923366_243336646_243336865_3184350832", "edge": "-1531019700#4", "links": [3, 4, 5, 6], "bearing": 321.4}}, {"type": "Feature", "geometry": {"type": "Point", "coordinates": [2.1823489, 41.3882447]}, "properties": {"tls": "GS_cluster_13953923366_243336646_243336865_3184350832", "edge": "22658522#1", "links": [7, 8, 9, 10], "bearing": 135.7}}, {"type": "Feature", "geometry": {"type": "Point", "coordinates": [2.1181079, 41.3856022]}, "properties": {"tls": "GS_cluster_14018375386_418737420", "edge": "1539547775#0", "links": [0], "bearing": 340.8}}, {"type": "Feature", "geometry": {"type": "Point", "coordinates": [2.1179108, 41.3856786]}, "properties": {"tls": "GS_cluster_14018375386_418737420", "edge": "68506246#0", "links": [1, 2, 3, 4], "bearing": 71.7}}, {"type": "Feature", "geometry": {"type": "Point", "coordinates": [2.1581101, 41.4015092]}, "properties": {"tls": "GS_cluster_14080377727_30556749", "edge": "831182052#0", "links": [0], "bearing": 222.2}}, {"type": "Feature", "geometry": {"type": "Point", "coordinates": [2.1579269, 41.4014183]}, "properties": {"tls": "GS_cluster_14080377727_30556749", "edge": "831182050#0", "links": [1], "bearing": 53.5}}, {"type": "Feature", "geometry": {"type": "Point", "coordinates": [2.1579342, 41.4015149]}, "properties": {"tls": "GS_cluster_14080377727_30556749", "edge": "1264825145#0", "links": [2], "bearing": 137.6}}, {"type": "Feature", "geometry": {"type": "Point", "coordinates": [2.1831001, 41.3887356]}, "properties": {"tls": "GS_cluster_1479161502_1479161523", "edge": "134547872", "links": [0], "bearing": 225.9}}, {"type": "Feature", "geometry": {"type": "Point", "coordinates": [2.1830174, 41.3885443]}, "properties": {"tls": "GS_cluster_1479161502_1479161523", "edge": "307054786#0", "links": [1, 2, 3, 4], "bearing": 44.9}}, {"type": "Feature", "geometry": {"type": "Point", "coordinates": [2.1829416, 41.3887266]}, "properties": {"tls": "GS_cluster_1479161502_1479161523", "edge": "237725958#0", "links": [5, 6, 7], "bearing": 134.9}}, {"type": "Feature", "geometry": {"type": "Point", "coordinates": [2.1752783, 41.4174211]}, "properties": {"tls": "GS_cluster_1592978370_2869959981", "edge": "145985019#0", "links": [0, 1, 2], "bearing": 221.6}}, {"type": "Feature", "geometry": {"type": "Point", "coordinates": [2.1753731, 41.4172747]}, "properties": {"tls": "GS_cluster_1592978370_2869959981", "edge": "266635491#1", "links": [3, 4, 5], "bearing": 294.9}}, {"type": "Feature", "geometry": {"type": "Point", "coordinates": [2.1751625, 41.4172386]}, "properties": {"tls": "GS_cluster_1592978370_2869959981", "edge": "1395721718#0", "links": [6, 7, 8], "bearing": 42.8}}, {"type": "Feature", "geometry": {"type": "Point", "coordinates": [2.1218236, 41.3755735]}, "properties": {"tls": "GS_cluster_1595126752_687897174_9876300964", "edge": "-901541482#1", "links": [0, 1, 2], "bearing": 330.6}}, {"type": "Feature", "geometry": {"type": "Point", "coordinates": [2.1216429, 41.3756859]}, "properties": {"tls": "GS_cluster_1595126752_687897174_9876300964", "edge": "902644120", "links": [3, 4, 5, 6, 7], "bearing": 95.3}}, {"type": "Feature", "geometry": {"type": "Point", "coordinates": [2.1217319, 41.3757635]}, "properties": {"tls": "GS_cluster_1595126752_687897174_9876300964", "edge": "1225001918", "links": [8, 9, 10], "bearing": 144.0}}, {"type": "Feature", "geometry": {"type": "Point", "coordinates": [2.174517, 41.3719521]}, "properties": {"tls": "GS_cluster_168537019_190949833", "edge": "18506598#3", "links": [0, 1, 2, 3], "bearing": 213.4}}, {"type": "Feature", "geometry": {"type": "Point", "coordinates": [2.1744957, 41.3717664]}, "properties": {"tls": "GS_cluster_168537019_190949833", "edge": "1408621607#0", "links": [4, 5, 6, 7], "bearing": 32.5}}, {"type": "Feature", "geometry": {"type": "Point", "coordinates": [2.1743219, 41.3719131]}, "properties": {"tls": "GS_cluster_168537019_190949833", "edge": "-1408621608#2", "links": [8, 9, 10], "bearing": 113.5}}, {"type": "Feature", "geometry": {"type": "Point", "coordinates": [2.2069449, 41.4004847]}, "properties": {"tls": "GS_cluster_1710709046_2578612972", "edge": "566541726#0", "links": [0, 1], "bearing": 224.3}}, {"type": "Feature", "geometry": {"type": "Point", "coordinates": [2.2071331, 41.4002262]}, "properties": {"tls": "GS_cluster_1710709046_2578612972", "edge": "-547440864#3", "links": [2], "bearing": 315.8}}, {"type": "Feature", "geometry": {"type": "Point", "coordinates": [2.2067821, 41.4004702]}, "properties": {"tls": "GS_cluster_1710709046_2578612972", "edge": "566541727#0", "links": [3, 4, 5], "bearing": 137.9}}, {"type": "Feature", "geometry": {"type": "Point", "coordinates": [2.1854239, 41.4162354]}, "properties": {"tls": "GS_cluster_1759662344_30332756", "edge": "115319616#6", "links": [0, 1], "bearing": 25.7}}, {"type": "Feature", "geometry": {"type": "Point", "coordinates": [2.1854308, 41.4163829]}, "properties": {"tls": "GS_cluster_1759662344_30332756", "edge": "1409609338#1", "links": [2, 3, 4, 5], "bearing": 135.9}}, {"type": "Feature", "geometry": {"type": "Point", "coordinates": [2.1335942, 41.4034627]}, "properties": {"tls": "GS_cluster_1794642773_432509965", "edge": "-308379370#2", "links": [0, 1], "bearing": 320.8}}, {"type": "Feature", "geometry": {"type": "Point", "coordinates": [2.1332473, 41.4036093]}, "properties": {"tls": "GS_cluster_1794642773_432509965", "edge": "198597876#4", "links": [2, 3, 4], "bearing": 61.9}}, {"type": "Feature", "geometry": {"type": "Point", "coordinates": [2.1332731, 41.4037107]}, "properties": {"tls": "GS_cluster_1794642773_432509965", "edge": "308379372#0", "links": [5, 6], "bearing": 142.0}}, {"type": "Feature", "geometry": {"type": "Point", "coordinates": [2.2063992, 41.3951279]}, "properties": {"tls": "GS_cluster_1878671894_1878671895_1878671906_30253314_#3more", "edge": "362011906", "links": [0, 1, 2, 3], "bearing": 42.0}}, {"type": "Feature", "geometry": {"type": "Point", "coordinates": [2.2064324, 41.395339]}, "properties": {"tls": "GS_cluster_1878671894_1878671895_1878671906_30253314_#3more", "edge": "1394482450#0", "links": [4, 5], "bearing": 133.3}}, {"type": "Feature", "geometry": {"type": "Point", "coordinates": [2.182236, 41.3814702]}, "properties": {"tls": "GS_cluster_190985498_190985499_533663031", "edge": "18512190#0", "links": [0, 1, 2, 3, 4], "bearing": 216.1}}, {"type": "Feature", "geometry": {"type": "Point", "coordinates": [2.1824874, 41.381187]}, "properties": {"tls": "GS_cluster_190985498_190985499_533663031", "edge": "-309051293#4", "links": [5, 6, 7], "bearing": 312.9}}, {"type": "Feature", "geometry": {"type": "Point", "coordinates": [2.1822212, 41.3811221]}, "properties": {"tls": "GS_cluster_190985498_190985499_533663031", "edge": "903747291", "links": [8, 9, 10, 11], "bearing": 27.3}}, {"type": "Feature", "geometry": {"type": "Point", "coordinates": [2.1820245, 41.3814444]}, "properties": {"tls": "GS_cluster_190985498_190985499_533663031", "edge": "237725967#0", "links": [12, 13, 14, 15, 16], "bearing": 135.1}}, {"type": "Feature", "geometry": {"type": "Point", "coordinates": [2.1206146, 41.3787784]}, "properties": {"tls": "GS_cluster_2077949582_687897182", "edge": "68506249#0", "links": [0, 1, 2], "bearing": 307.6}}, {"type": "Feature", "geometry": {"type": "Point", "coordinates": [2.12035, 41.3786339]}, "properties": {"tls": "GS_cluster_2077949582_687897182", "edge": "132747589#0", "links": [3, 4, 5], "bearing": 51.3}}, {"type": "Feature", "geometry": {"type": "Point", "coordinates": [2.1203642, 41.3787452]}, "properties": {"tls": "GS_cluster_2077949582_687897182", "edge": "251749488#0", "links": [6, 7, 8], "bearing": 124.1}}, {"type": "Feature", "geometry": {"type": "Point", "coordinates": [2.1196179, 41.3792893]}, "properties": {"tls": "GS_cluster_2077949595_251543446_4476005036_6314709584_#1more", "edge": "1162510290#0", "links": [0, 1, 2, 3, 4], "bearing": 312.9}}, {"type": "Feature", "geometry": {"type": "Point", "coordinates": [2.1192743, 41.3792075]}, "properties": {"tls": "GS_cluster_2077949595_251543446_4476005036_6314709584_#1more", "edge": "1108422290", "links": [5, 6, 7, 8], "bearing": 66.3}}, {"type": "Feature", "geometry": {"type": "Point", "coordinates": [2.119296, 41.3793916]}, "properties": {"tls": "GS_cluster_2077949595_251543446_4476005036_6314709584_#1more", "edge": "68506240#0", "links": [9, 10, 11, 12], "bearing": 148.6}}, {"type": "Feature", "geometry": {"type": "Point", "coordinates": [2.1342237, 41.3995043]}, "properties": {"tls": "GS_cluster_2087205005_2087205007", "edge": "237515358#4", "links": [0, 1, 2, 3], "bearing": 217.4}}, {"type": "Feature", "geometry": {"type": "Point", "coordinates": [2.1343189, 41.3991569]}, "properties": {"tls": "GS_cluster_2087205005_2087205007", "edge": "294493312#5", "links": [4, 5, 6, 7, 8, 9], "bearing": 330.0}}, {"type": "Feature", "geometry": {"type": "Point", "coordinates": [2.1340903, 41.3991912]}, "properties": {"tls": "GS_cluster_2087205005_2087205007", "edge": "821143059#0", "links": [10, 11, 12, 13], "bearing": 37.1}}, {"type": "Feature", "geometry": {"type": "Point", "coordinates": [2.1339965, 41.3994775]}, "properties": {"tls": "GS_cluster_2087205005_2087205007", "edge": "-198597865#1", "links": [14], "bearing": 149.9}}, {"type": "Feature", "geometry": {"type": "Point", "coordinates": [2.1553362, 41.3729392]}, "properties": {"tls": "GS_cluster_2264456446_30298886", "edge": "553305793#0", "links": [0, 1, 2, 3], "bearing": 268.2}}, {"type": "Feature", "geometry": {"type": "Point", "coordinates": [2.1552301, 41.3728566]}, "properties": {"tls": "GS_cluster_2264456446_30298886", "edge": "-237923115#3", "links": [4, 5, 6], "bearing": 337.9}}, {"type": "Feature", "geometry": {"type": "Point", "coordinates": [2.1550055, 41.3729472]}, "properties": {"tls": "GS_cluster_2264456446_30298886", "edge": "-16359518#3", "links": [7, 8], "bearing": 65.0}}, {"type": "Feature", "geometry": {"type": "Point", "coordinates": [2.1550355, 41.3731216]}, "properties": {"tls": "GS_cluster_2264456446_30298886", "edge": "381910534#2", "links": [9, 10], "bearing": 158.4}}, {"type": "Feature", "geometry": {"type": "Point", "coordinates": [2.186799, 41.4155321]}, "properties": {"tls": "GS_cluster_2293731616_5313720234", "edge": "251749483#9", "links": [0, 1, 2, 3], "bearing": 181.0}}, {"type": "Feature", "geometry": {"type": "Point", "coordinates": [2.1870111, 41.4150395]}, "properties": {"tls": "GS_cluster_2293731616_5313720234", "edge": "1393749279#0", "links": [4, 5, 6, 7], "bearing": 1.3}}, {"type": "Feature", "geometry": {"type": "Point", "coordinates": [2.1866262, 41.4154822]}, "properties": {"tls": "GS_cluster_2293731616_5313720234", "edge": "1409609339#0", "links": [8, 9, 10, 11], "bearing": 134.6}}, {"type": "Feature", "geometry": {"type": "Point", "coordinates": [2.1788317, 41.3840403]}, "properties": {"tls": "GS_cluster_240936353_30227495", "edge": "1542846620", "links": [0, 1, 2, 3], "bearing": 225.0}}, {"type": "Feature", "geometry": {"type": "Point", "coordinates": [2.179019, 41.3839013]}, "properties": {"tls": "GS_cluster_240936353_30227495", "edge": "-1117835661", "links": [4, 5, 6], "bearing": 233.7}}, {"type": "Feature", "geometry": {"type": "Point", "coordinates": [2.1790246, 41.3837834]}, "properties": {"tls": "GS_cluster_240936353_30227495", "edge": "-884705757#3", "links": [7, 8, 9], "bearing": 315.7}}, {"type": "Feature", "geometry": {"type": "Point", "coordinates": [2.1786414, 41.3838757]}, "properties": {"tls": "GS_cluster_240936353_30227495", "edge": "1383955958#0", "links": [10, 11, 12], "bearing": 45.6}}, {"type": "Feature", "geometry": {"type": "Point", "coordinates": [2.1786281, 41.3840159]}, "properties": {"tls": "GS_cluster_240936353_30227495", "edge": "1542846833#0", "links": [13, 14, 15, 16], "bearing": 135.8}}, {"type": "Feature", "geometry": {"type": "Point", "coordinates": [2.1952073, 41.386597]}, "properties": {"tls": "GS_cluster_243341156_4171977898", "edge": "1394474270#0", "links": [0, 1, 2, 3, 4], "bearing": 45.3}}, {"type": "Feature", "geometry": {"type": "Point", "coordinates": [2.1952834, 41.3868056]}, "properties": {"tls": "GS_cluster_243341156_4171977898", "edge": "237715975#0", "links": [5, 6, 7, 8], "bearing": 140.0}}, {"type": "Feature", "geometry": {"type": "Point", "coordinates": [2.1552691, 41.4097482]}, "properties": {"tls": "GS_cluster_2463014352_30960642_415956313", "edge": "542990503#2", "links": [0, 1, 2, 3], "bearing": 231.8}}, {"type": "Feature", "geometry": {"type": "Point", "coordinates": [2.1550013, 41.409471]}, "properties": {"tls": "GS_cluster_2463014352_30960642_415956313", "edge": "541711517", "links": [4, 5, 6, 7], "bearing": 58.9}}, {"type": "Feature", "geometry": {"type": "Point", "coordinates": [2.1549335, 41.4096868]}, "properties": {"tls": "GS_cluster_2463014352_30960642_415956313", "edge": "235177047#0", "links": [8, 9, 10, 11], "bearing": 144.2}}, {"type": "Feature", "geometry": {"type": "Point", "coordinates": [2.1744227, 41.3959354]}, "properties": {"tls": "GS_cluster_250793733_773324530", "edge": "1084045294#0", "links": [0, 1, 2, 3, 4, 5], "bearing": 226.3}}, {"type": "Feature", "geometry": {"type": "Point", "coordinates": [2.174418, 41.3958059]}, "properties": {"tls": "GS_cluster_250793733_773324530", "edge": "23191707#0", "links": [6, 7, 8], "bearing": 317.1}}, {"type": "Feature", "geometry": {"type": "Point", "coordinates": [2.1741573, 41.3958766]}, "properties": {"tls": "GS_cluster_250793733_773324530", "edge": "1084045293#0", "links": [9, 10, 11], "bearing": 136.2}}, {"type": "Feature", "geometry": {"type": "Point", "coordinates": [2.1598927, 41.3778853]}, "properties": {"tls": "GS_cluster_252825034_30246773", "edge": "237529481#0", "links": [0, 1, 2], "bearing": 226.3}}, {"type": "Feature", "geometry": {"type": "Point", "coordinates": [2.1596145, 41.3776453]}, "properties": {"tls": "GS_cluster_252825034_30246773", "edge": "-237655872#2", "links": [3, 4, 5], "bearing": 46.4}}, {"type": "Feature", "geometry": {"type": "Point", "coordinates": [2.1595703, 41.3776863]}, "properties": {"tls": "GS_cluster_252825034_30246773", "edge": "-1213463276", "links": [6, 7, 8], "bearing": 68.4}}, {"type": "Feature", "geometry": {"type": "Point", "coordinates": [2.15972, 41.3778642]}, "properties": {"tls": "GS_cluster_252825034_30246773", "edge": "450610285#0", "links": [9, 10, 11, 12, 13, 14], "bearing": 135.4}}, {"type": "Feature", "geometry": {"type": "Point", "coordinates": [2.1746346, 41.416866]}, "properties": {"tls": "GS_cluster_2869959982_387127694", "edge": "543581667#0", "links": [0, 1, 2], "bearing": 223.5}}, {"type": "Feature", "geometry": {"type": "Point", "coordinates": [2.174519, 41.4166931]}, "properties": {"tls": "GS_cluster_2869959982_387127694", "edge": "295288874#0", "links": [3, 4, 5], "bearing": 38.9}}, {"type": "Feature", "geometry": {"type": "Point", "coordinates": [2.1744257, 41.4168331]}, "properties": {"tls": "GS_cluster_2869959982_387127694", "edge": "71211627#1", "links": [6, 7, 8], "bearing": 114.8}}, {"type": "Feature", "geometry": {"type": "Point", "coordinates": [2.1332801, 41.3984592]}, "properties": {"tls": "GS_cluster_2914411511_330414541", "edge": "294056755#0", "links": [0, 1, 2, 3, 4], "bearing": 213.1}}, {"type": "Feature", "geometry": {"type": "Point", "coordinates": [2.1331928, 41.3981687]}, "properties": {"tls": "GS_cluster_2914411511_330414541", "edge": "228671312#0", "links": [5, 6, 7, 8], "bearing": 30.6}}, {"type": "Feature", "geometry": {"type": "Point", "coordinates": [2.1330217, 41.398364]}, "properties": {"tls": "GS_cluster_2914411511_330414541", "edge": "1236121804#3", "links": [9, 10, 11, 12], "bearing": 138.3}}, {"type": "Feature", "geometry": {"type": "Point", "coordinates": [2.1368048, 41.3668062]}, "properties": {"tls": "GS_cluster_2915525921_3299255723_3299255725", "edge": "382752011#0", "links": [0, 1, 2], "bearing": 141.3}}, {"type": "Feature", "geometry": {"type": "Point", "coordinates": [2.1369676, 41.3667341]}, "properties": {"tls": "GS_cluster_2915525921_3299255723_3299255725", "edge": "539012770", "links": [3, 4, 5, 6], "bearing": 258.4}}, {"type": "Feature", "geometry": {"type": "Point", "coordinates": [2.1366899, 41.3665563]}, "properties": {"tls": "GS_cluster_2915525921_3299255723_3299255725", "edge": "81794398#0", "links": [7], "bearing": 58.3}}, {"type": "Feature", "geometry": {"type": "Point", "coordinates": [2.1366035, 41.3665827]}, "properties": {"tls": "GS_cluster_2915525921_3299255723_3299255725", "edge": "323129116#0", "links": [8, 9], "bearing": 72.5}}, {"type": "Feature", "geometry": {"type": "Point", "coordinates": [2.1935158, 41.3882711]}, "properties": {"tls": "GS_cluster_30242976_71709940", "edge": "546607925#0", "links": [0, 1], "bearing": 223.4}}, {"type": "Feature", "geometry": {"type": "Point", "coordinates": [2.1934508, 41.3880536]}, "properties": {"tls": "GS_cluster_30242976_71709940", "edge": "9412954#0", "links": [2, 3], "bearing": 37.7}}, {"type": "Feature", "geometry": {"type": "Point", "coordinates": [2.1933632, 41.3882539]}, "properties": {"tls": "GS_cluster_30242976_71709940", "edge": "22689284#2", "links": [4, 5, 6, 7], "bearing": 134.7}}, {"type": "Feature", "geometry": {"type": "Point", "coordinates": [2.1409278, 41.4045377]}, "properties": {"tls": "GS_cluster_30247382_432467107", "edge": "287522315#0", "links": [0, 1, 2, 3], "bearing": 245.3}}, {"type": "Feature", "geometry": {"type": "Point", "coordinates": [2.1409804, 41.4043444]}, "properties": {"tls": "GS_cluster_30247382_432467107", "edge": "-37133254#2", "links": [4, 5, 6, 7, 8], "bearing": 297.3}}, {"type": "Feature", "geometry": {"type": "Point", "coordinates": [2.1405314, 41.4042704]}, "properties": {"tls": "GS_cluster_30247382_432467107", "edge": "1395714800#0", "links": [9, 10, 11, 12], "bearing": 59.8}}, {"type": "Feature", "geometry": {"type": "Point", "coordinates": [2.1404729, 41.4044952]}, "properties": {"tls": "GS_cluster_30247382_432467107", "edge": "1408679285", "links": [13, 14, 15], "bearing": 126.4}}, {"type": "Feature", "geometry": {"type": "Point", "coordinates": [2.1694048, 41.3719002]}, "properties": {"tls": "GS_cluster_30248297_4834501706", "edge": "553309960#0", "links": [0, 1, 2, 3], "bearing": 202.2}}, {"type": "Feature", "geometry": {"type": "Point", "coordinates": [2.1694325, 41.3717447]}, "properties": {"tls": "GS_cluster_30248297_4834501706", "edge": "413441088#1", "links": [4, 5, 6, 7], "bearing": 226.3}}, {"type": "Feature", "geometry": {"type": "Point", "coordinates": [2.1693802, 41.3716034]}, "properties": {"tls": "GS_cluster_30248297_4834501706", "edge": "474464194#0", "links": [8, 9, 10, 11], "bearing": 22.7}}, {"type": "Feature", "geometry": {"type": "Point", "coordinates": [2.1692729, 41.3716815]}, "properties": {"tls": "GS_cluster_30248297_4834501706", "edge": "-314839726#2", "links": [12, 13, 14, 15], "bearing": 80.7}}, {"type": "Feature", "geometry": {"type": "Point", "coordinates": [2.1676429, 41.411138]}, "properties": {"tls": "GS_cluster_30254079_30295259", "edge": "121931996#8", "links": [0, 1], "bearing": 49.5}}, {"type": "Feature", "geometry": {"type": "Point", "coordinates": [2.1676778, 41.4112568]}, "properties": {"tls": "GS_cluster_30254079_30295259", "edge": "1408936320#0", "links": [2, 3, 4, 5], "bearing": 135.5}}, {"type": "Feature", "geometry": {"type": "Point", "coordinates": [2.1250467, 41.3732744]}, "properties": {"tls": "GS_cluster_30264647_7021902544", "edge": "4747959#1", "links": [0, 1], "bearing": 233.5}}, {"type": "Feature", "geometry": {"type": "Point", "coordinates": [2.1251773, 41.3730782]}, "properties": {"tls": "GS_cluster_30264647_7021902544", "edge": "-751081163", "links": [2, 3], "bearing": 307.8}}, {"type": "Feature", "geometry": {"type": "Point", "coordinates": [2.1248548, 41.373122]}, "properties": {"tls": "GS_cluster_30264647_7021902544", "edge": "55800844#1", "links": [4, 5, 6], "bearing": 41.6}}, {"type": "Feature", "geometry": {"type": "Point", "coordinates": [2.1248355, 41.3732254]}, "properties": {"tls": "GS_cluster_30264647_7021902544", "edge": "1280723716", "links": [7, 8], "bearing": 123.7}}, {"type": "Feature", "geometry": {"type": "Point", "coordinates": [2.1366559, 41.3765205]}, "properties": {"tls": "GS_cluster_30294325_530924816", "edge": "243598402#4", "links": [0, 1, 2], "bearing": 223.8}}, {"type": "Feature", "geometry": {"type": "Point", "coordinates": [2.1365337, 41.3762874]}, "properties": {"tls": "GS_cluster_30294325_530924816", "edge": "497952257", "links": [3, 4, 5], "bearing": 38.9}}, {"type": "Feature", "geometry": {"type": "Point", "coordinates": [2.1365404, 41.3765398]}, "properties": {"tls": "GS_cluster_30294325_530924816", "edge": "4750176#6", "links": [6, 7, 8], "bearing": 162.4}}, {"type": "Feature", "geometry": {"type": "Point", "coordinates": [2.1330959, 41.3856682]}, "properties": {"tls": "GS_cluster_30294478_5264614128_7223680633", "edge": "906505550#1", "links": [0, 1, 2, 3], "bearing": 234.5}}, {"type": "Feature", "geometry": {"type": "Point", "coordinates": [2.1328271, 41.3854127]}, "properties": {"tls": "GS_cluster_30294478_5264614128_7223680633", "edge": "-544124172#1", "links": [4, 5], "bearing": 48.1}}, {"type": "Feature", "geometry": {"type": "Point", "coordinates": [2.1329089, 41.3857129]}, "properties": {"tls": "GS_cluster_30294478_5264614128_7223680633", "edge": "664808384#0", "links": [6, 7, 8], "bearing": 144.3}}, {"type": "Feature", "geometry": {"type": "Point", "coordinates": [2.1205807, 41.3997121]}, "properties": {"tls": "GS_cluster_30294530_533615996", "edge": "-145033028#4", "links": [0, 1, 2, 3], "bearing": 242.1}}, {"type": "Feature", "geometry": {"type": "Point", "coordinates": [2.1202952, 41.3995007]}, "properties": {"tls": "GS_cluster_30294530_533615996", "edge": "1530041777#0", "links": [4, 5, 6, 7], "bearing": 55.4}}, {"type": "Feature", "geometry": {"type": "Point", "coordinates": [2.1204173, 41.3997538]}, "properties": {"tls": "GS_cluster_30294530_533615996", "edge": "35766195#0", "links": [8, 9, 10], "bearing": 150.5}}, {"type": "Feature", "geometry": {"type": "Point", "coordinates": [2.1166753, 41.4037338]}, "properties": {"tls": "GS_cluster_30294552_359547244", "edge": "32036931#0", "links": [0, 1, 2], "bearing": 219.4}}, {"type": "Feature", "geometry": {"type": "Point", "coordinates": [2.1168225, 41.4035581]}, "properties": {"tls": "GS_cluster_30294552_359547244", "edge": "195697441#3", "links": [3, 4, 5], "bearing": 298.6}}, {"type": "Feature", "geometry": {"type": "Point", "coordinates": [2.1165846, 41.403493]}, "properties": {"tls": "GS_cluster_30294552_359547244", "edge": "288612542#0", "links": [6, 7, 8], "bearing": 41.4}}, {"type": "Feature", "geometry": {"type": "Point", "coordinates": [2.1164266, 41.4036426]}, "properties": {"tls": "GS_cluster_30294552_359547244", "edge": "-208614081#2", "links": [9, 10], "bearing": 100.0}}, {"type": "Feature", "geometry": {"type": "Point", "coordinates": [2.1201979, 41.406076]}, "properties": {"tls": "GS_cluster_30294654_381009510", "edge": "34211428#1", "links": [0, 1, 2], "bearing": 227.1}}, {"type": "Feature", "geometry": {"type": "Point", "coordinates": [2.1201356, 41.4058112]}, "properties": {"tls": "GS_cluster_30294654_381009510", "edge": "44868705#0", "links": [3, 4, 5], "bearing": 62.5}}, {"type": "Feature", "geometry": {"type": "Point", "coordinates": [2.1199447, 41.4060054]}, "properties": {"tls": "GS_cluster_30294654_381009510", "edge": "114716704#0", "links": [6, 7, 8, 9], "bearing": 147.0}}, {"type": "Feature", "geometry": {"type": "Point", "coordinates": [2.1299827, 41.4129597]}, "properties": {"tls": "GS_cluster_30294696_3055187868", "edge": "314818142#0", "links": [0, 1], "bearing": 224.6}}, {"type": "Feature", "geometry": {"type": "Point", "coordinates": [2.1300855, 41.4127847]}, "properties": {"tls": "GS_cluster_30294696_3055187868", "edge": "4750248#2", "links": [2, 3], "bearing": 307.1}}, {"type": "Feature", "geometry": {"type": "Point", "coordinates": [2.1299134, 41.4127892]}, "properties": {"tls": "GS_cluster_30294696_3055187868", "edge": "139261492#0", "links": [4, 5], "bearing": 46.5}}, {"type": "Feature", "geometry": {"type": "Point", "coordinates": [2.1891632, 41.418661]}, "properties": {"tls": "GS_cluster_30332606_8223182475", "edge": "1409588483#0", "links": [0, 1, 2, 3], "bearing": 316.0}}, {"type": "Feature", "geometry": {"type": "Point", "coordinates": [2.1888736, 41.4187174]}, "properties": {"tls": "GS_cluster_30332606_8223182475", "edge": "1409588484#0", "links": [4, 5, 6], "bearing": 43.5}}, {"type": "Feature", "geometry": {"type": "Point", "coordinates": [2.1523672, 41.4086061]}, "properties": {"tls": "GS_cluster_30554843_415955415", "edge": "263332201#3", "links": [0, 1, 2, 3], "bearing": 245.2}}, {"type": "Feature", "geometry": {"type": "Point", "coordinates": [2.1522011, 41.4084486]}, "properties": {"tls": "GS_cluster_30554843_415955415", "edge": "237655883#0", "links": [4, 5, 6, 7], "bearing": 65.3}}, {"type": "Feature", "geometry": {"type": "Point", "coordinates": [2.1521685, 41.4086542]}, "properties": {"tls": "GS_cluster_30554843_415955415", "edge": "238466736#2", "links": [8, 9, 10, 11], "bearing": 145.7}}, {"type": "Feature", "geometry": {"type": "Point", "coordinates": [2.1790635, 41.4147555]}, "properties": {"tls": "GS_cluster_30555012_308729529", "edge": "552864708#3", "links": [0, 1, 2, 3], "bearing": 225.4}}, {"type": "Feature", "geometry": {"type": "Point", "coordinates": [2.1789279, 41.4145008]}, "properties": {"tls": "GS_cluster_30555012_308729529", "edge": "237549916#0", "links": [4, 5], "bearing": 315.0}}, {"type": "Feature", "geometry": {"type": "Point", "coordinates": [2.145927, 41.4057349]}, "properties": {"tls": "GS_cluster_30558292_412549139", "edge": "543586124", "links": [0, 1, 2, 3], "bearing": 262.5}}, {"type": "Feature", "geometry": {"type": "Point", "coordinates": [2.145654, 41.4055075]}, "properties": {"tls": "GS_cluster_30558292_412549139", "edge": "-54514987", "links": [4, 5, 6], "bearing": 317.0}}, {"type": "Feature", "geometry": {"type": "Point", "coordinates": [2.1454965, 41.4055054]}, "properties": {"tls": "GS_cluster_30558292_412549139", "edge": "4776803#4", "links": [7, 8, 9, 10], "bearing": 37.8}}, {"type": "Feature", "geometry": {"type": "Point", "coordinates": [2.1454439, 41.4055836]}, "properties": {"tls": "GS_cluster_30558292_412549139", "edge": "543574890#0", "links": [11, 12, 13, 14], "bearing": 82.1}}, {"type": "Feature", "geometry": {"type": "Point", "coordinates": [2.1414853, 41.3720601]}, "properties": {"tls": "GS_cluster_30686214_7037105630", "edge": "187557302#0", "links": [0], "bearing": 311.8}}, {"type": "Feature", "geometry": {"type": "Point", "coordinates": [2.1412929, 41.372038]}, "properties": {"tls": "GS_cluster_30686214_7037105630", "edge": "661154522#12", "links": [1, 2], "bearing": 50.3}}, {"type": "Feature", "geometry": {"type": "Point", "coordinates": [2.1413089, 41.3721517]}, "properties": {"tls": "GS_cluster_30686214_7037105630", "edge": "309246607#0", "links": [3, 4], "bearing": 144.9}}, {"type": "Feature", "geometry": {"type": "Point", "coordinates": [2.1616026, 41.4137959]}, "properties": {"tls": "GS_cluster_30688879_30688880_4475342368", "edge": "542990505#1", "links": [0, 1, 2, 3, 4], "bearing": 240.4}}, {"type": "Feature", "geometry": {"type": "Point", "coordinates": [2.1610423, 41.4134228]}, "properties": {"tls": "GS_cluster_30688879_30688880_4475342368", "edge": "-542149424#1", "links": [5, 6, 7], "bearing": 51.8}}, {"type": "Feature", "geometry": {"type": "Point", "coordinates": [2.1613872, 41.4138448]}, "properties": {"tls": "GS_cluster_30688879_30688880_4475342368", "edge": "-23432548#2", "links": [8, 9, 10, 11, 12], "bearing": 160.6}}, {"type": "Feature", "geometry": {"type": "Point", "coordinates": [2.134833, 41.4001006]}, "properties": {"tls": "GS_cluster_3191418779_3191418780", "edge": "237515358#1", "links": [0, 1, 2], "bearing": 220.5}}, {"type": "Feature", "geometry": {"type": "Point", "coordinates": [2.1350149, 41.3999415]}, "properties": {"tls": "GS_cluster_3191418779_3191418780", "edge": "4776811#8", "links": [3, 4, 5], "bearing": 273.2}}, {"type": "Feature", "geometry": {"type": "Point", "coordinates": [2.1347687, 41.3998673]}, "properties": {"tls": "GS_cluster_3191418779_3191418780", "edge": "237506959#0", "links": [6, 7, 8], "bearing": 36.3}}, {"type": "Feature", "geometry": {"type": "Point", "coordinates": [2.1163267, 41.3781147]}, "properties": {"tls": "GS_cluster_35120255_687897083", "edge": "1108422286#0", "links": [0, 1, 2], "bearing": 236.3}}, {"type": "Feature", "geometry": {"type": "Point", "coordinates": [2.1163278, 41.3779222]}, "properties": {"tls": "GS_cluster_35120255_687897083", "edge": "1230856537#0", "links": [3, 4, 5], "bearing": 338.1}}, {"type": "Feature", "geometry": {"type": "Point", "coordinates": [2.1161438, 41.3779368]}, "properties": {"tls": "GS_cluster_35120255_687897083", "edge": "1108422288#0", "links": [6, 7, 8], "bearing": 58.3}}, {"type": "Feature", "geometry": {"type": "Point", "coordinates": [2.1175248, 41.3912395]}, "properties": {"tls": "GS_cluster_359237300_8529602573", "edge": "871723193#0", "links": [0, 1], "bearing": 318.6}}, {"type": "Feature", "geometry": {"type": "Point", "coordinates": [2.1172903, 41.3911667]}, "properties": {"tls": "GS_cluster_359237300_8529602573", "edge": "31823242#3", "links": [2, 3, 4], "bearing": 50.3}}, {"type": "Feature", "geometry": {"type": "Point", "coordinates": [2.1173147, 41.3913045]}, "properties": {"tls": "GS_cluster_359237300_8529602573", "edge": "871723184#0", "links": [5, 6, 7], "bearing": 136.4}}, {"type": "Feature", "geometry": {"type": "Point", "coordinates": [2.1361028, 41.3760124]}, "properties": {"tls": "GS_cluster_364992715_565479524", "edge": "497952259#3", "links": [0, 1], "bearing": 209.6}}, {"type": "Feature", "geometry": {"type": "Point", "coordinates": [2.1360893, 41.3758152]}, "properties": {"tls": "GS_cluster_364992715_565479524", "edge": "18431550", "links": [2, 3, 4, 5], "bearing": 353.5}}, {"type": "Feature", "geometry": {"type": "Point", "coordinates": [2.1722999, 41.4190155]}, "properties": {"tls": "GS_cluster_3772706298_387127681", "edge": "237725941#3", "links": [0, 1, 2], "bearing": 206.9}}, {"type": "Feature", "geometry": {"type": "Point", "coordinates": [2.1721398, 41.4186683]}, "properties": {"tls": "GS_cluster_3772706298_387127681", "edge": "-542968992#2", "links": [3, 4], "bearing": 29.3}}, {"type": "Feature", "geometry": {"type": "Point", "coordinates": [2.1721442, 41.4189988]}, "properties": {"tls": "GS_cluster_3772706298_387127681", "edge": "33800436#0", "links": [5, 6, 7], "bearing": 123.9}}, {"type": "Feature", "geometry": {"type": "Point", "coordinates": [2.1915733, 41.3947913]}, "properties": {"tls": "GS_cluster_381897075_382063644", "edge": "237927201#0", "links": [0, 1, 2, 3], "bearing": 234.7}}, {"type": "Feature", "geometry": {"type": "Point", "coordinates": [2.1915601, 41.3946665]}, "properties": {"tls": "GS_cluster_381897075_382063644", "edge": "910018160#0", "links": [4, 5, 6], "bearing": 318.1}}, {"type": "Feature", "geometry": {"type": "Point", "coordinates": [2.1911624, 41.3949301]}, "properties": {"tls": "GS_cluster_381897075_382063644", "edge": "-1164666379", "links": [7], "bearing": 129.6}}, {"type": "Feature", "geometry": {"type": "Point", "coordinates": [2.1170886, 41.3857632]}, "properties": {"tls": "GS_cluster_390057403_823781718", "edge": "-543400544#2", "links": [0, 1, 2, 3, 4], "bearing": 252.0}}, {"type": "Feature", "geometry": {"type": "Point", "coordinates": [2.1167307, 41.3855867]}, "properties": {"tls": "GS_cluster_390057403_823781718", "edge": "543748715", "links": [5, 6, 7, 8, 9], "bearing": 72.0}}, {"type": "Feature", "geometry": {"type": "Point", "coordinates": [2.1167709, 41.3857993]}, "properties": {"tls": "GS_cluster_390057403_823781718", "edge": "68506267#0", "links": [10, 11, 12, 13, 14, 15, 16, 17], "bearing": 168.5}}, {"type": "Feature", "geometry": {"type": "Point", "coordinates": [2.1470018, 41.4058104]}, "properties": {"tls": "GS_cluster_412370999_412371000", "edge": "23432710#0", "links": [0, 1, 2, 3], "bearing": 265.5}}, {"type": "Feature", "geometry": {"type": "Point", "coordinates": [2.146991, 41.4056287]}, "properties": {"tls": "GS_cluster_412370999_412371000", "edge": "-35157139", "links": [4], "bearing": 316.8}}, {"type": "Feature", "geometry": {"type": "Point", "coordinates": [2.1465962, 41.4056908]}, "properties": {"tls": "GS_cluster_412370999_412371000", "edge": "287522297#0", "links": [5, 6, 7], "bearing": 85.4}}, {"type": "Feature", "geometry": {"type": "Point", "coordinates": [2.1466162, 41.4058846]}, "properties": {"tls": "GS_cluster_412370999_412371000", "edge": "35157140#1", "links": [8, 9, 10], "bearing": 134.0}}, {"type": "Feature", "geometry": {"type": "Point", "coordinates": [2.1538476, 41.4091428]}, "properties": {"tls": "GS_cluster_415955417_8530189630", "edge": "263332201#0", "links": [0, 1, 2], "bearing": 245.8}}, {"type": "Feature", "geometry": {"type": "Point", "coordinates": [2.1538895, 41.4089204]}, "properties": {"tls": "GS_cluster_415955417_8530189630", "edge": "309896344#0", "links": [3, 4, 5], "bearing": 325.3}}, {"type": "Feature", "geometry": {"type": "Point", "coordinates": [2.1536998, 41.4089733]}, "properties": {"tls": "GS_cluster_415955417_8530189630", "edge": "554923041#0", "links": [6, 7, 8], "bearing": 65.7}}, {"type": "Feature", "geometry": {"type": "Point", "coordinates": [2.1744061, 41.394203]}, "properties": {"tls": "GS_cluster_431484966_559787238", "edge": "519375851#0", "links": [0, 1, 2, 3], "bearing": 244.3}}, {"type": "Feature", "geometry": {"type": "Point", "coordinates": [2.174304, 41.393956]}, "properties": {"tls": "GS_cluster_431484966_559787238", "edge": "1393168907", "links": [4, 5, 6, 7, 8], "bearing": 45.8}}, {"type": "Feature", "geometry": {"type": "Point", "coordinates": [2.1742156, 41.394228]}, "properties": {"tls": "GS_cluster_431484966_559787238", "edge": "449991616#9", "links": [9, 10, 11, 12, 13, 14], "bearing": 135.6}}, {"type": "Feature", "geometry": {"type": "Point", "coordinates": [2.1348661, 41.4024371]}, "properties": {"tls": "GS_cluster_432509967_432510087", "edge": "1525578853#0", "links": [0, 1], "bearing": 235.3}}, {"type": "Feature", "geometry": {"type": "Point", "coordinates": [2.1348485, 41.4023316]}, "properties": {"tls": "GS_cluster_432509967_432510087", "edge": "-308379366#2", "links": [2], "bearing": 320.1}}, {"type": "Feature", "geometry": {"type": "Point", "coordinates": [2.1345816, 41.4024035]}, "properties": {"tls": "GS_cluster_432509967_432510087", "edge": "138213574#0", "links": [3, 4], "bearing": 49.6}}, {"type": "Feature", "geometry": {"type": "Point", "coordinates": [2.1345962, 41.4025151]}, "properties": {"tls": "GS_cluster_432509967_432510087", "edge": "308379368#0", "links": [5], "bearing": 140.8}}, {"type": "Feature", "geometry": {"type": "Point", "coordinates": [2.1378481, 41.3773713]}, "properties": {"tls": "GS_cluster_532408981_539147486", "edge": "243598402#0", "links": [0, 1], "bearing": 235.2}}, {"type": "Feature", "geometry": {"type": "Point", "coordinates": [2.1377317, 41.377222]}, "properties": {"tls": "GS_cluster_532408981_539147486", "edge": "831157582#0", "links": [2, 3, 4, 5], "bearing": 54.5}}, {"type": "Feature", "geometry": {"type": "Point", "coordinates": [2.2031179, 41.4099947]}, "properties": {"tls": "GS_cluster_544223009_544223016", "edge": "48719209#3", "links": [0, 1, 2], "bearing": 214.9}}, {"type": "Feature", "geometry": {"type": "Point", "coordinates": [2.2029943, 41.4098288]}, "properties": {"tls": "GS_cluster_544223009_544223016", "edge": "4750542#0", "links": [3], "bearing": 33.5}}, {"type": "Feature", "geometry": {"type": "Point", "coordinates": [2.202762, 41.4101428]}, "properties": {"tls": "GS_cluster_544223009_544223016", "edge": "24220823#1", "links": [4, 5], "bearing": 137.2}}, {"type": "Feature", "geometry": {"type": "Point", "coordinates": [2.1284039, 41.4117675]}, "properties": {"tls": "GS_cluster_556364033_998761492", "edge": "314818142#4", "links": [0, 1, 2], "bearing": 224.5}}, {"type": "Feature", "geometry": {"type": "Point", "coordinates": [2.1283482, 41.4116059]}, "properties": {"tls": "GS_cluster_556364033_998761492", "edge": "38382909#0", "links": [3, 4, 5], "bearing": 44.8}}, {"type": "Feature", "geometry": {"type": "Point", "coordinates": [2.1303568, 41.3677648]}, "properties": {"tls": "GS_cluster_6712164116_966339755", "edge": "-80394342#4", "links": [0, 1, 2], "bearing": 249.3}}, {"type": "Feature", "geometry": {"type": "Point", "coordinates": [2.1303478, 41.3676]}, "properties": {"tls": "GS_cluster_6712164116_966339755", "edge": "80394343#0", "links": [3, 4, 5], "bearing": 329.8}}, {"type": "Feature", "geometry": {"type": "Point", "coordinates": [2.1300971, 41.3676322]}, "properties": {"tls": "GS_cluster_6712164116_966339755", "edge": "1108381232#0", "links": [6, 7, 8, 9], "bearing": 64.9}}, {"type": "Feature", "geometry": {"type": "Point", "coordinates": [2.1653091, 41.3689402]}, "properties": {"tls": "GS_cluster_856946776_856946804", "edge": "-237529494#2", "links": [0, 1], "bearing": 270.8}}, {"type": "Feature", "geometry": {"type": "Point", "coordinates": [2.1652063, 41.3688342]}, "properties": {"tls": "GS_cluster_856946776_856946804", "edge": "549767385#0", "links": [2, 3], "bearing": 0.4}}, {"type": "Feature", "geometry": {"type": "Point", "coordinates": [2.1646918, 41.3689143]}, "properties": {"tls": "GS_cluster_856946776_856946804", "edge": "246548946#1", "links": [4, 5], "bearing": 91.5}}, {"type": "Feature", "geometry": {"type": "Point", "coordinates": [2.1765964, 41.3959337]}, "properties": {"tls": "cluster_10036079926_1311833055_250794418_431481389_#2more", "edge": "545747645#0", "links": [0, 1], "bearing": 201.0}}, {"type": "Feature", "geometry": {"type": "Point", "coordinates": [2.1769017, 41.395571]}, "properties": {"tls": "cluster_10036079926_1311833055_250794418_431481389_#2more", "edge": "549749264#0", "links": [2, 3, 4, 5, 6, 7, 8, 9, 10], "bearing": 315.6}}, {"type": "Feature", "geometry": {"type": "Point", "coordinates": [2.1764796, 41.3955109]}, "properties": {"tls": "cluster_10036079926_1311833055_250794418_431481389_#2more", "edge": "23191709#0", "links": [11, 12, 13, 14, 15, 16, 17], "bearing": 33.6}}, {"type": "Feature", "geometry": {"type": "Point", "coordinates": [2.1763309, 41.3955332]}, "properties": {"tls": "cluster_10036079926_1311833055_250794418_431481389_#2more", "edge": "217617443#0", "links": [18, 19, 20, 21, 22, 23, 24], "bearing": 53.8}}, {"type": "Feature", "geometry": {"type": "Point", "coordinates": [2.134789, 41.38752]}, "properties": {"tls": "cluster_10042265495_269383243_6247804776_998592677", "edge": "86057932#8", "links": [0, 1], "bearing": 234.4}}, {"type": "Feature", "geometry": {"type": "Point", "coordinates": [2.1342641, 41.3876457]}, "properties": {"tls": "cluster_10042265495_269383243_6247804776_998592677", "edge": "170237545#1", "links": [2, 3, 4], "bearing": 52.9}}, {"type": "Feature", "geometry": {"type": "Point", "coordinates": [2.1343069, 41.3877775]}, "properties": {"tls": "cluster_10042265495_269383243_6247804776_998592677", "edge": "1395746242#0", "links": [5, 6, 7, 8], "bearing": 144.1}}, {"type": "Feature", "geometry": {"type": "Point", "coordinates": [2.1914135, 41.4170807]}, "properties": {"tls": "cluster_10042802545_10042802546_10042808607_10042808608_#4more", "edge": "1525320737#0", "links": [0, 1], "bearing": 180.2}}, {"type": "Feature", "geometry": {"type": "Point", "coordinates": [2.1915903, 41.4167956]}, "properties": {"tls": "cluster_10042802545_10042802546_10042808607_10042808608_#4more", "edge": "884229099", "links": [2, 3, 4], "bearing": 289.1}}, {"type": "Feature", "geometry": {"type": "Point", "coordinates": [2.191615, 41.4168633]}, "properties": {"tls": "cluster_10042802545_10042802546_10042808607_10042808608_#4more", "edge": "884229100", "links": [5, 6, 7], "bearing": 311.5}}, {"type": "Feature", "geometry": {"type": "Point", "coordinates": [2.1914816, 41.4167405]}, "properties": {"tls": "cluster_10042802545_10042802546_10042808607_10042808608_#4more", "edge": "1096725484#0", "links": [8, 9, 10], "bearing": 3.9}}, {"type": "Feature", "geometry": {"type": "Point", "coordinates": [2.1908507, 41.4167743]}, "properties": {"tls": "cluster_10042802545_10042802546_10042808607_10042808608_#4more", "edge": "32321733#8", "links": [11], "bearing": 44.7}}, {"type": "Feature", "geometry": {"type": "Point", "coordinates": [2.1871639, 41.4122902]}, "properties": {"tls": "cluster_10062512783_2293731594_2293736615_30556161_#2more", "edge": "450130969", "links": [0, 1, 2, 3, 4, 5, 6], "bearing": 225.0}}, {"type": "Feature", "geometry": {"type": "Point", "coordinates": [2.1869958, 41.411856]}, "properties": {"tls": "cluster_10062512783_2293731594_2293736615_30556161_#2more", "edge": "723488716#0", "links": [7, 8, 9, 10], "bearing": 0.0}}, {"type": "Feature", "geometry": {"type": "Point", "coordinates": [2.1866408, 41.4123256]}, "properties": {"tls": "cluster_10062512783_2293731594_2293736615_30556161_#2more", "edge": "4776440#7", "links": [11, 12, 13], "bearing": 120.8}}, {"type": "Feature", "geometry": {"type": "Point", "coordinates": [2.1867858, 41.4123886]}, "properties": {"tls": "cluster_10062512783_2293731594_2293736615_30556161_#2more", "edge": "867198805#0", "links": [14, 15, 16, 17], "bearing": 179.6}}, {"type": "Feature", "geometry": {"type": "Point", "coordinates": [2.1444125, 41.3810711]}, "properties": {"tls": "cluster_1012330342_340193179", "edge": "247548699#0", "links": [0, 1, 2, 3], "bearing": 242.4}}, {"type": "Feature", "geometry": {"type": "Point", "coordinates": [2.1445092, 41.3808153]}, "properties": {"tls": "cluster_1012330342_340193179", "edge": "790657052#0", "links": [4, 5, 6, 7, 8], "bearing": 316.6}}, {"type": "Feature", "geometry": {"type": "Point", "coordinates": [2.1442116, 41.3807987]}, "properties": {"tls": "cluster_1012330342_340193179", "edge": "87031380#0", "links": [9, 10, 11], "bearing": 59.5}}, {"type": "Feature", "geometry": {"type": "Point", "coordinates": [2.1615772, 41.375048]}, "properties": {"tls": "cluster_10140262448_10140262450_4834501645", "edge": "601816556#0", "links": [0, 1, 2], "bearing": 270.0}}, {"type": "Feature", "geometry": {"type": "Point", "coordinates": [2.1614559, 41.3748296]}, "properties": {"tls": "cluster_10140262448_10140262450_4834501645", "edge": "457712202#0", "links": [3, 4, 5], "bearing": 26.3}}, {"type": "Feature", "geometry": {"type": "Point", "coordinates": [2.161401, 41.3749243]}, "properties": {"tls": "cluster_10140262448_10140262450_4834501645", "edge": "1213565167#0", "links": [6, 7, 8], "bearing": 90.9}}, {"type": "Feature", "geometry": {"type": "Point", "coordinates": [2.1507014, 41.3796635]}, "properties": {"tls": "cluster_10177321808_11363307237_30242853", "edge": "-1112399029", "links": [0], "bearing": 207.2}}, {"type": "Feature", "geometry": {"type": "Point", "coordinates": [2.1507661, 41.3795039]}, "properties": {"tls": "cluster_10177321808_11363307237_30242853", "edge": "1112399032#0", "links": [1, 2, 3, 4], "bearing": 317.2}}, {"type": "Feature", "geometry": {"type": "Point", "coordinates": [2.1503508, 41.3797045]}, "properties": {"tls": "cluster_10177321808_11363307237_30242853", "edge": "1225338798#0", "links": [5], "bearing": 5.7}}, {"type": "Feature", "geometry": {"type": "Point", "coordinates": [2.1529517, 41.3813773]}, "properties": {"tls": "cluster_10177367824_10177367826_30242855", "edge": "-1112400996", "links": [0, 1], "bearing": 201.2}}, {"type": "Feature", "geometry": {"type": "Point", "coordinates": [2.1529978, 41.3812324]}, "properties": {"tls": "cluster_10177367824_10177367826_30242855", "edge": "918438451#5", "links": [2, 3, 4, 5], "bearing": 315.2}}, {"type": "Feature", "geometry": {"type": "Point", "coordinates": [2.1526231, 41.3814172]}, "properties": {"tls": "cluster_10177367824_10177367826_30242855", "edge": "1226147683", "links": [6], "bearing": 43.0}}, {"type": "Feature", "geometry": {"type": "Point", "coordinates": [2.1539682, 41.3820834]}, "properties": {"tls": "cluster_10177414047_10177414048_30242856", "edge": "1112404131", "links": [0], "bearing": 80.0}}, {"type": "Feature", "geometry": {"type": "Point", "coordinates": [2.1537515, 41.3823806]}, "properties": {"tls": "cluster_10177414047_10177414048_30242856", "edge": "1112404129#4", "links": [1, 2, 3, 4], "bearing": 135.9}}, {"type": "Feature", "geometry": {"type": "Point", "coordinates": [2.1630092, 41.3888883]}, "properties": {"tls": "cluster_10181609591_30242862_3314294600", "edge": "1112801405", "links": [0, 1], "bearing": 71.7}}, {"type": "Feature", "geometry": {"type": "Point", "coordinates": [2.1627619, 41.3892306]}, "properties": {"tls": "cluster_10181609591_30242862_3314294600", "edge": "1112801401#0", "links": [2, 3, 4, 5, 6], "bearing": 136.0}}, {"type": "Feature", "geometry": {"type": "Point", "coordinates": [2.1586571, 41.3854841]}, "properties": {"tls": "cluster_10181609602_10181609603_2988040827", "edge": "237506925#3", "links": [0, 1, 2, 3], "bearing": 316.1}}, {"type": "Feature", "geometry": {"type": "Point", "coordinates": [2.158255, 41.3856859]}, "properties": {"tls": "cluster_10181609602_10181609603_2988040827", "edge": "1112801421", "links": [4, 5], "bearing": 40.9}}, {"type": "Feature", "geometry": {"type": "Point", "coordinates": [2.1689142, 41.3931358]}, "properties": {"tls": "cluster_10182235275_10182235276_7515360140", "edge": "449991634#0", "links": [0, 1, 2, 3], "bearing": 316.7}}, {"type": "Feature", "geometry": {"type": "Point", "coordinates": [2.1684685, 41.3933383]}, "properties": {"tls": "cluster_10182235275_10182235276_7515360140", "edge": "1112878644", "links": [4, 5], "bearing": 31.3}}, {"type": "Feature", "geometry": {"type": "Point", "coordinates": [2.1675411, 41.3922888]}, "properties": {"tls": "cluster_10182235280_10182235282_30242865", "edge": "1112878651#0", "links": [0], "bearing": 58.8}}, {"type": "Feature", "geometry": {"type": "Point", "coordinates": [2.1672579, 41.3926106]}, "properties": {"tls": "cluster_10182235280_10182235282_30242865", "edge": "803424578#0", "links": [1, 2, 3, 4], "bearing": 133.7}}, {"type": "Feature", "geometry": {"type": "Point", "coordinates": [2.1676918, 41.3976971]}, "properties": {"tls": "cluster_10182303351_10182303354_30243247", "edge": "116315045#0", "links": [0, 1, 2, 3], "bearing": 225.3}}, {"type": "Feature", "geometry": {"type": "Point", "coordinates": [2.1674846, 41.3974236]}, "properties": {"tls": "cluster_10182303351_10182303354_30243247", "edge": "1112883653", "links": [4, 5], "bearing": 294.0}}, {"type": "Feature", "geometry": {"type": "Point", "coordinates": [2.1688258, 41.3967448]}, "properties": {"tls": "cluster_10182303357_10182303358_30243248", "edge": "1112883662", "links": [0], "bearing": 333.4}}, {"type": "Feature", "geometry": {"type": "Point", "coordinates": [2.1684518, 41.3965497]}, "properties": {"tls": "cluster_10182303357_10182303358_30243248", "edge": "1112883658#0", "links": [1, 2, 3, 4], "bearing": 44.5}}, {"type": "Feature", "geometry": {"type": "Point", "coordinates": [2.1541743, 41.3841108]}, "properties": {"tls": "cluster_10182310913_10182310914_1532752082", "edge": "1369695508#0", "links": [0, 1, 2, 3, 4], "bearing": 225.2}}, {"type": "Feature", "geometry": {"type": "Point", "coordinates": [2.1537418, 41.3839187]}, "properties": {"tls": "cluster_10182310913_10182310914_1532752082", "edge": "1226855076", "links": [5], "bearing": 184.9}}, {"type": "Feature", "geometry": {"type": "Point", "coordinates": [2.1491929, 41.3820566]}, "properties": {"tls": "cluster_10182331319_10182331320_30243315", "edge": "1409614862#0", "links": [0, 1, 2], "bearing": 47.0}}, {"type": "Feature", "geometry": {"type": "Point", "coordinates": [2.1494478, 41.3823625]}, "properties": {"tls": "cluster_10182331319_10182331320_30243315", "edge": "1112886308#0", "links": [3], "bearing": 108.0}}, {"type": "Feature", "geometry": {"type": "Point", "coordinates": [2.1507651, 41.3815508]}, "properties": {"tls": "cluster_10182331324_10182331327_30246822", "edge": "1408548654#0", "links": [0, 1, 2, 3], "bearing": 226.5}}, {"type": "Feature", "geometry": {"type": "Point", "coordinates": [2.1507772, 41.3814279]}, "properties": {"tls": "cluster_10182331324_10182331327_30246822", "edge": "-1226819173", "links": [4], "bearing": 330.9}}, {"type": "Feature", "geometry": {"type": "Point", "coordinates": [2.150344, 41.3813776]}, "properties": {"tls": "cluster_10182331324_10182331327_30246822", "edge": "1112886315", "links": [5], "bearing": 180.0}}, {"type": "Feature", "geometry": {"type": "Point", "coordinates": [2.1530093, 41.3798358]}, "properties": {"tls": "cluster_10182331330_10182331332_11368342269_30243043", "edge": "422439069#7", "links": [0, 1, 2], "bearing": 223.4}}, {"type": "Feature", "geometry": {"type": "Point", "coordinates": [2.1526079, 41.3796344]}, "properties": {"tls": "cluster_10182331330_10182331332_11368342269_30243043", "edge": "1225338790", "links": [3], "bearing": 152.1}}, {"type": "Feature", "geometry": {"type": "Point", "coordinates": [2.1822795, 41.3865783]}, "properties": {"tls": "cluster_10197280642_13199461399_13199461400_13199678802_#4more", "edge": "-236322684", "links": [0, 1, 2], "bearing": 328.3}}, {"type": "Feature", "geometry": {"type": "Point", "coordinates": [2.1819537, 41.3863943]}, "properties": {"tls": "cluster_10197280642_13199461399_13199461400_13199678802_#4more", "edge": "22431624", "links": [3, 4, 5], "bearing": 330.9}}, {"type": "Feature", "geometry": {"type": "Point", "coordinates": [2.1821016, 41.386754]}, "properties": {"tls": "cluster_10197280642_13199461399_13199461400_13199678802_#4more", "edge": "312564229#0", "links": [6, 7, 8, 9], "bearing": 143.1}}, {"type": "Feature", "geometry": {"type": "Point", "coordinates": [2.1564313, 41.4003535]}, "properties": {"tls": "cluster_1050231255_30333370_60969464_6835613382", "edge": "-1264830096", "links": [0, 1], "bearing": 320.0}}, {"type": "Feature", "geometry": {"type": "Point", "coordinates": [2.1562197, 41.4003209]}, "properties": {"tls": "cluster_1050231255_30333370_60969464_6835613382", "edge": "1264827309#0", "links": [2, 3, 4, 5], "bearing": 50.6}}, {"type": "Feature", "geometry": {"type": "Point", "coordinates": [2.1562305, 41.4004264]}, "properties": {"tls": "cluster_1050231255_30333370_60969464_6835613382", "edge": "122475982#1", "links": [6, 7, 8], "bearing": 137.6}}, {"type": "Feature", "geometry": {"type": "Point", "coordinates": [2.1564926, 41.4005891]}, "properties": {"tls": "cluster_1050231255_30333370_60969464_6835613382", "edge": "-1264830085", "links": [9], "bearing": 141.0}}, {"type": "Feature", "geometry": {"type": "Point", "coordinates": [2.1800027, 41.4121132]}, "properties": {"tls": "cluster_10693184067_30253579_30333308_6864603072", "edge": "4753802#2", "links": [0, 1, 2], "bearing": 226.3}}, {"type": "Feature", "geometry": {"type": "Point", "coordinates": [2.1798403, 41.4121256]}, "properties": {"tls": "cluster_10693184067_30253579_30333308_6864603072", "edge": "555296654#0", "links": [3, 4], "bearing": 134.4}}, {"type": "Feature", "geometry": {"type": "Point", "coordinates": [2.135959, 41.3923723]}, "properties": {"tls": "cluster_10793541409_269376044_6099715637_6099715644_#4more", "edge": "650072280#0", "links": [0, 1], "bearing": 251.4}}, {"type": "Feature", "geometry": {"type": "Point", "coordinates": [2.1358978, 41.3921979]}, "properties": {"tls": "cluster_10793541409_269376044_6099715637_6099715644_#4more", "edge": "32450852", "links": [2, 3, 4, 5], "bearing": 335.1}}, {"type": "Feature", "geometry": {"type": "Point", "coordinates": [2.1356734, 41.3923853]}, "properties": {"tls": "cluster_10793541409_269376044_6099715637_6099715644_#4more", "edge": "24793121#6", "links": [6, 7], "bearing": 163.6}}, {"type": "Feature", "geometry": {"type": "Point", "coordinates": [2.1280276, 41.3977976]}, "properties": {"tls": "cluster_10881879243_1595524645_364719688", "edge": "1355505720#0", "links": [0, 1, 2, 3, 4, 5], "bearing": 273.9}}, {"type": "Feature", "geometry": {"type": "Point", "coordinates": [2.1275518, 41.3973547]}, "properties": {"tls": "cluster_10881879243_1595524645_364719688", "edge": "-32435281#3", "links": [6, 7, 8, 9], "bearing": 50.4}}, {"type": "Feature", "geometry": {"type": "Point", "coordinates": [2.1273482, 41.3977649]}, "properties": {"tls": "cluster_10881879243_1595524645_364719688", "edge": "-208616309", "links": [10, 11, 12, 13, 14, 15], "bearing": 94.2}}, {"type": "Feature", "geometry": {"type": "Point", "coordinates": [2.1300771, 41.3979699]}, "properties": {"tls": "cluster_10881879254_12913993812_13954767477_13954767478_#2more", "edge": "1531122895", "links": [0, 1, 2, 3], "bearing": 204.7}}, {"type": "Feature", "geometry": {"type": "Point", "coordinates": [2.1303237, 41.3977967]}, "properties": {"tls": "cluster_10881879254_12913993812_13954767477_13954767478_#2more", "edge": "308378772#0", "links": [4, 5, 6, 7], "bearing": 269.9}}, {"type": "Feature", "geometry": {"type": "Point", "coordinates": [2.1299084, 41.3977348]}, "properties": {"tls": "cluster_10881879254_12913993812_13954767477_13954767478_#2more", "edge": "-1531122898#1", "links": [8, 9, 10, 11], "bearing": 89.9}}, {"type": "Feature", "geometry": {"type": "Point", "coordinates": [2.1697996, 41.3939907]}, "properties": {"tls": "cluster_10893712430_10893712431_30242867", "edge": "1172479595#0", "links": [0], "bearing": 89.3}}, {"type": "Feature", "geometry": {"type": "Point", "coordinates": [2.1695581, 41.3943023]}, "properties": {"tls": "cluster_10893712430_10893712431_30242867", "edge": "483469230#0", "links": [1, 2, 3, 4], "bearing": 137.4}}, {"type": "Feature", "geometry": {"type": "Point", "coordinates": [2.172095, 41.3957025]}, "properties": {"tls": "cluster_10893766824_10893766826_30242869", "edge": "1172488228#0", "links": [0], "bearing": 61.7}}, {"type": "Feature", "geometry": {"type": "Point", "coordinates": [2.1718385, 41.3960187]}, "properties": {"tls": "cluster_10893766824_10893766826_30242869", "edge": "449991616#0", "links": [1, 2, 3], "bearing": 135.3}}, {"type": "Feature", "geometry": {"type": "Point", "coordinates": [2.1632798, 41.3752869]}, "properties": {"tls": "cluster_1092685773_10967880776_4538123375_4538123416_#3more", "edge": "120328525#0", "links": [0, 1], "bearing": 225.3}}, {"type": "Feature", "geometry": {"type": "Point", "coordinates": [2.1634735, 41.3750377]}, "properties": {"tls": "cluster_1092685773_10967880776_4538123375_4538123416_#3more", "edge": "959788822#3", "links": [2, 3, 4], "bearing": 270.2}}, {"type": "Feature", "geometry": {"type": "Point", "coordinates": [2.1633306, 41.3748079]}, "properties": {"tls": "cluster_1092685773_10967880776_4538123375_4538123416_#3more", "edge": "895024282#0", "links": [5], "bearing": 25.9}}, {"type": "Feature", "geometry": {"type": "Point", "coordinates": [2.1631584, 41.374915]}, "properties": {"tls": "cluster_1092685773_10967880776_4538123375_4538123416_#3more", "edge": "524966409#0", "links": [6, 7, 8], "bearing": 90.8}}, {"type": "Feature", "geometry": {"type": "Point", "coordinates": [2.1631218, 41.3752778]}, "properties": {"tls": "cluster_1092685773_10967880776_4538123375_4538123416_#3more", "edge": "881640722#0", "links": [9, 10], "bearing": 136.7}}, {"type": "Feature", "geometry": {"type": "Point", "coordinates": [2.1539753, 41.3753104]}, "properties": {"tls": "cluster_10967895834_2264456452_4538123360_4538123361_#5more", "edge": "1389749366", "links": [0, 1, 2, 3, 4, 5], "bearing": 190.4}}, {"type": "Feature", "geometry": {"type": "Point", "coordinates": [2.1544258, 41.3750757]}, "properties": {"tls": "cluster_10967895834_2264456452_4538123360_4538123361_#5more", "edge": "514858415#1", "links": [6, 7, 8, 9], "bearing": 271.0}}, {"type": "Feature", "geometry": {"type": "Point", "coordinates": [2.1538323, 41.3749456]}, "properties": {"tls": "cluster_10967895834_2264456452_4538123360_4538123361_#5more", "edge": "532088856#0", "links": [10, 11, 12, 13], "bearing": 91.6}}, {"type": "Feature", "geometry": {"type": "Point", "coordinates": [2.1565178, 41.3750645]}, "properties": {"tls": "cluster_10967895835_12945165121_12945165124_12945165125_#6more", "edge": "849730566#0", "links": [0, 1, 2, 3], "bearing": 269.2}}, {"type": "Feature", "geometry": {"type": "Point", "coordinates": [2.1556653, 41.3746567]}, "properties": {"tls": "cluster_10967895835_12945165121_12945165124_12945165125_#6more", "edge": "1408626365", "links": [4, 5, 6, 7, 8, 9, 10, 11], "bearing": 43.8}}, {"type": "Feature", "geometry": {"type": "Point", "coordinates": [2.155776, 41.3749378]}, "properties": {"tls": "cluster_10967895835_12945165121_12945165124_12945165125_#6more", "edge": "245676676#0", "links": [12, 13, 14, 15], "bearing": 90.9}}, {"type": "Feature", "geometry": {"type": "Point", "coordinates": [2.1867229, 41.407355]}, "properties": {"tls": "cluster_1100295130_1100295145_3200354840_3200354845_#1more", "edge": "1238641633#0", "links": [0, 1, 2], "bearing": 180.1}}, {"type": "Feature", "geometry": {"type": "Point", "coordinates": [2.1871782, 41.4072853]}, "properties": {"tls": "cluster_1100295130_1100295145_3200354840_3200354845_#1more", "edge": "-95427353", "links": [3], "bearing": 273.7}}, {"type": "Feature", "geometry": {"type": "Point", "coordinates": [2.1870328, 41.406711]}, "properties": {"tls": "cluster_1100295130_1100295145_3200354840_3200354845_#1more", "edge": "251551146#0", "links": [4, 5, 6], "bearing": 0.6}}, {"type": "Feature", "geometry": {"type": "Point", "coordinates": [2.1866067, 41.4067506]}, "properties": {"tls": "cluster_1100295130_1100295145_3200354840_3200354845_#1more", "edge": "1408555559#0", "links": [7, 8, 9, 10], "bearing": 44.2}}, {"type": "Feature", "geometry": {"type": "Point", "coordinates": [2.1834666, 41.4061003]}, "properties": {"tls": "cluster_11013911360_30253982_3193567439_3835613870_#1more", "edge": "651533777#0", "links": [0, 1, 2, 3, 4], "bearing": 226.8}}, {"type": "Feature", "geometry": {"type": "Point", "coordinates": [2.1830169, 41.4062837]}, "properties": {"tls": "cluster_11013911360_30253982_3193567439_3835613870_#1more", "edge": "263405128#0", "links": [5, 6, 7, 8, 9, 10, 11, 12], "bearing": 131.8}}, {"type": "Feature", "geometry": {"type": "Point", "coordinates": [2.1609527, 41.3871702]}, "properties": {"tls": "cluster_11053219722_11053219723_2988042338", "edge": "491295302#0", "links": [0, 1, 2, 3], "bearing": 316.0}}, {"type": "Feature", "geometry": {"type": "Point", "coordinates": [2.1605264, 41.3873398]}, "properties": {"tls": "cluster_11053219722_11053219723_2988042338", "edge": "1190415833#0", "links": [4, 5], "bearing": 0.6}}, {"type": "Feature", "geometry": {"type": "Point", "coordinates": [2.1814589, 41.4134043]}, "properties": {"tls": "cluster_11119020288_11158624378_12150393497_448703647_#1more", "edge": "1203894676", "links": [0], "bearing": 306.1}}, {"type": "Feature", "geometry": {"type": "Point", "coordinates": [2.181238, 41.4133905]}, "properties": {"tls": "cluster_11119020288_11158624378_12150393497_448703647_#1more", "edge": "62071238#8", "links": [1, 2], "bearing": 351.7}}, {"type": "Feature", "geometry": {"type": "Point", "coordinates": [2.1811449, 41.4135234]}, "properties": {"tls": "cluster_11119020288_11158624378_12150393497_448703647_#1more", "edge": "140001511#0", "links": [3, 4], "bearing": 162.6}}, {"type": "Feature", "geometry": {"type": "Point", "coordinates": [2.1563982, 41.4105157]}, "properties": {"tls": "cluster_11140700271_30960627_415956315_6390750008_#1more", "edge": "296813929#4", "links": [0, 1, 2], "bearing": 230.1}}, {"type": "Feature", "geometry": {"type": "Point", "coordinates": [2.1561178, 41.4101884]}, "properties": {"tls": "cluster_11140700271_30960627_415956315_6390750008_#1more", "edge": "238466731#3", "links": [3, 4, 5, 6], "bearing": 48.3}}, {"type": "Feature", "geometry": {"type": "Point", "coordinates": [2.1562254, 41.4105451]}, "properties": {"tls": "cluster_11140700271_30960627_415956315_6390750008_#1more", "edge": "238466722#0", "links": [7, 8, 9], "bearing": 138.4}}, {"type": "Feature", "geometry": {"type": "Point", "coordinates": [2.1807701, 41.4197438]}, "properties": {"tls": "cluster_11155681261_125932463_3762047842_448700549_#9more", "edge": "1408922765", "links": [0, 1, 2, 3], "bearing": 188.8}}, {"type": "Feature", "geometry": {"type": "Point", "coordinates": [2.1807124, 41.4191887]}, "properties": {"tls": "cluster_11155681261_125932463_3762047842_448700549_#9more", "edge": "-555296659#3", "links": [4, 5, 6, 7], "bearing": 10.1}}, {"type": "Feature", "geometry": {"type": "Point", "coordinates": [2.1805203, 41.4192771]}, "properties": {"tls": "cluster_11155681261_125932463_3762047842_448700549_#9more", "edge": "552864705#0", "links": [8, 9, 10, 11, 12], "bearing": 76.2}}, {"type": "Feature", "geometry": {"type": "Point", "coordinates": [2.2007483, 41.4017097]}, "properties": {"tls": "cluster_11209803266_2473393849_2473393853_2473393864_#10more", "edge": "753142377#0", "links": [0, 1, 2, 3], "bearing": 223.6}}, {"type": "Feature", "geometry": {"type": "Point", "coordinates": [2.2008001, 41.4015159]}, "properties": {"tls": "cluster_11209803266_2473393849_2473393853_2473393864_#10more", "edge": "239562157#0", "links": [4, 5], "bearing": 317.6}}, {"type": "Feature", "geometry": {"type": "Point", "coordinates": [2.2006921, 41.4014366]}, "properties": {"tls": "cluster_11209803266_2473393849_2473393853_2473393864_#10more", "edge": "-239562153#4", "links": [6], "bearing": 316.1}}, {"type": "Feature", "geometry": {"type": "Point", "coordinates": [2.2003781, 41.4016384]}, "properties": {"tls": "cluster_11209803266_2473393849_2473393853_2473393864_#10more", "edge": "239562150#0", "links": [7], "bearing": 136.4}}, {"type": "Feature", "geometry": {"type": "Point", "coordinates": [2.1855247, 41.4024752]}, "properties": {"tls": "cluster_11215517493_11236573946_12326063559_12375979602", "edge": "1309442338#0", "links": [0], "bearing": 314.6}}, {"type": "Feature", "geometry": {"type": "Point", "coordinates": [2.1637995, 41.3842202]}, "properties": {"tls": "cluster_112399403_112409083_6778318265", "edge": "-185957649#1", "links": [0, 1, 2], "bearing": 186.9}}, {"type": "Feature", "geometry": {"type": "Point", "coordinates": [2.1641732, 41.3841685]}, "properties": {"tls": "cluster_112399403_112409083_6778318265", "edge": "1393577226", "links": [3, 4, 5, 6, 7], "bearing": 238.7}}, {"type": "Feature", "geometry": {"type": "Point", "coordinates": [2.164154, 41.3840568]}, "properties": {"tls": "cluster_112399403_112409083_6778318265", "edge": "1028683570#1", "links": [8, 9, 10, 11, 12], "bearing": 322.5}}, {"type": "Feature", "geometry": {"type": "Point", "coordinates": [2.163818, 41.3840315]}, "properties": {"tls": "cluster_112399403_112409083_6778318265", "edge": "525588035#5", "links": [13, 14, 15, 16, 17], "bearing": 5.8}}, {"type": "Feature", "geometry": {"type": "Point", "coordinates": [2.1655162, 41.3750362]}, "properties": {"tls": "cluster_11240124255_13734642240_2264456451_3386536280_#7more", "edge": "525586872#0", "links": [0, 1, 2, 3], "bearing": 271.8}}, {"type": "Feature", "geometry": {"type": "Point", "coordinates": [2.1651162, 41.3748098]}, "properties": {"tls": "cluster_11240124255_13734642240_2264456451_3386536280_#7more", "edge": "753508653#0", "links": [4, 5], "bearing": 29.4}}, {"type": "Feature", "geometry": {"type": "Point", "coordinates": [2.1650559, 41.3749144]}, "properties": {"tls": "cluster_11240124255_13734642240_2264456451_3386536280_#7more", "edge": "542284837#0", "links": [6, 7, 8], "bearing": 90.3}}, {"type": "Feature", "geometry": {"type": "Point", "coordinates": [2.1653938, 41.3752663]}, "properties": {"tls": "cluster_11240124255_13734642240_2264456451_3386536280_#7more", "edge": "542284838", "links": [9, 10, 11, 12], "bearing": 135.0}}, {"type": "Feature", "geometry": {"type": "Point", "coordinates": [2.1551018, 41.3763598]}, "properties": {"tls": "cluster_11242452578_11242452581_30243887_6778377388_#2more", "edge": "66707028#0", "links": [0, 1], "bearing": 248.3}}, {"type": "Feature", "geometry": {"type": "Point", "coordinates": [2.1557292, 41.3762902]}, "properties": {"tls": "cluster_11242452578_11242452581_30243887_6778377388_#2more", "edge": "-1213463273", "links": [2, 3, 4], "bearing": 248.8}}, {"type": "Feature", "geometry": {"type": "Point", "coordinates": [2.1554371, 41.3759962]}, "properties": {"tls": "cluster_11242452578_11242452581_30243887_6778377388_#2more", "edge": "76620724", "links": [5, 6, 7, 8, 9, 10, 11, 12, 13, 14], "bearing": 315.2}}, {"type": "Feature", "geometry": {"type": "Point", "coordinates": [2.1551988, 41.3759827]}, "properties": {"tls": "cluster_11242452578_11242452581_30243887_6778377388_#2more", "edge": "237529471#0", "links": [15, 16, 17, 18, 19, 20, 21, 22, 23], "bearing": 46.1}}, {"type": "Feature", "geometry": {"type": "Point", "coordinates": [2.1551344, 41.3760713]}, "properties": {"tls": "cluster_11242452578_11242452581_30243887_6778377388_#2more", "edge": "23348856#2", "links": [24, 25, 26, 27, 28, 29, 30], "bearing": 89.8}}, {"type": "Feature", "geometry": {"type": "Point", "coordinates": [2.1549034, 41.3762746]}, "properties": {"tls": "cluster_11242452578_11242452581_30243887_6778377388_#2more", "edge": "-66707028#1", "links": [31, 32], "bearing": 66.7}}, {"type": "Feature", "geometry": {"type": "Point", "coordinates": [2.1665081, 41.3985251]}, "properties": {"tls": "cluster_1124790711_1126848499_11559714024_1311619424_#5more", "edge": "293858820#0", "links": [0, 1], "bearing": 225.6}}, {"type": "Feature", "geometry": {"type": "Point", "coordinates": [2.1667023, 41.3985139]}, "properties": {"tls": "cluster_1124790711_1126848499_11559714024_1311619424_#5more", "edge": "1097230875#0", "links": [2, 3], "bearing": 252.4}}, {"type": "Feature", "geometry": {"type": "Point", "coordinates": [2.166754, 41.3983918]}, "properties": {"tls": "cluster_1124790711_1126848499_11559714024_1311619424_#5more", "edge": "307933389#0", "links": [4, 5, 6], "bearing": 251.9}}, {"type": "Feature", "geometry": {"type": "Point", "coordinates": [2.1668203, 41.39808]}, "properties": {"tls": "cluster_1124790711_1126848499_11559714024_1311619424_#5more", "edge": "449991624", "links": [7, 8, 9, 10, 11], "bearing": 315.6}}, {"type": "Feature", "geometry": {"type": "Point", "coordinates": [2.1663755, 41.3980648]}, "properties": {"tls": "cluster_1124790711_1126848499_11559714024_1311619424_#5more", "edge": "1264903890#0", "links": [12, 13, 14, 15, 16], "bearing": 72.3}}, {"type": "Feature", "geometry": {"type": "Point", "coordinates": [2.2063159, 41.3974492]}, "properties": {"tls": "cluster_11258759941_11258759944_11258759969_12138690553_#2more", "edge": "31266877#1", "links": [0, 1, 2, 3, 4], "bearing": 219.8}}, {"type": "Feature", "geometry": {"type": "Point", "coordinates": [2.2060836, 41.3973329]}, "properties": {"tls": "cluster_11258759941_11258759944_11258759969_12138690553_#2more", "edge": "1215183305", "links": [5], "bearing": 132.9}}, {"type": "Feature", "geometry": {"type": "Point", "coordinates": [2.171047, 41.3983584]}, "properties": {"tls": "cluster_1126848477_126797989_30243329", "edge": "308355198#0", "links": [0, 1, 2, 3], "bearing": 315.7}}, {"type": "Feature", "geometry": {"type": "Point", "coordinates": [2.1707963, 41.3983079]}, "properties": {"tls": "cluster_1126848477_126797989_30243329", "edge": "1080039480#0", "links": [4, 5, 6, 7, 8, 9, 10, 11], "bearing": 46.2}}, {"type": "Feature", "geometry": {"type": "Point", "coordinates": [2.1707726, 41.3984411]}, "properties": {"tls": "cluster_1126848477_126797989_30243329", "edge": "116315093#0", "links": [12, 13, 14, 15, 16, 17], "bearing": 135.2}}, {"type": "Feature", "geometry": {"type": "Point", "coordinates": [2.1376479, 41.3665375]}, "properties": {"tls": "cluster_11306263436_11306263437_11308746199_3299255720_#4more", "edge": "539012771#0", "links": [0, 1, 2, 3, 4, 5], "bearing": 227.8}}, {"type": "Feature", "geometry": {"type": "Point", "coordinates": [2.1378362, 41.3662508]}, "properties": {"tls": "cluster_11306263436_11306263437_11308746199_3299255720_#4more", "edge": "460178008#0", "links": [6, 7], "bearing": 311.6}}, {"type": "Feature", "geometry": {"type": "Point", "coordinates": [2.1374215, 41.3660597]}, "properties": {"tls": "cluster_11306263436_11306263437_11308746199_3299255720_#4more", "edge": "545021322#1", "links": [8, 9, 10], "bearing": 43.6}}, {"type": "Feature", "geometry": {"type": "Point", "coordinates": [2.1373953, 41.3660842]}, "properties": {"tls": "cluster_11306263436_11306263437_11308746199_3299255720_#4more", "edge": "300828593", "links": [11, 12], "bearing": 44.3}}, {"type": "Feature", "geometry": {"type": "Point", "coordinates": [2.1374131, 41.366458]}, "properties": {"tls": "cluster_11306263436_11306263437_11308746199_3299255720_#4more", "edge": "323432435#0", "links": [13, 14, 15, 16, 17], "bearing": 112.8}}, {"type": "Feature", "geometry": {"type": "Point", "coordinates": [2.1294519, 41.3796328]}, "properties": {"tls": "cluster_11306446500_12919114813_12944692034_12944692035_#3more", "edge": "-239293914#2", "links": [0, 1, 2, 3], "bearing": 234.4}}, {"type": "Feature", "geometry": {"type": "Point", "coordinates": [2.1294422, 41.3791584]}, "properties": {"tls": "cluster_11306446500_12919114813_12944692034_12944692035_#3more", "edge": "42836929#8", "links": [4, 5, 6, 7], "bearing": 348.4}}, {"type": "Feature", "geometry": {"type": "Point", "coordinates": [2.1288365, 41.3791889]}, "properties": {"tls": "cluster_11306446500_12919114813_12944692034_12944692035_#3more", "edge": "840979187#0", "links": [8, 9, 10, 11, 12], "bearing": 56.3}}, {"type": "Feature", "geometry": {"type": "Point", "coordinates": [2.1288806, 41.3795122]}, "properties": {"tls": "cluster_11306446500_12919114813_12944692034_12944692035_#3more", "edge": "237805215#0", "links": [13, 14, 15], "bearing": 167.4}}, {"type": "Feature", "geometry": {"type": "Point", "coordinates": [2.1275925, 41.3846597]}, "properties": {"tls": "cluster_11306467832_1855128396_2497218265_7252348295", "edge": "367979559", "links": [0, 1, 2], "bearing": 351.3}}, {"type": "Feature", "geometry": {"type": "Point", "coordinates": [2.1271599, 41.3848]}, "properties": {"tls": "cluster_11306467832_1855128396_2497218265_7252348295", "edge": "1395710336", "links": [3, 4], "bearing": 169.1}}, {"type": "Feature", "geometry": {"type": "Point", "coordinates": [2.1164188, 41.3733841]}, "properties": {"tls": "cluster_11415053547_11779134939_30237069_30237193_#3more", "edge": "-1218906851#2", "links": [0, 1, 2], "bearing": 186.2}}, {"type": "Feature", "geometry": {"type": "Point", "coordinates": [2.1168077, 41.3734739]}, "properties": {"tls": "cluster_11415053547_11779134939_30237069_30237193_#3more", "edge": "916796967#3", "links": [3, 4, 5, 6], "bearing": 236.6}}, {"type": "Feature", "geometry": {"type": "Point", "coordinates": [2.1170231, 41.3730966]}, "properties": {"tls": "cluster_11415053547_11779134939_30237069_30237193_#3more", "edge": "4744873", "links": [7, 8, 9, 10], "bearing": 326.4}}, {"type": "Feature", "geometry": {"type": "Point", "coordinates": [2.1164063, 41.3728817]}, "properties": {"tls": "cluster_11415053547_11779134939_30237069_30237193_#3more", "edge": "560543743#3", "links": [11, 12, 13], "bearing": 4.9}}, {"type": "Feature", "geometry": {"type": "Point", "coordinates": [2.186768, 41.410632]}, "properties": {"tls": "cluster_1147391517_30243342_30556269_4470527929_#1more", "edge": "493133630#0", "links": [0, 1, 2, 3, 4], "bearing": 182.5}}, {"type": "Feature", "geometry": {"type": "Point", "coordinates": [2.186992, 41.4101051]}, "properties": {"tls": "cluster_1147391517_30243342_30556269_4470527929_#1more", "edge": "450131953", "links": [5, 6, 7, 8, 9], "bearing": 2.1}}, {"type": "Feature", "geometry": {"type": "Point", "coordinates": [2.1865961, 41.4101536]}, "properties": {"tls": "cluster_1147391517_30243342_30556269_4470527929_#1more", "edge": "237517570#8", "links": [10, 11, 12, 13, 14, 15, 16], "bearing": 44.3}}, {"type": "Feature", "geometry": {"type": "Point", "coordinates": [2.1423751, 41.3842828]}, "properties": {"tls": "cluster_11585117644_1382873554_1382873591_1418737335_#3more", "edge": "1007205018#0", "links": [0, 1], "bearing": 182.6}}, {"type": "Feature", "geometry": {"type": "Point", "coordinates": [2.1428545, 41.3841113]}, "properties": {"tls": "cluster_11585117644_1382873554_1382873591_1418737335_#3more", "edge": "1409614871#0", "links": [2, 3], "bearing": 245.2}}, {"type": "Feature", "geometry": {"type": "Point", "coordinates": [2.142715, 41.3839834]}, "properties": {"tls": "cluster_11585117644_1382873554_1382873591_1418737335_#3more", "edge": "542840063#0", "links": [4, 5], "bearing": 3.9}}, {"type": "Feature", "geometry": {"type": "Point", "coordinates": [2.1422551, 41.3842471]}, "properties": {"tls": "cluster_11585117644_1382873554_1382873591_1418737335_#3more", "edge": "450680039#0", "links": [6], "bearing": 127.0}}, {"type": "Feature", "geometry": {"type": "Point", "coordinates": [2.1868194, 41.418889]}, "properties": {"tls": "cluster_11895269803_11895269811_2293731650_2293731652", "edge": "1465599690#0", "links": [0, 1, 2, 3], "bearing": 182.9}}, {"type": "Feature", "geometry": {"type": "Point", "coordinates": [2.1870455, 41.418426]}, "properties": {"tls": "cluster_11895269803_11895269811_2293731650_2293731652", "edge": "251749484#3", "links": [4, 5, 6, 7], "bearing": 358.5}}, {"type": "Feature", "geometry": {"type": "Point", "coordinates": [2.186675, 41.4188619]}, "properties": {"tls": "cluster_11895269803_11895269811_2293731650_2293731652", "edge": "32321825#0", "links": [8, 9, 10, 11], "bearing": 140.3}}, {"type": "Feature", "geometry": {"type": "Point", "coordinates": [2.1787664, 41.4093818]}, "properties": {"tls": "cluster_12256308653_1307272004_30253574_3196848473", "edge": "518534109#0", "links": [0, 1, 2, 3], "bearing": 48.4}}, {"type": "Feature", "geometry": {"type": "Point", "coordinates": [2.1787583, 41.4095181]}, "properties": {"tls": "cluster_12256308653_1307272004_30253574_3196848473", "edge": "237912795#3", "links": [4, 5, 6, 7], "bearing": 136.6}}, {"type": "Feature", "geometry": {"type": "Point", "coordinates": [2.1486762, 41.4087581]}, "properties": {"tls": "cluster_12643851450_1357271785_1369483928_429350330_#6more", "edge": "1408951002", "links": [0, 1, 2, 3], "bearing": 322.9}}, {"type": "Feature", "geometry": {"type": "Point", "coordinates": [2.1481676, 41.4091789]}, "properties": {"tls": "cluster_12643851450_1357271785_1369483928_429350330_#6more", "edge": "-1360091651", "links": [4, 5], "bearing": 145.6}}, {"type": "Feature", "geometry": {"type": "Point", "coordinates": [2.1666352, 41.4067385]}, "properties": {"tls": "cluster_126545684_126657992_3824437288_6835613360_#1more", "edge": "1409296662#0", "links": [0], "bearing": 315.7}}, {"type": "Feature", "geometry": {"type": "Point", "coordinates": [2.1660045, 41.4064694]}, "properties": {"tls": "cluster_126545684_126657992_3824437288_6835613360_#1more", "edge": "208568872#7", "links": [1, 2, 3], "bearing": 50.9}}, {"type": "Feature", "geometry": {"type": "Point", "coordinates": [2.1662975, 41.4067761]}, "properties": {"tls": "cluster_126545684_126657992_3824437288_6835613360_#1more", "edge": "379080108#0", "links": [4], "bearing": 140.2}}, {"type": "Feature", "geometry": {"type": "Point", "coordinates": [2.1593419, 41.4129346]}, "properties": {"tls": "cluster_126683897_402883109_8365266598_9405905367", "edge": "552005871#0", "links": [0, 1], "bearing": 235.6}}, {"type": "Feature", "geometry": {"type": "Point", "coordinates": [2.159321, 41.4128369]}, "properties": {"tls": "cluster_126683897_402883109_8365266598_9405905367", "edge": "450020887#0", "links": [2, 3], "bearing": 326.1}}, {"type": "Feature", "geometry": {"type": "Point", "coordinates": [2.1590067, 41.4128165]}, "properties": {"tls": "cluster_126683897_402883109_8365266598_9405905367", "edge": "1421552379#1", "links": [4, 5], "bearing": 150.9}}, {"type": "Feature", "geometry": {"type": "Point", "coordinates": [2.1606334, 41.4030869]}, "properties": {"tls": "cluster_126699971_30554977_30555746_7495235188", "edge": "831182062#0", "links": [0, 1, 2], "bearing": 230.8}}, {"type": "Feature", "geometry": {"type": "Point", "coordinates": [2.1604598, 41.4028576]}, "properties": {"tls": "cluster_126699971_30554977_30555746_7495235188", "edge": "976887181#0", "links": [3, 4], "bearing": 317.3}}, {"type": "Feature", "geometry": {"type": "Point", "coordinates": [2.1600784, 41.4028433]}, "properties": {"tls": "cluster_126699971_30554977_30555746_7495235188", "edge": "123533087", "links": [5], "bearing": 141.3}}, {"type": "Feature", "geometry": {"type": "Point", "coordinates": [2.1351804, 41.4004059]}, "properties": {"tls": "cluster_126763513_12919219020_2087205012", "edge": "237515358#0", "links": [0, 1, 2], "bearing": 220.9}}, {"type": "Feature", "geometry": {"type": "Point", "coordinates": [2.1349036, 41.4004477]}, "properties": {"tls": "cluster_126763513_12919219020_2087205012", "edge": "313235644", "links": [3], "bearing": 58.5}}, {"type": "Feature", "geometry": {"type": "Point", "coordinates": [2.134917, 41.4005791]}, "properties": {"tls": "cluster_126763513_12919219020_2087205012", "edge": "107323660#7", "links": [4, 5], "bearing": 149.5}}, {"type": "Feature", "geometry": {"type": "Point", "coordinates": [2.1721573, 41.3976528]}, "properties": {"tls": "cluster_126797324_126803324_426889568", "edge": "450137746#0", "links": [0, 1, 2, 3, 4, 5, 6], "bearing": 224.5}}, {"type": "Feature", "geometry": {"type": "Point", "coordinates": [2.1721984, 41.3974918]}, "properties": {"tls": "cluster_126797324_126803324_426889568", "edge": "571434739#0", "links": [7, 8, 9, 10, 11, 12], "bearing": 317.0}}, {"type": "Feature", "geometry": {"type": "Point", "coordinates": [2.1718622, 41.3976087]}, "properties": {"tls": "cluster_126797324_126803324_426889568", "edge": "571448021#0", "links": [13, 14, 15, 16], "bearing": 135.8}}, {"type": "Feature", "geometry": {"type": "Point", "coordinates": [2.1780569, 41.3931911]}, "properties": {"tls": "cluster_126798002_126800097_426891064", "edge": "579970669#0", "links": [0, 1, 2, 3, 4], "bearing": 227.3}}, {"type": "Feature", "geometry": {"type": "Point", "coordinates": [2.1780574, 41.3930604]}, "properties": {"tls": "cluster_126798002_126800097_426891064", "edge": "330913953#0", "links": [5, 6, 7], "bearing": 316.2}}, {"type": "Feature", "geometry": {"type": "Point", "coordinates": [2.1777978, 41.3931237]}, "properties": {"tls": "cluster_126798002_126800097_426891064", "edge": "330913949#0", "links": [8, 9, 10], "bearing": 135.5}}, {"type": "Feature", "geometry": {"type": "Point", "coordinates": [2.1769387, 41.3939079]}, "properties": {"tls": "cluster_126800081_213942769_426891063", "edge": "1327959237#0", "links": [0, 1, 2], "bearing": 317.3}}, {"type": "Feature", "geometry": {"type": "Point", "coordinates": [2.1766789, 41.3938417]}, "properties": {"tls": "cluster_126800081_213942769_426891063", "edge": "32065149#6", "links": [3, 4, 5, 6, 7], "bearing": 45.0}}, {"type": "Feature", "geometry": {"type": "Point", "coordinates": [2.1766807, 41.3939738]}, "properties": {"tls": "cluster_126800081_213942769_426891063", "edge": "23191708#0", "links": [8, 9, 10, 11], "bearing": 138.1}}, {"type": "Feature", "geometry": {"type": "Point", "coordinates": [2.1159461, 41.3924595]}, "properties": {"tls": "cluster_12696808754_13701003956_359238242_8119424289", "edge": "871723189#0", "links": [0, 1, 2], "bearing": 320.2}}, {"type": "Feature", "geometry": {"type": "Point", "coordinates": [2.1157069, 41.3923958]}, "properties": {"tls": "cluster_12696808754_13701003956_359238242_8119424289", "edge": "32023965#0", "links": [3, 4, 5], "bearing": 46.4}}, {"type": "Feature", "geometry": {"type": "Point", "coordinates": [2.1153532, 41.3928116]}, "properties": {"tls": "cluster_12696808754_13701003956_359238242_8119424289", "edge": "311539591#0", "links": [6, 7, 8], "bearing": 136.5}}, {"type": "Feature", "geometry": {"type": "Point", "coordinates": [2.1408015, 41.4136807]}, "properties": {"tls": "cluster_12856608727_364669537_412453955_8185022624_#1more", "edge": "35164641#0", "links": [0, 1], "bearing": 235.4}}, {"type": "Feature", "geometry": {"type": "Point", "coordinates": [2.1407786, 41.4135697]}, "properties": {"tls": "cluster_12856608727_364669537_412453955_8185022624_#1more", "edge": "36704159#0", "links": [2, 3], "bearing": 313.1}}, {"type": "Feature", "geometry": {"type": "Point", "coordinates": [2.1403287, 41.4136997]}, "properties": {"tls": "cluster_12856608727_364669537_412453955_8185022624_#1more", "edge": "76791976", "links": [4], "bearing": 68.0}}, {"type": "Feature", "geometry": {"type": "Point", "coordinates": [2.1404025, 41.413807]}, "properties": {"tls": "cluster_12856608727_364669537_412453955_8185022624_#1more", "edge": "36704265#3", "links": [5], "bearing": 149.8}}, {"type": "Feature", "geometry": {"type": "Point", "coordinates": [2.1637662, 41.3824481]}, "properties": {"tls": "cluster_12880645535_1374636407_1374636541_6778372057_#1more", "edge": "886800835#0", "links": [0], "bearing": 228.6}}, {"type": "Feature", "geometry": {"type": "Point", "coordinates": [2.1631387, 41.3819755]}, "properties": {"tls": "cluster_12880645535_1374636407_1374636541_6778372057_#1more", "edge": "591636792#0", "links": [1, 2, 3, 4, 5], "bearing": 45.8}}, {"type": "Feature", "geometry": {"type": "Point", "coordinates": [2.2022247, 41.3940648]}, "properties": {"tls": "cluster_12908872791_1373983168_243343112_243343113_#4more", "edge": "1434708113#0", "links": [0, 1], "bearing": 223.3}}, {"type": "Feature", "geometry": {"type": "Point", "coordinates": [2.202013, 41.3936556]}, "properties": {"tls": "cluster_12908872791_1373983168_243343112_243343113_#4more", "edge": "-158966240#2", "links": [2, 3], "bearing": 313.7}}, {"type": "Feature", "geometry": {"type": "Point", "coordinates": [2.2021269, 41.3940956]}, "properties": {"tls": "cluster_12908872791_1373983168_243343112_243343113_#4more", "edge": "547440868#0", "links": [4, 5, 6, 7], "bearing": 134.0}}, {"type": "Feature", "geometry": {"type": "Point", "coordinates": [2.1284147, 41.3826171]}, "properties": {"tls": "cluster_12919170694_12919170696_540312579_6206166971_#2more", "edge": "450020890#0", "links": [0, 1, 2, 3, 4, 5], "bearing": 224.9}}, {"type": "Feature", "geometry": {"type": "Point", "coordinates": [2.1284171, 41.3821478]}, "properties": {"tls": "cluster_12919170694_12919170696_540312579_6206166971_#2more", "edge": "542495687#1", "links": [6, 7, 8, 9, 10], "bearing": 347.9}}, {"type": "Feature", "geometry": {"type": "Point", "coordinates": [2.1278493, 41.3821002]}, "properties": {"tls": "cluster_12919170694_12919170696_540312579_6206166971_#2more", "edge": "-237960954#1", "links": [11, 12], "bearing": 47.0}}, {"type": "Feature", "geometry": {"type": "Point", "coordinates": [2.1278527, 41.3825629]}, "properties": {"tls": "cluster_12919170694_12919170696_540312579_6206166971_#2more", "edge": "367979558#0", "links": [13, 14, 15, 16, 17], "bearing": 166.5}}, {"type": "Feature", "geometry": {"type": "Point", "coordinates": [2.1719339, 41.4148368]}, "properties": {"tls": "cluster_12919280819_412444488_412444524", "edge": "900428160#0", "links": [0, 1], "bearing": 225.3}}, {"type": "Feature", "geometry": {"type": "Point", "coordinates": [2.1721794, 41.4145399]}, "properties": {"tls": "cluster_12919280819_412444488_412444524", "edge": "35163820#0", "links": [2, 3], "bearing": 314.2}}, {"type": "Feature", "geometry": {"type": "Point", "coordinates": [2.1720186, 41.4145497]}, "properties": {"tls": "cluster_12919280819_412444488_412444524", "edge": "543578062#0", "links": [4, 5], "bearing": 45.7}}, {"type": "Feature", "geometry": {"type": "Point", "coordinates": [2.1730594, 41.4156767]}, "properties": {"tls": "cluster_12919280822_13686166735_1592978245_387130499_#1more", "edge": "1112873016#0", "links": [0, 1], "bearing": 226.2}}, {"type": "Feature", "geometry": {"type": "Point", "coordinates": [2.173317, 41.4153705]}, "properties": {"tls": "cluster_12919280822_13686166735_1592978245_387130499_#1more", "edge": "35163823", "links": [2, 3], "bearing": 315.5}}, {"type": "Feature", "geometry": {"type": "Point", "coordinates": [2.1731431, 41.415378]}, "properties": {"tls": "cluster_12919280822_13686166735_1592978245_387130499_#1more", "edge": "543578062#4", "links": [4, 5], "bearing": 45.1}}, {"type": "Feature", "geometry": {"type": "Point", "coordinates": [2.1392226, 41.389222]}, "properties": {"tls": "cluster_12919565844_59850119_724126687_8125229482", "edge": "1395756834#0", "links": [0, 1, 2, 3], "bearing": 232.4}}, {"type": "Feature", "geometry": {"type": "Point", "coordinates": [2.1389828, 41.3889434]}, "properties": {"tls": "cluster_12919565844_59850119_724126687_8125229482", "edge": "1096995867#0", "links": [4, 5, 6, 7, 8], "bearing": 329.4}}, {"type": "Feature", "geometry": {"type": "Point", "coordinates": [2.1330045, 41.3924482]}, "properties": {"tls": "cluster_12945292486_1377842738_269380178", "edge": "123621916", "links": [0, 1, 2], "bearing": 232.4}}, {"type": "Feature", "geometry": {"type": "Point", "coordinates": [2.1331031, 41.3921131]}, "properties": {"tls": "cluster_12945292486_1377842738_269380178", "edge": "1408647865#0", "links": [3, 4, 5, 6, 7, 8], "bearing": 282.1}}, {"type": "Feature", "geometry": {"type": "Point", "coordinates": [2.132924, 41.3920817]}, "properties": {"tls": "cluster_12945292486_1377842738_269380178", "edge": "-1408647866#2", "links": [9, 10], "bearing": 102.1}}, {"type": "Feature", "geometry": {"type": "Point", "coordinates": [2.1328318, 41.3924489]}, "properties": {"tls": "cluster_12945292486_1377842738_269380178", "edge": "-24793610#3", "links": [11, 12], "bearing": 145.9}}, {"type": "Feature", "geometry": {"type": "Point", "coordinates": [2.1868119, 41.393441]}, "properties": {"tls": "cluster_12945382588_12945382589_243339101_243339102_#5more", "edge": "65184547#0", "links": [0, 1, 2], "bearing": 181.3}}, {"type": "Feature", "geometry": {"type": "Point", "coordinates": [2.1870273, 41.392898]}, "properties": {"tls": "cluster_12945382588_12945382589_243339101_243339102_#5more", "edge": "65200813#0", "links": [3, 4, 5], "bearing": 0.6}}, {"type": "Feature", "geometry": {"type": "Point", "coordinates": [2.1867003, 41.3930342]}, "properties": {"tls": "cluster_12945382588_12945382589_243339101_243339102_#5more", "edge": "4746907#8", "links": [6, 7, 8, 9, 10, 11, 12], "bearing": 46.8}}, {"type": "Feature", "geometry": {"type": "Point", "coordinates": [2.1867029, 41.393267]}, "properties": {"tls": "cluster_12945382588_12945382589_243339101_243339102_#5more", "edge": "450581320#0", "links": [13, 14, 15, 16, 17], "bearing": 134.3}}, {"type": "Feature", "geometry": {"type": "Point", "coordinates": [2.1464053, 41.4109122]}, "properties": {"tls": "cluster_12947743984_12947743985_331355857_366996302", "edge": "157316736#0", "links": [0, 1, 2], "bearing": 225.9}}, {"type": "Feature", "geometry": {"type": "Point", "coordinates": [2.1464322, 41.410763]}, "properties": {"tls": "cluster_12947743984_12947743985_331355857_366996302", "edge": "1159696355#0", "links": [3, 4, 5, 6], "bearing": 316.2}}, {"type": "Feature", "geometry": {"type": "Point", "coordinates": [2.146012, 41.4110313]}, "properties": {"tls": "cluster_12947743984_12947743985_331355857_366996302", "edge": "-45822675#2", "links": [7, 8, 9], "bearing": 134.3}}, {"type": "Feature", "geometry": {"type": "Point", "coordinates": [2.1433765, 41.4123679]}, "properties": {"tls": "cluster_12947743994_3091102867_412453127_412464271_#2more", "edge": "1408951008", "links": [0, 1], "bearing": 306.8}}, {"type": "Feature", "geometry": {"type": "Point", "coordinates": [2.1428649, 41.4125567]}, "properties": {"tls": "cluster_12947743994_3091102867_412453127_412464271_#2more", "edge": "662916643#0", "links": [2, 3], "bearing": 117.2}}, {"type": "Feature", "geometry": {"type": "Point", "coordinates": [2.1429597, 41.4127606]}, "properties": {"tls": "cluster_12947743994_3091102867_412453127_412464271_#2more", "edge": "-662919197#7", "links": [4, 5], "bearing": 157.5}}, {"type": "Feature", "geometry": {"type": "Point", "coordinates": [2.1410453, 41.4184485]}, "properties": {"tls": "cluster_12947788306_1337087460_412453212_6939536653", "edge": "37039575#0", "links": [0, 1, 2], "bearing": 288.4}}, {"type": "Feature", "geometry": {"type": "Point", "coordinates": [2.1409549, 41.4183836]}, "properties": {"tls": "cluster_12947788306_1337087460_412453212_6939536653", "edge": "138470926#0", "links": [3, 4], "bearing": 353.5}}, {"type": "Feature", "geometry": {"type": "Point", "coordinates": [2.1408384, 41.4188525]}, "properties": {"tls": "cluster_12947788306_1337087460_412453212_6939536653", "edge": "-554123631#3", "links": [5, 6], "bearing": 174.2}}, {"type": "Feature", "geometry": {"type": "Point", "coordinates": [2.1409512, 41.4187071]}, "properties": {"tls": "cluster_12947788306_1337087460_412453212_6939536653", "edge": "34099193#0", "links": [7, 8, 9], "bearing": 321.8}}, {"type": "Feature", "geometry": {"type": "Point", "coordinates": [2.1413699, 41.3872688]}, "properties": {"tls": "cluster_12952870820_269382694_8125229513_8174151452", "edge": "43872041#0", "links": [0, 1, 2], "bearing": 250.0}}, {"type": "Feature", "geometry": {"type": "Point", "coordinates": [2.1409893, 41.3870111]}, "properties": {"tls": "cluster_12952870820_269382694_8125229513_8174151452", "edge": "1409620049#0", "links": [3, 4, 5, 6], "bearing": 318.7}}, {"type": "Feature", "geometry": {"type": "Point", "coordinates": [2.1428394, 41.3879768]}, "properties": {"tls": "cluster_12952999269_2917908492_3052730107_557187296_#1more", "edge": "1363542422#0", "links": [0, 1, 2, 3], "bearing": 190.5}}, {"type": "Feature", "geometry": {"type": "Point", "coordinates": [2.1433263, 41.3878766]}, "properties": {"tls": "cluster_12952999269_2917908492_3052730107_557187296_#1more", "edge": "288234925#0", "links": [4, 5, 6, 7, 8, 9], "bearing": 229.9}}, {"type": "Feature", "geometry": {"type": "Point", "coordinates": [2.1431123, 41.3875304]}, "properties": {"tls": "cluster_12952999269_2917908492_3052730107_557187296_#1more", "edge": "1409634764", "links": [10, 11, 12, 13, 14, 15], "bearing": 9.0}}, {"type": "Feature", "geometry": {"type": "Point", "coordinates": [2.1430394, 41.3888278]}, "properties": {"tls": "cluster_12952999272_1382873523_1382873535_3052730105_#1more", "edge": "237914516#0", "links": [0, 1], "bearing": 192.3}}, {"type": "Feature", "geometry": {"type": "Point", "coordinates": [2.1433681, 41.3886271]}, "properties": {"tls": "cluster_12952999272_1382873523_1382873535_3052730105_#1more", "edge": "553593240#0", "links": [2, 3, 4], "bearing": 10.9}}, {"type": "Feature", "geometry": {"type": "Point", "coordinates": [2.142901, 41.3887719]}, "properties": {"tls": "cluster_12952999272_1382873523_1382873535_3052730105_#1more", "edge": "43872042#3", "links": [5, 6, 7, 8], "bearing": 102.3}}, {"type": "Feature", "geometry": {"type": "Point", "coordinates": [2.2101596, 41.4184571]}, "properties": {"tls": "cluster_1297428807_1297428821_4431636962_4431636963_#6more", "edge": "525461175#0", "links": [0, 1], "bearing": 315.8}}, {"type": "Feature", "geometry": {"type": "Point", "coordinates": [2.2096671, 41.4182031]}, "properties": {"tls": "cluster_1297428807_1297428821_4431636962_4431636963_#6more", "edge": "310970695#3", "links": [2, 3], "bearing": 23.9}}, {"type": "Feature", "geometry": {"type": "Point", "coordinates": [2.2094859, 41.4184877]}, "properties": {"tls": "cluster_1297428807_1297428821_4431636962_4431636963_#6more", "edge": "1409565525#0", "links": [4, 5], "bearing": 123.6}}, {"type": "Feature", "geometry": {"type": "Point", "coordinates": [2.1939555, 41.4052036]}, "properties": {"tls": "cluster_1297445169_2810872725_365564404_415989799", "edge": "45944519#11", "links": [0, 1, 2, 3], "bearing": 252.5}}, {"type": "Feature", "geometry": {"type": "Point", "coordinates": [2.1940359, 41.4048229]}, "properties": {"tls": "cluster_1297445169_2810872725_365564404_415989799", "edge": "440773128#4", "links": [4, 5, 6, 7, 8, 9], "bearing": 317.6}}, {"type": "Feature", "geometry": {"type": "Point", "coordinates": [2.1935701, 41.4048222]}, "properties": {"tls": "cluster_1297445169_2810872725_365564404_415989799", "edge": "649074354#0", "links": [10, 11, 12, 13], "bearing": 71.7}}, {"type": "Feature", "geometry": {"type": "Point", "coordinates": [2.1935411, 41.413826]}, "properties": {"tls": "cluster_1297490034_2786421915_2786421971_3649234390_#3more", "edge": "237691690#0", "links": [0, 1, 2], "bearing": 225.3}}, {"type": "Feature", "geometry": {"type": "Point", "coordinates": [2.1935571, 41.4135512]}, "properties": {"tls": "cluster_1297490034_2786421915_2786421971_3649234390_#3more", "edge": "301797178#0", "links": [3, 4, 5], "bearing": 45.7}}, {"type": "Feature", "geometry": {"type": "Point", "coordinates": [2.1933747, 41.4138213]}, "properties": {"tls": "cluster_1297490034_2786421915_2786421971_3649234390_#3more", "edge": "450581316#0", "links": [6, 7, 8, 9], "bearing": 135.7}}, {"type": "Feature", "geometry": {"type": "Point", "coordinates": [2.1958204, 41.4155428]}, "properties": {"tls": "cluster_1297490037_2786421921_2786421966_4826156670_#2more", "edge": "43995490#9", "links": [0, 1, 2], "bearing": 225.7}}, {"type": "Feature", "geometry": {"type": "Point", "coordinates": [2.1957621, 41.4152045]}, "properties": {"tls": "cluster_1297490037_2786421921_2786421966_4826156670_#2more", "edge": "440369837#0", "links": [3, 4, 5], "bearing": 45.6}}, {"type": "Feature", "geometry": {"type": "Point", "coordinates": [2.1956674, 41.4155489]}, "properties": {"tls": "cluster_1297490037_2786421921_2786421966_4826156670_#2more", "edge": "46800633#3", "links": [6, 7, 8], "bearing": 135.8}}, {"type": "Feature", "geometry": {"type": "Point", "coordinates": [2.1912529, 41.4121249]}, "properties": {"tls": "cluster_1297490044_2786421911_506223397_559424460_#1more", "edge": "875425302", "links": [0, 1, 2], "bearing": 224.6}}, {"type": "Feature", "geometry": {"type": "Point", "coordinates": [2.1912944, 41.4118363]}, "properties": {"tls": "cluster_1297490044_2786421911_506223397_559424460_#1more", "edge": "555464843#5", "links": [3, 4, 5], "bearing": 45.1}}, {"type": "Feature", "geometry": {"type": "Point", "coordinates": [2.1910845, 41.4121171]}, "properties": {"tls": "cluster_1297490044_2786421911_506223397_559424460_#1more", "edge": "450339324#0", "links": [6, 7, 8, 9], "bearing": 135.2}}, {"type": "Feature", "geometry": {"type": "Point", "coordinates": [2.1992214, 41.4180915]}, "properties": {"tls": "cluster_1297490055_2786421925_2786421962_559410525_#2more", "edge": "294393943#5", "links": [0, 1, 2, 3], "bearing": 225.4}}, {"type": "Feature", "geometry": {"type": "Point", "coordinates": [2.1992681, 41.4178346]}, "properties": {"tls": "cluster_1297490055_2786421925_2786421962_559410525_#2more", "edge": "490432365#0", "links": [4, 5, 6, 7], "bearing": 45.4}}, {"type": "Feature", "geometry": {"type": "Point", "coordinates": [2.1946786, 41.414688]}, "properties": {"tls": "cluster_1297490060_2786421919_315486993_4801904314_#1more", "edge": "43995490#12", "links": [0, 1, 2], "bearing": 225.7}}, {"type": "Feature", "geometry": {"type": "Point", "coordinates": [2.1948606, 41.4144052]}, "properties": {"tls": "cluster_1297490060_2786421919_315486993_4801904314_#1more", "edge": "237691678#0", "links": [3, 4, 5, 6, 7], "bearing": 314.5}}, {"type": "Feature", "geometry": {"type": "Point", "coordinates": [2.1946795, 41.4143916]}, "properties": {"tls": "cluster_1297490060_2786421919_315486993_4801904314_#1more", "edge": "360374686#0", "links": [8, 9, 10, 11], "bearing": 45.6}}, {"type": "Feature", "geometry": {"type": "Point", "coordinates": [2.1969433, 41.416384]}, "properties": {"tls": "cluster_1297490062_597933808_597933809_7206995893", "edge": "43995490#3", "links": [0, 1, 2], "bearing": 225.2}}, {"type": "Feature", "geometry": {"type": "Point", "coordinates": [2.197145, 41.4161222]}, "properties": {"tls": "cluster_1297490062_597933808_597933809_7206995893", "edge": "46800631#3", "links": [3, 4, 5], "bearing": 315.6}}, {"type": "Feature", "geometry": {"type": "Point", "coordinates": [2.1969886, 41.4161257]}, "properties": {"tls": "cluster_1297490062_597933808_597933809_7206995893", "edge": "440369837#4", "links": [6, 7, 8], "bearing": 45.6}}, {"type": "Feature", "geometry": {"type": "Point", "coordinates": [2.2015223, 41.4198196]}, "properties": {"tls": "cluster_1297490067_13607758977_2786421930_2786421958_#2more", "edge": "114573194#0", "links": [0, 1, 2, 3], "bearing": 225.5}}, {"type": "Feature", "geometry": {"type": "Point", "coordinates": [2.2017152, 41.4195521]}, "properties": {"tls": "cluster_1297490067_13607758977_2786421930_2786421958_#2more", "edge": "237787027#0", "links": [4, 5, 6, 7], "bearing": 315.3}}, {"type": "Feature", "geometry": {"type": "Point", "coordinates": [2.2014814, 41.4194973]}, "properties": {"tls": "cluster_1297490067_13607758977_2786421930_2786421958_#2more", "edge": "46738594#4", "links": [8, 9, 10, 11], "bearing": 46.0}}, {"type": "Feature", "geometry": {"type": "Point", "coordinates": [2.201286, 41.4197638]}, "properties": {"tls": "cluster_1297490067_13607758977_2786421930_2786421958_#2more", "edge": "-294393940#2", "links": [12, 13, 14, 15], "bearing": 136.1}}, {"type": "Feature", "geometry": {"type": "Point", "coordinates": [2.1982135, 41.4173353]}, "properties": {"tls": "cluster_1297490068_2786421924_2786421963_30297370_#3more", "edge": "1522882940#0", "links": [0, 1, 2], "bearing": 225.3}}, {"type": "Feature", "geometry": {"type": "Point", "coordinates": [2.198138, 41.416989]}, "properties": {"tls": "cluster_1297490068_2786421924_2786421963_30297370_#3more", "edge": "440369837#8", "links": [3, 4, 5], "bearing": 45.6}}, {"type": "Feature", "geometry": {"type": "Point", "coordinates": [2.1979379, 41.4172485]}, "properties": {"tls": "cluster_1297490068_2786421924_2786421963_30297370_#3more", "edge": "431242473#1", "links": [6, 7, 8], "bearing": 135.0}}, {"type": "Feature", "geometry": {"type": "Point", "coordinates": [2.2003404, 41.4189249]}, "properties": {"tls": "cluster_1297490071_2786421927_2786421961_559410528_#1more", "edge": "294393943#0", "links": [0, 1], "bearing": 225.4}}, {"type": "Feature", "geometry": {"type": "Point", "coordinates": [2.2005333, 41.4186644]}, "properties": {"tls": "cluster_1297490071_2786421927_2786421961_559410528_#1more", "edge": "96647278#7", "links": [2, 3], "bearing": 314.3}}, {"type": "Feature", "geometry": {"type": "Point", "coordinates": [2.2003794, 41.4186692]}, "properties": {"tls": "cluster_1297490071_2786421927_2786421961_559410528_#1more", "edge": "46738594#0", "links": [4, 5], "bearing": 45.0}}, {"type": "Feature", "geometry": {"type": "Point", "coordinates": [2.2001882, 41.4189314]}, "properties": {"tls": "cluster_1297490071_2786421927_2786421961_559410528_#1more", "edge": "46738585#3", "links": [6, 7], "bearing": 136.4}}, {"type": "Feature", "geometry": {"type": "Point", "coordinates": [2.1890737, 41.4095912]}, "properties": {"tls": "cluster_1303457245_30332802", "edge": "115321287#0", "links": [0], "bearing": 290.1}}, {"type": "Feature", "geometry": {"type": "Point", "coordinates": [2.1889436, 41.4095373]}, "properties": {"tls": "cluster_1303457245_30332802", "edge": "300845960#2", "links": [1], "bearing": 18.1}}, {"type": "Feature", "geometry": {"type": "Point", "coordinates": [2.1990784, 41.4165757]}, "properties": {"tls": "cluster_1307277321_30297372_7207080015", "edge": "115799302#0", "links": [0, 1, 2], "bearing": 135.2}}, {"type": "Feature", "geometry": {"type": "Point", "coordinates": [2.1478047, 41.4059295]}, "properties": {"tls": "cluster_1357271811_30960813_417604839_417605950_#1more", "edge": "1408951000", "links": [0], "bearing": 243.4}}, {"type": "Feature", "geometry": {"type": "Point", "coordinates": [2.1479646, 41.4059135]}, "properties": {"tls": "cluster_1357271811_30960813_417604839_417605950_#1more", "edge": "518535845#0", "links": [1, 2, 3], "bearing": 251.2}}, {"type": "Feature", "geometry": {"type": "Point", "coordinates": [2.1480677, 41.4057461]}, "properties": {"tls": "cluster_1357271811_30960813_417604839_417605950_#1more", "edge": "287522310", "links": [4, 5, 6, 7], "bearing": 300.5}}, {"type": "Feature", "geometry": {"type": "Point", "coordinates": [2.1476417, 41.4057582]}, "properties": {"tls": "cluster_1357271811_30960813_417604839_417605950_#1more", "edge": "287522313#0", "links": [8, 9, 10, 11], "bearing": 78.4}}, {"type": "Feature", "geometry": {"type": "Point", "coordinates": [2.2080857, 41.4194565]}, "properties": {"tls": "cluster_13695928168_13695928169_290060007_290060008_#1more", "edge": "543586727#0", "links": [0, 1, 2], "bearing": 225.9}}, {"type": "Feature", "geometry": {"type": "Point", "coordinates": [2.2081558, 41.419143]}, "properties": {"tls": "cluster_13695928168_13695928169_290060007_290060008_#1more", "edge": "237787043#0", "links": [3, 4, 5], "bearing": 46.3}}, {"type": "Feature", "geometry": {"type": "Point", "coordinates": [2.2079136, 41.4194572]}, "properties": {"tls": "cluster_13695928168_13695928169_290060007_290060008_#1more", "edge": "918307588#4", "links": [6, 7, 8, 9, 10], "bearing": 136.8}}, {"type": "Feature", "geometry": {"type": "Point", "coordinates": [2.2087377, 41.4199374]}, "properties": {"tls": "cluster_13695928170_13695928171_290060062_290060063_#1more", "edge": "543635322#0", "links": [0, 1, 2], "bearing": 227.7}}, {"type": "Feature", "geometry": {"type": "Point", "coordinates": [2.2089883, 41.4196042]}, "properties": {"tls": "cluster_13695928170_13695928171_290060062_290060063_#1more", "edge": "43210770#4", "links": [3, 4, 5, 6], "bearing": 322.3}}, {"type": "Feature", "geometry": {"type": "Point", "coordinates": [2.2088117, 41.4196227]}, "properties": {"tls": "cluster_13695928170_13695928171_290060062_290060063_#1more", "edge": "1393171303#0", "links": [7, 8, 9], "bearing": 47.1}}, {"type": "Feature", "geometry": {"type": "Point", "coordinates": [2.1221615, 41.3918278]}, "properties": {"tls": "cluster_1374328801_1374757788_359234339_8119748502", "edge": "-262748689#8", "links": [0, 1, 2], "bearing": 325.0}}, {"type": "Feature", "geometry": {"type": "Point", "coordinates": [2.1219786, 41.3918103]}, "properties": {"tls": "cluster_1374328801_1374757788_359234339_8119748502", "edge": "123212211", "links": [3, 4, 5], "bearing": 44.6}}, {"type": "Feature", "geometry": {"type": "Point", "coordinates": [2.1217383, 41.392189]}, "properties": {"tls": "cluster_1374328801_1374757788_359234339_8119748502", "edge": "262748689#0", "links": [6, 7], "bearing": 146.1}}, {"type": "Feature", "geometry": {"type": "Point", "coordinates": [2.134919, 41.3947344]}, "properties": {"tls": "cluster_1375272349_1375272355_1469237431", "edge": "123269345#1", "links": [0, 1], "bearing": 252.3}}, {"type": "Feature", "geometry": {"type": "Point", "coordinates": [2.1348359, 41.3946319]}, "properties": {"tls": "cluster_1375272349_1375272355_1469237431", "edge": "650072289#3", "links": [2, 3], "bearing": 342.0}}, {"type": "Feature", "geometry": {"type": "Point", "coordinates": [2.1346791, 41.3947566]}, "properties": {"tls": "cluster_1375272349_1375272355_1469237431", "edge": "24793121#0", "links": [4, 5], "bearing": 161.7}}, {"type": "Feature", "geometry": {"type": "Point", "coordinates": [2.1200977, 41.3897771]}, "properties": {"tls": "cluster_1377933376_1377933378_1377933417_1377933441_#6more", "edge": "283778453#0", "links": [0, 1, 2, 3, 4], "bearing": 242.2}}, {"type": "Feature", "geometry": {"type": "Point", "coordinates": [2.119844, 41.3894417]}, "properties": {"tls": "cluster_1377933376_1377933378_1377933417_1377933441_#6more", "edge": "871723191#0", "links": [5, 6, 7, 8], "bearing": 317.1}}, {"type": "Feature", "geometry": {"type": "Point", "coordinates": [2.1193421, 41.3897232]}, "properties": {"tls": "cluster_1377933376_1377933378_1377933417_1377933441_#6more", "edge": "871723177#0", "links": [9, 10, 11, 12], "bearing": 131.8}}, {"type": "Feature", "geometry": {"type": "Point", "coordinates": [2.1225676, 41.3877195]}, "properties": {"tls": "cluster_1377933400_250804296_356295242_356295277_#3more", "edge": "542503076#4", "links": [0, 1, 2, 3, 4], "bearing": 274.0}}, {"type": "Feature", "geometry": {"type": "Point", "coordinates": [2.1218568, 41.3878151]}, "properties": {"tls": "cluster_1377933400_250804296_356295242_356295277_#3more", "edge": "871723195", "links": [5, 6, 7], "bearing": 136.2}}, {"type": "Feature", "geometry": {"type": "Point", "coordinates": [2.1435102, 41.3906642]}, "properties": {"tls": "cluster_1382873567_3052730103_364991353_7455315408_#1more", "edge": "1409634766#0", "links": [0, 1, 2, 3], "bearing": 192.7}}, {"type": "Feature", "geometry": {"type": "Point", "coordinates": [2.1439715, 41.3904573]}, "properties": {"tls": "cluster_1382873567_3052730103_364991353_7455315408_#1more", "edge": "124184228#0", "links": [4, 5, 6, 7, 8], "bearing": 282.5}}, {"type": "Feature", "geometry": {"type": "Point", "coordinates": [2.1437969, 41.3903348]}, "properties": {"tls": "cluster_1382873567_3052730103_364991353_7455315408_#1more", "edge": "237795725#0", "links": [9, 10, 11, 12], "bearing": 12.6}}, {"type": "Feature", "geometry": {"type": "Point", "coordinates": [2.1417184, 41.3926212]}, "properties": {"tls": "cluster_13846854052_1479390232_30313256", "edge": "153268994#6", "links": [0, 1], "bearing": 215.3}}, {"type": "Feature", "geometry": {"type": "Point", "coordinates": [2.1419594, 41.3924179]}, "properties": {"tls": "cluster_13846854052_1479390232_30313256", "edge": "145565065#0", "links": [2, 3, 4, 5], "bearing": 252.4}}, {"type": "Feature", "geometry": {"type": "Point", "coordinates": [2.1415382, 41.3926147]}, "properties": {"tls": "cluster_13846854052_1479390232_30313256", "edge": "-24793818", "links": [6], "bearing": 129.8}}, {"type": "Feature", "geometry": {"type": "Point", "coordinates": [2.1319141, 41.3935472]}, "properties": {"tls": "cluster_13911729250_674790896", "edge": "543748719#0", "links": [0, 1, 2], "bearing": 235.7}}, {"type": "Feature", "geometry": {"type": "Point", "coordinates": [2.1321529, 41.3935843]}, "properties": {"tls": "cluster_13911729250_674790896", "edge": "543400539#1", "links": [3, 4, 5], "bearing": 55.2}}, {"type": "Feature", "geometry": {"type": "Point", "coordinates": [2.1319436, 41.3934344]}, "properties": {"tls": "cluster_13911729250_674790896", "edge": "24793610#2", "links": [6], "bearing": 321.3}}, {"type": "Feature", "geometry": {"type": "Point", "coordinates": [2.1835237, 41.380973]}, "properties": {"tls": "cluster_13954678975_190986445_8416779662_8416779664", "edge": "-237566145", "links": [0, 1], "bearing": 250.1}}, {"type": "Feature", "geometry": {"type": "Point", "coordinates": [2.183242, 41.3806388]}, "properties": {"tls": "cluster_13954678975_190986445_8416779662_8416779664", "edge": "-1531115767", "links": [2, 3], "bearing": 346.0}}, {"type": "Feature", "geometry": {"type": "Point", "coordinates": [2.1830449, 41.3808373]}, "properties": {"tls": "cluster_13954678975_190986445_8416779662_8416779664", "edge": "18513172", "links": [4, 5, 6], "bearing": 100.6}}, {"type": "Feature", "geometry": {"type": "Point", "coordinates": [2.1203228, 41.3813045]}, "properties": {"tls": "cluster_14018375398_1930254000_5279415745_8119755196", "edge": "1007381332#0", "links": [0, 1], "bearing": 264.1}}, {"type": "Feature", "geometry": {"type": "Point", "coordinates": [2.1198812, 41.3812106]}, "properties": {"tls": "cluster_14018375398_1930254000_5279415745_8119755196", "edge": "33283925#0", "links": [2, 3], "bearing": 75.5}}, {"type": "Feature", "geometry": {"type": "Point", "coordinates": [2.1199417, 41.3813649]}, "properties": {"tls": "cluster_14018375398_1930254000_5279415745_8119755196", "edge": "1531569791#0", "links": [4], "bearing": 167.1}}, {"type": "Feature", "geometry": {"type": "Point", "coordinates": [2.1551101, 41.3968314]}, "properties": {"tls": "cluster_14080468423_412398689_412398695", "edge": "264796459#0", "links": [0], "bearing": 232.2}}, {"type": "Feature", "geometry": {"type": "Point", "coordinates": [2.1550947, 41.3966854]}, "properties": {"tls": "cluster_14080468423_412398689_412398695", "edge": "35159839#2", "links": [1], "bearing": 328.1}}, {"type": "Feature", "geometry": {"type": "Point", "coordinates": [2.1548141, 41.3966329]}, "properties": {"tls": "cluster_14080468423_412398689_412398695", "edge": "450373529#0", "links": [2, 3], "bearing": 51.6}}, {"type": "Feature", "geometry": {"type": "Point", "coordinates": [2.1548342, 41.3967652]}, "properties": {"tls": "cluster_14080468423_412398689_412398695", "edge": "288454797#0", "links": [4], "bearing": 145.4}}, {"type": "Feature", "geometry": {"type": "Point", "coordinates": [2.140169, 41.3672164]}, "properties": {"tls": "cluster_14094622140_412438222_6360012276", "edge": "35163078#0", "links": [0, 1, 2, 3], "bearing": 18.0}}, {"type": "Feature", "geometry": {"type": "Point", "coordinates": [2.14, 41.3673337]}, "properties": {"tls": "cluster_14094622140_412438222_6360012276", "edge": "1218571011", "links": [4, 5, 6], "bearing": 136.8}}, {"type": "Feature", "geometry": {"type": "Point", "coordinates": [2.1916187, 41.3914327]}, "properties": {"tls": "cluster_1621899817_1622002042_2767286511", "edge": "920232444#0", "links": [0, 1, 2], "bearing": 226.4}}, {"type": "Feature", "geometry": {"type": "Point", "coordinates": [2.1916172, 41.3913032]}, "properties": {"tls": "cluster_1621899817_1622002042_2767286511", "edge": "490554886#0", "links": [3, 4, 5, 6], "bearing": 315.4}}, {"type": "Feature", "geometry": {"type": "Point", "coordinates": [2.1913419, 41.3913549]}, "properties": {"tls": "cluster_1621899817_1622002042_2767286511", "edge": "932639082#0", "links": [7, 8, 9], "bearing": 135.3}}, {"type": "Feature", "geometry": {"type": "Point", "coordinates": [2.2034886, 41.3974615]}, "properties": {"tls": "cluster_1621904464_3075809787_3956071721", "edge": "255327548#2", "links": [0, 1, 2], "bearing": 309.5}}, {"type": "Feature", "geometry": {"type": "Point", "coordinates": [2.1927427, 41.390448]}, "properties": {"tls": "cluster_1622002024_2767286513_536428062", "edge": "954821568#0", "links": [0, 1, 2, 3], "bearing": 316.0}}, {"type": "Feature", "geometry": {"type": "Point", "coordinates": [2.1924753, 41.3903779]}, "properties": {"tls": "cluster_1622002024_2767286513_536428062", "edge": "4751884#0", "links": [4, 5, 6, 7, 8, 9, 10], "bearing": 45.7}}, {"type": "Feature", "geometry": {"type": "Point", "coordinates": [2.1924684, 41.3905043]}, "properties": {"tls": "cluster_1622002024_2767286513_536428062", "edge": "490554885#3", "links": [11, 12, 13], "bearing": 135.7}}, {"type": "Feature", "geometry": {"type": "Point", "coordinates": [2.1235253, 41.374613]}, "properties": {"tls": "cluster_1624386754_251543584_8148294117", "edge": "-372554364#6", "links": [0, 1], "bearing": 321.2}}, {"type": "Feature", "geometry": {"type": "Point", "coordinates": [2.1233382, 41.3745996]}, "properties": {"tls": "cluster_1624386754_251543584_8148294117", "edge": "238281854", "links": [2, 3, 4], "bearing": 54.9}}, {"type": "Feature", "geometry": {"type": "Point", "coordinates": [2.123096, 41.3749036]}, "properties": {"tls": "cluster_1624386754_251543584_8148294117", "edge": "24287433#0", "links": [5, 6], "bearing": 121.5}}, {"type": "Feature", "geometry": {"type": "Point", "coordinates": [2.1475072, 41.3741021]}, "properties": {"tls": "cluster_178518958_2691105735_7195505947", "edge": "-198597872", "links": [0], "bearing": 186.8}}, {"type": "Feature", "geometry": {"type": "Point", "coordinates": [2.1477601, 41.3740927]}, "properties": {"tls": "cluster_178518958_2691105735_7195505947", "edge": "545747633#0", "links": [1, 2, 3, 4, 5, 6], "bearing": 225.3}}, {"type": "Feature", "geometry": {"type": "Point", "coordinates": [2.1397421, 41.3754394]}, "properties": {"tls": "cluster_178522246_30294314_6743038809", "edge": "886734505", "links": [0, 1, 2], "bearing": 182.9}}, {"type": "Feature", "geometry": {"type": "Point", "coordinates": [2.1400005, 41.3753468]}, "properties": {"tls": "cluster_178522246_30294314_6743038809", "edge": "-294021547#13", "links": [3, 4, 5], "bearing": 271.9}}, {"type": "Feature", "geometry": {"type": "Point", "coordinates": [2.139635, 41.3752955]}, "properties": {"tls": "cluster_178522246_30294314_6743038809", "edge": "294021547#9", "links": [6, 7, 8], "bearing": 91.8}}, {"type": "Feature", "geometry": {"type": "Point", "coordinates": [2.120635, 41.3759042]}, "properties": {"tls": "cluster_1885044532_2053196988_30314675_9935665670", "edge": "178129414", "links": [0, 1, 2], "bearing": 236.1}}, {"type": "Feature", "geometry": {"type": "Point", "coordinates": [2.1203269, 41.3757169]}, "properties": {"tls": "cluster_1885044532_2053196988_30314675_9935665670", "edge": "54060104#4", "links": [3, 4], "bearing": 92.0}}, {"type": "Feature", "geometry": {"type": "Point", "coordinates": [2.1323505, 41.4019266]}, "properties": {"tls": "cluster_2087205014_31285428_330415541_6875270286_#1more", "edge": "107323671#2", "links": [0, 1], "bearing": 240.4}}, {"type": "Feature", "geometry": {"type": "Point", "coordinates": [2.1322768, 41.4018053]}, "properties": {"tls": "cluster_2087205014_31285428_330415541_6875270286_#1more", "edge": "198597865#11", "links": [2, 3, 4, 5], "bearing": 331.3}}, {"type": "Feature", "geometry": {"type": "Point", "coordinates": [2.1318994, 41.4020636]}, "properties": {"tls": "cluster_2087205014_31285428_330415541_6875270286_#1more", "edge": "395946177#3", "links": [6, 7, 8], "bearing": 56.8}}, {"type": "Feature", "geometry": {"type": "Point", "coordinates": [2.1317455, 41.402391]}, "properties": {"tls": "cluster_2087205014_31285428_330415541_6875270286_#1more", "edge": "-198597865#18", "links": [9, 10], "bearing": 150.1}}, {"type": "Feature", "geometry": {"type": "Point", "coordinates": [2.1791912, 41.3923278]}, "properties": {"tls": "cluster_219018793_219018794_426891065", "edge": "237914519#0", "links": [0, 1, 2, 3], "bearing": 226.5}}, {"type": "Feature", "geometry": {"type": "Point", "coordinates": [2.1791935, 41.3921972]}, "properties": {"tls": "cluster_219018793_219018794_426891065", "edge": "490751791#0", "links": [4, 5], "bearing": 315.0}}, {"type": "Feature", "geometry": {"type": "Point", "coordinates": [2.1789346, 41.3922698]}, "properties": {"tls": "cluster_219018793_219018794_426891065", "edge": "490751788#0", "links": [6, 7, 8], "bearing": 134.0}}, {"type": "Feature", "geometry": {"type": "Point", "coordinates": [2.1964371, 41.4012164]}, "properties": {"tls": "cluster_2238485654_8122048078", "edge": "440740424#0", "links": [0, 1], "bearing": 28.1}}, {"type": "Feature", "geometry": {"type": "Point", "coordinates": [2.1964072, 41.4013482]}, "properties": {"tls": "cluster_2238485654_8122048078", "edge": "255327563#0", "links": [2, 3, 4], "bearing": 133.8}}, {"type": "Feature", "geometry": {"type": "Point", "coordinates": [2.1905482, 41.3989919]}, "properties": {"tls": "cluster_2292687886_30253204_5764490189", "edge": "274322569#24", "links": [0, 1], "bearing": 315.2}}, {"type": "Feature", "geometry": {"type": "Point", "coordinates": [2.1903733, 41.398991]}, "properties": {"tls": "cluster_2292687886_30253204_5764490189", "edge": "115801086#3", "links": [2, 3, 4], "bearing": 46.4}}, {"type": "Feature", "geometry": {"type": "Point", "coordinates": [2.1460196, 41.3766408]}, "properties": {"tls": "cluster_2334441925_30914373_7223640840", "edge": "243669511", "links": [0, 1], "bearing": 239.6}}, {"type": "Feature", "geometry": {"type": "Point", "coordinates": [2.1456429, 41.3767512]}, "properties": {"tls": "cluster_2334441925_30914373_7223640840", "edge": "224644646", "links": [2, 3], "bearing": 65.5}}, {"type": "Feature", "geometry": {"type": "Point", "coordinates": [2.1456636, 41.3768558]}, "properties": {"tls": "cluster_2334441925_30914373_7223640840", "edge": "4813518#2", "links": [4, 5, 6], "bearing": 142.8}}, {"type": "Feature", "geometry": {"type": "Point", "coordinates": [2.1848353, 41.3826791]}, "properties": {"tls": "cluster_242284800_243345266_243345435_7254139887_#1more", "edge": "887682495", "links": [0, 1, 2], "bearing": 211.5}}, {"type": "Feature", "geometry": {"type": "Point", "coordinates": [2.184849, 41.382548]}, "properties": {"tls": "cluster_242284800_243345266_243345435_7254139887_#1more", "edge": "237566153#0", "links": [3, 4, 5, 6], "bearing": 301.9}}, {"type": "Feature", "geometry": {"type": "Point", "coordinates": [2.1844865, 41.3825897]}, "properties": {"tls": "cluster_242284800_243345266_243345435_7254139887_#1more", "edge": "22588067#0", "links": [7, 8, 9], "bearing": 31.7}}, {"type": "Feature", "geometry": {"type": "Point", "coordinates": [2.1867503, 41.396858]}, "properties": {"tls": "cluster_243339566_2677447196_2677447201", "edge": "542291174#0", "links": [0, 1, 2, 3], "bearing": 180.4}}, {"type": "Feature", "geometry": {"type": "Point", "coordinates": [2.1870049, 41.3963809]}, "properties": {"tls": "cluster_243339566_2677447196_2677447201", "edge": "1207893834#0", "links": [4, 5, 6, 7], "bearing": 0.5}}, {"type": "Feature", "geometry": {"type": "Point", "coordinates": [2.1866265, 41.3968226]}, "properties": {"tls": "cluster_243339566_2677447196_2677447201", "edge": "1304327309#0", "links": [8, 9, 10, 11, 12], "bearing": 135.5}}, {"type": "Feature", "geometry": {"type": "Point", "coordinates": [2.208997, 41.4021496]}, "properties": {"tls": "cluster_243342790_30312954_7037185613", "edge": "310929469#0", "links": [0, 1], "bearing": 223.8}}, {"type": "Feature", "geometry": {"type": "Point", "coordinates": [2.2091012, 41.401815]}, "properties": {"tls": "cluster_243342790_30312954_7037185613", "edge": "4751948#0", "links": [2, 3, 4], "bearing": 47.0}}, {"type": "Feature", "geometry": {"type": "Point", "coordinates": [2.208841, 41.4021381]}, "properties": {"tls": "cluster_243342790_30312954_7037185613", "edge": "237927193#12", "links": [5, 6, 7, 8], "bearing": 135.6}}, {"type": "Feature", "geometry": {"type": "Point", "coordinates": [2.2079383, 41.4012947]}, "properties": {"tls": "cluster_243342791_30312937_6225821914_7020215462", "edge": "546687629#0", "links": [0, 1], "bearing": 223.5}}, {"type": "Feature", "geometry": {"type": "Point", "coordinates": [2.2081658, 41.4009905]}, "properties": {"tls": "cluster_243342791_30312937_6225821914_7020215462", "edge": "547074123#0", "links": [2, 3, 4, 5], "bearing": 315.6}}, {"type": "Feature", "geometry": {"type": "Point", "coordinates": [2.2080002, 41.4009993]}, "properties": {"tls": "cluster_243342791_30312937_6225821914_7020215462", "edge": "547074121#0", "links": [6, 7, 8, 9], "bearing": 47.9}}, {"type": "Feature", "geometry": {"type": "Point", "coordinates": [2.2047044, 41.3986533]}, "properties": {"tls": "cluster_2473393628_2473393632_3127828871", "edge": "255327589#2", "links": [0, 1, 2], "bearing": 223.1}}, {"type": "Feature", "geometry": {"type": "Point", "coordinates": [2.2047063, 41.3985413]}, "properties": {"tls": "cluster_2473393628_2473393632_3127828871", "edge": "68763137#2", "links": [3, 4], "bearing": 314.7}}, {"type": "Feature", "geometry": {"type": "Point", "coordinates": [2.2044434, 41.3985669]}, "properties": {"tls": "cluster_2473393628_2473393632_3127828871", "edge": "239562154#0", "links": [5, 6], "bearing": 134.8}}, {"type": "Feature", "geometry": {"type": "Point", "coordinates": [2.2019518, 41.4006452]}, "properties": {"tls": "cluster_2473393788_2473393790_2473393793_2473393804_#6more", "edge": "239562158#0", "links": [0, 1, 2, 3], "bearing": 315.8}}, {"type": "Feature", "geometry": {"type": "Point", "coordinates": [2.201556, 41.4005287]}, "properties": {"tls": "cluster_2473393788_2473393790_2473393793_2473393804_#6more", "edge": "253456740#0", "links": [4, 5, 6, 7, 8], "bearing": 44.0}}, {"type": "Feature", "geometry": {"type": "Point", "coordinates": [2.2015786, 41.4007358]}, "properties": {"tls": "cluster_2473393788_2473393790_2473393793_2473393804_#6more", "edge": "239562153#0", "links": [9, 10, 11], "bearing": 136.8}}, {"type": "Feature", "geometry": {"type": "Point", "coordinates": [2.199667, 41.4023817]}, "properties": {"tls": "cluster_2473393905_2473393908_2473393922_2473393932_#4more", "edge": "239562159#3", "links": [0], "bearing": 323.1}}, {"type": "Feature", "geometry": {"type": "Point", "coordinates": [2.1993068, 41.4022942]}, "properties": {"tls": "cluster_2473393905_2473393908_2473393922_2473393932_#4more", "edge": "531033553#0", "links": [1, 2], "bearing": 38.7}}, {"type": "Feature", "geometry": {"type": "Point", "coordinates": [2.1992837, 41.4024717]}, "properties": {"tls": "cluster_2473393905_2473393908_2473393922_2473393932_#4more", "edge": "478295751#0", "links": [3], "bearing": 142.1}}, {"type": "Feature", "geometry": {"type": "Point", "coordinates": [2.1983675, 41.4033556]}, "properties": {"tls": "cluster_2473393967_2473405274_4309985784", "edge": "459401188#0", "links": [0, 1], "bearing": 314.7}}, {"type": "Feature", "geometry": {"type": "Point", "coordinates": [2.1981038, 41.4032508]}, "properties": {"tls": "cluster_2473393967_2473405274_4309985784", "edge": "310929459#0", "links": [2, 3, 4], "bearing": 35.5}}, {"type": "Feature", "geometry": {"type": "Point", "coordinates": [2.197999, 41.4034354]}, "properties": {"tls": "cluster_2473393967_2473405274_4309985784", "edge": "440773130#0", "links": [5, 6], "bearing": 133.8}}, {"type": "Feature", "geometry": {"type": "Point", "coordinates": [2.1962649, 41.4050886]}, "properties": {"tls": "cluster_2473394000_2473394005_30297525", "edge": "1007387183#3", "links": [0, 1, 2], "bearing": 225.5}}, {"type": "Feature", "geometry": {"type": "Point", "coordinates": [2.1962877, 41.4049912]}, "properties": {"tls": "cluster_2473394000_2473394005_30297525", "edge": "1531594529", "links": [3, 4], "bearing": 317.5}}, {"type": "Feature", "geometry": {"type": "Point", "coordinates": [2.1939507, 41.4068667]}, "properties": {"tls": "cluster_2473421347_416885093_4881689081", "edge": "427600521#0", "links": [0, 1, 2], "bearing": 227.9}}, {"type": "Feature", "geometry": {"type": "Point", "coordinates": [2.19403, 41.4066945]}, "properties": {"tls": "cluster_2473421347_416885093_4881689081", "edge": "239564648#0", "links": [3, 4, 5], "bearing": 314.6}}, {"type": "Feature", "geometry": {"type": "Point", "coordinates": [2.1937061, 41.40661]}, "properties": {"tls": "cluster_2473421347_416885093_4881689081", "edge": "-745369393#4", "links": [6, 7, 8, 9, 10], "bearing": 46.2}}, {"type": "Feature", "geometry": {"type": "Point", "coordinates": [2.1936678, 41.4067402]}, "properties": {"tls": "cluster_2473421347_416885093_4881689081", "edge": "48719593#0", "links": [11, 12, 13], "bearing": 132.1}}, {"type": "Feature", "geometry": {"type": "Point", "coordinates": [2.115274, 41.3812412]}, "properties": {"tls": "cluster_251543436_6314709891_687897133", "edge": "1280721267#0", "links": [0, 1, 2], "bearing": 277.7}}, {"type": "Feature", "geometry": {"type": "Point", "coordinates": [2.1150039, 41.3811612]}, "properties": {"tls": "cluster_251543436_6314709891_687897133", "edge": "1491805930#0", "links": [3, 4, 5], "bearing": 105.8}}, {"type": "Feature", "geometry": {"type": "Point", "coordinates": [2.158785, 41.376989]}, "properties": {"tls": "cluster_252825017_252825353_7042287357", "edge": "237655872#1", "links": [0, 1, 2, 3], "bearing": 224.1}}, {"type": "Feature", "geometry": {"type": "Point", "coordinates": [2.158794, 41.3768504]}, "properties": {"tls": "cluster_252825017_252825353_7042287357", "edge": "868707435#0", "links": [4, 5, 6, 7, 8], "bearing": 316.2}}, {"type": "Feature", "geometry": {"type": "Point", "coordinates": [2.1586511, 41.3768427]}, "properties": {"tls": "cluster_252825017_252825353_7042287357", "edge": "-1213459083", "links": [9, 10, 11], "bearing": 49.1}}, {"type": "Feature", "geometry": {"type": "Point", "coordinates": [2.1583453, 41.3770533]}, "properties": {"tls": "cluster_252825017_252825353_7042287357", "edge": "848503518", "links": [12], "bearing": 50.1}}, {"type": "Feature", "geometry": {"type": "Point", "coordinates": [2.1977809, 41.3920234]}, "properties": {"tls": "cluster_253795218_30689530_3662615713_7006970224", "edge": "310929464#4", "links": [0, 1, 2], "bearing": 223.1}}, {"type": "Feature", "geometry": {"type": "Point", "coordinates": [2.197804, 41.3917502]}, "properties": {"tls": "cluster_253795218_30689530_3662615713_7006970224", "edge": "251551139#3", "links": [3, 4, 5], "bearing": 44.8}}, {"type": "Feature", "geometry": {"type": "Point", "coordinates": [2.1976112, 41.3920201]}, "properties": {"tls": "cluster_253795218_30689530_3662615713_7006970224", "edge": "42858992#0", "links": [6, 7, 8, 9], "bearing": 135.8}}, {"type": "Feature", "geometry": {"type": "Point", "coordinates": [2.1955376, 41.3900704]}, "properties": {"tls": "cluster_253795220_253795580_3662615660_7006970222", "edge": "237927190#3", "links": [0, 1, 2], "bearing": 221.4}}, {"type": "Feature", "geometry": {"type": "Point", "coordinates": [2.1955446, 41.3898031]}, "properties": {"tls": "cluster_253795220_253795580_3662615660_7006970222", "edge": "547440870#0", "links": [3, 4, 5], "bearing": 42.2}}, {"type": "Feature", "geometry": {"type": "Point", "coordinates": [2.1953697, 41.3900694]}, "properties": {"tls": "cluster_253795220_253795580_3662615660_7006970222", "edge": "214272929#3", "links": [6, 7, 8, 9], "bearing": 138.4}}, {"type": "Feature", "geometry": {"type": "Point", "coordinates": [2.1945511, 41.3892232]}, "properties": {"tls": "cluster_253795221_253795578_253795579_2767286515_#6more", "edge": "237927190#6", "links": [0, 1, 2, 3, 4, 5], "bearing": 221.8}}, {"type": "Feature", "geometry": {"type": "Point", "coordinates": [2.1947198, 41.3889704]}, "properties": {"tls": "cluster_253795221_253795578_253795579_2767286515_#6more", "edge": "175873800#0", "links": [6, 7, 8, 9, 10], "bearing": 315.8}}, {"type": "Feature", "geometry": {"type": "Point", "coordinates": [2.1943438, 41.3887346]}, "properties": {"tls": "cluster_253795221_253795578_253795579_2767286515_#6more", "edge": "301305578", "links": [11, 12, 13, 14, 15, 16], "bearing": 0.7}}, {"type": "Feature", "geometry": {"type": "Point", "coordinates": [2.1942542, 41.3887569]}, "properties": {"tls": "cluster_253795221_253795578_253795579_2767286515_#6more", "edge": "547297203#0", "links": [17, 18, 19, 20, 21], "bearing": 42.2}}, {"type": "Feature", "geometry": {"type": "Point", "coordinates": [2.194278, 41.3891433]}, "properties": {"tls": "cluster_253795221_253795578_253795579_2767286515_#6more", "edge": "490554888#0", "links": [22, 23, 24, 25], "bearing": 138.0}}, {"type": "Feature", "geometry": {"type": "Point", "coordinates": [2.2041128, 41.4077558]}, "properties": {"tls": "cluster_2578612976_262250647_2810872733_2810990584_#1more", "edge": "328020291#0", "links": [0, 1, 2, 3, 4, 5], "bearing": 251.9}}, {"type": "Feature", "geometry": {"type": "Point", "coordinates": [2.2042153, 41.4073637]}, "properties": {"tls": "cluster_2578612976_262250647_2810872733_2810990584_#1more", "edge": "237799278#0", "links": [6, 7, 8, 9], "bearing": 314.6}}, {"type": "Feature", "geometry": {"type": "Point", "coordinates": [2.2037707, 41.4073712]}, "properties": {"tls": "cluster_2578612976_262250647_2810872733_2810990584_#1more", "edge": "237799272#0", "links": [10, 11, 12, 13, 14, 15], "bearing": 72.7}}, {"type": "Feature", "geometry": {"type": "Point", "coordinates": [2.1867246, 41.4054064]}, "properties": {"tls": "cluster_2589060116_4850661055_6502276603", "edge": "669719140#0", "links": [0, 1], "bearing": 180.9}}, {"type": "Feature", "geometry": {"type": "Point", "coordinates": [2.187074, 41.4050085]}, "properties": {"tls": "cluster_2589060116_4850661055_6502276603", "edge": "443797517#0", "links": [2, 3, 4, 5, 6], "bearing": 316.4}}, {"type": "Feature", "geometry": {"type": "Point", "coordinates": [2.1974094, 41.4022568]}, "properties": {"tls": "cluster_262251754_382063655_4952629849_8122048073", "edge": "531033554#0", "links": [0, 1, 2, 3], "bearing": 316.9}}, {"type": "Feature", "geometry": {"type": "Point", "coordinates": [2.1972802, 41.402234]}, "properties": {"tls": "cluster_262251754_382063655_4952629849_8122048073", "edge": "273302702#0", "links": [4, 5, 6], "bearing": 30.3}}, {"type": "Feature", "geometry": {"type": "Point", "coordinates": [2.2024192, 41.4073264]}, "properties": {"tls": "cluster_262251757_2810872731_2810990587_312894015_#1more", "edge": "328020291#4", "links": [0, 1, 2, 3], "bearing": 251.9}}, {"type": "Feature", "geometry": {"type": "Point", "coordinates": [2.2020874, 41.4069567]}, "properties": {"tls": "cluster_262251757_2810872731_2810990587_312894015_#1more", "edge": "1122704736#0", "links": [4, 5, 6, 7], "bearing": 72.5}}, {"type": "Feature", "geometry": {"type": "Point", "coordinates": [2.2019953, 41.4073369]}, "properties": {"tls": "cluster_262251757_2810872731_2810990587_312894015_#1more", "edge": "1282588166#0", "links": [8, 9, 10, 11, 12], "bearing": 135.1}}, {"type": "Feature", "geometry": {"type": "Point", "coordinates": [2.1383117, 41.3753777]}, "properties": {"tls": "cluster_2691107011_30294197_8528179107", "edge": "-294021547#8", "links": [0, 1, 2, 3], "bearing": 271.9}}, {"type": "Feature", "geometry": {"type": "Point", "coordinates": [2.1378504, 41.3753283]}, "properties": {"tls": "cluster_2691107011_30294197_8528179107", "edge": "294021547#0", "links": [4, 5, 6, 7], "bearing": 91.9}}, {"type": "Feature", "geometry": {"type": "Point", "coordinates": [2.1381428, 41.3754701]}, "properties": {"tls": "cluster_2691107011_30294197_8528179107", "edge": "294021546#1", "links": [8, 9, 10], "bearing": 149.5}}, {"type": "Feature", "geometry": {"type": "Point", "coordinates": [2.1352239, 41.3937378]}, "properties": {"tls": "cluster_269375412_269376403_6099715643", "edge": "650072289#0", "links": [0, 1, 2, 3], "bearing": 343.3}}, {"type": "Feature", "geometry": {"type": "Point", "coordinates": [2.1349619, 41.3937636]}, "properties": {"tls": "cluster_269375412_269376403_6099715643", "edge": "123269344#0", "links": [4, 5, 6], "bearing": 78.6}}, {"type": "Feature", "geometry": {"type": "Point", "coordinates": [2.1350422, 41.3938883]}, "properties": {"tls": "cluster_269375412_269376403_6099715643", "edge": "24793121#3", "links": [7, 8, 9, 10], "bearing": 162.9}}, {"type": "Feature", "geometry": {"type": "Point", "coordinates": [2.1387644, 41.3930883]}, "properties": {"tls": "cluster_269376045_6099715638_6663108848", "edge": "1502186899#0", "links": [0, 1], "bearing": 250.9}}, {"type": "Feature", "geometry": {"type": "Point", "coordinates": [2.1386956, 41.3929094]}, "properties": {"tls": "cluster_269376045_6099715638_6663108848", "edge": "709075300#0", "links": [2, 3, 4, 5], "bearing": 341.6}}, {"type": "Feature", "geometry": {"type": "Point", "coordinates": [2.1385279, 41.3929522]}, "properties": {"tls": "cluster_269376045_6099715638_6663108848", "edge": "24793131#0", "links": [6, 7], "bearing": 73.8}}, {"type": "Feature", "geometry": {"type": "Point", "coordinates": [2.1881397, 41.3939284]}, "properties": {"tls": "cluster_2767286507_30253377_600830525", "edge": "243591203#0", "links": [0, 1, 2, 3], "bearing": 315.6}}, {"type": "Feature", "geometry": {"type": "Point", "coordinates": [2.1878365, 41.3938728]}, "properties": {"tls": "cluster_2767286507_30253377_600830525", "edge": "237787031#0", "links": [4, 5, 6, 7, 8, 9], "bearing": 47.6}}, {"type": "Feature", "geometry": {"type": "Point", "coordinates": [2.1878078, 41.3940188]}, "properties": {"tls": "cluster_2767286507_30253377_600830525", "edge": "175873801#0", "links": [10, 11, 12], "bearing": 135.9}}, {"type": "Feature", "geometry": {"type": "Point", "coordinates": [2.1892681, 41.3932064]}, "properties": {"tls": "cluster_2767286508_536428072_600821408", "edge": "451710465#0", "links": [0, 1, 2, 3], "bearing": 227.1}}, {"type": "Feature", "geometry": {"type": "Point", "coordinates": [2.1892662, 41.3930764]}, "properties": {"tls": "cluster_2767286508_536428072_600821408", "edge": "412891587#0", "links": [4, 5, 6], "bearing": 315.5}}, {"type": "Feature", "geometry": {"type": "Point", "coordinates": [2.1889953, 41.392996]}, "properties": {"tls": "cluster_2767286508_536428072_600821408", "edge": "491837432#0", "links": [7, 8, 9, 10], "bearing": 43.9}}, {"type": "Feature", "geometry": {"type": "Point", "coordinates": [2.1889846, 41.393126]}, "properties": {"tls": "cluster_2767286508_536428072_600821408", "edge": "490602028#0", "links": [11, 12], "bearing": 137.5}}, {"type": "Feature", "geometry": {"type": "Point", "coordinates": [2.1903609, 41.3922489]}, "properties": {"tls": "cluster_2767286510_30312828_536428053", "edge": "490554884#0", "links": [0, 1, 2, 3], "bearing": 315.5}}, {"type": "Feature", "geometry": {"type": "Point", "coordinates": [2.1900887, 41.3921769]}, "properties": {"tls": "cluster_2767286510_30312828_536428053", "edge": "450617295#0", "links": [4, 5, 6, 7, 8], "bearing": 45.8}}, {"type": "Feature", "geometry": {"type": "Point", "coordinates": [2.1900872, 41.3922994]}, "properties": {"tls": "cluster_2767286510_30312828_536428053", "edge": "490554883#0", "links": [9, 10, 11], "bearing": 135.6}}, {"type": "Feature", "geometry": {"type": "Point", "coordinates": [2.1924025, 41.4129807]}, "properties": {"tls": "cluster_2786421913_2786421972_4826156010_506242745_#2more", "edge": "531163112#0", "links": [0, 1], "bearing": 226.0}}, {"type": "Feature", "geometry": {"type": "Point", "coordinates": [2.1925927, 41.4127052]}, "properties": {"tls": "cluster_2786421913_2786421972_4826156010_506242745_#2more", "edge": "450581317#0", "links": [2, 3, 4], "bearing": 316.1}}, {"type": "Feature", "geometry": {"type": "Point", "coordinates": [2.1924265, 41.4127012]}, "properties": {"tls": "cluster_2786421913_2786421972_4826156010_506242745_#2more", "edge": "46714530#0", "links": [5, 6], "bearing": 45.6}}, {"type": "Feature", "geometry": {"type": "Point", "coordinates": [2.1658941, 41.3895148]}, "properties": {"tls": "cluster_301572243_301573106_71643531", "edge": "908375891#0", "links": [0, 1, 2, 3], "bearing": 225.3}}, {"type": "Feature", "geometry": {"type": "Point", "coordinates": [2.165904, 41.3893952]}, "properties": {"tls": "cluster_301572243_301573106_71643531", "edge": "1360091612#0", "links": [4, 5], "bearing": 314.8}}, {"type": "Feature", "geometry": {"type": "Point", "coordinates": [2.1655852, 41.389401]}, "properties": {"tls": "cluster_301572243_301573106_71643531", "edge": "1321516489#1", "links": [6, 7], "bearing": 135.0}}, {"type": "Feature", "geometry": {"type": "Point", "coordinates": [2.163581, 41.3912062]}, "properties": {"tls": "cluster_301572279_301572963_33098956_9939470211", "edge": "1408524849#0", "links": [0, 1, 2, 3, 4, 5, 6], "bearing": 225.5}}, {"type": "Feature", "geometry": {"type": "Point", "coordinates": [2.1636298, 41.3910566]}, "properties": {"tls": "cluster_301572279_301572963_33098956_9939470211", "edge": "1360091613", "links": [7, 8, 9], "bearing": 314.6}}, {"type": "Feature", "geometry": {"type": "Point", "coordinates": [2.1632308, 41.3911269]}, "properties": {"tls": "cluster_301572279_301572963_33098956_9939470211", "edge": "1408525896#0", "links": [10, 11, 12], "bearing": 134.1}}, {"type": "Feature", "geometry": {"type": "Point", "coordinates": [2.1624627, 41.391905]}, "properties": {"tls": "cluster_301572306_301572951_71643537", "edge": "673080415#4", "links": [0, 1], "bearing": 314.5}}, {"type": "Feature", "geometry": {"type": "Point", "coordinates": [2.1621535, 41.3917932]}, "properties": {"tls": "cluster_301572306_301572951_71643537", "edge": "1185662990#0", "links": [2, 3, 4, 5, 6], "bearing": 44.5}}, {"type": "Feature", "geometry": {"type": "Point", "coordinates": [2.1621466, 41.391911]}, "properties": {"tls": "cluster_301572306_301572951_71643537", "edge": "1387061746#0", "links": [7, 8], "bearing": 134.5}}, {"type": "Feature", "geometry": {"type": "Point", "coordinates": [2.1612792, 41.3928798]}, "properties": {"tls": "cluster_301572399_301572961_71643538", "edge": "1409641100#2", "links": [0, 1, 2, 3], "bearing": 226.8}}, {"type": "Feature", "geometry": {"type": "Point", "coordinates": [2.1613025, 41.3927487]}, "properties": {"tls": "cluster_301572399_301572961_71643538", "edge": "673080415#7", "links": [4, 5], "bearing": 314.6}}, {"type": "Feature", "geometry": {"type": "Point", "coordinates": [2.1609495, 41.3927839]}, "properties": {"tls": "cluster_301572399_301572961_71643538", "edge": "240299472#8", "links": [6, 7, 8], "bearing": 134.9}}, {"type": "Feature", "geometry": {"type": "Point", "coordinates": [2.1601383, 41.3937082]}, "properties": {"tls": "cluster_301572459_301572957_71643542", "edge": "295281241#0", "links": [0, 1, 2, 3], "bearing": 226.4}}, {"type": "Feature", "geometry": {"type": "Point", "coordinates": [2.1601486, 41.3935877]}, "properties": {"tls": "cluster_301572459_301572957_71643542", "edge": "1409641101#0", "links": [4, 5], "bearing": 314.5}}, {"type": "Feature", "geometry": {"type": "Point", "coordinates": [2.1598261, 41.3936034]}, "properties": {"tls": "cluster_301572459_301572957_71643542", "edge": "240299472#4", "links": [6, 7], "bearing": 134.9}}, {"type": "Feature", "geometry": {"type": "Point", "coordinates": [2.1590163, 41.3944109]}, "properties": {"tls": "cluster_301572460_301572949_71643543", "edge": "1409641101#4", "links": [0, 1], "bearing": 314.6}}, {"type": "Feature", "geometry": {"type": "Point", "coordinates": [2.1586956, 41.3943157]}, "properties": {"tls": "cluster_301572460_301572949_71643543", "edge": "903019486#0", "links": [2, 3, 4, 5, 6], "bearing": 45.6}}, {"type": "Feature", "geometry": {"type": "Point", "coordinates": [2.1586707, 41.3944475]}, "properties": {"tls": "cluster_301572460_301572949_71643543", "edge": "240299472#0", "links": [7, 8], "bearing": 134.7}}, {"type": "Feature", "geometry": {"type": "Point", "coordinates": [2.1571948, 41.3957413]}, "properties": {"tls": "cluster_301572821_4793246800_7005287344", "edge": "486763814", "links": [0], "bearing": 338.6}}, {"type": "Feature", "geometry": {"type": "Point", "coordinates": [2.1568049, 41.3957194]}, "properties": {"tls": "cluster_301572821_4793246800_7005287344", "edge": "905204606#0", "links": [1, 2], "bearing": 72.2}}, {"type": "Feature", "geometry": {"type": "Point", "coordinates": [2.1578538, 41.395256]}, "properties": {"tls": "cluster_301572944_71643547_9803583623", "edge": "1409641101#8", "links": [0, 1], "bearing": 314.5}}, {"type": "Feature", "geometry": {"type": "Point", "coordinates": [2.1575369, 41.3952729]}, "properties": {"tls": "cluster_301572944_71643547_9803583623", "edge": "749104302#0", "links": [2, 3], "bearing": 133.8}}, {"type": "Feature", "geometry": {"type": "Point", "coordinates": [2.1464317, 41.3902266]}, "properties": {"tls": "cluster_30237629_30237630_6889577894_8127290534", "edge": "553586756#0", "links": [0, 1, 2, 3], "bearing": 225.5}}, {"type": "Feature", "geometry": {"type": "Point", "coordinates": [2.146469, 41.3900851]}, "properties": {"tls": "cluster_30237629_30237630_6889577894_8127290534", "edge": "9412963#0", "links": [4, 5, 6, 7, 8, 9, 10], "bearing": 282.3}}, {"type": "Feature", "geometry": {"type": "Point", "coordinates": [2.1471971, 41.3946593]}, "properties": {"tls": "cluster_30237768_30248584", "edge": "-542842571#1", "links": [0, 1], "bearing": 233.4}}, {"type": "Feature", "geometry": {"type": "Point", "coordinates": [2.1469813, 41.3943248]}, "properties": {"tls": "cluster_30237768_30248584", "edge": "238324875#0", "links": [2, 3, 4, 5], "bearing": 316.9}}, {"type": "Feature", "geometry": {"type": "Point", "coordinates": [2.1467748, 41.3943356]}, "properties": {"tls": "cluster_30237768_30248584", "edge": "35163649#0", "links": [6, 7, 8, 9], "bearing": 50.8}}, {"type": "Feature", "geometry": {"type": "Point", "coordinates": [2.1823293, 41.3966905]}, "properties": {"tls": "cluster_30242766_506236271", "edge": "-908402012", "links": [0, 1], "bearing": 191.9}}, {"type": "Feature", "geometry": {"type": "Point", "coordinates": [2.1825661, 41.3965342]}, "properties": {"tls": "cluster_30242766_506236271", "edge": "182072847#0", "links": [2, 3], "bearing": 230.6}}, {"type": "Feature", "geometry": {"type": "Point", "coordinates": [2.1822331, 41.3966563]}, "properties": {"tls": "cluster_30242766_506236271", "edge": "1108868095", "links": [4, 5, 6, 7, 8], "bearing": 138.0}}, {"type": "Feature", "geometry": {"type": "Point", "coordinates": [2.1845889, 41.389849]}, "properties": {"tls": "cluster_30243128_7866434043_7866434044", "edge": "1530523967", "links": [0, 1], "bearing": 226.0}}, {"type": "Feature", "geometry": {"type": "Point", "coordinates": [2.1845343, 41.3896723]}, "properties": {"tls": "cluster_30243128_7866434043_7866434044", "edge": "546425905#0", "links": [2, 3, 4, 5, 6], "bearing": 44.6}}, {"type": "Feature", "geometry": {"type": "Point", "coordinates": [2.1526211, 41.3846132]}, "properties": {"tls": "cluster_30243319_3181254555_6762205354_8530036654", "edge": "450423878#0", "links": [0, 1, 2, 3, 4, 5], "bearing": 46.1}}, {"type": "Feature", "geometry": {"type": "Point", "coordinates": [2.1525872, 41.3847146]}, "properties": {"tls": "cluster_30243319_3181254555_6762205354_8530036654", "edge": "312272295", "links": [6, 7, 8, 9], "bearing": 104.4}}, {"type": "Feature", "geometry": {"type": "Point", "coordinates": [2.1567203, 41.3768426]}, "properties": {"tls": "cluster_30243888_7195614914", "edge": "23348827", "links": [0], "bearing": 229.3}}, {"type": "Feature", "geometry": {"type": "Point", "coordinates": [2.156349, 41.3768529]}, "properties": {"tls": "cluster_30243888_7195614914", "edge": "237923111#1", "links": [1, 2, 3, 4, 5], "bearing": 46.0}}, {"type": "Feature", "geometry": {"type": "Point", "coordinates": [2.156333, 41.3769918]}, "properties": {"tls": "cluster_30243888_7195614914", "edge": "552124695#4", "links": [6, 7, 8, 9, 10, 11], "bearing": 133.6}}, {"type": "Feature", "geometry": {"type": "Point", "coordinates": [2.1609706, 41.3750512]}, "properties": {"tls": "cluster_30246668_4538123412_4834501641_7917340021", "edge": "601816556#6", "links": [0, 1, 2, 3, 4], "bearing": 271.3}}, {"type": "Feature", "geometry": {"type": "Point", "coordinates": [2.1608971, 41.3749269]}, "properties": {"tls": "cluster_30246668_4538123412_4834501641_7917340021", "edge": "1408626371#0", "links": [5, 6, 7, 8, 9, 10], "bearing": 90.8}}, {"type": "Feature", "geometry": {"type": "Point", "coordinates": [2.1988562, 41.3929354]}, "properties": {"tls": "cluster_30253211_30253212_3662616940_7309045630", "edge": "310929464#2", "links": [0, 1, 2], "bearing": 221.0}}, {"type": "Feature", "geometry": {"type": "Point", "coordinates": [2.1990181, 41.3926788]}, "properties": {"tls": "cluster_30253211_30253212_3662616940_7309045630", "edge": "765639930#0", "links": [3, 4, 5, 6], "bearing": 315.7}}, {"type": "Feature", "geometry": {"type": "Point", "coordinates": [2.1988502, 41.392673]}, "properties": {"tls": "cluster_30253211_30253212_3662616940_7309045630", "edge": "251551139#7", "links": [7, 8, 9, 10], "bearing": 40.0}}, {"type": "Feature", "geometry": {"type": "Point", "coordinates": [2.1619056, 41.3984567]}, "properties": {"tls": "cluster_30254326_30556754_3207273494_6864603021_#1more", "edge": "237645155#0", "links": [0, 1, 2, 3], "bearing": 223.8}}, {"type": "Feature", "geometry": {"type": "Point", "coordinates": [2.1619439, 41.3983075]}, "properties": {"tls": "cluster_30254326_30556754_3207273494_6864603021_#1more", "edge": "237645187#0", "links": [4, 5], "bearing": 314.3}}, {"type": "Feature", "geometry": {"type": "Point", "coordinates": [2.1614847, 41.3982941]}, "properties": {"tls": "cluster_30254326_30556754_3207273494_6864603021_#1more", "edge": "831182051#0", "links": [6, 7], "bearing": 142.8}}, {"type": "Feature", "geometry": {"type": "Point", "coordinates": [2.1215419, 41.3766279]}, "properties": {"tls": "cluster_30294466_3754949352_3754949353_3754949354_#3more", "edge": "1225001919#1", "links": [0, 1, 2, 3, 4], "bearing": 181.1}}, {"type": "Feature", "geometry": {"type": "Point", "coordinates": [2.1218333, 41.3765591]}, "properties": {"tls": "cluster_30294466_3754949352_3754949353_3754949354_#3more", "edge": "4750206#1", "links": [5], "bearing": 246.7}}, {"type": "Feature", "geometry": {"type": "Point", "coordinates": [2.1217081, 41.3762608]}, "properties": {"tls": "cluster_30294466_3754949352_3754949353_3754949354_#3more", "edge": "1225030918#0", "links": [6, 7, 8], "bearing": 0.7}}, {"type": "Feature", "geometry": {"type": "Point", "coordinates": [2.1346852, 41.4090452]}, "properties": {"tls": "cluster_30294674_364670546_8306518561_8972412021_#1more", "edge": "-139261501#7", "links": [0, 1], "bearing": 219.8}}, {"type": "Feature", "geometry": {"type": "Point", "coordinates": [2.1347721, 41.4088909]}, "properties": {"tls": "cluster_30294674_364670546_8306518561_8972412021_#1more", "edge": "83675887#1", "links": [2, 3], "bearing": 311.3}}, {"type": "Feature", "geometry": {"type": "Point", "coordinates": [2.1344126, 41.4086838]}, "properties": {"tls": "cluster_30294674_364670546_8306518561_8972412021_#1more", "edge": "1239757830#0", "links": [4, 5], "bearing": 20.2}}, {"type": "Feature", "geometry": {"type": "Point", "coordinates": [2.1342972, 41.4088349]}, "properties": {"tls": "cluster_30294674_364670546_8306518561_8972412021_#1more", "edge": "4750244#3", "links": [6, 7], "bearing": 130.7}}, {"type": "Feature", "geometry": {"type": "Point", "coordinates": [2.1806489, 41.4159519]}, "properties": {"tls": "cluster_30295293_50099103_6744458358", "edge": "284579038#4", "links": [0, 1, 2, 3, 4, 5], "bearing": 226.0}}, {"type": "Feature", "geometry": {"type": "Point", "coordinates": [2.1805702, 41.4156905]}, "properties": {"tls": "cluster_30295293_50099103_6744458358", "edge": "-140001512#2", "links": [6, 7, 8, 9, 10], "bearing": 349.8}}, {"type": "Feature", "geometry": {"type": "Point", "coordinates": [2.1804225, 41.4159876]}, "properties": {"tls": "cluster_30295293_50099103_6744458358", "edge": "552870862#0", "links": [11, 12, 13, 14], "bearing": 171.9}}, {"type": "Feature", "geometry": {"type": "Point", "coordinates": [2.1998069, 41.3937646]}, "properties": {"tls": "cluster_30313062_30313063_5003921264", "edge": "237715967#0", "links": [0, 1, 2, 3], "bearing": 222.2}}, {"type": "Feature", "geometry": {"type": "Point", "coordinates": [2.1998157, 41.3934914]}, "properties": {"tls": "cluster_30313062_30313063_5003921264", "edge": "237927191#0", "links": [4, 5, 6], "bearing": 42.1}}, {"type": "Feature", "geometry": {"type": "Point", "coordinates": [2.1996359, 41.3937611]}, "properties": {"tls": "cluster_30313062_30313063_5003921264", "edge": "310929463#6", "links": [7, 8, 9, 10], "bearing": 136.7}}, {"type": "Feature", "geometry": {"type": "Point", "coordinates": [2.1267608, 41.3756169]}, "properties": {"tls": "cluster_30314636_303636030_708983971", "edge": "-45185735#6", "links": [0, 1, 2, 3], "bearing": 272.2}}, {"type": "Feature", "geometry": {"type": "Point", "coordinates": [2.1263051, 41.3755691]}, "properties": {"tls": "cluster_30314636_303636030_708983971", "edge": "45185735#0", "links": [4, 5, 6, 7], "bearing": 91.1}}, {"type": "Feature", "geometry": {"type": "Point", "coordinates": [2.1266118, 41.3757192]}, "properties": {"tls": "cluster_30314636_303636030_708983971", "edge": "886659988", "links": [8, 9, 10, 11], "bearing": 154.8}}, {"type": "Feature", "geometry": {"type": "Point", "coordinates": [2.1432965, 41.3753551]}, "properties": {"tls": "cluster_30914370_6743038802", "edge": "1223988692#0", "links": [0, 1], "bearing": 226.3}}, {"type": "Feature", "geometry": {"type": "Point", "coordinates": [2.1433142, 41.3752775]}, "properties": {"tls": "cluster_30914370_6743038802", "edge": "-1536095744#7", "links": [2, 3], "bearing": 272.3}}, {"type": "Feature", "geometry": {"type": "Point", "coordinates": [2.1431468, 41.3752235]}, "properties": {"tls": "cluster_30914370_6743038802", "edge": "243598401", "links": [4, 5], "bearing": 92.0}}, {"type": "Feature", "geometry": {"type": "Point", "coordinates": [2.1880489, 41.404459]}, "properties": {"tls": "cluster_3376229198_9608356740", "edge": "443996531", "links": [0, 1, 2], "bearing": 227.3}}, {"type": "Feature", "geometry": {"type": "Point", "coordinates": [2.1879919, 41.4043113]}, "properties": {"tls": "cluster_3376229198_9608356740", "edge": "263405116#0", "links": [3, 4, 5, 6], "bearing": 315.8}}, {"type": "Feature", "geometry": {"type": "Point", "coordinates": [2.1877806, 41.4043693]}, "properties": {"tls": "cluster_3376229198_9608356740", "edge": "-330630828", "links": [7], "bearing": 135.8}}, {"type": "Feature", "geometry": {"type": "Point", "coordinates": [2.1184964, 41.390621]}, "properties": {"tls": "cluster_356295215_8119424276", "edge": "-32023440#1", "links": [0, 1, 2, 3, 4], "bearing": 192.9}}, {"type": "Feature", "geometry": {"type": "Point", "coordinates": [2.1185532, 41.3904458]}, "properties": {"tls": "cluster_356295215_8119424276", "edge": "871723185", "links": [5, 6, 7, 8], "bearing": 316.6}}, {"type": "Feature", "geometry": {"type": "Point", "coordinates": [2.1182568, 41.3904261]}, "properties": {"tls": "cluster_356295215_8119424276", "edge": "32036641#2", "links": [9, 10, 11, 12, 13], "bearing": 86.6}}, {"type": "Feature", "geometry": {"type": "Point", "coordinates": [2.1183023, 41.3905398]}, "properties": {"tls": "cluster_356295215_8119424276", "edge": "871723182", "links": [14, 15, 16, 17], "bearing": 137.3}}, {"type": "Feature", "geometry": {"type": "Point", "coordinates": [2.1169601, 41.3918159]}, "properties": {"tls": "cluster_358505134_8119424282", "edge": "-918397441#2", "links": [0, 1, 2, 3], "bearing": 227.3}}, {"type": "Feature", "geometry": {"type": "Point", "coordinates": [2.116968, 41.3916757]}, "properties": {"tls": "cluster_358505134_8119424282", "edge": "871723186#0", "links": [4, 5, 6], "bearing": 316.7}}, {"type": "Feature", "geometry": {"type": "Point", "coordinates": [2.1167311, 41.3917536]}, "properties": {"tls": "cluster_358505134_8119424282", "edge": "871723188#0", "links": [7, 8, 9], "bearing": 135.2}}, {"type": "Feature", "geometry": {"type": "Point", "coordinates": [2.1195749, 41.3978354]}, "properties": {"tls": "cluster_359234359_417813658_7234857916_8530386528_#1more", "edge": "256814756#0", "links": [0, 1], "bearing": 238.4}}, {"type": "Feature", "geometry": {"type": "Point", "coordinates": [2.1197522, 41.3974804]}, "properties": {"tls": "cluster_359234359_417813658_7234857916_8530386528_#1more", "edge": "237695634#0", "links": [2, 3], "bearing": 325.3}}, {"type": "Feature", "geometry": {"type": "Point", "coordinates": [2.1195239, 41.3974744]}, "properties": {"tls": "cluster_359234359_417813658_7234857916_8530386528_#1more", "edge": "32356534#0", "links": [4, 5], "bearing": 74.1}}, {"type": "Feature", "geometry": {"type": "Point", "coordinates": [2.1193554, 41.3978123]}, "properties": {"tls": "cluster_359234359_417813658_7234857916_8530386528_#1more", "edge": "-237695634#8", "links": [6, 7], "bearing": 143.9}}, {"type": "Feature", "geometry": {"type": "Point", "coordinates": [2.1965982, 41.3909887]}, "properties": {"tls": "cluster_3662615687_381897082_385664092_7006970223", "edge": "237927190#0", "links": [0, 1, 2], "bearing": 222.6}}, {"type": "Feature", "geometry": {"type": "Point", "coordinates": [2.1967777, 41.3907287]}, "properties": {"tls": "cluster_3662615687_381897082_385664092_7006970223", "edge": "451739343", "links": [3, 4, 5, 6], "bearing": 314.6}}, {"type": "Feature", "geometry": {"type": "Point", "coordinates": [2.1966105, 41.390721]}, "properties": {"tls": "cluster_3662615687_381897082_385664092_7006970223", "edge": "547440870#4", "links": [7, 8, 9], "bearing": 40.1}}, {"type": "Feature", "geometry": {"type": "Point", "coordinates": [2.1603302, 41.3887506]}, "properties": {"tls": "cluster_4022831609_5731892860", "edge": "1408526882", "links": [0, 1, 2, 3, 4, 5], "bearing": 224.7}}, {"type": "Feature", "geometry": {"type": "Point", "coordinates": [2.1603568, 41.3886415]}, "properties": {"tls": "cluster_4022831609_5731892860", "edge": "1226864208", "links": [6, 7], "bearing": 278.5}}, {"type": "Feature", "geometry": {"type": "Point", "coordinates": [2.160199, 41.3888507]}, "properties": {"tls": "cluster_4022831609_5731892860", "edge": "74387522#0", "links": [8, 9, 10], "bearing": 176.5}}, {"type": "Feature", "geometry": {"type": "Point", "coordinates": [2.2075895, 41.3985996]}, "properties": {"tls": "cluster_4112911211_5289700555", "edge": "1165373701", "links": [0, 1, 2, 3], "bearing": 219.6}}, {"type": "Feature", "geometry": {"type": "Point", "coordinates": [2.2075428, 41.3984817]}, "properties": {"tls": "cluster_4112911211_5289700555", "edge": "1215183295#0", "links": [4, 5, 6], "bearing": 26.1}}, {"type": "Feature", "geometry": {"type": "Point", "coordinates": [2.1495309, 41.4066757]}, "properties": {"tls": "cluster_415950289_6073196939", "edge": "237652086#0", "links": [0, 1], "bearing": 221.9}}, {"type": "Feature", "geometry": {"type": "Point", "coordinates": [2.1496056, 41.4065122]}, "properties": {"tls": "cluster_415950289_6073196939", "edge": "16628925#0", "links": [2, 3], "bearing": 308.0}}, {"type": "Feature", "geometry": {"type": "Point", "coordinates": [2.1491725, 41.4063223]}, "properties": {"tls": "cluster_415950289_6073196939", "edge": "242545582#1", "links": [4, 5, 6], "bearing": 46.3}}, {"type": "Feature", "geometry": {"type": "Point", "coordinates": [2.1493319, 41.4066513]}, "properties": {"tls": "cluster_415950289_6073196939", "edge": "486756070#0", "links": [7, 8, 9, 10], "bearing": 138.8}}, {"type": "Feature", "geometry": {"type": "Point", "coordinates": [2.1588337, 41.3753563]}, "properties": {"tls": "cluster_4538123367_4538123409_7042201756_7917340022_#3more", "edge": "340350446#0", "links": [0, 1, 2], "bearing": 230.2}}, {"type": "Feature", "geometry": {"type": "Point", "coordinates": [2.1586997, 41.3750595]}, "properties": {"tls": "cluster_4538123367_4538123409_7042201756_7917340022_#3more", "edge": "553309957#0", "links": [3, 4, 5, 6], "bearing": 271.3}}, {"type": "Feature", "geometry": {"type": "Point", "coordinates": [2.1584926, 41.3749321]}, "properties": {"tls": "cluster_4538123367_4538123409_7042201756_7917340022_#3more", "edge": "987520328#4", "links": [7, 8, 9, 10], "bearing": 90.6}}, {"type": "Feature", "geometry": {"type": "Point", "coordinates": [2.1585842, 41.3753135]}, "properties": {"tls": "cluster_4538123367_4538123409_7042201756_7917340022_#3more", "edge": "848503523#0", "links": [11, 12, 13], "bearing": 135.0}}, {"type": "Feature", "geometry": {"type": "Point", "coordinates": [2.167855, 41.3753014]}, "properties": {"tls": "cluster_4538123381_6833338778_89148866", "edge": "1548847134#0", "links": [0, 1], "bearing": 224.5}}, {"type": "Feature", "geometry": {"type": "Point", "coordinates": [2.1679542, 41.3750378]}, "properties": {"tls": "cluster_4538123381_6833338778_89148866", "edge": "827052044#0", "links": [2, 3, 4, 5], "bearing": 270.8}}, {"type": "Feature", "geometry": {"type": "Point", "coordinates": [2.1982036, 41.4120602]}, "properties": {"tls": "cluster_4707378817_559415593_559415594_559415595_#1more", "edge": "1393171297#0", "links": [0, 1, 2, 3], "bearing": 227.0}}, {"type": "Feature", "geometry": {"type": "Point", "coordinates": [2.1984335, 41.4117403]}, "properties": {"tls": "cluster_4707378817_559415593_559415594_559415595_#1more", "edge": "490503454#3", "links": [4, 5, 6, 7], "bearing": 316.0}}, {"type": "Feature", "geometry": {"type": "Point", "coordinates": [2.1982497, 41.4117334]}, "properties": {"tls": "cluster_4707378817_559415593_559415594_559415595_#1more", "edge": "237787040#5", "links": [8, 9, 10, 11, 12], "bearing": 46.7}}, {"type": "Feature", "geometry": {"type": "Point", "coordinates": [2.1956794, 41.4139537]}, "properties": {"tls": "cluster_506223417_618300957_7206995918", "edge": "115799305#7", "links": [0, 1, 2], "bearing": 225.8}}, {"type": "Feature", "geometry": {"type": "Point", "coordinates": [2.1959017, 41.4136474]}, "properties": {"tls": "cluster_506223417_618300957_7206995918", "edge": "43994497#3", "links": [3, 4, 5], "bearing": 314.5}}, {"type": "Feature", "geometry": {"type": "Point", "coordinates": [2.1957096, 41.4136306]}, "properties": {"tls": "cluster_506223417_618300957_7206995918", "edge": "86255368#6", "links": [6, 7, 8], "bearing": 45.0}}, {"type": "Feature", "geometry": {"type": "Point", "coordinates": [2.1857367, 41.3907068]}, "properties": {"tls": "cluster_5278618281_7866434035_9252974207", "edge": "283764987#0", "links": [0], "bearing": 226.5}}, {"type": "Feature", "geometry": {"type": "Point", "coordinates": [2.1856754, 41.3905316]}, "properties": {"tls": "cluster_5278618281_7866434035_9252974207", "edge": "546209922#0", "links": [1, 2, 3, 4], "bearing": 44.1}}, {"type": "Feature", "geometry": {"type": "Point", "coordinates": [2.1855868, 41.3907069]}, "properties": {"tls": "cluster_5278618281_7866434035_9252974207", "edge": "237914525#4", "links": [5, 6, 7, 8, 9], "bearing": 133.2}}, {"type": "Feature", "geometry": {"type": "Point", "coordinates": [2.1166772, 41.3682588]}, "properties": {"tls": "cluster_6173990309_960889211", "edge": "754815078", "links": [0, 1, 2], "bearing": 0.8}}, {"type": "Feature", "geometry": {"type": "Point", "coordinates": [2.1165326, 41.3684494]}, "properties": {"tls": "cluster_6173990309_960889211", "edge": "395047570#0", "links": [3, 4, 5], "bearing": 74.7}}, {"type": "Feature", "geometry": {"type": "Point", "coordinates": [2.1166232, 41.3685676]}, "properties": {"tls": "cluster_6173990309_960889211", "edge": "-83097166#1", "links": [6, 7], "bearing": 173.0}}, {"type": "Feature", "geometry": {"type": "Point", "coordinates": [2.1340288, 41.3673584]}, "properties": {"tls": "cluster_693864929_7023927787_8221718678_952967310", "edge": "1446005039", "links": [0, 1, 2], "bearing": 331.6}}, {"type": "Feature", "geometry": {"type": "Point", "coordinates": [2.1335168, 41.3672419]}, "properties": {"tls": "cluster_693864929_7023927787_8221718678_952967310", "edge": "81794396#0", "links": [3, 4, 5], "bearing": 46.9}}, {"type": "Feature", "geometry": {"type": "Point", "coordinates": [2.1335226, 41.3674466]}, "properties": {"tls": "cluster_693864929_7023927787_8221718678_952967310", "edge": "1446005993#0", "links": [6, 7, 8], "bearing": 155.1}}, {"type": "Feature", "geometry": {"type": "Point", "coordinates": [2.1366399, 41.4013361]}, "properties": {"tls": "joinedS_1002675914_1496396360_3136662659", "edge": "54678284#1", "links": [0, 1, 2], "bearing": 272.1}}, {"type": "Feature", "geometry": {"type": "Point", "coordinates": [2.1363268, 41.4012391]}, "properties": {"tls": "joinedS_1002675914_1496396360_3136662659", "edge": "821143060", "links": [3, 4, 5, 6], "bearing": 42.4}}, {"type": "Feature", "geometry": {"type": "Point", "coordinates": [2.1360267, 41.401117]}, "properties": {"tls": "joinedS_1002675914_1496396360_3136662659", "edge": "1238550919#0", "links": [7, 8, 9, 10], "bearing": 222.6}}, {"type": "Feature", "geometry": {"type": "Point", "coordinates": [2.1358881, 41.4011484]}, "properties": {"tls": "joinedS_1002675914_1496396360_3136662659", "edge": "237506926#2", "links": [11, 12], "bearing": 164.7}}, {"type": "Feature", "geometry": {"type": "Point", "coordinates": [2.1358876, 41.4013995]}, "properties": {"tls": "joinedS_1002675914_1496396360_3136662659", "edge": "308379360#0", "links": [13], "bearing": 219.8}}, {"type": "Feature", "geometry": {"type": "Point", "coordinates": [2.1357801, 41.4014072]}, "properties": {"tls": "joinedS_1002675914_1496396360_3136662659", "edge": "237506926#0", "links": [14, 15], "bearing": 164.4}}, {"type": "Feature", "geometry": {"type": "Point", "coordinates": [2.1421223, 41.3809002]}, "properties": {"tls": "joinedS_1012330330_3134765936", "edge": "87031378#0", "links": [0, 1, 2], "bearing": 209.4}}, {"type": "Feature", "geometry": {"type": "Point", "coordinates": [2.1419148, 41.3808471]}, "properties": {"tls": "joinedS_1012330330_3134765936", "edge": "243598397#0", "links": [3, 4, 5, 6, 7], "bearing": 134.4}}, {"type": "Feature", "geometry": {"type": "Point", "coordinates": [2.1425441, 41.3810248]}, "properties": {"tls": "joinedS_1012330330_3134765936", "edge": "1313088541", "links": [8], "bearing": 347.3}}, {"type": "Feature", "geometry": {"type": "Point", "coordinates": [2.1424452, 41.381072]}, "properties": {"tls": "joinedS_1012330330_3134765936", "edge": "308186232#0", "links": [9], "bearing": 65.2}}, {"type": "Feature", "geometry": {"type": "Point", "coordinates": [2.1895444, 41.4108045]}, "properties": {"tls": "joinedS_1122814756_cluster_126753810_1303457189_8148449127", "edge": "46714528#0", "links": [0, 1, 2], "bearing": 226.1}}, {"type": "Feature", "geometry": {"type": "Point", "coordinates": [2.1893398, 41.410541]}, "properties": {"tls": "joinedS_1122814756_cluster_126753810_1303457189_8148449127", "edge": "450581322#0", "links": [3, 4, 5], "bearing": 13.8}}, {"type": "Feature", "geometry": {"type": "Point", "coordinates": [2.189133, 41.4099879]}, "properties": {"tls": "joinedS_1122814756_cluster_126753810_1303457189_8148449127", "edge": "95427351#1", "links": [6, 7, 8, 9], "bearing": 17.1}}, {"type": "Feature", "geometry": {"type": "Point", "coordinates": [2.1890242, 41.4101178]}, "properties": {"tls": "joinedS_1122814756_cluster_126753810_1303457189_8148449127", "edge": "29057350#1", "links": [10, 11, 12, 13], "bearing": 45.8}}, {"type": "Feature", "geometry": {"type": "Point", "coordinates": [2.1596348, 41.3964698]}, "properties": {"tls": "joinedS_11276298354_12884439770_1311619363_1377225849_#2more", "edge": "1217655908", "links": [0, 1, 2, 3, 4], "bearing": 76.3}}, {"type": "Feature", "geometry": {"type": "Point", "coordinates": [2.1593794, 41.3965937]}, "properties": {"tls": "joinedS_11276298354_12884439770_1311619363_1377225849_#2more", "edge": "522164019#0", "links": [5, 6, 7, 8], "bearing": 235.3}}, {"type": "Feature", "geometry": {"type": "Point", "coordinates": [2.1591555, 41.3966039]}, "properties": {"tls": "joinedS_11276298354_12884439770_1311619363_1377225849_#2more", "edge": "401951396#0", "links": [9, 10, 11], "bearing": 133.0}}, {"type": "Feature", "geometry": {"type": "Point", "coordinates": [2.1598007, 41.3966679]}, "properties": {"tls": "joinedS_11276298354_12884439770_1311619363_1377225849_#2more", "edge": "271470038#0", "links": [12, 13, 14, 15, 16], "bearing": 262.3}}, {"type": "Feature", "geometry": {"type": "Point", "coordinates": [2.1596911, 41.3965539]}, "properties": {"tls": "joinedS_11276298354_12884439770_1311619363_1377225849_#2more", "edge": "522164021#0", "links": [17, 18, 19, 20], "bearing": 342.0}}, {"type": "Feature", "geometry": {"type": "Point", "coordinates": [2.1592191, 41.396512]}, "properties": {"tls": "joinedS_11276298354_12884439770_1311619363_1377225849_#2more", "edge": "1391901672#0", "links": [21, 22, 23], "bearing": 237.9}}, {"type": "Feature", "geometry": {"type": "Point", "coordinates": [2.15907, 41.3963724]}, "properties": {"tls": "joinedS_11276298354_12884439770_1311619363_1377225849_#2more", "edge": "-397481041#5", "links": [24, 25], "bearing": 74.2}}, {"type": "Feature", "geometry": {"type": "Point", "coordinates": [2.1596735, 41.3967551]}, "properties": {"tls": "joinedS_11276298354_12884439770_1311619363_1377225849_#2more", "edge": "1217655901#0", "links": [26, 27, 28], "bearing": 256.7}}, {"type": "Feature", "geometry": {"type": "Point", "coordinates": [2.1596215, 41.396686]}, "properties": {"tls": "joinedS_11276298354_12884439770_1311619363_1377225849_#2more", "edge": "115676121#0", "links": [29, 30, 31], "bearing": 311.9}}, {"type": "Feature", "geometry": {"type": "Point", "coordinates": [2.1598359, 41.3963672]}, "properties": {"tls": "joinedS_11276298354_12884439770_1311619363_1377225849_#2more", "edge": "-116343001#2", "links": [32], "bearing": 323.2}}, {"type": "Feature", "geometry": {"type": "Point", "coordinates": [2.1596623, 41.3963536]}, "properties": {"tls": "joinedS_11276298354_12884439770_1311619363_1377225849_#2more", "edge": "1217655906", "links": [33, 34, 35], "bearing": 108.5}}, {"type": "Feature", "geometry": {"type": "Point", "coordinates": [2.1389194, 41.4173605]}, "properties": {"tls": "joinedS_11305973952_cluster_12923224011_426673039_637536892", "edge": "236230582#2", "links": [0, 1, 2], "bearing": 16.2}}, {"type": "Feature", "geometry": {"type": "Point", "coordinates": [2.1388847, 41.4174472]}, "properties": {"tls": "joinedS_11305973952_cluster_12923224011_426673039_637536892", "edge": "1396215984", "links": [3, 4], "bearing": 101.3}}, {"type": "Feature", "geometry": {"type": "Point", "coordinates": [2.138687, 41.4178367]}, "properties": {"tls": "joinedS_11305973952_cluster_12923224011_426673039_637536892", "edge": "284401155#0", "links": [5, 6, 7, 8], "bearing": 204.0}}, {"type": "Feature", "geometry": {"type": "Point", "coordinates": [2.1387198, 41.4177433]}, "properties": {"tls": "joinedS_11305973952_cluster_12923224011_426673039_637536892", "edge": "49790748", "links": [9, 10, 11], "bearing": 291.3}}, {"type": "Feature", "geometry": {"type": "Point", "coordinates": [2.1383497, 41.4178804]}, "properties": {"tls": "joinedS_11305973952_cluster_12923224011_426673039_637536892", "edge": "211212150#0", "links": [12], "bearing": 169.2}}, {"type": "Feature", "geometry": {"type": "Point", "coordinates": [2.1774556, 41.3759143]}, "properties": {"tls": "joinedS_11369675082_21638920", "edge": "1408620377#0", "links": [0, 1, 2, 3], "bearing": 207.5}}, {"type": "Feature", "geometry": {"type": "Point", "coordinates": [2.1773142, 41.3759237]}, "properties": {"tls": "joinedS_11369675082_21638920", "edge": "1225795906", "links": [4, 5], "bearing": 152.8}}, {"type": "Feature", "geometry": {"type": "Point", "coordinates": [2.1775465, 41.3753992]}, "properties": {"tls": "joinedS_11369675082_21638920", "edge": "498952133#0", "links": [6, 7, 8, 9], "bearing": 37.1}}, {"type": "Feature", "geometry": {"type": "Point", "coordinates": [2.1774945, 41.3755228]}, "properties": {"tls": "joinedS_11369675082_21638920", "edge": "245672926#0", "links": [10, 11], "bearing": 123.6}}, {"type": "Feature", "geometry": {"type": "Point", "coordinates": [2.1670723, 41.3882633]}, "properties": {"tls": "joinedS_11466476299_301572132_301573130_cluster_11466476301_1400448339_559765964", "edge": "237522643#0", "links": [0], "bearing": 58.5}}, {"type": "Feature", "geometry": {"type": "Point", "coordinates": [2.1670726, 41.3883321]}, "properties": {"tls": "joinedS_11466476299_301572132_301573130_cluster_11466476301_1400448339_559765964", "edge": "1235264095#0", "links": [1], "bearing": 119.1}}, {"type": "Feature", "geometry": {"type": "Point", "coordinates": [2.1670838, 41.388546]}, "properties": {"tls": "joinedS_11466476299_301572132_301573130_cluster_11466476301_1400448339_559765964", "edge": "27465349#0", "links": [2, 3], "bearing": 313.8}}, {"type": "Feature", "geometry": {"type": "Point", "coordinates": [2.1669323, 41.388547]}, "properties": {"tls": "joinedS_11466476299_301572132_301573130_cluster_11466476301_1400448339_559765964", "edge": "673080418#0", "links": [4, 5, 6], "bearing": 35.0}}, {"type": "Feature", "geometry": {"type": "Point", "coordinates": [2.1668281, 41.3883982]}, "properties": {"tls": "joinedS_11466476299_301572132_301573130_cluster_11466476301_1400448339_559765964", "edge": "126302005", "links": [7, 8, 9, 10, 11], "bearing": 28.7}}, {"type": "Feature", "geometry": {"type": "Point", "coordinates": [2.1667802, 41.3885285]}, "properties": {"tls": "joinedS_11466476299_301572132_301573130_cluster_11466476301_1400448339_559765964", "edge": "673080417#0", "links": [12, 13], "bearing": 138.7}}, {"type": "Feature", "geometry": {"type": "Point", "coordinates": [2.1672436, 41.3883719]}, "properties": {"tls": "joinedS_11466476299_301572132_301573130_cluster_11466476301_1400448339_559765964", "edge": "8380873#0", "links": [14, 15], "bearing": 333.4}}, {"type": "Feature", "geometry": {"type": "Point", "coordinates": [2.1668824, 41.3883244]}, "properties": {"tls": "joinedS_11466476299_301572132_301573130_cluster_11466476301_1400448339_559765964", "edge": "126302004", "links": [16, 17, 18, 19, 20], "bearing": 72.3}}, {"type": "Feature", "geometry": {"type": "Point", "coordinates": [2.1669012, 41.3884364]}, "properties": {"tls": "joinedS_11466476299_301572132_301573130_cluster_11466476301_1400448339_559765964", "edge": "673080424", "links": [21, 22], "bearing": 135.0}}, {"type": "Feature", "geometry": {"type": "Point", "coordinates": [2.1482891, 41.3750904]}, "properties": {"tls": "joinedS_1193548816_168319807_2686522116_71710025_#1more", "edge": "103357170", "links": [0, 1, 2, 3, 4, 5, 6], "bearing": 124.6}}, {"type": "Feature", "geometry": {"type": "Point", "coordinates": [2.1485525, 41.3751333]}, "properties": {"tls": "joinedS_1193548816_168319807_2686522116_71710025_#1more", "edge": "245672925#0", "links": [7, 8, 9, 10, 11, 12, 13], "bearing": 194.6}}, {"type": "Feature", "geometry": {"type": "Point", "coordinates": [2.1486648, 41.3744586]}, "properties": {"tls": "joinedS_1193548816_168319807_2686522116_71710025_#1more", "edge": "545715327#0", "links": [14, 15, 16, 17, 18, 19, 20, 21], "bearing": 51.5}}, {"type": "Feature", "geometry": {"type": "Point", "coordinates": [2.1487286, 41.3746834]}, "properties": {"tls": "joinedS_1193548816_168319807_2686522116_71710025_#1more", "edge": "887560129", "links": [22, 23, 24, 25, 26, 27, 28, 29, 30], "bearing": 127.4}}, {"type": "Feature", "geometry": {"type": "Point", "coordinates": [2.1500327, 41.3751051]}, "properties": {"tls": "joinedS_1193548816_168319807_2686522116_71710025_#1more", "edge": "1137827992#0", "links": [31, 32, 33, 34, 35, 36], "bearing": 279.5}}, {"type": "Feature", "geometry": {"type": "Point", "coordinates": [2.1498424, 41.3750389]}, "properties": {"tls": "joinedS_1193548816_168319807_2686522116_71710025_#1more", "edge": "532303308#0", "links": [37, 38, 39, 40, 41], "bearing": 17.2}}, {"type": "Feature", "geometry": {"type": "Point", "coordinates": [2.1495739, 41.3744933]}, "properties": {"tls": "joinedS_1193548816_168319807_2686522116_71710025_#1more", "edge": "532279580", "links": [42, 43, 44, 45, 46, 47], "bearing": 339.5}}, {"type": "Feature", "geometry": {"type": "Point", "coordinates": [2.1493928, 41.3746268]}, "properties": {"tls": "joinedS_1193548816_168319807_2686522116_71710025_#1more", "edge": "208708603", "links": [48, 49, 50, 51, 52, 53, 54, 55, 56], "bearing": 58.8}}, {"type": "Feature", "geometry": {"type": "Point", "coordinates": [2.1489137, 41.3756941]}, "properties": {"tls": "joinedS_1193548816_168319807_2686522116_71710025_#1more", "edge": "542836620", "links": [57, 58, 59, 60, 61], "bearing": 161.7}}, {"type": "Feature", "geometry": {"type": "Point", "coordinates": [2.149227, 41.3754473]}, "properties": {"tls": "joinedS_1193548816_168319807_2686522116_71710025_#1more", "edge": "208708606", "links": [62, 63, 64, 65, 66, 67, 68], "bearing": 277.7}}, {"type": "Feature", "geometry": {"type": "Point", "coordinates": [2.1805304, 41.4187257]}, "properties": {"tls": "joinedS_125932467_30555404_30555405", "edge": "555296659#0", "links": [0, 1, 2], "bearing": 190.2}}, {"type": "Feature", "geometry": {"type": "Point", "coordinates": [2.1805791, 41.4185774]}, "properties": {"tls": "joinedS_125932467_30555404_30555405", "edge": "-1408922769#1", "links": [3, 4, 5], "bearing": 8.1}}, {"type": "Feature", "geometry": {"type": "Point", "coordinates": [2.1804768, 41.4184344]}, "properties": {"tls": "joinedS_125932467_30555404_30555405", "edge": "1408922769#0", "links": [6, 7], "bearing": 188.1}}, {"type": "Feature", "geometry": {"type": "Point", "coordinates": [2.1806294, 41.4182948]}, "properties": {"tls": "joinedS_125932467_30555404_30555405", "edge": "237645207#1", "links": [8, 9], "bearing": 315.7}}, {"type": "Feature", "geometry": {"type": "Point", "coordinates": [2.1805292, 41.4182748]}, "properties": {"tls": "joinedS_125932467_30555404_30555405", "edge": "-1408922770", "links": [10, 11], "bearing": 6.7}}, {"type": "Feature", "geometry": {"type": "Point", "coordinates": [2.1811865, 41.4179853]}, "properties": {"tls": "joinedS_125932467_30555404_30555405", "edge": "1409609317#0", "links": [12], "bearing": 224.1}}, {"type": "Feature", "geometry": {"type": "Point", "coordinates": [2.1811882, 41.4178747]}, "properties": {"tls": "joinedS_125932467_30555404_30555405", "edge": "552864710#0", "links": [13], "bearing": 315.2}}, {"type": "Feature", "geometry": {"type": "Point", "coordinates": [2.1614567, 41.4123326]}, "properties": {"tls": "joinedS_126763470_30242948_412446078", "edge": "548389963#0", "links": [0, 1, 2, 3], "bearing": 53.1}}, {"type": "Feature", "geometry": {"type": "Point", "coordinates": [2.1614115, 41.4124039]}, "properties": {"tls": "joinedS_126763470_30242948_412446078", "edge": "450020889#0", "links": [4, 5, 6], "bearing": 86.9}}, {"type": "Feature", "geometry": {"type": "Point", "coordinates": [2.1622019, 41.4123555]}, "properties": {"tls": "joinedS_126763470_30242948_412446078", "edge": "320966456#0", "links": [7, 8], "bearing": 113.1}}, {"type": "Feature", "geometry": {"type": "Point", "coordinates": [2.1622654, 41.4124024]}, "properties": {"tls": "joinedS_126763470_30242948_412446078", "edge": "237655871#0", "links": [9, 10], "bearing": 149.2}}, {"type": "Feature", "geometry": {"type": "Point", "coordinates": [2.1622321, 41.4125969]}, "properties": {"tls": "joinedS_126763470_30242948_412446078", "edge": "831182085", "links": [11, 12, 13], "bearing": 276.9}}, {"type": "Feature", "geometry": {"type": "Point", "coordinates": [2.1619253, 41.412612]}, "properties": {"tls": "joinedS_126763470_30242948_412446078", "edge": "450020885#0", "links": [14, 15, 16], "bearing": 88.0}}, {"type": "Feature", "geometry": {"type": "Point", "coordinates": [2.161965, 41.412735]}, "properties": {"tls": "joinedS_126763470_30242948_412446078", "edge": "35164017#0", "links": [17, 18, 19, 20], "bearing": 145.4}}, {"type": "Feature", "geometry": {"type": "Point", "coordinates": [2.1222674, 41.3870779]}, "properties": {"tls": "joinedS_126769416_356295267_390227141_cluster_10594266399_356295256_378214322", "edge": "-253360734#4", "links": [0, 1, 2, 3, 4], "bearing": 251.9}}, {"type": "Feature", "geometry": {"type": "Point", "coordinates": [2.1219657, 41.3869157]}, "properties": {"tls": "joinedS_126769416_356295267_390227141_cluster_10594266399_356295256_378214322", "edge": "68506232#0", "links": [5, 6, 7, 8], "bearing": 72.0}}, {"type": "Feature", "geometry": {"type": "Point", "coordinates": [2.1220615, 41.3871423]}, "properties": {"tls": "joinedS_126769416_356295267_390227141_cluster_10594266399_356295256_378214322", "edge": "58717691#0", "links": [9, 10, 11, 12, 13, 14, 15, 16, 17, 18, 19], "bearing": 171.9}}, {"type": "Feature", "geometry": {"type": "Point", "coordinates": [2.12328, 41.3869626]}, "properties": {"tls": "joinedS_126769416_356295267_390227141_cluster_10594266399_356295256_378214322", "edge": "1391886576#0", "links": [20, 21, 22, 23], "bearing": 22.4}}, {"type": "Feature", "geometry": {"type": "Point", "coordinates": [2.1231624, 41.3870302]}, "properties": {"tls": "joinedS_126769416_356295267_390227141_cluster_10594266399_356295256_378214322", "edge": "542503071#0", "links": [24, 25, 26, 27, 28], "bearing": 72.5}}, {"type": "Feature", "geometry": {"type": "Point", "coordinates": [2.1232008, 41.3876755]}, "properties": {"tls": "joinedS_126769416_356295267_390227141_cluster_10594266399_356295256_378214322", "edge": "1496251259#0", "links": [29, 30, 31], "bearing": 252.5}}, {"type": "Feature", "geometry": {"type": "Point", "coordinates": [2.1231153, 41.3875424]}, "properties": {"tls": "joinedS_126769416_356295267_390227141_cluster_10594266399_356295256_378214322", "edge": "542503076#0", "links": [32, 33, 34, 35], "bearing": 322.2}}, {"type": "Feature", "geometry": {"type": "Point", "coordinates": [2.1227409, 41.3865926]}, "properties": {"tls": "joinedS_126769416_356295267_390227141_cluster_10594266399_356295256_378214322", "edge": "213888086#2", "links": [36, 37, 38], "bearing": 31.4}}, {"type": "Feature", "geometry": {"type": "Point", "coordinates": [2.1224749, 41.3867124]}, "properties": {"tls": "joinedS_126769416_356295267_390227141_cluster_10594266399_356295256_378214322", "edge": "552634542#0", "links": [39, 40, 41, 42], "bearing": 126.9}}, {"type": "Feature", "geometry": {"type": "Point", "coordinates": [2.1677906, 41.4009987]}, "properties": {"tls": "joinedS_126797987_126803357", "edge": "68506263#4", "links": [0, 1, 2], "bearing": 315.9}}, {"type": "Feature", "geometry": {"type": "Point", "coordinates": [2.1675908, 41.4010192]}, "properties": {"tls": "joinedS_126797987_126803357", "edge": "284450142#0", "links": [3, 4, 5, 6, 7], "bearing": 45.9}}, {"type": "Feature", "geometry": {"type": "Point", "coordinates": [2.1672522, 41.4007697]}, "properties": {"tls": "joinedS_126797987_126803357", "edge": "544248640#0", "links": [8, 9, 10, 11, 12], "bearing": 47.0}}, {"type": "Feature", "geometry": {"type": "Point", "coordinates": [2.1672303, 41.4009211]}, "properties": {"tls": "joinedS_126797987_126803357", "edge": "237645205#0", "links": [13, 14, 15, 16], "bearing": 138.1}}, {"type": "Feature", "geometry": {"type": "Point", "coordinates": [2.1803553, 41.391567]}, "properties": {"tls": "joinedS_126798005_126798008_1311833057_211616876", "edge": "226319533", "links": [0, 1], "bearing": 265.1}}, {"type": "Feature", "geometry": {"type": "Point", "coordinates": [2.180307, 41.3914731]}, "properties": {"tls": "joinedS_126798005_126798008_1311833057_211616876", "edge": "226319541", "links": [2, 3], "bearing": 336.8}}, {"type": "Feature", "geometry": {"type": "Point", "coordinates": [2.1806648, 41.3916984]}, "properties": {"tls": "joinedS_126798005_126798008_1311833057_211616876", "edge": "226319540#0", "links": [4], "bearing": 224.6}}, {"type": "Feature", "geometry": {"type": "Point", "coordinates": [2.180718, 41.3915578]}, "properties": {"tls": "joinedS_126798005_126798008_1311833057_211616876", "edge": "538185605#0", "links": [5, 6, 7], "bearing": 290.2}}, {"type": "Feature", "geometry": {"type": "Point", "coordinates": [2.1804026, 41.3914782]}, "properties": {"tls": "joinedS_126798005_126798008_1311833057_211616876", "edge": "23191706#0", "links": [8, 9], "bearing": 44.4}}, {"type": "Feature", "geometry": {"type": "Point", "coordinates": [2.1799614, 41.3912782]}, "properties": {"tls": "joinedS_126798005_126798008_1311833057_211616876", "edge": "116349433#0", "links": [10, 11, 12, 13, 14], "bearing": 189.4}}, {"type": "Feature", "geometry": {"type": "Point", "coordinates": [2.179788, 41.3910237]}, "properties": {"tls": "joinedS_126798005_126798008_1311833057_211616876", "edge": "1017855764#3", "links": [15, 16, 17, 18, 19, 20], "bearing": 52.5}}, {"type": "Feature", "geometry": {"type": "Point", "coordinates": [2.1799669, 41.391572]}, "properties": {"tls": "joinedS_126798005_126798008_1311833057_211616876", "edge": "404402534#0", "links": [21, 22, 23, 24], "bearing": 280.2}}, {"type": "Feature", "geometry": {"type": "Point", "coordinates": [2.1797112, 41.39168]}, "properties": {"tls": "joinedS_126798005_126798008_1311833057_211616876", "edge": "490751790", "links": [25, 26, 27], "bearing": 135.6}}, {"type": "Feature", "geometry": {"type": "Point", "coordinates": [2.1650226, 41.4024615]}, "properties": {"tls": "joinedS_126803334_30558452", "edge": "450282541#0", "links": [0, 1, 2, 3], "bearing": 44.4}}, {"type": "Feature", "geometry": {"type": "Point", "coordinates": [2.1650095, 41.4026018]}, "properties": {"tls": "joinedS_126803334_30558452", "edge": "140001517#0", "links": [4, 5, 6, 7], "bearing": 137.3}}, {"type": "Feature", "geometry": {"type": "Point", "coordinates": [2.1655403, 41.4026964]}, "properties": {"tls": "joinedS_126803334_30558452", "edge": "226319971#0", "links": [8, 9], "bearing": 315.9}}, {"type": "Feature", "geometry": {"type": "Point", "coordinates": [2.1653565, 41.4027095]}, "properties": {"tls": "joinedS_126803334_30558452", "edge": "4776840#0", "links": [10, 11, 12], "bearing": 46.9}}, {"type": "Feature", "geometry": {"type": "Point", "coordinates": [2.1640526, 41.4034622]}, "properties": {"tls": "joinedS_126803336_30555001", "edge": "450282540#0", "links": [0, 1, 2, 3], "bearing": 226.5}}, {"type": "Feature", "geometry": {"type": "Point", "coordinates": [2.1638685, 41.4034751]}, "properties": {"tls": "joinedS_126803336_30555001", "edge": "20476283#0", "links": [4, 5, 6], "bearing": 137.6}}, {"type": "Feature", "geometry": {"type": "Point", "coordinates": [2.1643875, 41.4037061]}, "properties": {"tls": "joinedS_126803336_30555001", "edge": "554934619#2", "links": [7, 8, 9], "bearing": 226.0}}, {"type": "Feature", "geometry": {"type": "Point", "coordinates": [2.1644008, 41.4035678]}, "properties": {"tls": "joinedS_126803336_30555001", "edge": "450282542#0", "links": [10, 11, 12, 13], "bearing": 315.8}}, {"type": "Feature", "geometry": {"type": "Point", "coordinates": [2.1499425, 41.4071419]}, "properties": {"tls": "joinedS_12696223063_1357271796_331355854", "edge": "36725973#0", "links": [0, 1, 2], "bearing": 193.7}}, {"type": "Feature", "geometry": {"type": "Point", "coordinates": [2.1498453, 41.4068544]}, "properties": {"tls": "joinedS_12696223063_1357271796_331355854", "edge": "-542990500#1", "links": [3, 4, 5], "bearing": 41.3}}, {"type": "Feature", "geometry": {"type": "Point", "coordinates": [2.149958, 41.4074993]}, "properties": {"tls": "joinedS_12696223063_1357271796_331355854", "edge": "121189294#0", "links": [6], "bearing": 298.5}}, {"type": "Feature", "geometry": {"type": "Point", "coordinates": [2.149885, 41.4074591]}, "properties": {"tls": "joinedS_12696223063_1357271796_331355854", "edge": "35164543#0", "links": [7, 8], "bearing": 337.3}}, {"type": "Feature", "geometry": {"type": "Point", "coordinates": [2.1500636, 41.4074177]}, "properties": {"tls": "joinedS_12696223063_1357271796_331355854", "edge": "237655881#0", "links": [9, 10, 11], "bearing": 221.5}}, {"type": "Feature", "geometry": {"type": "Point", "coordinates": [2.1500075, 41.4072935]}, "properties": {"tls": "joinedS_12696223063_1357271796_331355854", "edge": "-36725973#2", "links": [12, 13], "bearing": 347.4}}, {"type": "Feature", "geometry": {"type": "Point", "coordinates": [2.1453938, 41.3930047]}, "properties": {"tls": "joinedS_12884134295_1362900013_1378894231_1840721019_#2more", "edge": "244059991#0", "links": [0, 1, 2], "bearing": 250.5}}, {"type": "Feature", "geometry": {"type": "Point", "coordinates": [2.1452703, 41.3929255]}, "properties": {"tls": "joinedS_12884134295_1362900013_1378894231_1840721019_#2more", "edge": "1391901664#0", "links": [3, 4, 5, 6, 7], "bearing": 105.3}}, {"type": "Feature", "geometry": {"type": "Point", "coordinates": [2.1457351, 41.3930943]}, "properties": {"tls": "joinedS_12884134295_1362900013_1378894231_1840721019_#2more", "edge": "397481044#0", "links": [8, 9, 10], "bearing": 251.7}}, {"type": "Feature", "geometry": {"type": "Point", "coordinates": [2.1454598, 41.3929509]}, "properties": {"tls": "joinedS_12884134295_1362900013_1378894231_1840721019_#2more", "edge": "-244059991#1", "links": [11, 12, 13, 14], "bearing": 70.5}}, {"type": "Feature", "geometry": {"type": "Point", "coordinates": [2.1454924, 41.3931081]}, "properties": {"tls": "joinedS_12884134295_1362900013_1378894231_1840721019_#2more", "edge": "451607872#0", "links": [15, 16, 17, 18, 19], "bearing": 139.1}}, {"type": "Feature", "geometry": {"type": "Point", "coordinates": [2.1456176, 41.3928869]}, "properties": {"tls": "joinedS_12884134295_1362900013_1378894231_1840721019_#2more", "edge": "22725332#0", "links": [20], "bearing": 71.9}}, {"type": "Feature", "geometry": {"type": "Point", "coordinates": [2.1456667, 41.3929582]}, "properties": {"tls": "joinedS_12884134295_1362900013_1378894231_1840721019_#2more", "edge": "1025876541", "links": [21], "bearing": 135.0}}, {"type": "Feature", "geometry": {"type": "Point", "coordinates": [2.145136, 41.392916]}, "properties": {"tls": "joinedS_12884134295_1362900013_1378894231_1840721019_#2more", "edge": "1391901662#0", "links": [22, 23, 24], "bearing": 262.8}}, {"type": "Feature", "geometry": {"type": "Point", "coordinates": [2.1449874, 41.3928227]}, "properties": {"tls": "joinedS_12884134295_1362900013_1378894231_1840721019_#2more", "edge": "542169704#0", "links": [25, 26, 27, 28, 29], "bearing": 335.2}}, {"type": "Feature", "geometry": {"type": "Point", "coordinates": [2.1454028, 41.3933649]}, "properties": {"tls": "joinedS_12884134295_1362900013_1378894231_1840721019_#2more", "edge": "-542990496#2", "links": [30, 31, 32], "bearing": 218.8}}, {"type": "Feature", "geometry": {"type": "Point", "coordinates": [2.1452248, 41.3933479]}, "properties": {"tls": "joinedS_12884134295_1362900013_1378894231_1840721019_#2more", "edge": "1259775741#0", "links": [33, 34, 35, 36], "bearing": 134.5}}, {"type": "Feature", "geometry": {"type": "Point", "coordinates": [2.1456132, 41.3931475]}, "properties": {"tls": "joinedS_12884134295_1362900013_1378894231_1840721019_#2more", "edge": "238324867#0", "links": [37, 38], "bearing": 252.7}}, {"type": "Feature", "geometry": {"type": "Point", "coordinates": [2.1454021, 41.3931824]}, "properties": {"tls": "joinedS_12884134295_1362900013_1378894231_1840721019_#2more", "edge": "542169706#0", "links": [39, 40], "bearing": 145.5}}, {"type": "Feature", "geometry": {"type": "Point", "coordinates": [2.194514, 41.4096734]}, "properties": {"tls": "joinedS_1305741256_559061399_559418993_814239845", "edge": "1427103781", "links": [0, 1], "bearing": 229.1}}, {"type": "Feature", "geometry": {"type": "Point", "coordinates": [2.1943373, 41.4096535]}, "properties": {"tls": "joinedS_1305741256_559061399_559418993_814239845", "edge": "910053968#0", "links": [2, 3, 4, 5], "bearing": 133.9}}, {"type": "Feature", "geometry": {"type": "Point", "coordinates": [2.1948609, 41.409152]}, "properties": {"tls": "joinedS_1305741256_559061399_559418993_814239845", "edge": "545724433", "links": [6, 7, 8], "bearing": 44.2}}, {"type": "Feature", "geometry": {"type": "Point", "coordinates": [2.1948453, 41.4092975]}, "properties": {"tls": "joinedS_1305741256_559061399_559418993_814239845", "edge": "449991619", "links": [9, 10, 11], "bearing": 133.0}}, {"type": "Feature", "geometry": {"type": "Point", "coordinates": [2.194745, 41.4094941]}, "properties": {"tls": "joinedS_1305741256_559061399_559418993_814239845", "edge": "237787041#2", "links": [12, 13, 14], "bearing": 227.6}}, {"type": "Feature", "geometry": {"type": "Point", "coordinates": [2.1945896, 41.4093437]}, "properties": {"tls": "joinedS_1305741256_559061399_559418993_814239845", "edge": "-263405119#1", "links": [15], "bearing": 47.4}}, {"type": "Feature", "geometry": {"type": "Point", "coordinates": [2.1945487, 41.4095028]}, "properties": {"tls": "joinedS_1305741256_559061399_559418993_814239845", "edge": "1168912157#0", "links": [16, 17], "bearing": 133.7}}, {"type": "Feature", "geometry": {"type": "Point", "coordinates": [2.1951036, 41.4089834]}, "properties": {"tls": "joinedS_1305741256_559061399_559418993_814239845", "edge": "1123933041#0", "links": [18, 19], "bearing": 46.5}}, {"type": "Feature", "geometry": {"type": "Point", "coordinates": [2.1951143, 41.4091]}, "properties": {"tls": "joinedS_1305741256_559061399_559418993_814239845", "edge": "255327613#0", "links": [20, 21, 22], "bearing": 132.8}}, {"type": "Feature", "geometry": {"type": "Point", "coordinates": [2.1497942, 41.3941204]}, "properties": {"tls": "joinedS_1311619340_442540270_442540300", "edge": "544164277#0", "links": [0, 1, 2], "bearing": 252.7}}, {"type": "Feature", "geometry": {"type": "Point", "coordinates": [2.1494507, 41.3939634]}, "properties": {"tls": "joinedS_1311619340_442540270_442540300", "edge": "-397481042#4", "links": [3, 4, 5, 6], "bearing": 71.8}}, {"type": "Feature", "geometry": {"type": "Point", "coordinates": [2.1495052, 41.3941214]}, "properties": {"tls": "joinedS_1311619340_442540270_442540300", "edge": "450280363#0", "links": [7, 8, 9, 10, 11, 12, 13], "bearing": 133.6}}, {"type": "Feature", "geometry": {"type": "Point", "coordinates": [2.1496302, 41.3938992]}, "properties": {"tls": "joinedS_1311619340_442540270_442540300", "edge": "536376968#0", "links": [14, 15, 16], "bearing": 71.3}}, {"type": "Feature", "geometry": {"type": "Point", "coordinates": [2.1497044, 41.393977]}, "properties": {"tls": "joinedS_1311619340_442540270_442540300", "edge": "450280362#0", "links": [17, 18, 19, 20, 21], "bearing": 134.3}}, {"type": "Feature", "geometry": {"type": "Point", "coordinates": [2.1496469, 41.3941661]}, "properties": {"tls": "joinedS_1311619340_442540270_442540300", "edge": "905205418#0", "links": [22, 23, 24], "bearing": 252.1}}, {"type": "Feature", "geometry": {"type": "Point", "coordinates": [2.1494041, 41.3942003]}, "properties": {"tls": "joinedS_1311619340_442540270_442540300", "edge": "1422093911#0", "links": [25, 26, 27, 28], "bearing": 136.4}}, {"type": "Feature", "geometry": {"type": "Point", "coordinates": [2.1615919, 41.3970861]}, "properties": {"tls": "joinedS_1311619365_30253494_30254222_442540258", "edge": "-307933382#2", "links": [0, 1, 2, 3], "bearing": 251.4}}, {"type": "Feature", "geometry": {"type": "Point", "coordinates": [2.1612848, 41.3969263]}, "properties": {"tls": "joinedS_1311619365_30253494_30254222_442540258", "edge": "116315069#0", "links": [4, 5, 6], "bearing": 72.5}}, {"type": "Feature", "geometry": {"type": "Point", "coordinates": [2.1612928, 41.3971277]}, "properties": {"tls": "joinedS_1311619365_30253494_30254222_442540258", "edge": "544113526#0", "links": [7, 8, 9, 10], "bearing": 136.0}}, {"type": "Feature", "geometry": {"type": "Point", "coordinates": [2.1617596, 41.3966551]}, "properties": {"tls": "joinedS_1311619365_30253494_30254222_442540258", "edge": "450396236#0", "links": [11, 12, 13, 14], "bearing": 47.2}}, {"type": "Feature", "geometry": {"type": "Point", "coordinates": [2.1617467, 41.396794]}, "properties": {"tls": "joinedS_1311619365_30253494_30254222_442540258", "edge": "1408604728#0", "links": [15, 16, 17, 18, 19], "bearing": 136.3}}, {"type": "Feature", "geometry": {"type": "Point", "coordinates": [2.1615039, 41.396852]}, "properties": {"tls": "joinedS_1311619365_30253494_30254222_442540258", "edge": "1217655916", "links": [20], "bearing": 71.3}}, {"type": "Feature", "geometry": {"type": "Point", "coordinates": [2.1615417, 41.3969366]}, "properties": {"tls": "joinedS_1311619365_30253494_30254222_442540258", "edge": "1524529847", "links": [21, 22, 23], "bearing": 133.6}}, {"type": "Feature", "geometry": {"type": "Point", "coordinates": [2.1614093, 41.3971929]}, "properties": {"tls": "joinedS_1311619365_30253494_30254222_442540258", "edge": "1097233500#0", "links": [24, 25], "bearing": 252.3}}, {"type": "Feature", "geometry": {"type": "Point", "coordinates": [2.1611384, 41.397232]}, "properties": {"tls": "joinedS_1311619365_30253494_30254222_442540258", "edge": "1108365352#0", "links": [26, 27, 28], "bearing": 137.5}}, {"type": "Feature", "geometry": {"type": "Point", "coordinates": [2.1549069, 41.3954044]}, "properties": {"tls": "joinedS_1311619488_30237617_30247431_359104405", "edge": "-544617969", "links": [0, 1, 2, 3], "bearing": 252.0}}, {"type": "Feature", "geometry": {"type": "Point", "coordinates": [2.1545226, 41.3952261]}, "properties": {"tls": "joinedS_1311619488_30237617_30247431_359104405", "edge": "237659844#0", "links": [4, 5, 6], "bearing": 72.3}}, {"type": "Feature", "geometry": {"type": "Point", "coordinates": [2.154588, 41.3954143]}, "properties": {"tls": "joinedS_1311619488_30237617_30247431_359104405", "edge": "675395642#0", "links": [7, 8, 9, 10, 11, 12], "bearing": 135.0}}, {"type": "Feature", "geometry": {"type": "Point", "coordinates": [2.1549976, 41.3949304]}, "properties": {"tls": "joinedS_1311619488_30237617_30247431_359104405", "edge": "237914527#3", "links": [13, 14, 15], "bearing": 45.0}}, {"type": "Feature", "geometry": {"type": "Point", "coordinates": [2.1550205, 41.3950867]}, "properties": {"tls": "joinedS_1311619488_30237617_30247431_359104405", "edge": "237522639#0", "links": [16, 17, 18, 19], "bearing": 135.6}}, {"type": "Feature", "geometry": {"type": "Point", "coordinates": [2.1546785, 41.3951835]}, "properties": {"tls": "joinedS_1311619488_30237617_30247431_359104405", "edge": "170079040#0", "links": [20, 21, 22], "bearing": 71.8}}, {"type": "Feature", "geometry": {"type": "Point", "coordinates": [2.1547818, 41.39527]}, "properties": {"tls": "joinedS_1311619488_30237617_30247431_359104405", "edge": "165842957#0", "links": [23, 24, 25, 26, 27], "bearing": 135.0}}, {"type": "Feature", "geometry": {"type": "Point", "coordinates": [2.1547511, 41.3954607]}, "properties": {"tls": "joinedS_1311619488_30237617_30247431_359104405", "edge": "658706630#0", "links": [28, 29, 30], "bearing": 251.4}}, {"type": "Feature", "geometry": {"type": "Point", "coordinates": [2.1544899, 41.3954904]}, "properties": {"tls": "joinedS_1311619488_30237617_30247431_359104405", "edge": "1408687435#0", "links": [31, 32, 33, 34, 35], "bearing": 136.0}}, {"type": "Feature", "geometry": {"type": "Point", "coordinates": [2.1480879, 41.3936878]}, "properties": {"tls": "joinedS_1311619500_364811897_364811899", "edge": "397481042#0", "links": [0, 1, 2], "bearing": 251.4}}, {"type": "Feature", "geometry": {"type": "Point", "coordinates": [2.1480465, 41.3935142]}, "properties": {"tls": "joinedS_1311619500_364811897_364811899", "edge": "536376972#0", "links": [3, 4, 5, 6, 7, 8, 9], "bearing": 310.9}}, {"type": "Feature", "geometry": {"type": "Point", "coordinates": [2.1477343, 41.3935281]}, "properties": {"tls": "joinedS_1311619500_364811897_364811899", "edge": "-544617968#2", "links": [10, 11, 12, 13], "bearing": 72.9}}, {"type": "Feature", "geometry": {"type": "Point", "coordinates": [2.1481586, 41.3934232]}, "properties": {"tls": "joinedS_1311619500_364811897_364811899", "edge": "237659855#0", "links": [14, 15, 16, 17], "bearing": 318.6}}, {"type": "Feature", "geometry": {"type": "Point", "coordinates": [2.1479059, 41.3934612]}, "properties": {"tls": "joinedS_1311619500_364811897_364811899", "edge": "1025876539#0", "links": [18, 19, 20], "bearing": 71.2}}, {"type": "Feature", "geometry": {"type": "Point", "coordinates": [2.1479169, 41.3937269]}, "properties": {"tls": "joinedS_1311619500_364811897_364811899", "edge": "536376979#2", "links": [21, 22], "bearing": 252.3}}, {"type": "Feature", "geometry": {"type": "Point", "coordinates": [2.1478055, 41.3936751]}, "properties": {"tls": "joinedS_1311619500_364811897_364811899", "edge": "244059994#0", "links": [23, 24, 25, 26], "bearing": 313.8}}, {"type": "Feature", "geometry": {"type": "Point", "coordinates": [2.1639283, 41.3930069]}, "properties": {"tls": "joinedS_1311770048_442540251", "edge": "-525638420#2", "links": [0, 1, 2, 3, 4], "bearing": 318.2}}, {"type": "Feature", "geometry": {"type": "Point", "coordinates": [2.1636823, 41.3929498]}, "properties": {"tls": "joinedS_1311770048_442540251", "edge": "908375878", "links": [5, 6, 7, 8, 9, 10, 11], "bearing": 45.0}}, {"type": "Feature", "geometry": {"type": "Point", "coordinates": [2.1636834, 41.3930796]}, "properties": {"tls": "joinedS_1311770048_442540251", "edge": "524963566#0", "links": [12, 13, 14], "bearing": 137.8}}, {"type": "Feature", "geometry": {"type": "Point", "coordinates": [2.1635868, 41.392882]}, "properties": {"tls": "joinedS_1311770048_442540251", "edge": "238324880#2", "links": [15, 16, 17, 18, 19], "bearing": 45.0}}, {"type": "Feature", "geometry": {"type": "Point", "coordinates": [2.1635835, 41.393]}, "properties": {"tls": "joinedS_1311770048_442540251", "edge": "908375873#0", "links": [20, 21, 22], "bearing": 138.0}}, {"type": "Feature", "geometry": {"type": "Point", "coordinates": [2.1812107, 41.4044331]}, "properties": {"tls": "joinedS_1350812728_cluster_2292981003_6985802967", "edge": "263405136#3", "links": [0, 1, 2, 3, 4, 5], "bearing": 224.7}}, {"type": "Feature", "geometry": {"type": "Point", "coordinates": [2.1809936, 41.4044472]}, "properties": {"tls": "joinedS_1350812728_cluster_2292981003_6985802967", "edge": "651543579#5", "links": [6, 7, 8, 9], "bearing": 136.4}}, {"type": "Feature", "geometry": {"type": "Point", "coordinates": [2.181549, 41.4041633]}, "properties": {"tls": "joinedS_1350812728_cluster_2292981003_6985802967", "edge": "74398640#0", "links": [10], "bearing": 222.2}}, {"type": "Feature", "geometry": {"type": "Point", "coordinates": [2.1813458, 41.4040577]}, "properties": {"tls": "joinedS_1350812728_cluster_2292981003_6985802967", "edge": "74398635#2", "links": [11, 12], "bearing": 31.1}}, {"type": "Feature", "geometry": {"type": "Point", "coordinates": [2.1813484, 41.404183]}, "properties": {"tls": "joinedS_1350812728_cluster_2292981003_6985802967", "edge": "263405146#0", "links": [13, 14, 15], "bearing": 135.4}}, {"type": "Feature", "geometry": {"type": "Point", "coordinates": [2.1514979, 41.3945372]}, "properties": {"tls": "joinedS_1362899971_30237637_359104407", "edge": "-237659844#6", "links": [0, 1, 2, 3], "bearing": 251.5}}, {"type": "Feature", "geometry": {"type": "Point", "coordinates": [2.1514244, 41.3943644]}, "properties": {"tls": "joinedS_1362899971_30237637_359104407", "edge": "536376965#0", "links": [4, 5, 6, 7, 8, 9, 10, 11], "bearing": 315.0}}, {"type": "Feature", "geometry": {"type": "Point", "coordinates": [2.1511153, 41.3943646]}, "properties": {"tls": "joinedS_1362899971_30237637_359104407", "edge": "257568505#0", "links": [12, 13, 14], "bearing": 72.1}}, {"type": "Feature", "geometry": {"type": "Point", "coordinates": [2.1515309, 41.3942835]}, "properties": {"tls": "joinedS_1362899971_30237637_359104407", "edge": "1409649743#0", "links": [15, 16, 17, 18, 19], "bearing": 315.5}}, {"type": "Feature", "geometry": {"type": "Point", "coordinates": [2.1512596, 41.3943176]}, "properties": {"tls": "joinedS_1362899971_30237637_359104407", "edge": "905205417#0", "links": [20, 21, 22], "bearing": 72.1}}, {"type": "Feature", "geometry": {"type": "Point", "coordinates": [2.1513255, 41.3945882]}, "properties": {"tls": "joinedS_1362899971_30237637_359104407", "edge": "498269278#0", "links": [23, 24, 25], "bearing": 252.5}}, {"type": "Feature", "geometry": {"type": "Point", "coordinates": [2.1511956, 41.394534]}, "properties": {"tls": "joinedS_1362899971_30237637_359104407", "edge": "544215269#0", "links": [26, 27, 28, 29, 30], "bearing": 312.6}}, {"type": "Feature", "geometry": {"type": "Point", "coordinates": [2.1681946, 41.3891683]}, "properties": {"tls": "joinedS_1375310919_2495598155_26057312_3229689808_#1more", "edge": "1392183135#0", "links": [0, 1, 2, 3], "bearing": 45.9}}, {"type": "Feature", "geometry": {"type": "Point", "coordinates": [2.1681977, 41.3893112]}, "properties": {"tls": "joinedS_1375310919_2495598155_26057312_3229689808_#1more", "edge": "8380822#0", "links": [4, 5, 6, 7], "bearing": 134.4}}, {"type": "Feature", "geometry": {"type": "Point", "coordinates": [2.1679676, 41.3893483]}, "properties": {"tls": "joinedS_1375310919_2495598155_26057312_3229689808_#1more", "edge": "316789524#0", "links": [8, 9, 10, 11], "bearing": 43.9}}, {"type": "Feature", "geometry": {"type": "Point", "coordinates": [2.1680146, 41.3895068]}, "properties": {"tls": "joinedS_1375310919_2495598155_26057312_3229689808_#1more", "edge": "542963106#0", "links": [12, 13, 14], "bearing": 154.8}}, {"type": "Feature", "geometry": {"type": "Point", "coordinates": [2.1684606, 41.3895074]}, "properties": {"tls": "joinedS_1375310919_2495598155_26057312_3229689808_#1more", "edge": "440369835#0", "links": [15, 16, 17, 18], "bearing": 322.6}}, {"type": "Feature", "geometry": {"type": "Point", "coordinates": [2.1682258, 41.3895429]}, "properties": {"tls": "joinedS_1375310919_2495598155_26057312_3229689808_#1more", "edge": "293858827#0", "links": [19, 20, 21, 22], "bearing": 60.6}}, {"type": "Feature", "geometry": {"type": "Point", "coordinates": [2.1685398, 41.3895324]}, "properties": {"tls": "joinedS_1375310919_2495598155_26057312_3229689808_#1more", "edge": "545718429#0", "links": [23, 24, 25], "bearing": 3.8}}, {"type": "Feature", "geometry": {"type": "Point", "coordinates": [2.1684343, 41.389609]}, "properties": {"tls": "joinedS_1375310919_2495598155_26057312_3229689808_#1more", "edge": "545718428#0", "links": [26, 27], "bearing": 72.5}}, {"type": "Feature", "geometry": {"type": "Point", "coordinates": [2.1686872, 41.3892993]}, "properties": {"tls": "joinedS_1375310919_2495598155_26057312_3229689808_#1more", "edge": "295263589#0", "links": [28, 29, 30, 31, 32, 33], "bearing": 319.6}}, {"type": "Feature", "geometry": {"type": "Point", "coordinates": [2.1685757, 41.3892708]}, "properties": {"tls": "joinedS_1375310919_2495598155_26057312_3229689808_#1more", "edge": "8380830#0", "links": [34, 35, 36, 37, 38, 39, 40], "bearing": 340.9}}, {"type": "Feature", "geometry": {"type": "Point", "coordinates": [2.168391, 41.3893144]}, "properties": {"tls": "joinedS_1375310919_2495598155_26057312_3229689808_#1more", "edge": "140001530#0", "links": [41, 42, 43, 44], "bearing": 46.0}}, {"type": "Feature", "geometry": {"type": "Point", "coordinates": [2.1340098, 41.3951727]}, "properties": {"tls": "joinedS_1377806835_692263342_7252348260", "edge": "123616970#6", "links": [0, 1], "bearing": 58.2}}, {"type": "Feature", "geometry": {"type": "Point", "coordinates": [2.1340174, 41.3953013]}, "properties": {"tls": "joinedS_1377806835_692263342_7252348260", "edge": "295288878#0", "links": [2, 3, 4], "bearing": 125.4}}, {"type": "Feature", "geometry": {"type": "Point", "coordinates": [2.1344885, 41.3953043]}, "properties": {"tls": "joinedS_1377806835_692263342_7252348260", "edge": "650072289#6", "links": [5, 6], "bearing": 329.4}}, {"type": "Feature", "geometry": {"type": "Point", "coordinates": [2.1343368, 41.3953043]}, "properties": {"tls": "joinedS_1377806835_692263342_7252348260", "edge": "295288877#0", "links": [7, 8, 9], "bearing": 43.3}}, {"type": "Feature", "geometry": {"type": "Point", "coordinates": [2.1340531, 41.395563]}, "properties": {"tls": "joinedS_1377806835_692263342_7252348260", "edge": "295288879#0", "links": [10, 11, 12], "bearing": 230.3}}, {"type": "Feature", "geometry": {"type": "Point", "coordinates": [2.1339038, 41.3955814]}, "properties": {"tls": "joinedS_1377806835_692263342_7252348260", "edge": "1395710352#0", "links": [13, 14], "bearing": 157.8}}, {"type": "Feature", "geometry": {"type": "Point", "coordinates": [2.1677998, 41.4127007]}, "properties": {"tls": "joinedS_1381852561_402875797_690803404_cluster_1381852565_3748616590_690803431", "edge": "295288876#0", "links": [0, 1, 2, 3, 4, 5], "bearing": 296.1}}, {"type": "Feature", "geometry": {"type": "Point", "coordinates": [2.167611, 41.412606]}, "properties": {"tls": "joinedS_1381852561_402875797_690803404_cluster_1381852565_3748616590_690803431", "edge": "177883863#0", "links": [6, 7, 8, 9, 10], "bearing": 15.1}}, {"type": "Feature", "geometry": {"type": "Point", "coordinates": [2.1669542, 41.4128105]}, "properties": {"tls": "joinedS_1381852561_402875797_690803404_cluster_1381852565_3748616590_690803431", "edge": "34638078#0", "links": [11, 12, 13, 14], "bearing": 188.3}}, {"type": "Feature", "geometry": {"type": "Point", "coordinates": [2.1671233, 41.4127413]}, "properties": {"tls": "joinedS_1381852561_402875797_690803404_cluster_1381852565_3748616590_690803431", "edge": "134575587#0", "links": [15, 16, 17, 18], "bearing": 236.9}}, {"type": "Feature", "geometry": {"type": "Point", "coordinates": [2.1665321, 41.4120299]}, "properties": {"tls": "joinedS_1381852561_402875797_690803404_cluster_1381852565_3748616590_690803431", "edge": "287871139#1", "links": [19, 20, 21, 22, 23], "bearing": 73.8}}, {"type": "Feature", "geometry": {"type": "Point", "coordinates": [2.1666877, 41.4121774]}, "properties": {"tls": "joinedS_1381852561_402875797_690803404_cluster_1381852565_3748616590_690803431", "edge": "908532535#0", "links": [24, 25, 26, 27, 28, 29], "bearing": 175.7}}, {"type": "Feature", "geometry": {"type": "Point", "coordinates": [2.1680889, 41.4126809]}, "properties": {"tls": "joinedS_1381852561_402875797_690803404_cluster_1381852565_3748616590_690803431", "edge": "145985022#0", "links": [30, 31, 32], "bearing": 266.0}}, {"type": "Feature", "geometry": {"type": "Point", "coordinates": [2.1683239, 41.4124363]}, "properties": {"tls": "joinedS_1381852561_402875797_690803404_cluster_1381852565_3748616590_690803431", "edge": "902150221#0", "links": [33, 34, 35, 36, 37], "bearing": 311.5}}, {"type": "Feature", "geometry": {"type": "Point", "coordinates": [2.1680135, 41.4124596]}, "properties": {"tls": "joinedS_1381852561_402875797_690803404_cluster_1381852565_3748616590_690803431", "edge": "543574886#0", "links": [38, 39, 40, 41, 42], "bearing": 64.4}}, {"type": "Feature", "geometry": {"type": "Point", "coordinates": [2.1428298, 41.3861785]}, "properties": {"tls": "joinedS_1382873656_8121509947", "edge": "-1112040487#1", "links": [0], "bearing": 188.5}}, {"type": "Feature", "geometry": {"type": "Point", "coordinates": [2.1428682, 41.3860311]}, "properties": {"tls": "joinedS_1382873656_8121509947", "edge": "1112040478", "links": [1, 2, 3], "bearing": 6.4}}, {"type": "Feature", "geometry": {"type": "Point", "coordinates": [2.142743, 41.3861219]}, "properties": {"tls": "joinedS_1382873656_8121509947", "edge": "124184224#0", "links": [4, 5, 6, 7], "bearing": 96.1}}, {"type": "Feature", "geometry": {"type": "Point", "coordinates": [2.1424371, 41.3859505]}, "properties": {"tls": "joinedS_1382873656_8121509947", "edge": "906486333#0", "links": [8], "bearing": 231.5}}, {"type": "Feature", "geometry": {"type": "Point", "coordinates": [2.1423956, 41.3858402]}, "properties": {"tls": "joinedS_1382873656_8121509947", "edge": "1112040479#0", "links": [9, 10, 11], "bearing": 317.2}}, {"type": "Feature", "geometry": {"type": "Point", "coordinates": [2.1491774, 41.4011029]}, "properties": {"tls": "joinedS_13952115206_412398706", "edge": "287670532#0", "links": [0], "bearing": 279.4}}, {"type": "Feature", "geometry": {"type": "Point", "coordinates": [2.1491092, 41.4010444]}, "properties": {"tls": "joinedS_13952115206_412398706", "edge": "1530838420#0", "links": [1], "bearing": 340.0}}, {"type": "Feature", "geometry": {"type": "Point", "coordinates": [2.1489253, 41.4011329]}, "properties": {"tls": "joinedS_13952115206_412398706", "edge": "287670532#2", "links": [2, 3], "bearing": 279.6}}, {"type": "Feature", "geometry": {"type": "Point", "coordinates": [2.1486984, 41.4010848]}, "properties": {"tls": "joinedS_13952115206_412398706", "edge": "35465939#6", "links": [4, 5], "bearing": 52.1}}, {"type": "Feature", "geometry": {"type": "Point", "coordinates": [2.1512041, 41.4011386]}, "properties": {"tls": "joinedS_1457780043_1457780180_cluster_1457780109_1457780310_678297076_8379781937_#1more", "edge": "-32015709#2", "links": [0, 1, 2, 3], "bearing": 180.8}}, {"type": "Feature", "geometry": {"type": "Point", "coordinates": [2.1512753, 41.4009893]}, "properties": {"tls": "joinedS_1457780043_1457780180_cluster_1457780109_1457780310_678297076_8379781937_#1more", "edge": "-902160362#1", "links": [4, 5], "bearing": 5.6}}, {"type": "Feature", "geometry": {"type": "Point", "coordinates": [2.1511772, 41.4008741]}, "properties": {"tls": "joinedS_1457780043_1457780180_cluster_1457780109_1457780310_678297076_8379781937_#1more", "edge": "902160362#0", "links": [6, 7, 8], "bearing": 197.9}}, {"type": "Feature", "geometry": {"type": "Point", "coordinates": [2.1511772, 41.4006952]}, "properties": {"tls": "joinedS_1457780043_1457780180_cluster_1457780109_1457780310_678297076_8379781937_#1more", "edge": "-816764554#2", "links": [9, 10], "bearing": 20.0}}, {"type": "Feature", "geometry": {"type": "Point", "coordinates": [2.1511067, 41.4007176]}, "properties": {"tls": "joinedS_1457780043_1457780180_cluster_1457780109_1457780310_678297076_8379781937_#1more", "edge": "816764554#0", "links": [11, 12, 13, 14], "bearing": 198.8}}, {"type": "Feature", "geometry": {"type": "Point", "coordinates": [2.1514209, 41.4003494]}, "properties": {"tls": "joinedS_1457780043_1457780180_cluster_1457780109_1457780310_678297076_8379781937_#1more", "edge": "816761189#0", "links": [15, 16, 17, 18], "bearing": 314.1}}, {"type": "Feature", "geometry": {"type": "Point", "coordinates": [2.1511959, 41.4002806]}, "properties": {"tls": "joinedS_1457780043_1457780180_cluster_1457780109_1457780310_678297076_8379781937_#1more", "edge": "1384256299#4", "links": [19, 20, 21, 22], "bearing": 44.6}}, {"type": "Feature", "geometry": {"type": "Point", "coordinates": [2.1439157, 41.3926171]}, "properties": {"tls": "joinedS_1469158191_269381077_5241929669", "edge": "544243186", "links": [0, 1, 2, 3, 4], "bearing": 223.6}}, {"type": "Feature", "geometry": {"type": "Point", "coordinates": [2.143775, 41.3924666]}, "properties": {"tls": "joinedS_1469158191_269381077_5241929669", "edge": "1391893480", "links": [5, 6, 7, 8], "bearing": 72.0}}, {"type": "Feature", "geometry": {"type": "Point", "coordinates": [2.1444891, 41.3922067]}, "properties": {"tls": "joinedS_1469158191_269381077_5241929669", "edge": "237667607#0", "links": [9, 10], "bearing": 20.2}}, {"type": "Feature", "geometry": {"type": "Point", "coordinates": [2.1443702, 41.3923793]}, "properties": {"tls": "joinedS_1469158191_269381077_5241929669", "edge": "538551233#0", "links": [11, 12, 13, 14, 15, 16], "bearing": 100.6}}, {"type": "Feature", "geometry": {"type": "Point", "coordinates": [2.1440879, 41.3929307]}, "properties": {"tls": "joinedS_1469158191_269381077_5241929669", "edge": "257568502#1", "links": [17, 18, 19, 20, 21, 22], "bearing": 211.4}}, {"type": "Feature", "geometry": {"type": "Point", "coordinates": [2.1437934, 41.3929414]}, "properties": {"tls": "joinedS_1469158191_269381077_5241929669", "edge": "542169700#0", "links": [23, 24, 25, 26], "bearing": 116.2}}, {"type": "Feature", "geometry": {"type": "Point", "coordinates": [2.1512025, 41.3841126]}, "properties": {"tls": "joinedS_1479334726_cluster_1479334771_1479334855", "edge": "1278435633#0", "links": [0, 1, 2], "bearing": 60.5}}, {"type": "Feature", "geometry": {"type": "Point", "coordinates": [2.1512617, 41.3842325]}, "properties": {"tls": "joinedS_1479334726_cluster_1479334771_1479334855", "edge": "905546718#0", "links": [3, 4, 5, 6, 7], "bearing": 137.2}}, {"type": "Feature", "geometry": {"type": "Point", "coordinates": [2.15157, 41.3838509]}, "properties": {"tls": "joinedS_1479334726_cluster_1479334771_1479334855", "edge": "237805210#5", "links": [8, 9, 10, 11, 12, 13], "bearing": 44.0}}, {"type": "Feature", "geometry": {"type": "Point", "coordinates": [2.1514876, 41.3839003]}, "properties": {"tls": "joinedS_1479334726_cluster_1479334771_1479334855", "edge": "1526713358#0", "links": [14, 15, 16, 17], "bearing": 61.1}}, {"type": "Feature", "geometry": {"type": "Point", "coordinates": [2.1515387, 41.3840223]}, "properties": {"tls": "joinedS_1479334726_cluster_1479334771_1479334855", "edge": "493086068", "links": [18, 19, 20, 21, 22], "bearing": 133.5}}, {"type": "Feature", "geometry": {"type": "Point", "coordinates": [2.1457238, 41.3817243]}, "properties": {"tls": "joinedS_1479334732_cluster_1479334879_1479334935", "edge": "134565969#0", "links": [0, 1], "bearing": 238.9}}, {"type": "Feature", "geometry": {"type": "Point", "coordinates": [2.1455384, 41.3817361]}, "properties": {"tls": "joinedS_1479334732_cluster_1479334879_1479334935", "edge": "4750679#0", "links": [2, 3, 4], "bearing": 137.1}}, {"type": "Feature", "geometry": {"type": "Point", "coordinates": [2.1459584, 41.3816602]}, "properties": {"tls": "joinedS_1479334732_cluster_1479334879_1479334935", "edge": "87031379#0", "links": [5, 6, 7, 8], "bearing": 245.5}}, {"type": "Feature", "geometry": {"type": "Point", "coordinates": [2.1456735, 41.3814161]}, "properties": {"tls": "joinedS_1479334732_cluster_1479334879_1479334935", "edge": "129169445#0", "links": [9, 10], "bearing": 62.9}}, {"type": "Feature", "geometry": {"type": "Point", "coordinates": [2.1456311, 41.3816602]}, "properties": {"tls": "joinedS_1479334732_cluster_1479334879_1479334935", "edge": "237805213#0", "links": [11, 12, 13, 14], "bearing": 134.0}}, {"type": "Feature", "geometry": {"type": "Point", "coordinates": [2.1481162, 41.3828339]}, "properties": {"tls": "joinedS_1479334850_1479334853_530687873_cluster_1479334819_750591204", "edge": "1225985839#0", "links": [0], "bearing": 217.5}}, {"type": "Feature", "geometry": {"type": "Point", "coordinates": [2.1481555, 41.3827994]}, "properties": {"tls": "joinedS_1479334850_1479334853_530687873_cluster_1479334819_750591204", "edge": "134565981#0", "links": [1], "bearing": 242.4}}, {"type": "Feature", "geometry": {"type": "Point", "coordinates": [2.1485824, 41.3829933]}, "properties": {"tls": "joinedS_1479334850_1479334853_530687873_cluster_1479334819_750591204", "edge": "134565971#0", "links": [2, 3], "bearing": 236.3}}, {"type": "Feature", "geometry": {"type": "Point", "coordinates": [2.1484027, 41.3830017]}, "properties": {"tls": "joinedS_1479334850_1479334853_530687873_cluster_1479334819_750591204", "edge": "1225985838#0", "links": [4, 5, 6], "bearing": 136.4}}, {"type": "Feature", "geometry": {"type": "Point", "coordinates": [2.1483669, 41.3831517]}, "properties": {"tls": "joinedS_1479334850_1479334853_530687873_cluster_1479334819_750591204", "edge": "905546719#0", "links": [7, 8, 9], "bearing": 222.4}}, {"type": "Feature", "geometry": {"type": "Point", "coordinates": [2.1482033, 41.3831591]}, "properties": {"tls": "joinedS_1479334850_1479334853_530687873_cluster_1479334819_750591204", "edge": "237795736#8", "links": [10, 11, 12], "bearing": 136.5}}, {"type": "Feature", "geometry": {"type": "Point", "coordinates": [2.1487968, 41.3828401]}, "properties": {"tls": "joinedS_1479334850_1479334853_530687873_cluster_1479334819_750591204", "edge": "232589228#0", "links": [13, 14, 15, 16], "bearing": 243.5}}, {"type": "Feature", "geometry": {"type": "Point", "coordinates": [2.1488603, 41.3826559]}, "properties": {"tls": "joinedS_1479334850_1479334853_530687873_cluster_1479334819_750591204", "edge": "-449991632", "links": [17], "bearing": 314.6}}, {"type": "Feature", "geometry": {"type": "Point", "coordinates": [2.1486258, 41.38264]}, "properties": {"tls": "joinedS_1479334850_1479334853_530687873_cluster_1479334819_750591204", "edge": "134565976#0", "links": [18, 19], "bearing": 60.2}}, {"type": "Feature", "geometry": {"type": "Point", "coordinates": [2.1485626, 41.3828725]}, "properties": {"tls": "joinedS_1479334850_1479334853_530687873_cluster_1479334819_750591204", "edge": "450610283#0", "links": [20, 21, 22], "bearing": 137.5}}, {"type": "Feature", "geometry": {"type": "Point", "coordinates": [2.1500044, 41.3834929]}, "properties": {"tls": "joinedS_1479334897_750591201_cluster_1479334915_750591202", "edge": "1409641110#1", "links": [0, 1, 2, 3], "bearing": 314.9}}, {"type": "Feature", "geometry": {"type": "Point", "coordinates": [2.1506529, 41.3830182]}, "properties": {"tls": "joinedS_1479334897_750591201_cluster_1479334915_750591202", "edge": "1112400991#0", "links": [4, 5, 6, 7], "bearing": 315.7}}, {"type": "Feature", "geometry": {"type": "Point", "coordinates": [2.1504647, 41.38301]}, "properties": {"tls": "joinedS_1479334897_750591201_cluster_1479334915_750591202", "edge": "237805210#0", "links": [8, 9, 10, 11], "bearing": 44.6}}, {"type": "Feature", "geometry": {"type": "Point", "coordinates": [2.1502989, 41.3832799]}, "properties": {"tls": "joinedS_1479334897_750591201_cluster_1479334915_750591202", "edge": "918438452#0", "links": [12, 13, 14, 15, 16, 17], "bearing": 314.1}}, {"type": "Feature", "geometry": {"type": "Point", "coordinates": [2.1500492, 41.3832564]}, "properties": {"tls": "joinedS_1479334897_750591201_cluster_1479334915_750591202", "edge": "134565976#4", "links": [18, 19], "bearing": 57.0}}, {"type": "Feature", "geometry": {"type": "Point", "coordinates": [2.1471738, 41.3823565]}, "properties": {"tls": "joinedS_1479334951_cluster_1121909742_1479334886_8409412905", "edge": "1409614865#0", "links": [0, 1], "bearing": 240.6}}, {"type": "Feature", "geometry": {"type": "Point", "coordinates": [2.1471319, 41.3822458]}, "properties": {"tls": "joinedS_1479334951_cluster_1121909742_1479334886_8409412905", "edge": "1409614866#0", "links": [2, 3, 4, 5], "bearing": 315.8}}, {"type": "Feature", "geometry": {"type": "Point", "coordinates": [2.1473968, 41.3822292]}, "properties": {"tls": "joinedS_1479334951_cluster_1121909742_1479334886_8409412905", "edge": "232589228#5", "links": [6, 7, 8, 9], "bearing": 241.2}}, {"type": "Feature", "geometry": {"type": "Point", "coordinates": [2.1474326, 41.3820179]}, "properties": {"tls": "joinedS_1479334951_cluster_1121909742_1479334886_8409412905", "edge": "532436408#0", "links": [10, 11, 12, 13, 14], "bearing": 315.8}}, {"type": "Feature", "geometry": {"type": "Point", "coordinates": [2.1471798, 41.3820095]}, "properties": {"tls": "joinedS_1479334951_cluster_1121909742_1479334886_8409412905", "edge": "237805204#0", "links": [15, 16], "bearing": 60.3}}, {"type": "Feature", "geometry": {"type": "Point", "coordinates": [2.1393577, 41.3917603]}, "properties": {"tls": "joinedS_1479390211_269379908", "edge": "145565065#4", "links": [0, 1, 2], "bearing": 251.8}}, {"type": "Feature", "geometry": {"type": "Point", "coordinates": [2.1392629, 41.3916384]}, "properties": {"tls": "joinedS_1479390211_269379908", "edge": "450369479#0", "links": [3, 4, 5, 6], "bearing": 342.5}}, {"type": "Feature", "geometry": {"type": "Point", "coordinates": [2.1397524, 41.3911009]}, "properties": {"tls": "joinedS_1479390211_269379908", "edge": "237549914#1", "links": [7, 8, 9, 10, 11, 12, 13], "bearing": 282.1}}, {"type": "Feature", "geometry": {"type": "Point", "coordinates": [2.1390911, 41.3910637]}, "properties": {"tls": "joinedS_1479390211_269379908", "edge": "1170499073", "links": [14, 15, 16, 17, 18, 19], "bearing": 71.7}}, {"type": "Feature", "geometry": {"type": "Point", "coordinates": [2.1391174, 41.3911345]}, "properties": {"tls": "joinedS_1479390211_269379908", "edge": "-450145580", "links": [20], "bearing": 101.3}}, {"type": "Feature", "geometry": {"type": "Point", "coordinates": [2.1232003, 41.3757945]}, "properties": {"tls": "joinedS_1528717122_681936233", "edge": "139443870#0", "links": [0, 1], "bearing": 348.6}}, {"type": "Feature", "geometry": {"type": "Point", "coordinates": [2.123056, 41.3758561]}, "properties": {"tls": "joinedS_1528717122_681936233", "edge": "4746693#0", "links": [2, 3, 4, 5], "bearing": 52.6}}, {"type": "Feature", "geometry": {"type": "Point", "coordinates": [2.1232688, 41.3755445]}, "properties": {"tls": "joinedS_1528717122_681936233", "edge": "1243061714#0", "links": [6, 7, 8], "bearing": 1.4}}, {"type": "Feature", "geometry": {"type": "Point", "coordinates": [2.1231265, 41.3756551]}, "properties": {"tls": "joinedS_1528717122_681936233", "edge": "457390925#0", "links": [9, 10, 11, 12], "bearing": 92.6}}, {"type": "Feature", "geometry": {"type": "Point", "coordinates": [2.1562907, 41.3857111]}, "properties": {"tls": "joinedS_1532752086_30247091", "edge": "136725370#0", "links": [0, 1, 2, 3, 4, 5], "bearing": 225.3}}, {"type": "Feature", "geometry": {"type": "Point", "coordinates": [2.1560852, 41.3857152]}, "properties": {"tls": "joinedS_1532752086_30247091", "edge": "1112404106#5", "links": [6, 7, 8, 9], "bearing": 135.5}}, {"type": "Feature", "geometry": {"type": "Point", "coordinates": [2.156016, 41.3859359]}, "properties": {"tls": "joinedS_1532752086_30247091", "edge": "295124089#0", "links": [10, 11, 12, 13, 14, 15], "bearing": 242.6}}, {"type": "Feature", "geometry": {"type": "Point", "coordinates": [2.1557482, 41.3859693]}, "properties": {"tls": "joinedS_1532752086_30247091", "edge": "1112404106#0", "links": [16, 17, 18, 19], "bearing": 135.8}}, {"type": "Feature", "geometry": {"type": "Point", "coordinates": [2.1485128, 41.3897337]}, "properties": {"tls": "joinedS_1589583464_cluster_30313113_4470657984_4470657986_5927245611", "edge": "243716771#0", "links": [0, 1, 2, 3], "bearing": 309.9}}, {"type": "Feature", "geometry": {"type": "Point", "coordinates": [2.1483846, 41.3897801]}, "properties": {"tls": "joinedS_1589583464_cluster_30313113_4470657984_4470657986_5927245611", "edge": "295263586", "links": [4, 5, 6, 7, 8, 9], "bearing": 281.7}}, {"type": "Feature", "geometry": {"type": "Point", "coordinates": [2.1480186, 41.3896892]}, "properties": {"tls": "joinedS_1589583464_cluster_30313113_4470657984_4470657986_5927245611", "edge": "4744944#4", "links": [10, 11, 12, 13, 14, 15, 16, 17], "bearing": 47.7}}, {"type": "Feature", "geometry": {"type": "Point", "coordinates": [2.1480604, 41.390046]}, "properties": {"tls": "joinedS_1589583464_cluster_30313113_4470657984_4470657986_5927245611", "edge": "145565058#0", "links": [18, 19, 20, 21, 22, 23], "bearing": 133.5}}, {"type": "Feature", "geometry": {"type": "Point", "coordinates": [2.1472222, 41.4012113]}, "properties": {"tls": "joinedS_1614010928_1614010934_30247405_30247406_#1more", "edge": "53725383#0", "links": [0, 1], "bearing": 209.5}}, {"type": "Feature", "geometry": {"type": "Point", "coordinates": [2.147276, 41.4011518]}, "properties": {"tls": "joinedS_1614010928_1614010934_30247405_30247406_#1more", "edge": "29382777#0", "links": [2], "bearing": 257.0}}, {"type": "Feature", "geometry": {"type": "Point", "coordinates": [2.1470654, 41.4010582]}, "properties": {"tls": "joinedS_1614010928_1614010934_30247405_30247406_#1more", "edge": "-1395142050#3", "links": [3, 4], "bearing": 71.4}}, {"type": "Feature", "geometry": {"type": "Point", "coordinates": [2.1477891, 41.4011498]}, "properties": {"tls": "joinedS_1614010928_1614010934_30247405_30247406_#1more", "edge": "1530838419#0", "links": [5, 6], "bearing": 269.1}}, {"type": "Feature", "geometry": {"type": "Point", "coordinates": [2.1474138, 41.4011244]}, "properties": {"tls": "joinedS_1614010928_1614010934_30247405_30247406_#1more", "edge": "-29382777#2", "links": [7, 8], "bearing": 85.5}}, {"type": "Feature", "geometry": {"type": "Point", "coordinates": [2.1474976, 41.4012268]}, "properties": {"tls": "joinedS_1614010928_1614010934_30247405_30247406_#1more", "edge": "34874723#0", "links": [9, 10, 11], "bearing": 136.0}}, {"type": "Feature", "geometry": {"type": "Point", "coordinates": [2.1472716, 41.4015426]}, "properties": {"tls": "joinedS_1614010928_1614010934_30247405_30247406_#1more", "edge": "1539858057#0", "links": [12, 13, 14], "bearing": 222.9}}, {"type": "Feature", "geometry": {"type": "Point", "coordinates": [2.1474151, 41.4013349]}, "properties": {"tls": "joinedS_1614010928_1614010934_30247405_30247406_#1more", "edge": "-237659854#2", "links": [15, 16, 17], "bearing": 308.4}}, {"type": "Feature", "geometry": {"type": "Point", "coordinates": [2.147028, 41.4014571]}, "properties": {"tls": "joinedS_1614010928_1614010934_30247405_30247406_#1more", "edge": "287683998#3", "links": [18, 19, 20], "bearing": 126.4}}, {"type": "Feature", "geometry": {"type": "Point", "coordinates": [2.1476729, 41.4012436]}, "properties": {"tls": "joinedS_1614010928_1614010934_30247405_30247406_#1more", "edge": "1530838416#0", "links": [21, 22, 23], "bearing": 265.7}}, {"type": "Feature", "geometry": {"type": "Point", "coordinates": [2.1474847, 41.4011981]}, "properties": {"tls": "joinedS_1614010928_1614010934_30247405_30247406_#1more", "edge": "237659854#0", "links": [24, 25], "bearing": 124.9}}, {"type": "Feature", "geometry": {"type": "Point", "coordinates": [2.1468125, 41.4010379]}, "properties": {"tls": "joinedS_1614010928_1614010934_30247405_30247406_#1more", "edge": "1395142050#0", "links": [26, 27], "bearing": 253.7}}, {"type": "Feature", "geometry": {"type": "Point", "coordinates": [2.1468124, 41.4008933]}, "properties": {"tls": "joinedS_1614010928_1614010934_30247405_30247406_#1more", "edge": "1388329085#0", "links": [28, 29], "bearing": 317.0}}, {"type": "Feature", "geometry": {"type": "Point", "coordinates": [2.1466488, 41.4009295]}, "properties": {"tls": "joinedS_1614010928_1614010934_30247405_30247406_#1more", "edge": "-54514989#3", "links": [30, 31], "bearing": 66.3}}, {"type": "Feature", "geometry": {"type": "Point", "coordinates": [2.1871792, 41.3950199]}, "properties": {"tls": "joinedS_1654368576_797407445_797407449", "edge": "115801088", "links": [0, 1, 2], "bearing": 237.8}}, {"type": "Feature", "geometry": {"type": "Point", "coordinates": [2.1871771, 41.3948649]}, "properties": {"tls": "joinedS_1654368576_797407445_797407449", "edge": "182069868#0", "links": [3, 4, 5], "bearing": 326.0}}, {"type": "Feature", "geometry": {"type": "Point", "coordinates": [2.1870252, 41.3944849]}, "properties": {"tls": "joinedS_1654368576_797407445_797407449", "edge": "237787019#0", "links": [6], "bearing": 358.0}}, {"type": "Feature", "geometry": {"type": "Point", "coordinates": [2.1869215, 41.3945671]}, "properties": {"tls": "joinedS_1654368576_797407445_797407449", "edge": "226319537#0", "links": [7, 8, 9], "bearing": 85.5}}, {"type": "Feature", "geometry": {"type": "Point", "coordinates": [2.1872497, 41.3946025]}, "properties": {"tls": "joinedS_1654368576_797407445_797407449", "edge": "237506931#0", "links": [10, 11, 12], "bearing": 316.1}}, {"type": "Feature", "geometry": {"type": "Point", "coordinates": [2.1870842, 41.3946141]}, "properties": {"tls": "joinedS_1654368576_797407445_797407449", "edge": "514869760#0", "links": [13, 14, 15], "bearing": 52.5}}, {"type": "Feature", "geometry": {"type": "Point", "coordinates": [2.1313649, 41.390668]}, "properties": {"tls": "joinedS_1840720978_1856466849_269380386", "edge": "-864123947", "links": [0, 1], "bearing": 71.7}}, {"type": "Feature", "geometry": {"type": "Point", "coordinates": [2.1314427, 41.3908137]}, "properties": {"tls": "joinedS_1840720978_1856466849_269380386", "edge": "24793649#5", "links": [2, 3, 4, 5, 6], "bearing": 146.9}}, {"type": "Feature", "geometry": {"type": "Point", "coordinates": [2.1317538, 41.3909537]}, "properties": {"tls": "joinedS_1840720978_1856466849_269380386", "edge": "1279486777#0", "links": [7, 8], "bearing": 324.1}}, {"type": "Feature", "geometry": {"type": "Point", "coordinates": [2.1315856, 41.3909962]}, "properties": {"tls": "joinedS_1840720978_1856466849_269380386", "edge": "173223710#0", "links": [9, 10], "bearing": 73.3}}, {"type": "Feature", "geometry": {"type": "Point", "coordinates": [2.1313526, 41.3911291]}, "properties": {"tls": "joinedS_1840720978_1856466849_269380386", "edge": "308076647#2", "links": [11, 12], "bearing": 249.4}}, {"type": "Feature", "geometry": {"type": "Point", "coordinates": [2.1311493, 41.3911371]}, "properties": {"tls": "joinedS_1840720978_1856466849_269380386", "edge": "24793649#2", "links": [13, 14, 15, 16], "bearing": 146.3}}, {"type": "Feature", "geometry": {"type": "Point", "coordinates": [2.1323847, 41.3899848]}, "properties": {"tls": "joinedS_1840721007_364829704", "edge": "1485697382#0", "links": [0, 1, 2, 3], "bearing": 249.1}}, {"type": "Feature", "geometry": {"type": "Point", "coordinates": [2.1321437, 41.3900297]}, "properties": {"tls": "joinedS_1840721007_364829704", "edge": "862748475", "links": [4, 5, 6, 7, 8], "bearing": 147.9}}, {"type": "Feature", "geometry": {"type": "Point", "coordinates": [2.132674, 41.3897198]}, "properties": {"tls": "joinedS_1840721007_364829704", "edge": "-283778455#2", "links": [9, 10, 11, 12, 13], "bearing": 251.9}}, {"type": "Feature", "geometry": {"type": "Point", "coordinates": [2.1323464, 41.3895511]}, "properties": {"tls": "joinedS_1840721007_364829704", "edge": "129169441", "links": [14, 15, 16, 17], "bearing": 72.0}}, {"type": "Feature", "geometry": {"type": "Point", "coordinates": [2.132381, 41.3897764]}, "properties": {"tls": "joinedS_1840721007_364829704", "edge": "449751441#0", "links": [18, 19, 20, 21, 22, 23, 24, 25, 26], "bearing": 141.5}}, {"type": "Feature", "geometry": {"type": "Point", "coordinates": [2.1281528, 41.3889145]}, "properties": {"tls": "joinedS_1856466592_2087204995_2510683355_cluster_1856466645_1856466712_1856466769_7252348279", "edge": "862748474#3", "links": [0, 1, 2, 3, 4], "bearing": 251.8}}, {"type": "Feature", "geometry": {"type": "Point", "coordinates": [2.1280204, 41.3887842]}, "properties": {"tls": "joinedS_1856466592_2087204995_2510683355_cluster_1856466645_1856466712_1856466769_7252348279", "edge": "542503078#0", "links": [5, 6, 7, 8, 9], "bearing": 343.2}}, {"type": "Feature", "geometry": {"type": "Point", "coordinates": [2.1282583, 41.3882052]}, "properties": {"tls": "joinedS_1856466592_2087204995_2510683355_cluster_1856466645_1856466712_1856466769_7252348279", "edge": "664147081", "links": [10, 11, 12, 13, 14, 15], "bearing": 353.2}}, {"type": "Feature", "geometry": {"type": "Point", "coordinates": [2.1280581, 41.3882659]}, "properties": {"tls": "joinedS_1856466592_2087204995_2510683355_cluster_1856466645_1856466712_1856466769_7252348279", "edge": "237521122#0", "links": [16, 17, 18, 19, 20, 21], "bearing": 72.6}}, {"type": "Feature", "geometry": {"type": "Point", "coordinates": [2.1283052, 41.3881114]}, "properties": {"tls": "joinedS_1856466592_2087204995_2510683355_cluster_1856466645_1856466712_1856466769_7252348279", "edge": "1534986409", "links": [22, 23], "bearing": 123.7}}, {"type": "Feature", "geometry": {"type": "Point", "coordinates": [2.1275057, 41.3892222]}, "properties": {"tls": "joinedS_1856466592_2087204995_2510683355_cluster_1856466645_1856466712_1856466769_7252348279", "edge": "526120227", "links": [24, 25, 26], "bearing": 195.7}}, {"type": "Feature", "geometry": {"type": "Point", "coordinates": [2.127391, 41.3888612]}, "properties": {"tls": "joinedS_1856466592_2087204995_2510683355_cluster_1856466645_1856466712_1856466769_7252348279", "edge": "237695646", "links": [27, 28, 29, 30], "bearing": 257.0}}, {"type": "Feature", "geometry": {"type": "Point", "coordinates": [2.135679, 41.3883339]}, "properties": {"tls": "joinedS_1856468570_2087204994", "edge": "-175002303#4", "links": [0, 1], "bearing": 324.9}}, {"type": "Feature", "geometry": {"type": "Point", "coordinates": [2.1355106, 41.3883258]}, "properties": {"tls": "joinedS_1856468570_2087204994", "edge": "238768629#0", "links": [2, 3, 4], "bearing": 45.9}}, {"type": "Feature", "geometry": {"type": "Point", "coordinates": [2.1355247, 41.3884466]}, "properties": {"tls": "joinedS_1856468570_2087204994", "edge": "24793737#0", "links": [5, 6], "bearing": 144.9}}, {"type": "Feature", "geometry": {"type": "Point", "coordinates": [2.1359595, 41.3881731]}, "properties": {"tls": "joinedS_1856468570_2087204994", "edge": "86057932#3", "links": [7, 8, 9], "bearing": 236.0}}, {"type": "Feature", "geometry": {"type": "Point", "coordinates": [2.1359353, 41.3880649]}, "properties": {"tls": "joinedS_1856468570_2087204994", "edge": "-175002303#9", "links": [10, 11], "bearing": 328.0}}, {"type": "Feature", "geometry": {"type": "Point", "coordinates": [2.1357826, 41.3881754]}, "properties": {"tls": "joinedS_1856468570_2087204994", "edge": "175002303#0", "links": [12, 13], "bearing": 144.8}}, {"type": "Feature", "geometry": {"type": "Point", "coordinates": [2.1839325, 41.3830036]}, "properties": {"tls": "joinedS_190971704_7254139893", "edge": "1531019697#0", "links": [0, 1, 2], "bearing": 288.9}}, {"type": "Feature", "geometry": {"type": "Point", "coordinates": [2.1839419, 41.3829617]}, "properties": {"tls": "joinedS_190971704_7254139893", "edge": "237715987#0", "links": [3, 4, 5], "bearing": 305.8}}, {"type": "Feature", "geometry": {"type": "Point", "coordinates": [2.1837533, 41.3829365]}, "properties": {"tls": "joinedS_190971704_7254139893", "edge": "18510804#0", "links": [6, 7, 8, 9], "bearing": 21.1}}, {"type": "Feature", "geometry": {"type": "Point", "coordinates": [2.1837844, 41.383193]}, "properties": {"tls": "joinedS_190971704_7254139893", "edge": "-237725937#1", "links": [10, 11, 12, 13], "bearing": 212.8}}, {"type": "Feature", "geometry": {"type": "Point", "coordinates": [2.1837997, 41.3830276]}, "properties": {"tls": "joinedS_190971704_7254139893", "edge": "1531019685", "links": [14, 15, 16, 17, 18], "bearing": 15.7}}, {"type": "Feature", "geometry": {"type": "Point", "coordinates": [2.1850013, 41.3818802]}, "properties": {"tls": "joinedS_190987748_533662733", "edge": "237566146#0", "links": [0, 1, 2, 3], "bearing": 225.1}}, {"type": "Feature", "geometry": {"type": "Point", "coordinates": [2.1847802, 41.3818496]}, "properties": {"tls": "joinedS_190987748_533662733", "edge": "1480864516", "links": [4, 5, 6, 7], "bearing": 119.2}}, {"type": "Feature", "geometry": {"type": "Point", "coordinates": [2.1851843, 41.3815309]}, "properties": {"tls": "joinedS_190987748_533662733", "edge": "287860388#0", "links": [8, 9, 10, 11], "bearing": 65.9}}, {"type": "Feature", "geometry": {"type": "Point", "coordinates": [2.185203, 41.3816521]}, "properties": {"tls": "joinedS_190987748_533662733", "edge": "246640823#0", "links": [12, 13, 14, 15], "bearing": 126.4}}, {"type": "Feature", "geometry": {"type": "Point", "coordinates": [2.1349752, 41.3982966]}, "properties": {"tls": "joinedS_2087205003_2087205004", "edge": "294493312#0", "links": [0, 1, 2, 3], "bearing": 330.1}}, {"type": "Feature", "geometry": {"type": "Point", "coordinates": [2.1347616, 41.3983362]}, "properties": {"tls": "joinedS_2087205003_2087205004", "edge": "142601075#0", "links": [4, 5], "bearing": 90.7}}, {"type": "Feature", "geometry": {"type": "Point", "coordinates": [2.1349181, 41.3985824]}, "properties": {"tls": "joinedS_2087205003_2087205004", "edge": "54678279#3", "links": [6, 7], "bearing": 270.8}}, {"type": "Feature", "geometry": {"type": "Point", "coordinates": [2.1348196, 41.3984994]}, "properties": {"tls": "joinedS_2087205003_2087205004", "edge": "294493312#4", "links": [8, 9, 10, 11], "bearing": 330.7}}, {"type": "Feature", "geometry": {"type": "Point", "coordinates": [2.1961998, 41.3873408]}, "properties": {"tls": "joinedS_243341157_243341158", "edge": "1394474272", "links": [0, 1, 2, 3], "bearing": 42.9}}, {"type": "Feature", "geometry": {"type": "Point", "coordinates": [2.1961275, 41.3874591]}, "properties": {"tls": "joinedS_243341157_243341158", "edge": "283764981#0", "links": [4, 5, 6], "bearing": 95.3}}, {"type": "Feature", "geometry": {"type": "Point", "coordinates": [2.1966754, 41.3875663]}, "properties": {"tls": "joinedS_243341157_243341158", "edge": "32465830#0", "links": [7, 8], "bearing": 324.4}}, {"type": "Feature", "geometry": {"type": "Point", "coordinates": [2.1965336, 41.3875936]}, "properties": {"tls": "joinedS_243341157_243341158", "edge": "283764982#0", "links": [9, 10, 11, 12], "bearing": 41.9}}, {"type": "Feature", "geometry": {"type": "Point", "coordinates": [2.1427242, 41.3821759]}, "properties": {"tls": "joinedS_249426450_2507405102", "edge": "540083908#0", "links": [0, 1, 2, 3], "bearing": 318.0}}, {"type": "Feature", "geometry": {"type": "Point", "coordinates": [2.1425896, 41.3821366]}, "properties": {"tls": "joinedS_249426450_2507405102", "edge": "129169444", "links": [4, 5, 6, 7], "bearing": 3.7}}, {"type": "Feature", "geometry": {"type": "Point", "coordinates": [2.1422619, 41.3826181]}, "properties": {"tls": "joinedS_249426450_2507405102", "edge": "124184223#1", "links": [8, 9, 10], "bearing": 184.4}}, {"type": "Feature", "geometry": {"type": "Point", "coordinates": [2.1423768, 41.3824317]}, "properties": {"tls": "joinedS_249426450_2507405102", "edge": "23103313#0", "links": [11, 12], "bearing": 310.7}}, {"type": "Feature", "geometry": {"type": "Point", "coordinates": [2.1507387, 41.407973]}, "properties": {"tls": "joinedS_2509167399_cluster_126763485_2509167400_30960669_415955413_#1more", "edge": "121189293#0", "links": [0, 1, 2], "bearing": 239.5}}, {"type": "Feature", "geometry": {"type": "Point", "coordinates": [2.1506088, 41.4080102]}, "properties": {"tls": "joinedS_2509167399_cluster_126763485_2509167400_30960669_415955413_#1more", "edge": "1211762027#0", "links": [3, 4, 5], "bearing": 141.4}}, {"type": "Feature", "geometry": {"type": "Point", "coordinates": [2.1509806, 41.4080786]}, "properties": {"tls": "joinedS_2509167399_cluster_126763485_2509167400_30960669_415955413_#1more", "edge": "130095554#0", "links": [6, 7, 8, 9], "bearing": 243.0}}, {"type": "Feature", "geometry": {"type": "Point", "coordinates": [2.1508556, 41.4077558]}, "properties": {"tls": "joinedS_2509167399_cluster_126763485_2509167400_30960669_415955413_#1more", "edge": "237652085", "links": [10], "bearing": 30.5}}, {"type": "Feature", "geometry": {"type": "Point", "coordinates": [2.150721, 41.40777]}, "properties": {"tls": "joinedS_2509167399_cluster_126763485_2509167400_30960669_415955413_#1more", "edge": "35468146#0", "links": [11, 12, 13, 14], "bearing": 45.6}}, {"type": "Feature", "geometry": {"type": "Point", "coordinates": [2.1506748, 41.4079476]}, "properties": {"tls": "joinedS_2509167399_cluster_126763485_2509167400_30960669_415955413_#1more", "edge": "450020884", "links": [15, 16, 17], "bearing": 143.1}}, {"type": "Feature", "geometry": {"type": "Point", "coordinates": [2.1271763, 41.3883241]}, "properties": {"tls": "joinedS_2509871324_269386319_390227126", "edge": "-294056749#1", "links": [0, 1, 2, 3, 4], "bearing": 252.0}}, {"type": "Feature", "geometry": {"type": "Point", "coordinates": [2.1268707, 41.388161]}, "properties": {"tls": "joinedS_2509871324_269386319_390227126", "edge": "1391890990#0", "links": [5, 6, 7, 8], "bearing": 71.9}}, {"type": "Feature", "geometry": {"type": "Point", "coordinates": [2.1269605, 41.3883856]}, "properties": {"tls": "joinedS_2509871324_269386319_390227126", "edge": "237521117#0", "links": [9, 10, 11, 12, 13, 14], "bearing": 162.6}}, {"type": "Feature", "geometry": {"type": "Point", "coordinates": [2.1270041, 41.3887036]}, "properties": {"tls": "joinedS_2509871324_269386319_390227126", "edge": "309254652#0", "links": [15, 16, 17, 18, 19], "bearing": 226.2}}, {"type": "Feature", "geometry": {"type": "Point", "coordinates": [2.1268016, 41.3887355]}, "properties": {"tls": "joinedS_2509871324_269386319_390227126", "edge": "237695637#0", "links": [20, 21, 22, 23, 24, 25], "bearing": 161.5}}, {"type": "Feature", "geometry": {"type": "Point", "coordinates": [2.1275073, 41.3878459]}, "properties": {"tls": "joinedS_2509871324_269386319_390227126", "edge": "550280510#0", "links": [26, 27, 28], "bearing": 19.1}}, {"type": "Feature", "geometry": {"type": "Point", "coordinates": [2.1274095, 41.3879469]}, "properties": {"tls": "joinedS_2509871324_269386319_390227126", "edge": "175002110", "links": [29, 30, 31], "bearing": 87.0}}, {"type": "Feature", "geometry": {"type": "Point", "coordinates": [2.1539696, 41.378669]}, "properties": {"tls": "joinedS_2510589068_4834209607", "edge": "244057616#0", "links": [0, 1, 2, 3, 4, 5], "bearing": 46.5}}, {"type": "Feature", "geometry": {"type": "Point", "coordinates": [2.1539212, 41.3788335]}, "properties": {"tls": "joinedS_2510589068_4834209607", "edge": "1189689614#0", "links": [6, 7, 8, 9, 10, 11, 12], "bearing": 135.0}}, {"type": "Feature", "geometry": {"type": "Point", "coordinates": [2.1541287, 41.3785409]}, "properties": {"tls": "joinedS_2510589068_4834209607", "edge": "552124698#0", "links": [13, 14], "bearing": 44.9}}, {"type": "Feature", "geometry": {"type": "Point", "coordinates": [2.1541405, 41.3786672]}, "properties": {"tls": "joinedS_2510589068_4834209607", "edge": "449991631#0", "links": [15, 16, 17], "bearing": 137.3}}, {"type": "Feature", "geometry": {"type": "Point", "coordinates": [2.1163275, 41.3726483]}, "properties": {"tls": "joinedS_2521871398_cluster_30237155_451753930", "edge": "-560543743#5", "links": [0, 1], "bearing": 185.6}}, {"type": "Feature", "geometry": {"type": "Point", "coordinates": [2.116363, 41.3724827]}, "properties": {"tls": "joinedS_2521871398_cluster_30237155_451753930", "edge": "560543743#0", "links": [2, 3], "bearing": 4.9}}, {"type": "Feature", "geometry": {"type": "Point", "coordinates": [2.1162969, 41.3723534]}, "properties": {"tls": "joinedS_2521871398_cluster_30237155_451753930", "edge": "-560543743#2", "links": [4, 5], "bearing": 182.7}}, {"type": "Feature", "geometry": {"type": "Point", "coordinates": [2.1163625, 41.3721847]}, "properties": {"tls": "joinedS_2521871398_cluster_30237155_451753930", "edge": "4744883#3", "links": [6, 7, 8], "bearing": 334.4}}, {"type": "Feature", "geometry": {"type": "Point", "coordinates": [2.1160341, 41.372195]}, "properties": {"tls": "joinedS_2521871398_cluster_30237155_451753930", "edge": "4744864#0", "links": [9, 10, 11], "bearing": 72.8}}, {"type": "Feature", "geometry": {"type": "Point", "coordinates": [2.1661996, 41.4151191]}, "properties": {"tls": "joinedS_256484488_849592995", "edge": "1222483643#0", "links": [0, 1], "bearing": 237.7}}, {"type": "Feature", "geometry": {"type": "Point", "coordinates": [2.1660258, 41.4151424]}, "properties": {"tls": "joinedS_256484488_849592995", "edge": "296815415#1", "links": [2], "bearing": 130.4}}, {"type": "Feature", "geometry": {"type": "Point", "coordinates": [2.1658516, 41.4146596]}, "properties": {"tls": "joinedS_256484488_849592995", "edge": "831182092#0", "links": [3], "bearing": 62.8}}, {"type": "Feature", "geometry": {"type": "Point", "coordinates": [2.1658539, 41.414788]}, "properties": {"tls": "joinedS_256484488_849592995", "edge": "309904222#0", "links": [4], "bearing": 144.8}}, {"type": "Feature", "geometry": {"type": "Point", "coordinates": [2.1397986, 41.3823567]}, "properties": {"tls": "joinedS_2588057862_340195871", "edge": "43037130#2", "links": [0, 1], "bearing": 51.8}}, {"type": "Feature", "geometry": {"type": "Point", "coordinates": [2.139852, 41.382476]}, "properties": {"tls": "joinedS_2588057862_340195871", "edge": "237960946#0", "links": [2, 3, 4, 5], "bearing": 140.9}}, {"type": "Feature", "geometry": {"type": "Point", "coordinates": [2.1401044, 41.3820907]}, "properties": {"tls": "joinedS_2588057862_340195871", "edge": "831157551#1", "links": [6, 7], "bearing": 47.7}}, {"type": "Feature", "geometry": {"type": "Point", "coordinates": [2.140147, 41.3822236]}, "properties": {"tls": "joinedS_2588057862_340195871", "edge": "237960946#4", "links": [8, 9, 10, 11], "bearing": 139.3}}, {"type": "Feature", "geometry": {"type": "Point", "coordinates": [2.1219158, 41.4017295]}, "properties": {"tls": "joinedS_2590731984_818710843", "edge": "26293954#2", "links": [0, 1, 2], "bearing": 242.1}}, {"type": "Feature", "geometry": {"type": "Point", "coordinates": [2.1219073, 41.4016499]}, "properties": {"tls": "joinedS_2590731984_818710843", "edge": "238862120", "links": [3, 4, 5], "bearing": 305.6}}, {"type": "Feature", "geometry": {"type": "Point", "coordinates": [2.1215711, 41.4015574]}, "properties": {"tls": "joinedS_2590731984_818710843", "edge": "450200070#0", "links": [6, 7], "bearing": 235.2}}, {"type": "Feature", "geometry": {"type": "Point", "coordinates": [2.1213787, 41.4014489]}, "properties": {"tls": "joinedS_2590731984_818710843", "edge": "-450200071#0", "links": [8], "bearing": 61.0}}, {"type": "Feature", "geometry": {"type": "Point", "coordinates": [2.1212794, 41.401607]}, "properties": {"tls": "joinedS_2590731984_818710843", "edge": "871757026#1", "links": [9, 10], "bearing": 124.1}}, {"type": "Feature", "geometry": {"type": "Point", "coordinates": [2.1213132, 41.4016381]}, "properties": {"tls": "joinedS_2590731984_818710843", "edge": "450200080#0", "links": [11, 12], "bearing": 125.5}}, {"type": "Feature", "geometry": {"type": "Point", "coordinates": [2.1642509, 41.3862416]}, "properties": {"tls": "joinedS_26057307_3218700096_559765962", "edge": "8380840#0", "links": [0, 1, 2, 3, 4, 5], "bearing": 317.9}}, {"type": "Feature", "geometry": {"type": "Point", "coordinates": [2.1639998, 41.386223]}, "properties": {"tls": "joinedS_26057307_3218700096_559765962", "edge": "328020781#0", "links": [6, 7, 8, 9, 10, 11, 12, 13], "bearing": 45.5}}, {"type": "Feature", "geometry": {"type": "Point", "coordinates": [2.1649211, 41.3860341]}, "properties": {"tls": "joinedS_26057307_3218700096_559765962", "edge": "295215809#0", "links": [14, 15, 16, 17, 18, 19], "bearing": 243.9}}, {"type": "Feature", "geometry": {"type": "Point", "coordinates": [2.1646236, 41.3858179]}, "properties": {"tls": "joinedS_26057307_3218700096_559765962", "edge": "-545932590#2", "links": [20, 21], "bearing": 42.3}}, {"type": "Feature", "geometry": {"type": "Point", "coordinates": [2.1645125, 41.3859916]}, "properties": {"tls": "joinedS_26057307_3218700096_559765962", "edge": "44027589#0", "links": [22, 23, 24, 25], "bearing": 115.8}}, {"type": "Feature", "geometry": {"type": "Point", "coordinates": [2.1644025, 41.386133]}, "properties": {"tls": "joinedS_26057307_3218700096_559765962", "edge": "-44027589#3", "links": [26, 27, 28], "bearing": 315.1}}, {"type": "Feature", "geometry": {"type": "Point", "coordinates": [2.164185, 41.3860814]}, "properties": {"tls": "joinedS_26057307_3218700096_559765962", "edge": "547249781#0", "links": [29, 30, 31], "bearing": 44.8}}, {"type": "Feature", "geometry": {"type": "Point", "coordinates": [2.1641904, 41.386206]}, "properties": {"tls": "joinedS_26057307_3218700096_559765962", "edge": "-8380840#1", "links": [32, 33, 34, 35], "bearing": 134.5}}, {"type": "Feature", "geometry": {"type": "Point", "coordinates": [2.1738352, 41.3893775]}, "properties": {"tls": "joinedS_26057341_30242757_cluster_13517193874_211608571_26057347_2979941609_#1more", "edge": "1408672894", "links": [0, 1, 2, 3], "bearing": 244.2}}, {"type": "Feature", "geometry": {"type": "Point", "coordinates": [2.1735927, 41.3891746]}, "properties": {"tls": "joinedS_26057341_30242757_cluster_13517193874_211608571_26057347_2979941609_#1more", "edge": "140001518#0", "links": [4, 5, 6, 7, 8, 9], "bearing": 35.3}}, {"type": "Feature", "geometry": {"type": "Point", "coordinates": [2.1735287, 41.3897786]}, "properties": {"tls": "joinedS_26057341_30242757_cluster_13517193874_211608571_26057347_2979941609_#1more", "edge": "237910178#0", "links": [10, 11, 12, 13], "bearing": 225.6}}, {"type": "Feature", "geometry": {"type": "Point", "coordinates": [2.1735052, 41.3895838]}, "properties": {"tls": "joinedS_26057341_30242757_cluster_13517193874_211608571_26057347_2979941609_#1more", "edge": "584532229", "links": [14, 15, 16, 17], "bearing": 324.7}}, {"type": "Feature", "geometry": {"type": "Point", "coordinates": [2.1737986, 41.3888723]}, "properties": {"tls": "joinedS_26057341_30242757_cluster_13517193874_211608571_26057347_2979941609_#1more", "edge": "-237566144", "links": [18], "bearing": 343.0}}, {"type": "Feature", "geometry": {"type": "Point", "coordinates": [2.1733613, 41.388895]}, "properties": {"tls": "joinedS_26057341_30242757_cluster_13517193874_211608571_26057347_2979941609_#1more", "edge": "20475905#0", "links": [19, 20, 21, 22, 23], "bearing": 44.0}}, {"type": "Feature", "geometry": {"type": "Point", "coordinates": [2.1761514, 41.3891598]}, "properties": {"tls": "joinedS_26057345_26057346", "edge": "546184105#0", "links": [0, 1, 2], "bearing": 44.4}}, {"type": "Feature", "geometry": {"type": "Point", "coordinates": [2.1761364, 41.3893033]}, "properties": {"tls": "joinedS_26057345_26057346", "edge": "237910182#0", "links": [3, 4], "bearing": 137.7}}, {"type": "Feature", "geometry": {"type": "Point", "coordinates": [2.1757779, 41.3888505]}, "properties": {"tls": "joinedS_26057345_26057346", "edge": "20044319#0", "links": [5, 6, 7], "bearing": 39.7}}, {"type": "Feature", "geometry": {"type": "Point", "coordinates": [2.175723, 41.3889572]}, "properties": {"tls": "joinedS_26057345_26057346", "edge": "237725943#0", "links": [8, 9, 10], "bearing": 90.5}}, {"type": "Feature", "geometry": {"type": "Point", "coordinates": [2.1609664, 41.3837437]}, "properties": {"tls": "joinedS_26057388_365549375", "edge": "1227367188#0", "links": [0, 1, 2, 3, 4, 5, 6, 7], "bearing": 315.4}}, {"type": "Feature", "geometry": {"type": "Point", "coordinates": [2.1607578, 41.3837515]}, "properties": {"tls": "joinedS_26057388_365549375", "edge": "879204519", "links": [8, 9, 10, 11, 12], "bearing": 45.2}}, {"type": "Feature", "geometry": {"type": "Point", "coordinates": [2.1610804, 41.3836579]}, "properties": {"tls": "joinedS_26057388_365549375", "edge": "403600283#3", "links": [13, 14, 15], "bearing": 317.4}}, {"type": "Feature", "geometry": {"type": "Point", "coordinates": [2.1609206, 41.3836524]}, "properties": {"tls": "joinedS_26057388_365549375", "edge": "237506950#0", "links": [16, 17], "bearing": 45.7}}, {"type": "Feature", "geometry": {"type": "Point", "coordinates": [2.1618663, 41.3846027]}, "properties": {"tls": "joinedS_26057389_559026424", "edge": "532696001#0", "links": [0, 1, 2, 3, 4, 5], "bearing": 46.4}}, {"type": "Feature", "geometry": {"type": "Point", "coordinates": [2.1618617, 41.3847659]}, "properties": {"tls": "joinedS_26057389_559026424", "edge": "1409652525#0", "links": [6, 7, 8, 9, 10, 11, 12, 13], "bearing": 138.0}}, {"type": "Feature", "geometry": {"type": "Point", "coordinates": [2.1620244, 41.3844772]}, "properties": {"tls": "joinedS_26057389_559026424", "edge": "1227367187#0", "links": [14, 15], "bearing": 46.2}}, {"type": "Feature", "geometry": {"type": "Point", "coordinates": [2.1620487, 41.3846109]}, "properties": {"tls": "joinedS_26057389_559026424", "edge": "328020785#0", "links": [16, 17, 18], "bearing": 136.5}}, {"type": "Feature", "geometry": {"type": "Point", "coordinates": [2.1562218, 41.3803593]}, "properties": {"tls": "joinedS_26198831_30246772", "edge": "545715324#0", "links": [0, 1, 2, 3, 4, 5], "bearing": 46.8}}, {"type": "Feature", "geometry": {"type": "Point", "coordinates": [2.1562144, 41.380517]}, "properties": {"tls": "joinedS_26198831_30246772", "edge": "449991638#3", "links": [6, 7, 8, 9, 10, 11, 12], "bearing": 135.8}}, {"type": "Feature", "geometry": {"type": "Point", "coordinates": [2.1563799, 41.3802361]}, "properties": {"tls": "joinedS_26198831_30246772", "edge": "905209183#4", "links": [13, 14], "bearing": 45.9}}, {"type": "Feature", "geometry": {"type": "Point", "coordinates": [2.1564042, 41.3803706]}, "properties": {"tls": "joinedS_26198831_30246772", "edge": "905209182#0", "links": [15, 16, 17, 18], "bearing": 136.5}}, {"type": "Feature", "geometry": {"type": "Point", "coordinates": [2.1553088, 41.379483]}, "properties": {"tls": "joinedS_26198833_4834212396", "edge": "449991620#4", "links": [0, 1, 2, 3, 4, 5, 6], "bearing": 315.7}}, {"type": "Feature", "geometry": {"type": "Point", "coordinates": [2.1550859, 41.3795182]}, "properties": {"tls": "joinedS_26198833_4834212396", "edge": "316582572#0", "links": [7, 8, 9, 10, 11, 12], "bearing": 44.6}}, {"type": "Feature", "geometry": {"type": "Point", "coordinates": [2.1554204, 41.3793974]}, "properties": {"tls": "joinedS_26198833_4834212396", "edge": "449991620#0", "links": [13, 14, 15], "bearing": 315.4}}, {"type": "Feature", "geometry": {"type": "Point", "coordinates": [2.1552561, 41.3793914]}, "properties": {"tls": "joinedS_26198833_4834212396", "edge": "905209183#0", "links": [16, 17], "bearing": 47.3}}, {"type": "Feature", "geometry": {"type": "Point", "coordinates": [2.1530502, 41.3777691]}, "properties": {"tls": "joinedS_26198844_30246864", "edge": "532436407#0", "links": [0, 1, 2, 3], "bearing": 315.0}}, {"type": "Feature", "geometry": {"type": "Point", "coordinates": [2.1528056, 41.3777863]}, "properties": {"tls": "joinedS_26198844_30246864", "edge": "237529495#0", "links": [4, 5, 6, 7, 8, 9, 10], "bearing": 44.8}}, {"type": "Feature", "geometry": {"type": "Point", "coordinates": [2.1531585, 41.3776934]}, "properties": {"tls": "joinedS_26198844_30246864", "edge": "237659850#0", "links": [11, 12, 13, 14], "bearing": 313.5}}, {"type": "Feature", "geometry": {"type": "Point", "coordinates": [2.1529798, 41.3776763]}, "properties": {"tls": "joinedS_26198844_30246864", "edge": "404402525#0", "links": [15, 16, 17], "bearing": 46.4}}, {"type": "Feature", "geometry": {"type": "Point", "coordinates": [2.2012841, 41.4070396]}, "properties": {"tls": "joinedS_262251530_262251752", "edge": "425929773#0", "links": [0, 1, 2, 3], "bearing": 250.9}}, {"type": "Feature", "geometry": {"type": "Point", "coordinates": [2.2008845, 41.4068284]}, "properties": {"tls": "joinedS_262251530_262251752", "edge": "24220819#0", "links": [4, 5, 6, 7], "bearing": 30.8}}, {"type": "Feature", "geometry": {"type": "Point", "coordinates": [2.2008368, 41.4065255]}, "properties": {"tls": "joinedS_262251530_262251752", "edge": "1334898217#0", "links": [8, 9, 10], "bearing": 315.1}}, {"type": "Feature", "geometry": {"type": "Point", "coordinates": [2.2006279, 41.4064905]}, "properties": {"tls": "joinedS_262251530_262251752", "edge": "540158541#0", "links": [11, 12, 13], "bearing": 29.1}}, {"type": "Feature", "geometry": {"type": "Point", "coordinates": [2.2005538, 41.4065747]}, "properties": {"tls": "joinedS_262251530_262251752", "edge": "239564645#5", "links": [14, 15, 16, 17], "bearing": 72.7}}, {"type": "Feature", "geometry": {"type": "Point", "coordinates": [2.1369478, 41.3911393]}, "properties": {"tls": "joinedS_269382573_3191418776", "edge": "237521119#0", "links": [0, 1, 2], "bearing": 251.9}}, {"type": "Feature", "geometry": {"type": "Point", "coordinates": [2.1368849, 41.3910236]}, "properties": {"tls": "joinedS_269382573_3191418776", "edge": "129169446#0", "links": [3, 4, 5, 6], "bearing": 325.4}}, {"type": "Feature", "geometry": {"type": "Point", "coordinates": [2.1374267, 41.3905003]}, "properties": {"tls": "joinedS_269382573_3191418776", "edge": "862197868#0", "links": [7, 8, 9, 10, 11, 12, 13], "bearing": 321.3}}, {"type": "Feature", "geometry": {"type": "Point", "coordinates": [2.137129, 41.3905624]}, "properties": {"tls": "joinedS_269382573_3191418776", "edge": "862197871#0", "links": [14, 15, 16, 17, 18], "bearing": 72.6}}, {"type": "Feature", "geometry": {"type": "Point", "coordinates": [2.1382611, 41.3899092]}, "properties": {"tls": "joinedS_269383883_998592654", "edge": "-862197869", "links": [0], "bearing": 235.0}}, {"type": "Feature", "geometry": {"type": "Point", "coordinates": [2.1382088, 41.3897602]}, "properties": {"tls": "joinedS_269383883_998592654", "edge": "1409620052#0", "links": [1, 2, 3, 4, 5], "bearing": 323.6}}, {"type": "Feature", "geometry": {"type": "Point", "coordinates": [2.1380152, 41.3897527]}, "properties": {"tls": "joinedS_269383883_998592654", "edge": "862197867#0", "links": [6, 7], "bearing": 53.2}}, {"type": "Feature", "geometry": {"type": "Point", "coordinates": [2.138561, 41.3896173]}, "properties": {"tls": "joinedS_269383883_998592654", "edge": "916766791", "links": [8, 9, 10], "bearing": 235.9}}, {"type": "Feature", "geometry": {"type": "Point", "coordinates": [2.1384906, 41.389488]}, "properties": {"tls": "joinedS_269383883_998592654", "edge": "24793206#0", "links": [11, 12, 13, 14], "bearing": 324.9}}, {"type": "Feature", "geometry": {"type": "Point", "coordinates": [2.1253415, 41.3881937]}, "properties": {"tls": "joinedS_269386336_681936382", "edge": "24794193#0", "links": [0, 1, 2, 3], "bearing": 255.6}}, {"type": "Feature", "geometry": {"type": "Point", "coordinates": [2.1252605, 41.3880807]}, "properties": {"tls": "joinedS_269386336_681936382", "edge": "32023091#0", "links": [4, 5, 6], "bearing": 342.3}}, {"type": "Feature", "geometry": {"type": "Point", "coordinates": [2.1251057, 41.388241]}, "properties": {"tls": "joinedS_269386336_681936382", "edge": "-449751443#1", "links": [7, 8, 9], "bearing": 160.6}}, {"type": "Feature", "geometry": {"type": "Point", "coordinates": [2.1254687, 41.3878907]}, "properties": {"tls": "joinedS_269386336_681936382", "edge": "-543400542#2", "links": [10, 11, 12, 13, 14], "bearing": 251.9}}, {"type": "Feature", "geometry": {"type": "Point", "coordinates": [2.1251995, 41.3877365]}, "properties": {"tls": "joinedS_269386336_681936382", "edge": "284616361#0", "links": [15, 16, 17, 18], "bearing": 71.8}}, {"type": "Feature", "geometry": {"type": "Point", "coordinates": [2.125237, 41.3879529]}, "properties": {"tls": "joinedS_269386336_681936382", "edge": "-32023091#3", "links": [19, 20], "bearing": 165.5}}, {"type": "Feature", "geometry": {"type": "Point", "coordinates": [2.1332027, 41.4064047]}, "properties": {"tls": "joinedS_30237675_5250643030", "edge": "918365462#0", "links": [0, 1, 2, 3], "bearing": 83.8}}, {"type": "Feature", "geometry": {"type": "Point", "coordinates": [2.1333946, 41.4065414]}, "properties": {"tls": "joinedS_30237675_5250643030", "edge": "893698958#0", "links": [4, 5, 6, 7, 8], "bearing": 216.3}}, {"type": "Feature", "geometry": {"type": "Point", "coordinates": [2.1334472, 41.4065662]}, "properties": {"tls": "joinedS_30237675_5250643030", "edge": "918365463", "links": [9, 10, 11], "bearing": 228.9}}, {"type": "Feature", "geometry": {"type": "Point", "coordinates": [2.166097, 41.3914105]}, "properties": {"tls": "joinedS_30242864_442540253", "edge": "-1321519621", "links": [0], "bearing": 225.0}}, {"type": "Feature", "geometry": {"type": "Point", "coordinates": [2.1660908, 41.3912458]}, "properties": {"tls": "joinedS_30242864_442540253", "edge": "-908375883#3", "links": [1, 2, 3, 4, 5, 6], "bearing": 317.5}}, {"type": "Feature", "geometry": {"type": "Point", "coordinates": [2.1658613, 41.3911871]}, "properties": {"tls": "joinedS_30242864_442540253", "edge": "908375886#0", "links": [7, 8, 9, 10], "bearing": 45.0}}, {"type": "Feature", "geometry": {"type": "Point", "coordinates": [2.1658355, 41.3913253]}, "properties": {"tls": "joinedS_30242864_442540253", "edge": "293858828#0", "links": [11, 12, 13, 14], "bearing": 137.6}}, {"type": "Feature", "geometry": {"type": "Point", "coordinates": [2.1658766, 41.3912496]}, "properties": {"tls": "joinedS_30242864_442540253", "edge": "-908375886#1", "links": [15, 16], "bearing": 226.0}}, {"type": "Feature", "geometry": {"type": "Point", "coordinates": [2.1657654, 41.3911328]}, "properties": {"tls": "joinedS_30242864_442540253", "edge": "1190420705#0", "links": [17, 18], "bearing": 44.6}}, {"type": "Feature", "geometry": {"type": "Point", "coordinates": [2.165746, 41.3912607]}, "properties": {"tls": "joinedS_30242864_442540253", "edge": "294085180#0", "links": [19, 20, 21], "bearing": 137.5}}, {"type": "Feature", "geometry": {"type": "Point", "coordinates": [2.1672081, 41.3905143]}, "properties": {"tls": "joinedS_30243053_442540235_442540254", "edge": "908375892", "links": [0, 1, 2, 3, 4], "bearing": 225.0}}, {"type": "Feature", "geometry": {"type": "Point", "coordinates": [2.1671844, 41.3903597]}, "properties": {"tls": "joinedS_30243053_442540235_442540254", "edge": "-908375889#1", "links": [5, 6, 7, 8, 9], "bearing": 318.2}}, {"type": "Feature", "geometry": {"type": "Point", "coordinates": [2.1669309, 41.3904394]}, "properties": {"tls": "joinedS_30243053_442540235_442540254", "edge": "908375883#0", "links": [10, 11, 12], "bearing": 137.6}}, {"type": "Feature", "geometry": {"type": "Point", "coordinates": [2.1673041, 41.3905863]}, "properties": {"tls": "joinedS_30243053_442540235_442540254", "edge": "478725551#6", "links": [13, 14, 15], "bearing": 225.7}}, {"type": "Feature", "geometry": {"type": "Point", "coordinates": [2.1673108, 41.3904634]}, "properties": {"tls": "joinedS_30243053_442540235_442540254", "edge": "116343002", "links": [16, 17], "bearing": 317.5}}, {"type": "Feature", "geometry": {"type": "Point", "coordinates": [2.1669918, 41.3903499]}, "properties": {"tls": "joinedS_30243053_442540235_442540254", "edge": "908375888", "links": [18, 19, 20], "bearing": 225.0}}, {"type": "Feature", "geometry": {"type": "Point", "coordinates": [2.1668522, 41.3903699]}, "properties": {"tls": "joinedS_30243053_442540235_442540254", "edge": "908375887", "links": [21, 22], "bearing": 135.6}}, {"type": "Feature", "geometry": {"type": "Point", "coordinates": [2.1721506, 41.3991744]}, "properties": {"tls": "joinedS_30243120_6762254081", "edge": "1408524836#0", "links": [0, 1, 2], "bearing": 314.3}}, {"type": "Feature", "geometry": {"type": "Point", "coordinates": [2.171958, 41.3991824]}, "properties": {"tls": "joinedS_30243120_6762254081", "edge": "248565673#0", "links": [3, 4, 5, 6], "bearing": 46.3}}, {"type": "Feature", "geometry": {"type": "Point", "coordinates": [2.1718496, 41.399396]}, "properties": {"tls": "joinedS_30243120_6762254081", "edge": "1222795860", "links": [7, 8, 9], "bearing": 315.0}}, {"type": "Feature", "geometry": {"type": "Point", "coordinates": [2.171608, 41.3994379]}, "properties": {"tls": "joinedS_30243120_6762254081", "edge": "1120874881#0", "links": [10, 11, 12], "bearing": 71.6}}, {"type": "Feature", "geometry": {"type": "Point", "coordinates": [2.1734199, 41.393103]}, "properties": {"tls": "joinedS_30243250_559787234", "edge": "1157643606#0", "links": [0, 1, 2, 3, 4], "bearing": 315.3}}, {"type": "Feature", "geometry": {"type": "Point", "coordinates": [2.1732159, 41.3931291]}, "properties": {"tls": "joinedS_30243250_559787234", "edge": "238179183#0", "links": [5, 6, 7, 8, 9], "bearing": 45.7}}, {"type": "Feature", "geometry": {"type": "Point", "coordinates": [2.1735323, 41.3930174]}, "properties": {"tls": "joinedS_30243250_559787234", "edge": "1112878634#0", "links": [10, 11, 12], "bearing": 316.5}}, {"type": "Feature", "geometry": {"type": "Point", "coordinates": [2.1733775, 41.3930076]}, "properties": {"tls": "joinedS_30243250_559787234", "edge": "238179181#0", "links": [13, 14], "bearing": 44.1}}, {"type": "Feature", "geometry": {"type": "Point", "coordinates": [2.1531297, 41.3761622]}, "properties": {"tls": "joinedS_30243876_626135661", "edge": "1409614855#0", "links": [0, 1, 2, 3, 4], "bearing": 225.6}}, {"type": "Feature", "geometry": {"type": "Point", "coordinates": [2.1529193, 41.3761747]}, "properties": {"tls": "joinedS_30243876_626135661", "edge": "545901477#0", "links": [5, 6, 7, 8], "bearing": 135.8}}, {"type": "Feature", "geometry": {"type": "Point", "coordinates": [2.153738, 41.3756822]}, "properties": {"tls": "joinedS_30243876_626135661", "edge": "-23348856#3", "links": [9, 10], "bearing": 250.8}}, {"type": "Feature", "geometry": {"type": "Point", "coordinates": [2.1535032, 41.375595]}, "properties": {"tls": "joinedS_30243876_626135661", "edge": "1436366176", "links": [11, 12], "bearing": 69.7}}, {"type": "Feature", "geometry": {"type": "Point", "coordinates": [2.1535462, 41.3756989]}, "properties": {"tls": "joinedS_30243876_626135661", "edge": "237923126#2", "links": [13, 14, 15, 16], "bearing": 135.9}}, {"type": "Feature", "geometry": {"type": "Point", "coordinates": [2.159793, 41.3828009]}, "properties": {"tls": "joinedS_30247093_8173071606", "edge": "491443472#0", "links": [0, 1], "bearing": 46.0}}, {"type": "Feature", "geometry": {"type": "Point", "coordinates": [2.1598034, 41.3829236]}, "properties": {"tls": "joinedS_30247093_8173071606", "edge": "905210700#0", "links": [2, 3, 4], "bearing": 135.7}}, {"type": "Feature", "geometry": {"type": "Point", "coordinates": [2.1596281, 41.3829059]}, "properties": {"tls": "joinedS_30247093_8173071606", "edge": "491622344#0", "links": [5, 6, 7, 8, 9, 10], "bearing": 45.4}}, {"type": "Feature", "geometry": {"type": "Point", "coordinates": [2.1596171, 41.3830637]}, "properties": {"tls": "joinedS_30247093_8173071606", "edge": "879204520", "links": [11, 12, 13, 14, 15, 16, 17], "bearing": 135.2}}, {"type": "Feature", "geometry": {"type": "Point", "coordinates": [2.1634671, 41.3972582]}, "properties": {"tls": "joinedS_30254348_9782230123_cluster_1311619407_3141525071_6874436659_9782235361", "edge": "803424599#1", "links": [0, 1, 2, 3], "bearing": 311.9}}, {"type": "Feature", "geometry": {"type": "Point", "coordinates": [2.1631662, 41.3972731]}, "properties": {"tls": "joinedS_30254348_9782230123_cluster_1311619407_3141525071_6874436659_9782235361", "edge": "308861417#0", "links": [4, 5, 6], "bearing": 70.9}}, {"type": "Feature", "geometry": {"type": "Point", "coordinates": [2.1632781, 41.3973473]}, "properties": {"tls": "joinedS_30254348_9782230123_cluster_1311619407_3141525071_6874436659_9782235361", "edge": "308861420#0", "links": [7, 8, 9, 10], "bearing": 317.0}}, {"type": "Feature", "geometry": {"type": "Point", "coordinates": [2.1630406, 41.3973796]}, "properties": {"tls": "joinedS_30254348_9782230123_cluster_1311619407_3141525071_6874436659_9782235361", "edge": "1065184060#0", "links": [11, 12, 13, 14], "bearing": 71.2}}, {"type": "Feature", "geometry": {"type": "Point", "coordinates": [2.1632785, 41.3975093]}, "properties": {"tls": "joinedS_30254348_9782230123_cluster_1311619407_3141525071_6874436659_9782235361", "edge": "307933384#0", "links": [15, 16, 17, 18, 19, 20], "bearing": 250.1}}, {"type": "Feature", "geometry": {"type": "Point", "coordinates": [2.1624506, 41.3971591]}, "properties": {"tls": "joinedS_30254348_9782230123_cluster_1311619407_3141525071_6874436659_9782235361", "edge": "308861416#0", "links": [21, 22, 23, 24, 25], "bearing": 47.7}}, {"type": "Feature", "geometry": {"type": "Point", "coordinates": [2.1623616, 41.3972265]}, "properties": {"tls": "joinedS_30254348_9782230123_cluster_1311619407_3141525071_6874436659_9782235361", "edge": "1391901673", "links": [26, 27], "bearing": 71.2}}, {"type": "Feature", "geometry": {"type": "Point", "coordinates": [2.1631642, 41.3974366]}, "properties": {"tls": "joinedS_30254348_9782230123_cluster_1311619407_3141525071_6874436659_9782235361", "edge": "1168886754", "links": [28, 29, 30, 31, 32], "bearing": 317.7}}, {"type": "Feature", "geometry": {"type": "Point", "coordinates": [2.171203, 41.3914044]}, "properties": {"tls": "joinedS_30254350_559787232_7515360144", "edge": "1157644014#0", "links": [0, 1, 2, 3], "bearing": 315.0}}, {"type": "Feature", "geometry": {"type": "Point", "coordinates": [2.1710187, 41.3914062]}, "properties": {"tls": "joinedS_30254350_559787232_7515360144", "edge": "273229616#0", "links": [4, 5, 6], "bearing": 53.8}}, {"type": "Feature", "geometry": {"type": "Point", "coordinates": [2.1712928, 41.3913359]}, "properties": {"tls": "joinedS_30254350_559787232_7515360144", "edge": "549518612#0", "links": [7, 8, 9, 10], "bearing": 316.4}}, {"type": "Feature", "geometry": {"type": "Point", "coordinates": [2.1711333, 41.3913228]}, "properties": {"tls": "joinedS_30254350_559787232_7515360144", "edge": "237652083#0", "links": [11, 12, 13], "bearing": 43.7}}, {"type": "Feature", "geometry": {"type": "Point", "coordinates": [2.1709752, 41.3917069]}, "properties": {"tls": "joinedS_30254350_559787232_7515360144", "edge": "238179178#0", "links": [14, 15], "bearing": 226.1}}, {"type": "Feature", "geometry": {"type": "Point", "coordinates": [2.17096, 41.3915856]}, "properties": {"tls": "joinedS_30254350_559787232_7515360144", "edge": "1144052331#0", "links": [16, 17, 18, 19], "bearing": 315.5}}, {"type": "Feature", "geometry": {"type": "Point", "coordinates": [2.1298485, 41.3755459]}, "properties": {"tls": "joinedS_30294451_cluster_3182649502_530676956_530676957_530676959_#3more", "edge": "-1536121326#3", "links": [0, 1], "bearing": 272.8}}, {"type": "Feature", "geometry": {"type": "Point", "coordinates": [2.1297715, 41.3753978]}, "properties": {"tls": "joinedS_30294451_cluster_3182649502_530676956_530676957_530676959_#3more", "edge": "886666792", "links": [2, 3], "bearing": 340.2}}, {"type": "Feature", "geometry": {"type": "Point", "coordinates": [2.1296369, 41.3754945]}, "properties": {"tls": "joinedS_30294451_cluster_3182649502_530676956_530676957_530676959_#3more", "edge": "1536121325#0", "links": [4, 5], "bearing": 92.9}}, {"type": "Feature", "geometry": {"type": "Point", "coordinates": [2.130778, 41.375531]}, "properties": {"tls": "joinedS_30294451_cluster_3182649502_530676956_530676957_530676959_#3more", "edge": "-294082522#3", "links": [6, 7, 8, 9, 10], "bearing": 272.1}}, {"type": "Feature", "geometry": {"type": "Point", "coordinates": [2.1306834, 41.3753817]}, "properties": {"tls": "joinedS_30294451_cluster_3182649502_530676956_530676957_530676959_#3more", "edge": "672281346#0", "links": [11, 12, 13, 14, 15], "bearing": 353.7}}, {"type": "Feature", "geometry": {"type": "Point", "coordinates": [2.130132, 41.3754813]}, "properties": {"tls": "joinedS_30294451_cluster_3182649502_530676956_530676957_530676959_#3more", "edge": "1536121326#0", "links": [16, 17, 18, 19, 20], "bearing": 91.2}}, {"type": "Feature", "geometry": {"type": "Point", "coordinates": [2.1301519, 41.375807]}, "properties": {"tls": "joinedS_30294451_cluster_3182649502_530676956_530676957_530676959_#3more", "edge": "158922103#5", "links": [21, 22, 23, 24], "bearing": 165.5}}, {"type": "Feature", "geometry": {"type": "Point", "coordinates": [2.1763472, 41.4181033]}, "properties": {"tls": "joinedS_30295302_cluster_13895479760_2331122654_3768282025", "edge": "6078327#5", "links": [0], "bearing": 289.0}}, {"type": "Feature", "geometry": {"type": "Point", "coordinates": [2.1761651, 41.4180834]}, "properties": {"tls": "joinedS_30295302_cluster_13895479760_2331122654_3768282025", "edge": "224295083#0", "links": [1, 2], "bearing": 40.7}}, {"type": "Feature", "geometry": {"type": "Point", "coordinates": [2.1760205, 41.4181489]}, "properties": {"tls": "joinedS_30295302_cluster_13895479760_2331122654_3768282025", "edge": "-543578060#4", "links": [3, 4], "bearing": 206.4}}, {"type": "Feature", "geometry": {"type": "Point", "coordinates": [2.1757119, 41.4176827]}, "properties": {"tls": "joinedS_30295302_cluster_13895479760_2331122654_3768282025", "edge": "973263037#0", "links": [5, 6, 7], "bearing": 43.2}}, {"type": "Feature", "geometry": {"type": "Point", "coordinates": [2.1518651, 41.3768251]}, "properties": {"tls": "joinedS_30298838_536838775", "edge": "237517573#0", "links": [0, 1], "bearing": 52.6}}, {"type": "Feature", "geometry": {"type": "Point", "coordinates": [2.1518642, 41.3769744]}, "properties": {"tls": "joinedS_30298838_536838775", "edge": "404402522#0", "links": [2, 3, 4, 5], "bearing": 135.0}}, {"type": "Feature", "geometry": {"type": "Point", "coordinates": [2.1516798, 41.3769585]}, "properties": {"tls": "joinedS_30298838_536838775", "edge": "1225770985", "links": [6, 7, 8, 9], "bearing": 47.5}}, {"type": "Feature", "geometry": {"type": "Point", "coordinates": [2.1516546, 41.3771289]}, "properties": {"tls": "joinedS_30298838_536838775", "edge": "853255410#0", "links": [10, 11, 12], "bearing": 135.3}}, {"type": "Feature", "geometry": {"type": "Point", "coordinates": [2.1374503, 41.369814]}, "properties": {"tls": "joinedS_30307943_30307972", "edge": "4751582#2", "links": [0], "bearing": 332.9}}, {"type": "Feature", "geometry": {"type": "Point", "coordinates": [2.1372822, 41.3698866]}, "properties": {"tls": "joinedS_30307943_30307972", "edge": "80390963#0", "links": [1, 2], "bearing": 80.8}}, {"type": "Feature", "geometry": {"type": "Point", "coordinates": [2.1368653, 41.369835]}, "properties": {"tls": "joinedS_30307943_30307972", "edge": "831157552#8", "links": [3, 4], "bearing": 86.7}}, {"type": "Feature", "geometry": {"type": "Point", "coordinates": [2.1369373, 41.3699363]}, "properties": {"tls": "joinedS_30307943_30307972", "edge": "753132643", "links": [5, 6], "bearing": 162.5}}, {"type": "Feature", "geometry": {"type": "Point", "coordinates": [2.14283, 41.3938661]}, "properties": {"tls": "joinedS_30313252_30313254", "edge": "153268994#0", "links": [0, 1, 2], "bearing": 214.6}}, {"type": "Feature", "geometry": {"type": "Point", "coordinates": [2.1428921, 41.3937419]}, "properties": {"tls": "joinedS_30313252_30313254", "edge": "173223709#0", "links": [3, 4], "bearing": 304.0}}, {"type": "Feature", "geometry": {"type": "Point", "coordinates": [2.1426173, 41.3936272]}, "properties": {"tls": "joinedS_30313252_30313254", "edge": "153268994#3", "links": [5, 6, 7], "bearing": 214.3}}, {"type": "Feature", "geometry": {"type": "Point", "coordinates": [2.1424395, 41.3936215]}, "properties": {"tls": "joinedS_30313252_30313254", "edge": "173223706#0", "links": [8, 9], "bearing": 123.1}}, {"type": "Feature", "geometry": {"type": "Point", "coordinates": [2.1570525, 41.3986603]}, "properties": {"tls": "joinedS_30333392_30556625", "edge": "301305579#0", "links": [0], "bearing": 226.7}}, {"type": "Feature", "geometry": {"type": "Point", "coordinates": [2.157037, 41.3985335]}, "properties": {"tls": "joinedS_30333392_30556625", "edge": "32015691#0", "links": [1, 2, 3], "bearing": 318.9}}, {"type": "Feature", "geometry": {"type": "Point", "coordinates": [2.1564924, 41.3991297]}, "properties": {"tls": "joinedS_30333392_30556625", "edge": "98746956#0", "links": [4, 5, 6], "bearing": 229.5}}, {"type": "Feature", "geometry": {"type": "Point", "coordinates": [2.1564693, 41.3990115]}, "properties": {"tls": "joinedS_30333392_30556625", "edge": "32015691#6", "links": [7, 8, 9], "bearing": 318.7}}, {"type": "Feature", "geometry": {"type": "Point", "coordinates": [2.1778309, 41.4070025]}, "properties": {"tls": "joinedS_30555975_8439080657", "edge": "269871711#4", "links": [0, 1], "bearing": 224.8}}, {"type": "Feature", "geometry": {"type": "Point", "coordinates": [2.177675, 41.4069933]}, "properties": {"tls": "joinedS_30555975_8439080657", "edge": "263405142#13", "links": [2, 3, 4], "bearing": 137.0}}, {"type": "Feature", "geometry": {"type": "Point", "coordinates": [2.1780172, 41.4071464]}, "properties": {"tls": "joinedS_30555975_8439080657", "edge": "269871711#0", "links": [5, 6], "bearing": 225.0}}, {"type": "Feature", "geometry": {"type": "Point", "coordinates": [2.1780429, 41.4070714]}, "properties": {"tls": "joinedS_30555975_8439080657", "edge": "-4776370#2", "links": [7], "bearing": 299.8}}, {"type": "Feature", "geometry": {"type": "Point", "coordinates": [2.1499026, 41.4033898]}, "properties": {"tls": "joinedS_30558391_60969501", "edge": "-251698470", "links": [0, 1, 2], "bearing": 190.0}}, {"type": "Feature", "geometry": {"type": "Point", "coordinates": [2.1499723, 41.4032286]}, "properties": {"tls": "joinedS_30558391_60969501", "edge": "1539186420#3", "links": [3, 4], "bearing": 6.3}}, {"type": "Feature", "geometry": {"type": "Point", "coordinates": [2.1501243, 41.4031104]}, "properties": {"tls": "joinedS_30558391_60969501", "edge": "8590884#0", "links": [5, 6], "bearing": 240.2}}, {"type": "Feature", "geometry": {"type": "Point", "coordinates": [2.1500701, 41.4029976]}, "properties": {"tls": "joinedS_30558391_60969501", "edge": "1539186420#0", "links": [7], "bearing": 331.7}}, {"type": "Feature", "geometry": {"type": "Point", "coordinates": [2.149902, 41.4031213]}, "properties": {"tls": "joinedS_30558391_60969501", "edge": "-1539186420#6", "links": [8, 9], "bearing": 161.6}}, {"type": "Feature", "geometry": {"type": "Point", "coordinates": [2.1587039, 41.3820461]}, "properties": {"tls": "joinedS_30685338_559764755", "edge": "491622341#0", "links": [0, 1, 2, 3, 4, 5, 6, 7, 8], "bearing": 315.8}}, {"type": "Feature", "geometry": {"type": "Point", "coordinates": [2.1584803, 41.3820435]}, "properties": {"tls": "joinedS_30685338_559764755", "edge": "316582576#0", "links": [9, 10, 11, 12, 13, 14], "bearing": 45.9}}, {"type": "Feature", "geometry": {"type": "Point", "coordinates": [2.1588234, 41.3819557]}, "properties": {"tls": "joinedS_30685338_559764755", "edge": "491443473#0", "links": [15, 16, 17, 18], "bearing": 315.5}}, {"type": "Feature", "geometry": {"type": "Point", "coordinates": [2.1586349, 41.3819287]}, "properties": {"tls": "joinedS_30685338_559764755", "edge": "1112893305#0", "links": [19, 20, 21], "bearing": 46.6}}, {"type": "Feature", "geometry": {"type": "Point", "coordinates": [2.1766368, 41.4010094]}, "properties": {"tls": "joinedS_3193312157_cluster_30254197_3184350957_442540276", "edge": "238179151#0", "links": [0, 1, 2, 3, 4, 5, 6, 7], "bearing": 225.7}}, {"type": "Feature", "geometry": {"type": "Point", "coordinates": [2.1764115, 41.4010529]}, "properties": {"tls": "joinedS_3193312157_cluster_30254197_3184350957_442540276", "edge": "546138912#0", "links": [8, 9, 10, 11, 12, 13, 14], "bearing": 137.5}}, {"type": "Feature", "geometry": {"type": "Point", "coordinates": [2.1755229, 41.4001783]}, "properties": {"tls": "joinedS_3193312157_cluster_30254197_3184350957_442540276", "edge": "313379187#0", "links": [15, 16, 17, 18, 19, 20, 21], "bearing": 225.4}}, {"type": "Feature", "geometry": {"type": "Point", "coordinates": [2.1755707, 41.4000013]}, "properties": {"tls": "joinedS_3193312157_cluster_30254197_3184350957_442540276", "edge": "1511153991#0", "links": [22, 23, 24, 25, 26, 27], "bearing": 316.3}}, {"type": "Feature", "geometry": {"type": "Point", "coordinates": [2.1749983, 41.4002902]}, "properties": {"tls": "joinedS_3193312157_cluster_30254197_3184350957_442540276", "edge": "897726079#0", "links": [28, 29, 30], "bearing": 73.3}}, {"type": "Feature", "geometry": {"type": "Point", "coordinates": [2.1181246, 41.4049728]}, "properties": {"tls": "joinedS_324230919_324230922_324230925_981699926_#1more", "edge": "44868704#0", "links": [0, 1, 2, 3], "bearing": 243.1}}, {"type": "Feature", "geometry": {"type": "Point", "coordinates": [2.1181037, 41.4048487]}, "properties": {"tls": "joinedS_324230919_324230922_324230925_981699926_#1more", "edge": "550456984#0", "links": [4, 5, 6, 7], "bearing": 314.7}}, {"type": "Feature", "geometry": {"type": "Point", "coordinates": [2.1173729, 41.4046876]}, "properties": {"tls": "joinedS_324230919_324230922_324230925_981699926_#1more", "edge": "32260883#0", "links": [8, 9, 10], "bearing": 141.5}}, {"type": "Feature", "geometry": {"type": "Point", "coordinates": [2.1175039, 41.4047195]}, "properties": {"tls": "joinedS_324230919_324230922_324230925_981699926_#1more", "edge": "550454014#0", "links": [11, 12, 13, 14, 15, 16], "bearing": 187.8}}, {"type": "Feature", "geometry": {"type": "Point", "coordinates": [2.1175511, 41.4043521]}, "properties": {"tls": "joinedS_324230919_324230922_324230925_981699926_#1more", "edge": "417905758#0", "links": [17, 18, 19, 20], "bearing": 62.4}}, {"type": "Feature", "geometry": {"type": "Point", "coordinates": [2.1175747, 41.4044799]}, "properties": {"tls": "joinedS_324230919_324230922_324230925_981699926_#1more", "edge": "537778390#0", "links": [21, 22, 23, 24], "bearing": 136.7}}, {"type": "Feature", "geometry": {"type": "Point", "coordinates": [2.1183003, 41.4045007]}, "properties": {"tls": "joinedS_324230919_324230922_324230925_981699926_#1more", "edge": "1525698710#8", "links": [25, 26], "bearing": 336.4}}, {"type": "Feature", "geometry": {"type": "Point", "coordinates": [2.1181364, 41.4045048]}, "properties": {"tls": "joinedS_324230919_324230922_324230925_981699926_#1more", "edge": "29418893#0", "links": [27, 28, 29, 30, 31], "bearing": 35.3}}, {"type": "Feature", "geometry": {"type": "Point", "coordinates": [2.1172547, 41.4042808]}, "properties": {"tls": "joinedS_324230919_324230922_324230925_981699926_#1more", "edge": "450219491#0", "links": [32, 33], "bearing": 217.7}}, {"type": "Feature", "geometry": {"type": "Point", "coordinates": [2.11721, 41.4040658]}, "properties": {"tls": "joinedS_324230919_324230922_324230925_981699926_#1more", "edge": "208614080#0", "links": [34, 35, 36, 37, 38], "bearing": 37.5}}, {"type": "Feature", "geometry": {"type": "Point", "coordinates": [2.1170695, 41.4042502]}, "properties": {"tls": "joinedS_324230919_324230922_324230925_981699926_#1more", "edge": "-450219493#1", "links": [39, 40, 41], "bearing": 128.2}}, {"type": "Feature", "geometry": {"type": "Point", "coordinates": [2.163211, 41.3854573]}, "properties": {"tls": "joinedS_3314271774_559026426_cluster_112426103_11560052714_11560052715_1282870796_#7more", "edge": "449991649#0", "links": [0, 1, 2, 3, 4, 5, 6, 7, 8], "bearing": 315.2}}, {"type": "Feature", "geometry": {"type": "Point", "coordinates": [2.1630095, 41.3854728]}, "properties": {"tls": "joinedS_3314271774_559026426_cluster_112426103_11560052714_11560052715_1282870796_#7more", "edge": "532696011#0", "links": [9, 10, 11, 12, 13], "bearing": 46.2}}, {"type": "Feature", "geometry": {"type": "Point", "coordinates": [2.1633539, 41.3853524]}, "properties": {"tls": "joinedS_3314271774_559026426_cluster_112426103_11560052714_11560052715_1282870796_#7more", "edge": "532570624#0", "links": [14, 15, 16, 17], "bearing": 316.2}}, {"type": "Feature", "geometry": {"type": "Point", "coordinates": [2.163176, 41.3853424]}, "properties": {"tls": "joinedS_3314271774_559026426_cluster_112426103_11560052714_11560052715_1282870796_#7more", "edge": "237914536#0", "links": [18, 19, 20, 21], "bearing": 48.7}}, {"type": "Feature", "geometry": {"type": "Point", "coordinates": [2.1640503, 41.3854451]}, "properties": {"tls": "joinedS_3314271774_559026426_cluster_112426103_11560052714_11560052715_1282870796_#7more", "edge": "922450172", "links": [22, 23, 24, 25], "bearing": 224.6}}, {"type": "Feature", "geometry": {"type": "Point", "coordinates": [2.1639508, 41.3848551]}, "properties": {"tls": "joinedS_3314271774_559026426_cluster_112426103_11560052714_11560052715_1282870796_#7more", "edge": "185957649#0", "links": [26, 27, 28], "bearing": 5.9}}, {"type": "Feature", "geometry": {"type": "Point", "coordinates": [2.1829213, 41.3978985]}, "properties": {"tls": "joinedS_359977822_536418264", "edge": "490655488#0", "links": [0, 1, 2, 3, 4, 5], "bearing": 314.3}}, {"type": "Feature", "geometry": {"type": "Point", "coordinates": [2.1827071, 41.3978137]}, "properties": {"tls": "joinedS_359977822_536418264", "edge": "490655486", "links": [6, 7, 8, 9], "bearing": 21.8}}, {"type": "Feature", "geometry": {"type": "Point", "coordinates": [2.1826511, 41.3979768]}, "properties": {"tls": "joinedS_359977822_536418264", "edge": "-182069872#5", "links": [10, 11, 12, 13], "bearing": 133.5}}, {"type": "Feature", "geometry": {"type": "Point", "coordinates": [2.1825754, 41.3981485]}, "properties": {"tls": "joinedS_359977822_536418264", "edge": "182069872#2", "links": [14, 15, 16, 17, 18], "bearing": 314.7}}, {"type": "Feature", "geometry": {"type": "Point", "coordinates": [2.1823198, 41.3980892]}, "properties": {"tls": "joinedS_359977822_536418264", "edge": "330913950#0", "links": [19, 20, 21, 22, 23], "bearing": 43.8}}, {"type": "Feature", "geometry": {"type": "Point", "coordinates": [2.1823193, 41.3982215]}, "properties": {"tls": "joinedS_359977822_536418264", "edge": "-490655483#5", "links": [24, 25, 26], "bearing": 136.9}}, {"type": "Feature", "geometry": {"type": "Point", "coordinates": [2.1382837, 41.4153265]}, "properties": {"tls": "joinedS_364669543_364669545", "edge": "138470929#0", "links": [0, 1, 2], "bearing": 281.9}}, {"type": "Feature", "geometry": {"type": "Point", "coordinates": [2.1382024, 41.4152346]}, "properties": {"tls": "joinedS_364669543_364669545", "edge": "554918721#0", "links": [3, 4, 5], "bearing": 318.9}}, {"type": "Feature", "geometry": {"type": "Point", "coordinates": [2.1374127, 41.4161098]}, "properties": {"tls": "joinedS_364669543_364669545", "edge": "902739255#0", "links": [6, 7, 8], "bearing": 230.7}}, {"type": "Feature", "geometry": {"type": "Point", "coordinates": [2.1373707, 41.4159477]}, "properties": {"tls": "joinedS_364669543_364669545", "edge": "236230579#0", "links": [9, 10, 11, 12], "bearing": 313.5}}, {"type": "Feature", "geometry": {"type": "Point", "coordinates": [2.1367694, 41.4101666]}, "properties": {"tls": "joinedS_364670487_364670521", "edge": "-132578922#2", "links": [0, 1, 2], "bearing": 249.7}}, {"type": "Feature", "geometry": {"type": "Point", "coordinates": [2.136514, 41.4100713]}, "properties": {"tls": "joinedS_364670487_364670521", "edge": "139261500#0", "links": [3, 4, 5, 6], "bearing": 92.7}}, {"type": "Feature", "geometry": {"type": "Point", "coordinates": [2.1366329, 41.4102204]}, "properties": {"tls": "joinedS_364670487_364670521", "edge": "139261506#0", "links": [7, 8, 9, 10, 11], "bearing": 183.7}}, {"type": "Feature", "geometry": {"type": "Point", "coordinates": [2.1372348, 41.4103105]}, "properties": {"tls": "joinedS_364670487_364670521", "edge": "-68506256#1", "links": [12, 13, 14], "bearing": 240.4}}, {"type": "Feature", "geometry": {"type": "Point", "coordinates": [2.1371896, 41.4101131]}, "properties": {"tls": "joinedS_364670487_364670521", "edge": "32429558#0", "links": [15, 16, 17, 18], "bearing": 336.5}}, {"type": "Feature", "geometry": {"type": "Point", "coordinates": [2.1369882, 41.4101569]}, "properties": {"tls": "joinedS_364670487_364670521", "edge": "132578922#0", "links": [19, 20, 21], "bearing": 68.1}}, {"type": "Feature", "geometry": {"type": "Point", "coordinates": [2.1296097, 41.3921624]}, "properties": {"tls": "joinedS_364718311_693196406", "edge": "543400540#0", "links": [0, 1, 2, 3], "bearing": 53.7}}, {"type": "Feature", "geometry": {"type": "Point", "coordinates": [2.1296161, 41.3923212]}, "properties": {"tls": "joinedS_364718311_693196406", "edge": "283778454", "links": [4, 5, 6, 7], "bearing": 141.1}}, {"type": "Feature", "geometry": {"type": "Point", "coordinates": [2.1303177, 41.3927384]}, "properties": {"tls": "joinedS_364718311_693196406", "edge": "543748719#3", "links": [8, 9, 10], "bearing": 254.2}}, {"type": "Feature", "geometry": {"type": "Point", "coordinates": [2.1302508, 41.3926196]}, "properties": {"tls": "joinedS_364718311_693196406", "edge": "208606445#0", "links": [11, 12, 13, 14], "bearing": 306.7}}, {"type": "Feature", "geometry": {"type": "Point", "coordinates": [2.135744, 41.3651849]}, "properties": {"tls": "joinedS_390227092_cluster_12896018417_3621509846", "edge": "300828579#0", "links": [0, 1, 2, 3], "bearing": 241.5}}, {"type": "Feature", "geometry": {"type": "Point", "coordinates": [2.1356485, 41.3650947]}, "properties": {"tls": "joinedS_390227092_cluster_12896018417_3621509846", "edge": "1393162854", "links": [4, 5, 6, 7], "bearing": 349.6}}, {"type": "Feature", "geometry": {"type": "Point", "coordinates": [2.1355593, 41.3650916]}, "properties": {"tls": "joinedS_390227092_cluster_12896018417_3621509846", "edge": "34054318", "links": [8, 9, 10], "bearing": 313.0}}, {"type": "Feature", "geometry": {"type": "Point", "coordinates": [2.1573442, 41.4116016]}, "properties": {"tls": "joinedS_402883127_cluster_2458217791_3191418787_415956316", "edge": "1167609046#0", "links": [0, 1], "bearing": 229.9}}, {"type": "Feature", "geometry": {"type": "Point", "coordinates": [2.1573229, 41.4114859]}, "properties": {"tls": "joinedS_402883127_cluster_2458217791_3191418787_415956316", "edge": "313235643#0", "links": [2, 3], "bearing": 325.5}}, {"type": "Feature", "geometry": {"type": "Point", "coordinates": [2.157536, 41.4113122]}, "properties": {"tls": "joinedS_402883127_cluster_2458217791_3191418787_415956316", "edge": "71402933#3", "links": [4], "bearing": 212.9}}, {"type": "Feature", "geometry": {"type": "Point", "coordinates": [2.1577752, 41.4113871]}, "properties": {"tls": "joinedS_402883127_cluster_2458217791_3191418787_415956316", "edge": "123326469", "links": [5, 6, 7], "bearing": 229.8}}, {"type": "Feature", "geometry": {"type": "Point", "coordinates": [2.1577646, 41.4110893]}, "properties": {"tls": "joinedS_402883127_cluster_2458217791_3191418787_415956316", "edge": "237655876#0", "links": [8, 9, 10, 11, 12], "bearing": 324.0}}, {"type": "Feature", "geometry": {"type": "Point", "coordinates": [2.1574741, 41.4110904]}, "properties": {"tls": "joinedS_402883127_cluster_2458217791_3191418787_415956316", "edge": "238466717#2", "links": [13, 14, 15, 16, 17, 18, 19], "bearing": 50.5}}, {"type": "Feature", "geometry": {"type": "Point", "coordinates": [2.1600861, 41.4121755]}, "properties": {"tls": "joinedS_402883140_412446052", "edge": "548389962#0", "links": [0, 1, 2], "bearing": 319.6}}, {"type": "Feature", "geometry": {"type": "Point", "coordinates": [2.1598654, 41.4122181]}, "properties": {"tls": "joinedS_402883140_412446052", "edge": "1365365179#0", "links": [3, 4], "bearing": 74.2}}, {"type": "Feature", "geometry": {"type": "Point", "coordinates": [2.1597128, 41.4126708]}, "properties": {"tls": "joinedS_402883140_412446052", "edge": "552005873#0", "links": [5, 6, 7], "bearing": 231.8}}, {"type": "Feature", "geometry": {"type": "Point", "coordinates": [2.1598045, 41.4125559]}, "properties": {"tls": "joinedS_402883140_412446052", "edge": "314566586#0", "links": [8, 9, 10], "bearing": 281.3}}, {"type": "Feature", "geometry": {"type": "Point", "coordinates": [2.1597389, 41.4124871]}, "properties": {"tls": "joinedS_402883140_412446052", "edge": "450020886#0", "links": [11, 12, 13], "bearing": 320.9}}, {"type": "Feature", "geometry": {"type": "Point", "coordinates": [2.1390681, 41.3651532]}, "properties": {"tls": "joinedS_412437295_cluster_14094619889_4558542631", "edge": "237529492#0", "links": [0], "bearing": 19.2}}, {"type": "Feature", "geometry": {"type": "Point", "coordinates": [2.1390102, 41.3651948]}, "properties": {"tls": "joinedS_412437295_cluster_14094619889_4558542631", "edge": "542503788#0", "links": [1], "bearing": 69.1}}, {"type": "Feature", "geometry": {"type": "Point", "coordinates": [2.1388001, 41.3654298]}, "properties": {"tls": "joinedS_412437295_cluster_14094619889_4558542631", "edge": "912446185", "links": [2, 3], "bearing": 227.0}}, {"type": "Feature", "geometry": {"type": "Point", "coordinates": [2.1388957, 41.3655186]}, "properties": {"tls": "joinedS_412437295_cluster_14094619889_4558542631", "edge": "460178006", "links": [4, 5, 6, 7], "bearing": 291.3}}, {"type": "Feature", "geometry": {"type": "Point", "coordinates": [2.1386434, 41.3655736]}, "properties": {"tls": "joinedS_412437295_cluster_14094619889_4558542631", "edge": "-912438042#1", "links": [8, 9], "bearing": 135.3}}, {"type": "Feature", "geometry": {"type": "Point", "coordinates": [2.137183, 41.4163927]}, "properties": {"tls": "joinedS_412458357_412458358_8384718808", "edge": "1396215989", "links": [0, 1], "bearing": 240.2}}, {"type": "Feature", "geometry": {"type": "Point", "coordinates": [2.1370915, 41.416418]}, "properties": {"tls": "joinedS_412458357_412458358_8384718808", "edge": "893765258", "links": [2], "bearing": 239.6}}, {"type": "Feature", "geometry": {"type": "Point", "coordinates": [2.1367879, 41.4162158]}, "properties": {"tls": "joinedS_412458357_412458358_8384718808", "edge": "138470943#0", "links": [3, 4, 5], "bearing": 235.3}}, {"type": "Feature", "geometry": {"type": "Point", "coordinates": [2.1368497, 41.4161024]}, "properties": {"tls": "joinedS_412458357_412458358_8384718808", "edge": "236230579#2", "links": [6, 7, 8, 9], "bearing": 269.9}}, {"type": "Feature", "geometry": {"type": "Point", "coordinates": [2.1364081, 41.4160167]}, "properties": {"tls": "joinedS_412458357_412458358_8384718808", "edge": "138470938#0", "links": [10, 11, 12, 13, 14], "bearing": 233.8}}, {"type": "Feature", "geometry": {"type": "Point", "coordinates": [2.1362006, 41.4160531]}, "properties": {"tls": "joinedS_412458357_412458358_8384718808", "edge": "-44196894#1", "links": [15, 16], "bearing": 146.4}}, {"type": "Feature", "geometry": {"type": "Point", "coordinates": [2.1837424, 41.4183525]}, "properties": {"tls": "joinedS_420892540_448700503_448700605", "edge": "237645152#0", "links": [0, 1, 2], "bearing": 187.7}}, {"type": "Feature", "geometry": {"type": "Point", "coordinates": [2.1838522, 41.4183053]}, "properties": {"tls": "joinedS_420892540_448700503_448700605", "edge": "220245634#4", "links": [3, 4, 5], "bearing": 226.8}}, {"type": "Feature", "geometry": {"type": "Point", "coordinates": [2.1836266, 41.4179005]}, "properties": {"tls": "joinedS_420892540_448700503_448700605", "edge": "822288505#0", "links": [6, 7], "bearing": 194.0}}, {"type": "Feature", "geometry": {"type": "Point", "coordinates": [2.1835404, 41.4176578]}, "properties": {"tls": "joinedS_420892540_448700503_448700605", "edge": "520248295#0", "links": [8], "bearing": 17.4}}, {"type": "Feature", "geometry": {"type": "Point", "coordinates": [2.1834692, 41.4178577]}, "properties": {"tls": "joinedS_420892540_448700503_448700605", "edge": "284579039#0", "links": [9, 10, 11], "bearing": 134.5}}, {"type": "Feature", "geometry": {"type": "Point", "coordinates": [2.1834338, 41.4180178]}, "properties": {"tls": "joinedS_420892540_448700503_448700605", "edge": "220245634#7", "links": [12, 13, 14, 15, 16], "bearing": 228.3}}, {"type": "Feature", "geometry": {"type": "Point", "coordinates": [2.1832515, 41.4180172]}, "properties": {"tls": "joinedS_420892540_448700503_448700605", "edge": "1409609331#0", "links": [17, 18, 19], "bearing": 134.6}}, {"type": "Feature", "geometry": {"type": "Point", "coordinates": [2.1472297, 41.4100861]}, "properties": {"tls": "joinedS_426883557_4811094187", "edge": "555542133#0", "links": [0, 1], "bearing": 319.1}}, {"type": "Feature", "geometry": {"type": "Point", "coordinates": [2.1470481, 41.4100751]}, "properties": {"tls": "joinedS_426883557_4811094187", "edge": "35172599#6", "links": [2, 3], "bearing": 57.0}}, {"type": "Feature", "geometry": {"type": "Point", "coordinates": [2.1470615, 41.410177]}, "properties": {"tls": "joinedS_426883557_4811094187", "edge": "-1408951005#1", "links": [4], "bearing": 140.1}}, {"type": "Feature", "geometry": {"type": "Point", "coordinates": [2.1468681, 41.4098892]}, "properties": {"tls": "joinedS_426883557_4811094187", "edge": "36918709#0", "links": [5, 6], "bearing": 317.4}}, {"type": "Feature", "geometry": {"type": "Point", "coordinates": [2.1467079, 41.4099023]}, "properties": {"tls": "joinedS_426883557_4811094187", "edge": "35172599#3", "links": [7, 8], "bearing": 56.0}}, {"type": "Feature", "geometry": {"type": "Point", "coordinates": [2.1647242, 41.3980313]}, "properties": {"tls": "joinedS_442540255_cluster_1311619392_1864143448_30238032_3184416474_#3more", "edge": "314679885#0", "links": [0, 1], "bearing": 252.5}}, {"type": "Feature", "geometry": {"type": "Point", "coordinates": [2.1645335, 41.3980654]}, "properties": {"tls": "joinedS_442540255_cluster_1311619392_1864143448_30238032_3184416474_#3more", "edge": "237910183#0", "links": [2, 3], "bearing": 135.3}}, {"type": "Feature", "geometry": {"type": "Point", "coordinates": [2.1650446, 41.3979714]}, "properties": {"tls": "joinedS_442540255_cluster_1311619392_1864143448_30238032_3184416474_#3more", "edge": "307933386#0", "links": [4, 5, 6, 7], "bearing": 252.3}}, {"type": "Feature", "geometry": {"type": "Point", "coordinates": [2.1647397, 41.397659]}, "properties": {"tls": "joinedS_442540255_cluster_1311619392_1864143448_30238032_3184416474_#3more", "edge": "1080039482#0", "links": [8, 9, 10], "bearing": 72.4}}, {"type": "Feature", "geometry": {"type": "Point", "coordinates": [2.1646842, 41.3977823]}, "properties": {"tls": "joinedS_442540255_cluster_1311619392_1864143448_30238032_3184416474_#3more", "edge": "1168886753#0", "links": [11, 12, 13], "bearing": 72.6}}, {"type": "Feature", "geometry": {"type": "Point", "coordinates": [2.1646703, 41.3979627]}, "properties": {"tls": "joinedS_442540255_cluster_1311619392_1864143448_30238032_3184416474_#3more", "edge": "237910183#4", "links": [14, 15, 16, 17, 18, 19], "bearing": 135.5}}, {"type": "Feature", "geometry": {"type": "Point", "coordinates": [2.1692583, 41.3988829]}, "properties": {"tls": "joinedS_442540267_cluster_10272855961_1126848552_11276198554_11289437704_#13more", "edge": "314679876#0", "links": [0, 1, 2, 3], "bearing": 223.7}}, {"type": "Feature", "geometry": {"type": "Point", "coordinates": [2.1689487, 41.3987044]}, "properties": {"tls": "joinedS_442540267_cluster_10272855961_1126848552_11276198554_11289437704_#13more", "edge": "897169996#0", "links": [4, 5, 6, 7], "bearing": 70.4}}, {"type": "Feature", "geometry": {"type": "Point", "coordinates": [2.1700069, 41.3994505]}, "properties": {"tls": "joinedS_442540267_cluster_10272855961_1126848552_11276198554_11289437704_#13more", "edge": "4745526#0", "links": [8, 9, 10, 11, 12, 13, 14, 15, 16, 17], "bearing": 224.6}}, {"type": "Feature", "geometry": {"type": "Point", "coordinates": [2.1701941, 41.3993146]}, "properties": {"tls": "joinedS_442540267_cluster_10272855961_1126848552_11276198554_11289437704_#13more", "edge": "1218360421#0", "links": [18, 19, 20, 21, 22, 23], "bearing": 255.2}}, {"type": "Feature", "geometry": {"type": "Point", "coordinates": [2.1702799, 41.3989845]}, "properties": {"tls": "joinedS_442540267_cluster_10272855961_1126848552_11276198554_11289437704_#13more", "edge": "237517574#0", "links": [24, 25, 26, 27, 28], "bearing": 335.0}}, {"type": "Feature", "geometry": {"type": "Point", "coordinates": [2.1699089, 41.3989472]}, "properties": {"tls": "joinedS_442540267_cluster_10272855961_1126848552_11276198554_11289437704_#13more", "edge": "237805201#0", "links": [29, 30, 31, 32, 33, 34], "bearing": 70.0}}, {"type": "Feature", "geometry": {"type": "Point", "coordinates": [2.1694955, 41.3991935]}, "properties": {"tls": "joinedS_442540267_cluster_10272855961_1126848552_11276198554_11289437704_#13more", "edge": "284450136#0", "links": [35, 36, 37, 38, 39, 40], "bearing": 139.6}}, {"type": "Feature", "geometry": {"type": "Point", "coordinates": [2.1802656, 41.4015963]}, "properties": {"tls": "joinedS_442540279_4436976528", "edge": "313379196#0", "links": [0, 1], "bearing": 74.1}}, {"type": "Feature", "geometry": {"type": "Point", "coordinates": [2.180318, 41.4016915]}, "properties": {"tls": "joinedS_442540279_4436976528", "edge": "1177206036#0", "links": [2, 3, 4, 5], "bearing": 137.8}}, {"type": "Feature", "geometry": {"type": "Point", "coordinates": [2.1799835, 41.4018098]}, "properties": {"tls": "joinedS_442540279_4436976528", "edge": "446419827#0", "links": [6, 7, 8, 9], "bearing": 48.9}}, {"type": "Feature", "geometry": {"type": "Point", "coordinates": [2.1800011, 41.4019438]}, "properties": {"tls": "joinedS_442540279_4436976528", "edge": "1408936331#1", "links": [10, 11, 12, 13], "bearing": 133.9}}, {"type": "Feature", "geometry": {"type": "Point", "coordinates": [2.1818534, 41.4022823]}, "properties": {"tls": "joinedS_442540281_cluster_10858548538_30243065_3697148734_442540280_#1more", "edge": "526206807#0", "links": [0], "bearing": 252.3}}, {"type": "Feature", "geometry": {"type": "Point", "coordinates": [2.181805, 41.4021781]}, "properties": {"tls": "joinedS_442540281_cluster_10858548538_30243065_3697148734_442540280_#1more", "edge": "1408937696#0", "links": [1, 2, 3, 4], "bearing": 316.6}}, {"type": "Feature", "geometry": {"type": "Point", "coordinates": [2.1823905, 41.4017284]}, "properties": {"tls": "joinedS_442540281_cluster_10858548538_30243065_3697148734_442540280_#1more", "edge": "449991629", "links": [5, 6, 7, 8, 9, 10], "bearing": 314.9}}, {"type": "Feature", "geometry": {"type": "Point", "coordinates": [2.1818458, 41.4019944]}, "properties": {"tls": "joinedS_442540281_cluster_10858548538_30243065_3697148734_442540280_#1more", "edge": "1121182652#0", "links": [11, 12, 13], "bearing": 72.0}}, {"type": "Feature", "geometry": {"type": "Point", "coordinates": [2.1682044, 41.398887]}, "properties": {"tls": "joinedS_442540293_cluster_1126848522_30243208_3184415002_6855299017", "edge": "314679879#0", "links": [0, 1, 2], "bearing": 252.3}}, {"type": "Feature", "geometry": {"type": "Point", "coordinates": [2.1679654, 41.3989208]}, "properties": {"tls": "joinedS_442540293_cluster_1126848522_30243208_3184415002_6855299017", "edge": "908570510#0", "links": [3, 4, 5, 6], "bearing": 137.3}}, {"type": "Feature", "geometry": {"type": "Point", "coordinates": [2.1687423, 41.3984847]}, "properties": {"tls": "joinedS_442540293_cluster_1126848522_30243208_3184415002_6855299017", "edge": "1409641094#0", "links": [7, 8, 9, 10], "bearing": 229.2}}, {"type": "Feature", "geometry": {"type": "Point", "coordinates": [2.1682503, 41.3985413]}, "properties": {"tls": "joinedS_442540293_cluster_1126848522_30243208_3184415002_6855299017", "edge": "251749480#0", "links": [11, 12, 13, 14, 15], "bearing": 75.1}}, {"type": "Feature", "geometry": {"type": "Point", "coordinates": [2.168304, 41.3986632]}, "properties": {"tls": "joinedS_442540293_cluster_1126848522_30243208_3184415002_6855299017", "edge": "905203091#0", "links": [16, 17, 18, 19, 20], "bearing": 138.8}}, {"type": "Feature", "geometry": {"type": "Point", "coordinates": [2.155849, 41.3957411]}, "properties": {"tls": "joinedS_442540298_cluster_1311619445_5260740738", "edge": "237652078#5", "links": [0, 1], "bearing": 252.4}}, {"type": "Feature", "geometry": {"type": "Point", "coordinates": [2.1557851, 41.3956502]}, "properties": {"tls": "joinedS_442540298_cluster_1311619445_5260740738", "edge": "554332682", "links": [2, 3], "bearing": 319.8}}, {"type": "Feature", "geometry": {"type": "Point", "coordinates": [2.1559212, 41.3956746]}, "properties": {"tls": "joinedS_442540298_cluster_1311619445_5260740738", "edge": "397481041#0", "links": [4, 5, 6, 7], "bearing": 251.6}}, {"type": "Feature", "geometry": {"type": "Point", "coordinates": [2.15555, 41.395502]}, "properties": {"tls": "joinedS_442540298_cluster_1311619445_5260740738", "edge": "-237652077#3", "links": [8, 9, 10, 11, 12], "bearing": 72.6}}, {"type": "Feature", "geometry": {"type": "Point", "coordinates": [2.1555979, 41.3956732]}, "properties": {"tls": "joinedS_442540298_cluster_1311619445_5260740738", "edge": "658706631#0", "links": [13, 14, 15, 16, 17, 18, 19], "bearing": 156.0}}, {"type": "Feature", "geometry": {"type": "Point", "coordinates": [2.1258942, 41.4101501]}, "properties": {"tls": "joinedS_453549623_560559159_567474429", "edge": "43841887#2", "links": [0, 1], "bearing": 331.8}}, {"type": "Feature", "geometry": {"type": "Point", "coordinates": [2.1257059, 41.4101127]}, "properties": {"tls": "joinedS_453549623_560559159_567474429", "edge": "1393379508#0", "links": [2, 3, 4], "bearing": 36.9}}, {"type": "Feature", "geometry": {"type": "Point", "coordinates": [2.1256284, 41.4102092]}, "properties": {"tls": "joinedS_453549623_560559159_567474429", "edge": "246717743#1", "links": [5, 6, 7], "bearing": 93.1}}, {"type": "Feature", "geometry": {"type": "Point", "coordinates": [2.1259981, 41.410426]}, "properties": {"tls": "joinedS_453549623_560559159_567474429", "edge": "314818142#6", "links": [8, 9], "bearing": 270.3}}, {"type": "Feature", "geometry": {"type": "Point", "coordinates": [2.1258973, 41.4103411]}, "properties": {"tls": "joinedS_453549623_560559159_567474429", "edge": "550454019#0", "links": [10, 11], "bearing": 358.8}}, {"type": "Feature", "geometry": {"type": "Point", "coordinates": [2.1257658, 41.4106133]}, "properties": {"tls": "joinedS_453549623_560559159_567474429", "edge": "33214016#0", "links": [12], "bearing": 231.9}}, {"type": "Feature", "geometry": {"type": "Point", "coordinates": [2.1257915, 41.4105106]}, "properties": {"tls": "joinedS_453549623_560559159_567474429", "edge": "38383058#0", "links": [13, 14], "bearing": 298.5}}, {"type": "Feature", "geometry": {"type": "Point", "coordinates": [2.1727671, 41.374936]}, "properties": {"tls": "joinedS_4538123596_cluster_2525354561_2984948749_3865124116_4538123600_#1more", "edge": "1446567439#0", "links": [0], "bearing": 205.3}}, {"type": "Feature", "geometry": {"type": "Point", "coordinates": [2.17282, 41.3748418]}, "properties": {"tls": "joinedS_4538123596_cluster_2525354561_2984948749_3865124116_4538123600_#1more", "edge": "880513897#0", "links": [1, 2, 3], "bearing": 275.9}}, {"type": "Feature", "geometry": {"type": "Point", "coordinates": [2.173696, 41.3751111]}, "properties": {"tls": "joinedS_4538123596_cluster_2525354561_2984948749_3865124116_4538123600_#1more", "edge": "208855944", "links": [4, 5, 6], "bearing": 195.2}}, {"type": "Feature", "geometry": {"type": "Point", "coordinates": [2.1737724, 41.3750719]}, "properties": {"tls": "joinedS_4538123596_cluster_2525354561_2984948749_3865124116_4538123600_#1more", "edge": "295215808#1", "links": [7, 8], "bearing": 234.6}}, {"type": "Feature", "geometry": {"type": "Point", "coordinates": [2.1735088, 41.3747893]}, "properties": {"tls": "joinedS_4538123596_cluster_2525354561_2984948749_3865124116_4538123600_#1more", "edge": "185961564#0", "links": [9, 10, 11, 12], "bearing": 276.2}}, {"type": "Feature", "geometry": {"type": "Point", "coordinates": [2.1731119, 41.3746076]}, "properties": {"tls": "joinedS_4538123596_cluster_2525354561_2984948749_3865124116_4538123600_#1more", "edge": "4746861#2", "links": [13, 14, 15], "bearing": 34.6}}, {"type": "Feature", "geometry": {"type": "Point", "coordinates": [2.173066, 41.3747176]}, "properties": {"tls": "joinedS_4538123596_cluster_2525354561_2984948749_3865124116_4538123600_#1more", "edge": "827052043#3", "links": [16, 17, 18, 19], "bearing": 96.7}}, {"type": "Feature", "geometry": {"type": "Point", "coordinates": [2.154718, 41.3738616]}, "properties": {"tls": "joinedS_4834501684_5644568122", "edge": "-381910534#1", "links": [0], "bearing": 335.5}}, {"type": "Feature", "geometry": {"type": "Point", "coordinates": [2.1545804, 41.3739217]}, "properties": {"tls": "joinedS_4834501684_5644568122", "edge": "908679095#0", "links": [1, 2, 3], "bearing": 153.2}}, {"type": "Feature", "geometry": {"type": "Point", "coordinates": [2.1547045, 41.373956]}, "properties": {"tls": "joinedS_4834501684_5644568122", "edge": "28109248", "links": [4], "bearing": 58.2}}, {"type": "Feature", "geometry": {"type": "Point", "coordinates": [2.1546838, 41.3740165]}, "properties": {"tls": "joinedS_4834501684_5644568122", "edge": "591263080#0", "links": [5, 6], "bearing": 105.9}}, {"type": "Feature", "geometry": {"type": "Point", "coordinates": [2.1395363, 41.3660399]}, "properties": {"tls": "joinedS_5163670097_9533512217", "edge": "532041897#0", "links": [0], "bearing": 204.4}}, {"type": "Feature", "geometry": {"type": "Point", "coordinates": [2.139633, 41.3659454]}, "properties": {"tls": "joinedS_5163670097_9533512217", "edge": "35162979#0", "links": [1], "bearing": 272.9}}, {"type": "Feature", "geometry": {"type": "Point", "coordinates": [2.1399167, 41.3658851]}, "properties": {"tls": "joinedS_5163670097_9533512217", "edge": "-35163013#2", "links": [2], "bearing": 267.6}}, {"type": "Feature", "geometry": {"type": "Point", "coordinates": [2.1398085, 41.3658184]}, "properties": {"tls": "joinedS_5163670097_9533512217", "edge": "1034928973", "links": [3, 4], "bearing": 46.7}}, {"type": "Feature", "geometry": {"type": "Point", "coordinates": [2.1328047, 41.3690087]}, "properties": {"tls": "joinedS_540312571_938093312", "edge": "80390964#0", "links": [0, 1], "bearing": 222.1}}, {"type": "Feature", "geometry": {"type": "Point", "coordinates": [2.132681, 41.369025]}, "properties": {"tls": "joinedS_540312571_938093312", "edge": "1226435915", "links": [2, 3], "bearing": 164.0}}, {"type": "Feature", "geometry": {"type": "Point", "coordinates": [2.1331851, 41.3688726]}, "properties": {"tls": "joinedS_540312571_938093312", "edge": "1446005034", "links": [4, 5], "bearing": 335.6}}, {"type": "Feature", "geometry": {"type": "Point", "coordinates": [2.1330651, 41.3688817]}, "properties": {"tls": "joinedS_540312571_938093312", "edge": "244977251#0", "links": [6, 7], "bearing": 36.9}}, {"type": "Feature", "geometry": {"type": "Point", "coordinates": [2.2084182, 41.409174]}, "properties": {"tls": "joinedS_543552912_cluster_1297445112_247637112_2810872737_2810990580_#1more", "edge": "77302866#0", "links": [0, 1, 2, 3], "bearing": 45.5}}, {"type": "Feature", "geometry": {"type": "Point", "coordinates": [2.2084169, 41.4093241]}, "properties": {"tls": "joinedS_543552912_cluster_1297445112_247637112_2810872737_2810990580_#1more", "edge": "43275636#7", "links": [4, 5, 6, 7, 8], "bearing": 134.8}}, {"type": "Feature", "geometry": {"type": "Point", "coordinates": [2.2092212, 41.4090332]}, "properties": {"tls": "joinedS_543552912_cluster_1297445112_247637112_2810872737_2810990580_#1more", "edge": "237715964#0", "links": [9, 10, 11, 12], "bearing": 251.3}}, {"type": "Feature", "geometry": {"type": "Point", "coordinates": [2.2088487, 41.4086529]}, "properties": {"tls": "joinedS_543552912_cluster_1297445112_247637112_2810872737_2810990580_#1more", "edge": "310929477#1", "links": [13, 14, 15, 16], "bearing": 72.5}}, {"type": "Feature", "geometry": {"type": "Point", "coordinates": [2.2087823, 41.4090487]}, "properties": {"tls": "joinedS_543552912_cluster_1297445112_247637112_2810872737_2810990580_#1more", "edge": "43275636#10", "links": [17, 18, 19, 20, 21, 22], "bearing": 135.3}}, {"type": "Feature", "geometry": {"type": "Point", "coordinates": [2.1984562, 41.4067463]}, "properties": {"tls": "joinedS_544222999_cluster_1297445121_262251531_2810990589_347340786", "edge": "237787036#0", "links": [0, 1, 2, 3, 4], "bearing": 224.4}}, {"type": "Feature", "geometry": {"type": "Point", "coordinates": [2.1982518, 41.4067453]}, "properties": {"tls": "joinedS_544222999_cluster_1297445121_262251531_2810990589_347340786", "edge": "1409609349#0", "links": [5, 6, 7, 8], "bearing": 134.4}}, {"type": "Feature", "geometry": {"type": "Point", "coordinates": [2.1990571, 41.4064926]}, "properties": {"tls": "joinedS_544222999_cluster_1297445121_262251531_2810990589_347340786", "edge": "328020293#0", "links": [9, 10, 11, 12], "bearing": 253.3}}, {"type": "Feature", "geometry": {"type": "Point", "coordinates": [2.1986646, 41.4061025]}, "properties": {"tls": "joinedS_544222999_cluster_1297445121_262251531_2810990589_347340786", "edge": "239564645#1", "links": [13, 14, 15, 16], "bearing": 72.4}}, {"type": "Feature", "geometry": {"type": "Point", "coordinates": [2.1985796, 41.4065003]}, "properties": {"tls": "joinedS_544222999_cluster_1297445121_262251531_2810990589_347340786", "edge": "237787026#0", "links": [17, 18, 19, 20], "bearing": 136.1}}, {"type": "Feature", "geometry": {"type": "Point", "coordinates": [2.1385083, 41.3856951]}, "properties": {"tls": "joinedS_557230350_557230481", "edge": "134123334#4", "links": [0], "bearing": 231.9}}, {"type": "Feature", "geometry": {"type": "Point", "coordinates": [2.13848, 41.3855803]}, "properties": {"tls": "joinedS_557230350_557230481", "edge": "1108418334#0", "links": [1, 2], "bearing": 320.2}}, {"type": "Feature", "geometry": {"type": "Point", "coordinates": [2.1388755, 41.3853394]}, "properties": {"tls": "joinedS_557230350_557230481", "edge": "1007205015#3", "links": [3, 4], "bearing": 261.2}}, {"type": "Feature", "geometry": {"type": "Point", "coordinates": [2.1388487, 41.3852749]}, "properties": {"tls": "joinedS_557230350_557230481", "edge": "1108418336#0", "links": [5, 6], "bearing": 315.0}}, {"type": "Feature", "geometry": {"type": "Point", "coordinates": [2.2052551, 41.4168449]}, "properties": {"tls": "joinedS_559420249_765910378", "edge": "490476263#4", "links": [0, 1, 2, 3], "bearing": 315.6}}, {"type": "Feature", "geometry": {"type": "Point", "coordinates": [2.2050722, 41.4168353]}, "properties": {"tls": "joinedS_559420249_765910378", "edge": "247434052", "links": [4, 5, 6], "bearing": 44.8}}, {"type": "Feature", "geometry": {"type": "Point", "coordinates": [2.2054835, 41.4166725]}, "properties": {"tls": "joinedS_559420249_765910378", "edge": "490476263#0", "links": [7, 8, 9, 10], "bearing": 315.8}}, {"type": "Feature", "geometry": {"type": "Point", "coordinates": [2.2053094, 41.416656]}, "properties": {"tls": "joinedS_559420249_765910378", "edge": "838371664#0", "links": [11, 12, 13], "bearing": 46.0}}, {"type": "Feature", "geometry": {"type": "Point", "coordinates": [2.1699651, 41.3904312]}, "properties": {"tls": "joinedS_559787231_cluster_30254225_5268554994_559787230_8205064230_#1more", "edge": "44029116#0", "links": [0, 1], "bearing": 45.9}}, {"type": "Feature", "geometry": {"type": "Point", "coordinates": [2.1699664, 41.3905551]}, "properties": {"tls": "joinedS_559787231_cluster_30254225_5268554994_559787230_8205064230_#1more", "edge": "545084610#0", "links": [2, 3, 4, 5], "bearing": 134.1}}, {"type": "Feature", "geometry": {"type": "Point", "coordinates": [2.1697926, 41.3908131]}, "properties": {"tls": "joinedS_559787231_cluster_30254225_5268554994_559787230_8205064230_#1more", "edge": "304693484#0", "links": [6], "bearing": 222.4}}, {"type": "Feature", "geometry": {"type": "Point", "coordinates": [2.1697853, 41.3905631]}, "properties": {"tls": "joinedS_559787231_cluster_30254225_5268554994_559787230_8205064230_#1more", "edge": "545718430", "links": [7, 8, 9, 10, 11, 12], "bearing": 45.1}}, {"type": "Feature", "geometry": {"type": "Point", "coordinates": [2.1696384, 41.3908028]}, "properties": {"tls": "joinedS_559787231_cluster_30254225_5268554994_559787230_8205064230_#1more", "edge": "803424580#0", "links": [13, 14, 15, 16, 17, 18, 19, 20], "bearing": 136.1}}, {"type": "Feature", "geometry": {"type": "Point", "coordinates": [2.1722363, 41.3921497]}, "properties": {"tls": "joinedS_559787233_cluster_2874226365_30243264_559787236_9522195473", "edge": "237910184#0", "links": [0, 1], "bearing": 44.6}}, {"type": "Feature", "geometry": {"type": "Point", "coordinates": [2.1722439, 41.3922684]}, "properties": {"tls": "joinedS_559787233_cluster_2874226365_30243264_559787236_9522195473", "edge": "238179175#0", "links": [2, 3, 4], "bearing": 132.5}}, {"type": "Feature", "geometry": {"type": "Point", "coordinates": [2.1720762, 41.3925318]}, "properties": {"tls": "joinedS_559787233_cluster_2874226365_30243264_559787236_9522195473", "edge": "44029117#0", "links": [5, 6], "bearing": 226.9}}, {"type": "Feature", "geometry": {"type": "Point", "coordinates": [2.1720629, 41.3922715]}, "properties": {"tls": "joinedS_559787233_cluster_2874226365_30243264_559787236_9522195473", "edge": "273229617#0", "links": [7, 8, 9, 10, 11, 12], "bearing": 44.3}}, {"type": "Feature", "geometry": {"type": "Point", "coordinates": [2.1719041, 41.3925195]}, "properties": {"tls": "joinedS_559787233_cluster_2874226365_30243264_559787236_9522195473", "edge": "483469230#9", "links": [13, 14, 15, 16, 17, 18, 19, 20], "bearing": 135.9}}, {"type": "Feature", "geometry": {"type": "Point", "coordinates": [2.1778976, 41.3963933]}, "properties": {"tls": "joinedS_559794884_cluster_1864143497_250794419_431481362_9449729908", "edge": "1243745477#0", "links": [0, 1], "bearing": 47.0}}, {"type": "Feature", "geometry": {"type": "Point", "coordinates": [2.1779026, 41.3965236]}, "properties": {"tls": "joinedS_559794884_cluster_1864143497_250794419_431481362_9449729908", "edge": "549749260#0", "links": [2, 3, 4], "bearing": 137.2}}, {"type": "Feature", "geometry": {"type": "Point", "coordinates": [2.1777317, 41.3967831]}, "properties": {"tls": "joinedS_559794884_cluster_1864143497_250794419_431481362_9449729908", "edge": "272639447#0", "links": [5, 6], "bearing": 225.2}}, {"type": "Feature", "geometry": {"type": "Point", "coordinates": [2.1777288, 41.3965244]}, "properties": {"tls": "joinedS_559794884_cluster_1864143497_250794419_431481362_9449729908", "edge": "237521115#0", "links": [7, 8, 9, 10, 11, 12], "bearing": 45.8}}, {"type": "Feature", "geometry": {"type": "Point", "coordinates": [2.1775738, 41.3967746]}, "properties": {"tls": "joinedS_559794884_cluster_1864143497_250794419_431481362_9449729908", "edge": "571448019#3", "links": [13, 14, 15, 16, 17, 18, 19, 20], "bearing": 137.2}}, {"type": "Feature", "geometry": {"type": "Point", "coordinates": [2.1792042, 41.3972655]}, "properties": {"tls": "joinedS_559794885_cluster_1864143485_250794420_253707075_9449729912", "edge": "1047438434#4", "links": [0, 1, 2], "bearing": 316.7}}, {"type": "Feature", "geometry": {"type": "Point", "coordinates": [2.1790395, 41.397252]}, "properties": {"tls": "joinedS_559794885_cluster_1864143485_250794420_253707075_9449729912", "edge": "44029498#0", "links": [3, 4], "bearing": 46.5}}, {"type": "Feature", "geometry": {"type": "Point", "coordinates": [2.1788899, 41.3976481]}, "properties": {"tls": "joinedS_559794885_cluster_1864143485_250794420_253707075_9449729912", "edge": "308355154#0", "links": [5, 6], "bearing": 227.0}}, {"type": "Feature", "geometry": {"type": "Point", "coordinates": [2.1790759, 41.3973628]}, "properties": {"tls": "joinedS_559794885_cluster_1864143485_250794420_253707075_9449729912", "edge": "1144050006#0", "links": [7, 8, 9, 10, 11, 12, 13, 14], "bearing": 315.7}}, {"type": "Feature", "geometry": {"type": "Point", "coordinates": [2.1788612, 41.3973807]}, "properties": {"tls": "joinedS_559794885_cluster_1864143485_250794420_253707075_9449729912", "edge": "309055983#0", "links": [15, 16, 17, 18, 19], "bearing": 45.8}}, {"type": "Feature", "geometry": {"type": "Point", "coordinates": [2.1801697, 41.3981058]}, "properties": {"tls": "joinedS_559794886_cluster_1864143460_250794421_431481328_9449729915", "edge": "1047438433#0", "links": [0, 1], "bearing": 46.1}}, {"type": "Feature", "geometry": {"type": "Point", "coordinates": [2.1801864, 41.3982256]}, "properties": {"tls": "joinedS_559794886_cluster_1864143460_250794421_431481328_9449729915", "edge": "830027503#0", "links": [2, 3, 4], "bearing": 136.5}}, {"type": "Feature", "geometry": {"type": "Point", "coordinates": [2.1800164, 41.3984859]}, "properties": {"tls": "joinedS_559794886_cluster_1864143460_250794421_431481328_9449729915", "edge": "1088102405", "links": [5, 6], "bearing": 228.4}}, {"type": "Feature", "geometry": {"type": "Point", "coordinates": [2.1800172, 41.3982231]}, "properties": {"tls": "joinedS_559794886_cluster_1864143460_250794421_431481328_9449729915", "edge": "1243745480#0", "links": [7, 8, 9, 10, 11, 12], "bearing": 46.2}}, {"type": "Feature", "geometry": {"type": "Point", "coordinates": [2.179854, 41.398479]}, "properties": {"tls": "joinedS_559794886_cluster_1864143460_250794421_431481328_9449729915", "edge": "708242302#0", "links": [13, 14, 15, 16, 17, 18, 19, 20], "bearing": 135.9}}, {"type": "Feature", "geometry": {"type": "Point", "coordinates": [2.1814848, 41.3989759]}, "properties": {"tls": "joinedS_559794889_cluster_431481321_431481322", "edge": "490655483#0", "links": [0, 1, 2, 3, 4], "bearing": 313.2}}, {"type": "Feature", "geometry": {"type": "Point", "coordinates": [2.181245, 41.3989015]}, "properties": {"tls": "joinedS_559794889_cluster_431481321_431481322", "edge": "830027504#0", "links": [5, 6, 7, 8], "bearing": 47.9}}, {"type": "Feature", "geometry": {"type": "Point", "coordinates": [2.1812572, 41.3990232]}, "properties": {"tls": "joinedS_559794889_cluster_431481321_431481322", "edge": "-308354914#1", "links": [9, 10, 11], "bearing": 137.0}}, {"type": "Feature", "geometry": {"type": "Point", "coordinates": [2.1812397, 41.3994132]}, "properties": {"tls": "joinedS_559794889_cluster_431481321_431481322", "edge": "308354707#0", "links": [12, 13, 14, 15], "bearing": 225.5}}, {"type": "Feature", "geometry": {"type": "Point", "coordinates": [2.1812899, 41.3993376]}, "properties": {"tls": "joinedS_559794889_cluster_431481321_431481322", "edge": "931878851", "links": [16, 17, 18, 19], "bearing": 251.3}}, {"type": "Feature", "geometry": {"type": "Point", "coordinates": [2.1813668, 41.3990605]}, "properties": {"tls": "joinedS_559794889_cluster_431481321_431481322", "edge": "308354914#0", "links": [20, 21, 22, 23, 24, 25, 26, 27], "bearing": 317.0}}, {"type": "Feature", "geometry": {"type": "Point", "coordinates": [2.1810771, 41.3990277]}, "properties": {"tls": "joinedS_559794889_cluster_431481321_431481322", "edge": "37103026#0", "links": [28, 29, 30, 31, 32, 33, 34], "bearing": 45.2}}, {"type": "Feature", "geometry": {"type": "Point", "coordinates": [2.1809042, 41.3992763]}, "properties": {"tls": "joinedS_559794889_cluster_431481321_431481322", "edge": "-237521097#3", "links": [35, 36], "bearing": 134.5}}, {"type": "Feature", "geometry": {"type": "Point", "coordinates": [2.2013295, 41.4147881]}, "properties": {"tls": "joinedS_597933742_765910344_cluster_543553141_559417168_559417175_559417176_#1more", "edge": "431492262#1", "links": [0, 1, 2], "bearing": 225.5}}, {"type": "Feature", "geometry": {"type": "Point", "coordinates": [2.2013317, 41.4146799]}, "properties": {"tls": "joinedS_597933742_765910344_cluster_543553141_559417168_559417175_559417176_#1more", "edge": "-46800615#6", "links": [3, 4], "bearing": 313.6}}, {"type": "Feature", "geometry": {"type": "Point", "coordinates": [2.2011566, 41.4147687]}, "properties": {"tls": "joinedS_597933742_765910344_cluster_543553141_559417168_559417175_559417176_#1more", "edge": "46800615#0", "links": [5, 6], "bearing": 137.4}}, {"type": "Feature", "geometry": {"type": "Point", "coordinates": [2.2019041, 41.4140944]}, "properties": {"tls": "joinedS_597933742_765910344_cluster_543553141_559417168_559417175_559417176_#1more", "edge": "61315705", "links": [7, 8], "bearing": 45.6}}, {"type": "Feature", "geometry": {"type": "Point", "coordinates": [2.2019295, 41.4142296]}, "properties": {"tls": "joinedS_597933742_765910344_cluster_543553141_559417168_559417175_559417176_#1more", "edge": "43994629#0", "links": [9, 10, 11, 12], "bearing": 136.9}}, {"type": "Feature", "geometry": {"type": "Point", "coordinates": [2.2016162, 41.4146357]}, "properties": {"tls": "joinedS_597933742_765910344_cluster_543553141_559417168_559417175_559417176_#1more", "edge": "902169338#0", "links": [13, 14, 15, 16], "bearing": 225.4}}, {"type": "Feature", "geometry": {"type": "Point", "coordinates": [2.2016476, 41.4142791]}, "properties": {"tls": "joinedS_597933742_765910344_cluster_543553141_559417168_559417175_559417176_#1more", "edge": "545724431", "links": [17, 18, 19], "bearing": 51.8}}, {"type": "Feature", "geometry": {"type": "Point", "coordinates": [2.2013838, 41.4146037]}, "properties": {"tls": "joinedS_597933742_765910344_cluster_543553141_559417168_559417175_559417176_#1more", "edge": "46800615#5", "links": [20, 21, 22, 23, 24, 25, 26, 27], "bearing": 131.0}}, {"type": "Feature", "geometry": {"type": "Point", "coordinates": [2.1974896, 41.4107111]}, "properties": {"tls": "joinedS_620148176_cluster_4707357810_506223448_559414533_559418994_#1more", "edge": "41388485#2", "links": [0, 1, 2], "bearing": 135.7}}, {"type": "Feature", "geometry": {"type": "Point", "coordinates": [2.1970266, 41.4111826]}, "properties": {"tls": "joinedS_620148176_cluster_4707357810_506223448_559414533_559418994_#1more", "edge": "1393171296#0", "links": [3, 4, 5], "bearing": 222.3}}, {"type": "Feature", "geometry": {"type": "Point", "coordinates": [2.1970945, 41.4108691]}, "properties": {"tls": "joinedS_620148176_cluster_4707357810_506223448_559414533_559418994_#1more", "edge": "237787040#0", "links": [6, 7, 8], "bearing": 46.3}}, {"type": "Feature", "geometry": {"type": "Point", "coordinates": [2.1968562, 41.4111792]}, "properties": {"tls": "joinedS_620148176_cluster_4707357810_506223448_559414533_559418994_#1more", "edge": "360374687#11", "links": [9, 10, 11, 12], "bearing": 136.1}}, {"type": "Feature", "geometry": {"type": "Point", "coordinates": [2.1189937, 41.3805184]}, "properties": {"tls": "joinedS_687897144_687897145", "edge": "237549915#0", "links": [0, 1, 2], "bearing": 351.9}}, {"type": "Feature", "geometry": {"type": "Point", "coordinates": [2.1188513, 41.3805703]}, "properties": {"tls": "joinedS_687897144_687897145", "edge": "549755461#0", "links": [3, 4, 5], "bearing": 77.4}}, {"type": "Feature", "geometry": {"type": "Point", "coordinates": [2.1184289, 41.3806824]}, "properties": {"tls": "joinedS_687897144_687897145", "edge": "500856066#0", "links": [6, 7], "bearing": 102.4}}, {"type": "Feature", "geometry": {"type": "Point", "coordinates": [2.1185346, 41.3807712]}, "properties": {"tls": "joinedS_687897144_687897145", "edge": "549755463#0", "links": [8, 9], "bearing": 171.9}}, {"type": "Feature", "geometry": {"type": "Point", "coordinates": [2.1867507, 41.4088483]}, "properties": {"tls": "joinedS_7507211481_cluster_10027548698_1147391519_1603753674_559424456_#3more", "edge": "1393749274#0", "links": [0, 1, 2, 3], "bearing": 181.2}}, {"type": "Feature", "geometry": {"type": "Point", "coordinates": [2.1868972, 41.408813]}, "properties": {"tls": "joinedS_7507211481_cluster_10027548698_1147391519_1603753674_559424456_#3more", "edge": "310529725#0", "links": [4, 5, 6, 7], "bearing": 229.1}}, {"type": "Feature", "geometry": {"type": "Point", "coordinates": [2.1873829, 41.4091787]}, "properties": {"tls": "joinedS_7507211481_cluster_10027548698_1147391519_1603753674_559424456_#3more", "edge": "46714528#11", "links": [8, 9, 10, 11], "bearing": 225.1}}, {"type": "Feature", "geometry": {"type": "Point", "coordinates": [2.1870244, 41.4085725]}, "properties": {"tls": "joinedS_7507211481_cluster_10027548698_1147391519_1603753674_559424456_#3more", "edge": "238179136#3", "links": [12, 13, 14, 15, 16, 17], "bearing": 359.5}}, {"type": "Feature", "geometry": {"type": "Point", "coordinates": [2.1231299, 41.4008988]}, "properties": {"tls": "joinedS_818710821_818710835", "edge": "-238862117#3", "links": [0, 1, 2], "bearing": 229.0}}, {"type": "Feature", "geometry": {"type": "Point", "coordinates": [2.1231715, 41.4007266]}, "properties": {"tls": "joinedS_818710821_818710835", "edge": "918358927#0", "links": [3, 4, 5], "bearing": 319.9}}, {"type": "Feature", "geometry": {"type": "Point", "coordinates": [2.1230016, 41.4007353]}, "properties": {"tls": "joinedS_818710821_818710835", "edge": "123271690#0", "links": [6, 7, 8], "bearing": 48.3}}, {"type": "Feature", "geometry": {"type": "Point", "coordinates": [2.1227947, 41.4006727]}, "properties": {"tls": "joinedS_818710821_818710835", "edge": "-123271690#2", "links": [9, 10, 11], "bearing": 228.6}}, {"type": "Feature", "geometry": {"type": "Point", "coordinates": [2.122669, 41.4005181]}, "properties": {"tls": "joinedS_818710821_818710835", "edge": "1525698711#0", "links": [12, 13, 14], "bearing": 52.4}}, {"type": "Feature", "geometry": {"type": "Point", "coordinates": [2.1226429, 41.4006931]}, "properties": {"tls": "joinedS_818710821_818710835", "edge": "450200076#0", "links": [15, 16, 17], "bearing": 147.3}}, {"type": "Feature", "geometry": {"type": "Point", "coordinates": [2.1671944, 41.3859076]}, "properties": {"tls": "joinedS_8201874133_cluster_112382699_11250869666_2989214453_71643550", "edge": "68506265#0", "links": [0, 1, 2, 3], "bearing": 130.5}}, {"type": "Feature", "geometry": {"type": "Point", "coordinates": [2.1678582, 41.3857349]}, "properties": {"tls": "joinedS_8201874133_cluster_112382699_11250869666_2989214453_71643550", "edge": "-1214315735", "links": [4], "bearing": 277.5}}, {"type": "Feature", "geometry": {"type": "Point", "coordinates": [2.1677467, 41.3855687]}, "properties": {"tls": "joinedS_8201874133_cluster_112382699_11250869666_2989214453_71643550", "edge": "12372760", "links": [5], "bearing": 355.0}}, {"type": "Feature", "geometry": {"type": "Point", "coordinates": [2.1672435, 41.3857301]}, "properties": {"tls": "joinedS_8201874133_cluster_112382699_11250869666_2989214453_71643550", "edge": "1050464821", "links": [6, 7, 8], "bearing": 88.8}}, {"type": "Feature", "geometry": {"type": "Point", "coordinates": [2.1673065, 41.3858362]}, "properties": {"tls": "joinedS_8201874133_cluster_112382699_11250869666_2989214453_71643550", "edge": "1408687442#0", "links": [9, 10, 11, 12], "bearing": 130.9}}, {"type": "Feature", "geometry": {"type": "Point", "coordinates": [2.1767253, 41.3732793]}, "properties": {"tls": "joinedS_9425413590_9425413592_9425426928", "edge": "283764988#0", "links": [0, 1, 2, 3], "bearing": 344.2}}, {"type": "Feature", "geometry": {"type": "Point", "coordinates": [2.1765254, 41.3733676]}, "properties": {"tls": "joinedS_9425413590_9425413592_9425426928", "edge": "294871189#0", "links": [4, 5, 6, 7], "bearing": 63.7}}, {"type": "Feature", "geometry": {"type": "Point", "coordinates": [2.1768738, 41.373176]}, "properties": {"tls": "joinedS_9425413590_9425413592_9425426928", "edge": "450445884#1", "links": [8, 9, 10, 11], "bearing": 309.4}}, {"type": "Feature", "geometry": {"type": "Point", "coordinates": [2.1767645, 41.3731227]}, "properties": {"tls": "joinedS_9425413590_9425413592_9425426928", "edge": "283764989#3", "links": [12, 13, 14, 15], "bearing": 350.0}}, {"type": "Feature", "geometry": {"type": "Point", "coordinates": [2.1766482, 41.3743012]}, "properties": {"tls": "joinedS_9425413590_9425413592_9425426928", "edge": "498952132#0", "links": [16, 17, 18], "bearing": 307.9}}, {"type": "Feature", "geometry": {"type": "Point", "coordinates": [2.1765868, 41.3742542]}, "properties": {"tls": "joinedS_9425413590_9425413592_9425426928", "edge": "23620139#0", "links": [19, 20], "bearing": 322.0}}, {"type": "Feature", "geometry": {"type": "Point", "coordinates": [2.1398959, 41.414866]}, "properties": {"tls": "joinedS_cluster_1011403944_6205757161_904641358_cluster_364669539_412453120", "edge": "554918718#0", "links": [0, 1, 2], "bearing": 340.5}}, {"type": "Feature", "geometry": {"type": "Point", "coordinates": [2.1397156, 41.4149691]}, "properties": {"tls": "joinedS_cluster_1011403944_6205757161_904641358_cluster_364669539_412453120", "edge": "662916645#0", "links": [3, 4], "bearing": 164.7}}, {"type": "Feature", "geometry": {"type": "Point", "coordinates": [2.1397585, 41.4152281]}, "properties": {"tls": "joinedS_cluster_1011403944_6205757161_904641358_cluster_364669539_412453120", "edge": "662916646#0", "links": [5, 6], "bearing": 238.8}}, {"type": "Feature", "geometry": {"type": "Point", "coordinates": [2.1397227, 41.4151305]}, "properties": {"tls": "joinedS_cluster_1011403944_6205757161_904641358_cluster_364669539_412453120", "edge": "1021443612#0", "links": [7, 8], "bearing": 320.3}}, {"type": "Feature", "geometry": {"type": "Point", "coordinates": [2.1394714, 41.4152028]}, "properties": {"tls": "joinedS_cluster_1011403944_6205757161_904641358_cluster_364669539_412453120", "edge": "554918720#0", "links": [9, 10], "bearing": 127.7}}, {"type": "Feature", "geometry": {"type": "Point", "coordinates": [2.1662026, 41.4018429]}, "properties": {"tls": "joinedS_cluster_10770844049_126803331_12950167734_cluster_126797986_12950167740_1534156659", "edge": "226319975#0", "links": [0, 1, 2], "bearing": 199.4}}, {"type": "Feature", "geometry": {"type": "Point", "coordinates": [2.1663942, 41.4017055]}, "properties": {"tls": "joinedS_cluster_10770844049_126803331_12950167734_cluster_126797986_12950167740_1534156659", "edge": "140007716#0", "links": [3, 4, 5], "bearing": 242.3}}, {"type": "Feature", "geometry": {"type": "Point", "coordinates": [2.1660535, 41.4018193]}, "properties": {"tls": "joinedS_cluster_10770844049_126803331_12950167734_cluster_126797986_12950167740_1534156659", "edge": "831182070#0", "links": [6, 7], "bearing": 135.3}}, {"type": "Feature", "geometry": {"type": "Point", "coordinates": [2.1666573, 41.4020335]}, "properties": {"tls": "joinedS_cluster_10770844049_126803331_12950167734_cluster_126797986_12950167740_1534156659", "edge": "546578350#18", "links": [8, 9, 10, 11], "bearing": 227.1}}, {"type": "Feature", "geometry": {"type": "Point", "coordinates": [2.1666989, 41.4018239]}, "properties": {"tls": "joinedS_cluster_10770844049_126803331_12950167734_cluster_126797986_12950167740_1534156659", "edge": "544248639#0", "links": [12, 13, 14, 15], "bearing": 316.7}}, {"type": "Feature", "geometry": {"type": "Point", "coordinates": [2.1750074, 41.3952091]}, "properties": {"tls": "joinedS_cluster_11367724951_126812839_126812841_2777318573_#1more_cluster_11560101916_126812844_126812845_126812847_#1more", "edge": "552386720#0", "links": [0, 1], "bearing": 216.5}}, {"type": "Feature", "geometry": {"type": "Point", "coordinates": [2.1751986, 41.394379]}, "properties": {"tls": "joinedS_cluster_11367724951_126812839_126812841_2777318573_#1more_cluster_11560101916_126812844_126812845_126812847_#1more", "edge": "440369834#0", "links": [2, 3, 4, 5, 6], "bearing": 69.7}}, {"type": "Feature", "geometry": {"type": "Point", "coordinates": [2.1749041, 41.3946683]}, "properties": {"tls": "joinedS_cluster_11367724951_126812839_126812841_2777318573_#1more_cluster_11560101916_126812844_126812845_126812847_#1more", "edge": "217617446#0", "links": [7, 8], "bearing": 14.0}}, {"type": "Feature", "geometry": {"type": "Point", "coordinates": [2.1748658, 41.3951919]}, "properties": {"tls": "joinedS_cluster_11367724951_126812839_126812841_2777318573_#1more_cluster_11560101916_126812844_126812845_126812847_#1more", "edge": "237517575#0", "links": [9, 10, 11, 12], "bearing": 177.7}}, {"type": "Feature", "geometry": {"type": "Point", "coordinates": [2.1762464, 41.394653]}, "properties": {"tls": "joinedS_cluster_11367724951_126812839_126812841_2777318573_#1more_cluster_11560101916_126812844_126812845_126812847_#1more", "edge": "330913951#0", "links": [13, 14, 15, 16], "bearing": 350.6}}, {"type": "Feature", "geometry": {"type": "Point", "coordinates": [2.1756546, 41.3944195]}, "properties": {"tls": "joinedS_cluster_11367724951_126812839_126812841_2777318573_#1more_cluster_11560101916_126812844_126812845_126812847_#1more", "edge": "304693485", "links": [17, 18, 19, 20, 21], "bearing": 84.0}}, {"type": "Feature", "geometry": {"type": "Point", "coordinates": [2.2080434, 41.4087371]}, "properties": {"tls": "joinedS_cluster_1601776162_312894381_cluster_247637650_262251807", "edge": "237715965#0", "links": [0, 1, 2, 3, 4], "bearing": 250.9}}, {"type": "Feature", "geometry": {"type": "Point", "coordinates": [2.2075348, 41.4085063]}, "properties": {"tls": "joinedS_cluster_1601776162_312894381_cluster_247637650_262251807", "edge": "77302867#0", "links": [5, 6, 7, 8, 9, 10], "bearing": 44.4}}, {"type": "Feature", "geometry": {"type": "Point", "coordinates": [2.2076047, 41.4082241]}, "properties": {"tls": "joinedS_cluster_1601776162_312894381_cluster_247637650_262251807", "edge": "294393942#8", "links": [11, 12], "bearing": 315.8}}, {"type": "Feature", "geometry": {"type": "Point", "coordinates": [2.2069565, 41.4080746]}, "properties": {"tls": "joinedS_cluster_1601776162_312894381_cluster_247637650_262251807", "edge": "1408667097#0", "links": [13, 14, 15], "bearing": 45.4}}, {"type": "Feature", "geometry": {"type": "Point", "coordinates": [2.206891, 41.408161]}, "properties": {"tls": "joinedS_cluster_1601776162_312894381_cluster_247637650_262251807", "edge": "294796083#4", "links": [16, 17, 18, 19], "bearing": 72.3}}, {"type": "Feature", "geometry": {"type": "Point", "coordinates": [2.2011538, 41.3946674]}, "properties": {"tls": "joinedS_cluster_243343111_279148247_7309041668_cluster_30689549_30689550_5216417446_7006970221", "edge": "251551147#0", "links": [0, 1, 2], "bearing": 40.8}}, {"type": "Feature", "geometry": {"type": "Point", "coordinates": [2.2010539, 41.3949646]}, "properties": {"tls": "joinedS_cluster_243343111_279148247_7309041668_cluster_30689549_30689550_5216417446_7006970221", "edge": "237715981#0", "links": [3, 4, 5, 6, 7], "bearing": 154.6}}, {"type": "Feature", "geometry": {"type": "Point", "coordinates": [2.200858, 41.3946653]}, "properties": {"tls": "joinedS_cluster_243343111_279148247_7309041668_cluster_30689549_30689550_5216417446_7006970221", "edge": "9412953#0", "links": [8, 9, 10], "bearing": 222.7}}, {"type": "Feature", "geometry": {"type": "Point", "coordinates": [2.2010064, 41.3943911]}, "properties": {"tls": "joinedS_cluster_243343111_279148247_7309041668_cluster_30689549_30689550_5216417446_7006970221", "edge": "651188790#0", "links": [11, 12, 13, 14, 15], "bearing": 317.4}}, {"type": "Feature", "geometry": {"type": "Point", "coordinates": [2.2008251, 41.394378]}, "properties": {"tls": "joinedS_cluster_243343111_279148247_7309041668_cluster_30689549_30689550_5216417446_7006970221", "edge": "237927191#2", "links": [16, 17, 18], "bearing": 41.8}}]}